NC_003277.2_plasmid_pSLT	SBV215_contig_2	99.441	31681	164	10	16406	48078	22427	54102	0.0	57511
NC_003277.2_plasmid_pSLT	SBV215_contig_2	98.226	16295	264	8	57828	74119	55957	72229	0.0	28467
NC_003277.2_plasmid_pSLT	SBV215_contig_2	97.144	8159	206	12	1	8152	6656	14794	0.0	13751
NC_003277.2_plasmid_pSLT	SBV215_contig_2	97.781	6669	123	11	87276	93933	1	6655	0.0	11472
NC_003277.2_plasmid_pSLT	SBV215_contig_2	93.666	6141	334	31	9677	15792	16034	22144	0.0	9134
NC_003277.2_plasmid_pSLT	SBV215_contig_2	92.644	5098	359	15	77566	82655	76621	81710	0.0	7323
NC_003277.2_plasmid_pSLT	SBV215_contig_2	97.392	3029	65	8	84249	87275	83804	86820	0.0	5144
NC_003277.2_plasmid_pSLT	SBV215_contig_2	99.522	1882	8	1	55536	57416	54072	55953	0.0	3424
NC_003277.2_plasmid_pSLT	SBV215_contig_2	93.241	1805	119	1	74642	76446	72704	74505	0.0	2654
NC_003277.2_plasmid_pSLT	SBV215_contig_2	93.007	1001	55	7	76431	77430	74978	75964	0.0	1447
NC_003277.2_plasmid_pSLT	SBV215_contig_2	93.251	726	49	0	83208	83933	82127	82852	0.0	1070
NC_003277.2_plasmid_pSLT	SBV215_contig_2	95.714	210	9	0	5625	5834	10536	10327	1.35e-91	339
NC_003277.2_plasmid_pSLT	SBV215_contig_2	95.238	210	10	0	3675	3884	12473	12264	6.28e-90	333
NC_003277.2_plasmid_pSLT	SBV215_contig_2	94.737	209	11	0	38389	38597	40198	39990	1.05e-87	326
NC_003277.2_plasmid_pSLT	SBV215_contig_2	94.737	209	11	0	33970	34178	44617	44409	1.05e-87	326
NC_003277.2_plasmid_pSLT	SBV215_contig_2	91.473	129	6	5	15933	16059	22172	22297	1.45e-41	172
NC_003277.2_plasmid_pSLT	SBV215_contig_2	93.506	77	4	1	84048	84123	83726	83802	8.91e-24	113
NC_003277.2_plasmid_pSLT	SBV215_contig_2	85.507	69	9	1	83950	84018	83669	83736	5.44e-11	71.3
NC_003277.2_plasmid_pSLT	SBV026_contig_2	99.596	28468	96	15	19623	48078	32657	61117	0.0	51915
NC_003277.2_plasmid_pSLT	SBV026_contig_2	98.233	16295	263	8	57828	74119	62972	79244	0.0	28472
NC_003277.2_plasmid_pSLT	SBV026_contig_2	97.766	6669	124	11	87276	93933	1	6655	0.0	11466
NC_003277.2_plasmid_pSLT	SBV026_contig_2	97.863	6646	114	10	1	6637	6656	13282	0.0	11461
NC_003277.2_plasmid_pSLT	SBV026_contig_2	94.414	6140	290	28	9677	15792	16417	22527	0.0	9389
NC_003277.2_plasmid_pSLT	SBV026_contig_2	94.092	3605	211	2	77566	81169	83648	87251	0.0	5476
NC_003277.2_plasmid_pSLT	SBV026_contig_2	97.332	3186	85	0	16406	19591	22810	25995	0.0	5413
NC_003277.2_plasmid_pSLT	SBV026_contig_2	99.522	1882	8	1	55536	57416	61087	62968	0.0	3424
NC_003277.2_plasmid_pSLT	SBV026_contig_2	97.778	1980	39	5	84249	86226	90799	92775	0.0	3408
NC_003277.2_plasmid_pSLT	SBV026_contig_2	93.241	1805	119	1	74642	76446	79719	81520	0.0	2654
NC_003277.2_plasmid_pSLT	SBV026_contig_2	89.208	1464	144	14	81199	82655	87250	88706	0.0	1816
NC_003277.2_plasmid_pSLT	SBV026_contig_2	97.538	1056	26	0	86220	87275	92724	93779	0.0	1807
NC_003277.2_plasmid_pSLT	SBV026_contig_2	94.206	1001	55	3	76431	77430	81993	82991	0.0	1524
NC_003277.2_plasmid_pSLT	SBV026_contig_2	94.007	901	48	6	6687	7583	13956	14854	0.0	1360
NC_003277.2_plasmid_pSLT	SBV026_contig_2	93.251	726	49	0	83208	83933	89123	89848	0.0	1070
NC_003277.2_plasmid_pSLT	SBV026_contig_2	93.440	564	36	1	7590	8152	13344	13907	0.0	835
NC_003277.2_plasmid_pSLT	SBV026_contig_2	95.238	210	10	0	3675	3884	12479	12270	6.28e-90	333
NC_003277.2_plasmid_pSLT	SBV026_contig_2	94.737	209	11	0	38389	38597	47213	47005	1.05e-87	326
NC_003277.2_plasmid_pSLT	SBV026_contig_2	94.737	209	11	0	33970	34178	51632	51424	1.05e-87	326
NC_003277.2_plasmid_pSLT	SBV026_contig_2	93.519	216	8	2	5625	5834	10542	10327	6.33e-85	316
NC_003277.2_plasmid_pSLT	SBV026_contig_2	90.698	129	7	5	15933	16059	22555	22680	6.75e-40	167
NC_003277.2_plasmid_pSLT	SBV026_contig_2	93.421	76	5	0	16345	16420	22681	22756	8.91e-24	113
NC_003277.2_plasmid_pSLT	SBV026_contig_2	93.506	77	4	1	84048	84123	90721	90797	8.91e-24	113
NC_003277.2_plasmid_pSLT	SBV026_contig_2	85.507	69	9	1	83950	84018	90664	90731	5.44e-11	71.3
NC_003277.2_plasmid_pSLT	SBV005_contig_2	99.596	28468	96	15	19623	48078	32541	61001	0.0	51915
NC_003277.2_plasmid_pSLT	SBV005_contig_2	98.226	16295	264	8	57828	74119	62856	79128	0.0	28467
NC_003277.2_plasmid_pSLT	SBV005_contig_2	97.751	6669	125	11	87276	93933	1	6655	0.0	11461
NC_003277.2_plasmid_pSLT	SBV005_contig_2	94.380	6139	293	27	9677	15792	16302	22411	0.0	9378
NC_003277.2_plasmid_pSLT	SBV005_contig_2	97.774	4628	70	9	1	4613	6656	11265	0.0	7945
NC_003277.2_plasmid_pSLT	SBV005_contig_2	92.252	5098	360	16	77566	82655	83532	88602	0.0	7193
NC_003277.2_plasmid_pSLT	SBV005_contig_2	97.332	3186	85	0	16406	19591	22694	25879	0.0	5413
NC_003277.2_plasmid_pSLT	SBV005_contig_2	97.095	3029	65	8	84249	87275	90695	93702	0.0	5084
NC_003277.2_plasmid_pSLT	SBV005_contig_2	99.469	1882	9	1	55536	57416	60971	62852	0.0	3419
NC_003277.2_plasmid_pSLT	SBV005_contig_2	97.710	1921	43	1	4727	6647	11264	13183	0.0	3302
NC_003277.2_plasmid_pSLT	SBV005_contig_2	93.241	1805	119	1	74642	76446	79603	81404	0.0	2654
NC_003277.2_plasmid_pSLT	SBV005_contig_2	94.206	1001	55	3	76431	77430	81877	82875	0.0	1524
NC_003277.2_plasmid_pSLT	SBV005_contig_2	94.007	901	48	6	6687	7583	13841	14739	0.0	1360
NC_003277.2_plasmid_pSLT	SBV005_contig_2	93.251	726	49	0	83208	83933	89019	89744	0.0	1070
NC_003277.2_plasmid_pSLT	SBV005_contig_2	93.440	564	36	1	7590	8152	13229	13792	0.0	835
NC_003277.2_plasmid_pSLT	SBV005_contig_2	95.238	210	10	0	3675	3884	12370	12161	6.28e-90	333
NC_003277.2_plasmid_pSLT	SBV005_contig_2	94.737	209	11	0	38389	38597	47097	46889	1.05e-87	326
NC_003277.2_plasmid_pSLT	SBV005_contig_2	94.737	209	11	0	33970	34178	51516	51308	1.05e-87	326
NC_003277.2_plasmid_pSLT	SBV005_contig_2	95.385	195	9	0	5625	5819	10548	10354	2.94e-83	311
NC_003277.2_plasmid_pSLT	SBV005_contig_2	90.698	129	7	5	15933	16059	22439	22564	6.75e-40	167
NC_003277.2_plasmid_pSLT	SBV005_contig_2	93.421	76	5	0	16345	16420	22565	22640	8.91e-24	113
NC_003277.2_plasmid_pSLT	SBV005_contig_2	93.506	77	4	1	84048	84123	90617	90693	8.91e-24	113
NC_003277.2_plasmid_pSLT	SBV005_contig_2	85.507	69	9	1	83950	84018	90560	90627	5.44e-11	71.3
NC_003277.2_plasmid_pSLT	SBV348_contig_5	99.593	28468	97	15	19623	48078	32676	61136	0.0	51910
NC_003277.2_plasmid_pSLT	SBV348_contig_5	98.226	16295	264	8	57828	74119	62991	79263	0.0	28467
NC_003277.2_plasmid_pSLT	SBV348_contig_5	97.751	6669	125	11	87276	93933	1	6655	0.0	11461
NC_003277.2_plasmid_pSLT	SBV348_contig_5	94.380	6139	293	27	9677	15792	16302	22411	0.0	9378
NC_003277.2_plasmid_pSLT	SBV348_contig_5	97.774	4628	70	9	1	4613	6656	11265	0.0	7945
NC_003277.2_plasmid_pSLT	SBV348_contig_5	92.625	5098	360	15	77566	82655	83667	88756	0.0	7317
NC_003277.2_plasmid_pSLT	SBV348_contig_5	97.332	3186	85	0	16406	19591	22694	25879	0.0	5413
NC_003277.2_plasmid_pSLT	SBV348_contig_5	96.798	3029	65	16	84249	87275	90849	93847	0.0	5027
NC_003277.2_plasmid_pSLT	SBV348_contig_5	99.469	1882	9	1	55536	57416	61106	62987	0.0	3419
NC_003277.2_plasmid_pSLT	SBV348_contig_5	97.710	1921	43	1	4727	6647	11264	13183	0.0	3302
NC_003277.2_plasmid_pSLT	SBV348_contig_5	93.241	1805	119	1	74642	76446	79738	81539	0.0	2654
NC_003277.2_plasmid_pSLT	SBV348_contig_5	94.206	1001	55	3	76431	77430	82012	83010	0.0	1524
NC_003277.2_plasmid_pSLT	SBV348_contig_5	94.007	901	48	6	6687	7583	13841	14739	0.0	1360
NC_003277.2_plasmid_pSLT	SBV348_contig_5	93.251	726	49	0	83208	83933	89173	89898	0.0	1070
NC_003277.2_plasmid_pSLT	SBV348_contig_5	93.440	564	36	1	7590	8152	13229	13792	0.0	835
NC_003277.2_plasmid_pSLT	SBV348_contig_5	95.238	210	10	0	3675	3884	12370	12161	6.28e-90	333
NC_003277.2_plasmid_pSLT	SBV348_contig_5	94.737	209	11	0	38389	38597	47232	47024	1.05e-87	326
NC_003277.2_plasmid_pSLT	SBV348_contig_5	94.737	209	11	0	33970	34178	51651	51443	1.05e-87	326
NC_003277.2_plasmid_pSLT	SBV348_contig_5	95.385	195	9	0	5625	5819	10548	10354	2.94e-83	311
NC_003277.2_plasmid_pSLT	SBV348_contig_5	90.698	129	7	5	15933	16059	22439	22564	6.75e-40	167
NC_003277.2_plasmid_pSLT	SBV348_contig_5	93.421	76	5	0	16345	16420	22565	22640	8.91e-24	113
NC_003277.2_plasmid_pSLT	SBV348_contig_5	93.506	77	4	1	84048	84123	90771	90847	8.91e-24	113
NC_003277.2_plasmid_pSLT	SBV348_contig_5	85.507	69	9	1	83950	84018	90714	90781	5.44e-11	71.3
NC_003277.2_plasmid_pSLT	SBV344_contig_3	99.593	28468	97	15	19623	48078	32541	61001	0.0	51910
NC_003277.2_plasmid_pSLT	SBV344_contig_3	97.755	11939	245	3	62182	74119	66048	77964	0.0	20541
NC_003277.2_plasmid_pSLT	SBV344_contig_3	97.751	6669	125	11	87276	93933	1	6655	0.0	11461
NC_003277.2_plasmid_pSLT	SBV344_contig_3	94.380	6139	293	27	9677	15792	16302	22411	0.0	9378
NC_003277.2_plasmid_pSLT	SBV344_contig_3	97.774	4628	70	9	1	4613	6656	11265	0.0	7945
NC_003277.2_plasmid_pSLT	SBV344_contig_3	92.625	5098	360	15	77566	82655	82368	87457	0.0	7317
NC_003277.2_plasmid_pSLT	SBV344_contig_3	99.468	3194	15	1	57828	61019	62856	66049	0.0	5803
NC_003277.2_plasmid_pSLT	SBV344_contig_3	97.332	3186	85	0	16406	19591	22694	25879	0.0	5413
NC_003277.2_plasmid_pSLT	SBV344_contig_3	96.798	3029	65	16	84249	87275	89550	92548	0.0	5027
NC_003277.2_plasmid_pSLT	SBV344_contig_3	99.469	1882	9	1	55536	57416	60971	62852	0.0	3419
NC_003277.2_plasmid_pSLT	SBV344_contig_3	97.710	1921	43	1	4727	6647	11264	13183	0.0	3302
NC_003277.2_plasmid_pSLT	SBV344_contig_3	93.241	1805	119	1	74642	76446	78439	80240	0.0	2654
NC_003277.2_plasmid_pSLT	SBV344_contig_3	94.206	1001	55	3	76431	77430	80713	81711	0.0	1524
NC_003277.2_plasmid_pSLT	SBV344_contig_3	94.007	901	48	6	6687	7583	13841	14739	0.0	1360
NC_003277.2_plasmid_pSLT	SBV344_contig_3	93.251	726	49	0	83208	83933	87874	88599	0.0	1070
NC_003277.2_plasmid_pSLT	SBV344_contig_3	93.440	564	36	1	7590	8152	13229	13792	0.0	835
NC_003277.2_plasmid_pSLT	SBV344_contig_3	95.238	210	10	0	3675	3884	12370	12161	6.28e-90	333
NC_003277.2_plasmid_pSLT	SBV344_contig_3	94.737	209	11	0	38389	38597	47097	46889	1.05e-87	326
NC_003277.2_plasmid_pSLT	SBV344_contig_3	94.737	209	11	0	33970	34178	51516	51308	1.05e-87	326
NC_003277.2_plasmid_pSLT	SBV344_contig_3	95.385	195	9	0	5625	5819	10548	10354	2.94e-83	311
NC_003277.2_plasmid_pSLT	SBV344_contig_3	90.698	129	7	5	15933	16059	22439	22564	6.75e-40	167
NC_003277.2_plasmid_pSLT	SBV344_contig_3	93.421	76	5	0	16345	16420	22565	22640	8.91e-24	113
NC_003277.2_plasmid_pSLT	SBV344_contig_3	93.506	77	4	1	84048	84123	89472	89548	8.91e-24	113
NC_003277.2_plasmid_pSLT	SBV344_contig_3	85.507	69	9	1	83950	84018	89415	89482	5.44e-11	71.3
NC_003277.2_plasmid_pSLT	SBV312_contig_6	99.593	28468	97	15	19623	48078	32541	61001	0.0	51910
NC_003277.2_plasmid_pSLT	SBV312_contig_6	98.067	16295	262	5	57828	74119	62856	79100	0.0	28297
NC_003277.2_plasmid_pSLT	SBV312_contig_6	97.751	6669	125	11	87276	93933	1	6655	0.0	11461
NC_003277.2_plasmid_pSLT	SBV312_contig_6	94.380	6139	293	27	9677	15792	16302	22411	0.0	9378
NC_003277.2_plasmid_pSLT	SBV312_contig_6	97.774	4628	70	9	1	4613	6656	11265	0.0	7945
NC_003277.2_plasmid_pSLT	SBV312_contig_6	92.625	5098	360	15	77566	82655	83504	88593	0.0	7317
NC_003277.2_plasmid_pSLT	SBV312_contig_6	97.332	3186	85	0	16406	19591	22694	25879	0.0	5413
NC_003277.2_plasmid_pSLT	SBV312_contig_6	96.798	3029	65	16	84249	87275	90686	93684	0.0	5027
NC_003277.2_plasmid_pSLT	SBV312_contig_6	99.469	1882	9	1	55536	57416	60971	62852	0.0	3419
NC_003277.2_plasmid_pSLT	SBV312_contig_6	97.710	1921	43	1	4727	6647	11264	13183	0.0	3302
NC_003277.2_plasmid_pSLT	SBV312_contig_6	93.241	1805	119	1	74642	76446	79575	81376	0.0	2654
NC_003277.2_plasmid_pSLT	SBV312_contig_6	94.206	1001	55	3	76431	77430	81849	82847	0.0	1524
NC_003277.2_plasmid_pSLT	SBV312_contig_6	94.007	901	48	6	6687	7583	13841	14739	0.0	1360
NC_003277.2_plasmid_pSLT	SBV312_contig_6	93.251	726	49	0	83208	83933	89010	89735	0.0	1070
NC_003277.2_plasmid_pSLT	SBV312_contig_6	93.440	564	36	1	7590	8152	13229	13792	0.0	835
NC_003277.2_plasmid_pSLT	SBV312_contig_6	95.238	210	10	0	3675	3884	12370	12161	6.28e-90	333
NC_003277.2_plasmid_pSLT	SBV312_contig_6	94.737	209	11	0	38389	38597	47097	46889	1.05e-87	326
NC_003277.2_plasmid_pSLT	SBV312_contig_6	94.737	209	11	0	33970	34178	51516	51308	1.05e-87	326
NC_003277.2_plasmid_pSLT	SBV312_contig_6	95.385	195	9	0	5625	5819	10548	10354	2.94e-83	311
NC_003277.2_plasmid_pSLT	SBV312_contig_6	90.698	129	7	5	15933	16059	22439	22564	6.75e-40	167
NC_003277.2_plasmid_pSLT	SBV312_contig_6	93.421	76	5	0	16345	16420	22565	22640	8.91e-24	113
NC_003277.2_plasmid_pSLT	SBV312_contig_6	93.506	77	4	1	84048	84123	90608	90684	8.91e-24	113
NC_003277.2_plasmid_pSLT	SBV312_contig_6	85.507	69	9	1	83950	84018	90551	90618	5.44e-11	71.3
NC_003277.2_plasmid_pSLT	SBV282_contig_6	99.593	28468	97	15	19623	48078	32515	60975	0.0	51910
NC_003277.2_plasmid_pSLT	SBV282_contig_6	98.489	13902	187	6	57828	71727	62830	76710	0.0	24487
NC_003277.2_plasmid_pSLT	SBV282_contig_6	97.751	6669	125	11	87276	93933	1	6655	0.0	11461
NC_003277.2_plasmid_pSLT	SBV282_contig_6	94.380	6139	293	27	9677	15792	16276	22385	0.0	9378
NC_003277.2_plasmid_pSLT	SBV282_contig_6	97.774	4628	70	9	1	4613	6656	11265	0.0	7945
NC_003277.2_plasmid_pSLT	SBV282_contig_6	92.625	5098	360	15	77566	82655	83467	88556	0.0	7317
NC_003277.2_plasmid_pSLT	SBV282_contig_6	97.332	3186	85	0	16406	19591	22668	25853	0.0	5413
NC_003277.2_plasmid_pSLT	SBV282_contig_6	96.798	3029	65	16	84249	87275	90649	93647	0.0	5027
NC_003277.2_plasmid_pSLT	SBV282_contig_6	96.620	2367	78	2	71754	74119	76698	79063	0.0	3927
NC_003277.2_plasmid_pSLT	SBV282_contig_6	99.469	1882	9	1	55536	57416	60945	62826	0.0	3419
NC_003277.2_plasmid_pSLT	SBV282_contig_6	97.710	1921	43	1	4727	6647	11264	13183	0.0	3302
NC_003277.2_plasmid_pSLT	SBV282_contig_6	93.241	1805	119	1	74642	76446	79538	81339	0.0	2654
NC_003277.2_plasmid_pSLT	SBV282_contig_6	94.206	1001	55	3	76431	77430	81812	82810	0.0	1524
NC_003277.2_plasmid_pSLT	SBV282_contig_6	94.007	901	48	6	6687	7583	13841	14739	0.0	1360
NC_003277.2_plasmid_pSLT	SBV282_contig_6	93.251	726	49	0	83208	83933	88973	89698	0.0	1070
NC_003277.2_plasmid_pSLT	SBV282_contig_6	93.440	564	36	1	7590	8152	13229	13792	0.0	835
NC_003277.2_plasmid_pSLT	SBV282_contig_6	95.238	210	10	0	3675	3884	12370	12161	6.28e-90	333
NC_003277.2_plasmid_pSLT	SBV282_contig_6	94.737	209	11	0	38389	38597	47071	46863	1.05e-87	326
NC_003277.2_plasmid_pSLT	SBV282_contig_6	94.737	209	11	0	33970	34178	51490	51282	1.05e-87	326
NC_003277.2_plasmid_pSLT	SBV282_contig_6	95.385	195	9	0	5625	5819	10548	10354	2.94e-83	311
NC_003277.2_plasmid_pSLT	SBV282_contig_6	90.698	129	7	5	15933	16059	22413	22538	6.75e-40	167
NC_003277.2_plasmid_pSLT	SBV282_contig_6	93.421	76	5	0	16345	16420	22539	22614	8.91e-24	113
NC_003277.2_plasmid_pSLT	SBV282_contig_6	93.506	77	4	1	84048	84123	90571	90647	8.91e-24	113
NC_003277.2_plasmid_pSLT	SBV282_contig_6	85.507	69	9	1	83950	84018	90514	90581	5.44e-11	71.3
NC_003277.2_plasmid_pSLT	SBV156_contig_6	99.593	28468	97	15	19623	48078	32514	60974	0.0	51910
NC_003277.2_plasmid_pSLT	SBV156_contig_6	98.226	16295	264	8	57828	74119	62829	79101	0.0	28467
NC_003277.2_plasmid_pSLT	SBV156_contig_6	97.751	6669	125	11	87276	93933	1	6655	0.0	11461
NC_003277.2_plasmid_pSLT	SBV156_contig_6	94.380	6139	293	27	9677	15792	16302	22411	0.0	9378
NC_003277.2_plasmid_pSLT	SBV156_contig_6	97.774	4628	70	9	1	4613	6656	11265	0.0	7945
NC_003277.2_plasmid_pSLT	SBV156_contig_6	92.625	5098	360	15	77566	82655	83505	88594	0.0	7317
NC_003277.2_plasmid_pSLT	SBV156_contig_6	97.332	3186	85	0	16406	19591	22694	25879	0.0	5413
NC_003277.2_plasmid_pSLT	SBV156_contig_6	96.798	3029	65	16	84249	87275	90687	93685	0.0	5027
NC_003277.2_plasmid_pSLT	SBV156_contig_6	99.469	1882	9	1	55536	57416	60944	62825	0.0	3419
NC_003277.2_plasmid_pSLT	SBV156_contig_6	97.710	1921	43	1	4727	6647	11264	13183	0.0	3302
NC_003277.2_plasmid_pSLT	SBV156_contig_6	93.241	1805	119	1	74642	76446	79576	81377	0.0	2654
NC_003277.2_plasmid_pSLT	SBV156_contig_6	94.206	1001	55	3	76431	77430	81850	82848	0.0	1524
NC_003277.2_plasmid_pSLT	SBV156_contig_6	94.007	901	48	6	6687	7583	13841	14739	0.0	1360
NC_003277.2_plasmid_pSLT	SBV156_contig_6	93.251	726	49	0	83208	83933	89011	89736	0.0	1070
NC_003277.2_plasmid_pSLT	SBV156_contig_6	93.440	564	36	1	7590	8152	13229	13792	0.0	835
NC_003277.2_plasmid_pSLT	SBV156_contig_6	95.238	210	10	0	3675	3884	12370	12161	6.28e-90	333
NC_003277.2_plasmid_pSLT	SBV156_contig_6	94.737	209	11	0	38389	38597	47070	46862	1.05e-87	326
NC_003277.2_plasmid_pSLT	SBV156_contig_6	94.737	209	11	0	33970	34178	51489	51281	1.05e-87	326
NC_003277.2_plasmid_pSLT	SBV156_contig_6	95.385	195	9	0	5625	5819	10548	10354	2.94e-83	311
NC_003277.2_plasmid_pSLT	SBV156_contig_6	90.698	129	7	5	15933	16059	22439	22564	6.75e-40	167
NC_003277.2_plasmid_pSLT	SBV156_contig_6	93.421	76	5	0	16345	16420	22565	22640	8.91e-24	113
NC_003277.2_plasmid_pSLT	SBV156_contig_6	93.506	77	4	1	84048	84123	90609	90685	8.91e-24	113
NC_003277.2_plasmid_pSLT	SBV156_contig_6	85.507	69	9	1	83950	84018	90552	90619	5.44e-11	71.3
NC_003277.2_plasmid_pSLT	SBV154_contig_5	99.593	28468	97	15	19623	48078	32541	61001	0.0	51910
NC_003277.2_plasmid_pSLT	SBV154_contig_5	98.164	15523	260	8	58600	74119	62835	78335	0.0	27063
NC_003277.2_plasmid_pSLT	SBV154_contig_5	97.751	6669	125	11	87276	93933	1	6655	0.0	11461
NC_003277.2_plasmid_pSLT	SBV154_contig_5	94.380	6139	293	27	9677	15792	16302	22411	0.0	9378
NC_003277.2_plasmid_pSLT	SBV154_contig_5	97.774	4628	70	9	1	4613	6656	11265	0.0	7945
NC_003277.2_plasmid_pSLT	SBV154_contig_5	92.625	5098	360	15	77566	82655	82739	87828	0.0	7317
NC_003277.2_plasmid_pSLT	SBV154_contig_5	97.332	3186	85	0	16406	19591	22694	25879	0.0	5413
NC_003277.2_plasmid_pSLT	SBV154_contig_5	96.798	3029	65	16	84249	87275	89921	92919	0.0	5027
NC_003277.2_plasmid_pSLT	SBV154_contig_5	99.464	1864	9	1	55536	57398	60971	62834	0.0	3386
NC_003277.2_plasmid_pSLT	SBV154_contig_5	97.710	1921	43	1	4727	6647	11264	13183	0.0	3302
NC_003277.2_plasmid_pSLT	SBV154_contig_5	93.241	1805	119	1	74642	76446	78810	80611	0.0	2654
NC_003277.2_plasmid_pSLT	SBV154_contig_5	94.206	1001	55	3	76431	77430	81084	82082	0.0	1524
NC_003277.2_plasmid_pSLT	SBV154_contig_5	94.007	901	48	6	6687	7583	13841	14739	0.0	1360
NC_003277.2_plasmid_pSLT	SBV154_contig_5	93.251	726	49	0	83208	83933	88245	88970	0.0	1070
NC_003277.2_plasmid_pSLT	SBV154_contig_5	93.440	564	36	1	7590	8152	13229	13792	0.0	835
NC_003277.2_plasmid_pSLT	SBV154_contig_5	95.238	210	10	0	3675	3884	12370	12161	6.28e-90	333
NC_003277.2_plasmid_pSLT	SBV154_contig_5	94.737	209	11	0	38389	38597	47097	46889	1.05e-87	326
NC_003277.2_plasmid_pSLT	SBV154_contig_5	94.737	209	11	0	33970	34178	51516	51308	1.05e-87	326
NC_003277.2_plasmid_pSLT	SBV154_contig_5	95.385	195	9	0	5625	5819	10548	10354	2.94e-83	311
NC_003277.2_plasmid_pSLT	SBV154_contig_5	90.698	129	7	5	15933	16059	22439	22564	6.75e-40	167
NC_003277.2_plasmid_pSLT	SBV154_contig_5	93.421	76	5	0	16345	16420	22565	22640	8.91e-24	113
NC_003277.2_plasmid_pSLT	SBV154_contig_5	93.506	77	4	1	84048	84123	89843	89919	8.91e-24	113
NC_003277.2_plasmid_pSLT	SBV154_contig_5	85.507	69	9	1	83950	84018	89786	89853	5.44e-11	71.3
NC_003277.2_plasmid_pSLT	SBV112_contig_7	99.593	28468	97	15	19623	48078	32192	60652	0.0	51910
NC_003277.2_plasmid_pSLT	SBV112_contig_7	98.226	16295	264	8	57828	74119	62507	78779	0.0	28467
NC_003277.2_plasmid_pSLT	SBV112_contig_7	97.751	6669	125	11	87276	93933	1	6655	0.0	11461
NC_003277.2_plasmid_pSLT	SBV112_contig_7	94.380	6139	293	27	9677	15792	16302	22411	0.0	9378
NC_003277.2_plasmid_pSLT	SBV112_contig_7	97.774	4628	70	9	1	4613	6656	11265	0.0	7945
NC_003277.2_plasmid_pSLT	SBV112_contig_7	92.625	5098	360	15	77566	82655	83183	88272	0.0	7317
NC_003277.2_plasmid_pSLT	SBV112_contig_7	97.332	3186	85	0	16406	19591	22694	25879	0.0	5413
NC_003277.2_plasmid_pSLT	SBV112_contig_7	96.798	3029	65	16	84249	87275	90365	93363	0.0	5027
NC_003277.2_plasmid_pSLT	SBV112_contig_7	99.469	1882	9	1	55536	57416	60622	62503	0.0	3419
NC_003277.2_plasmid_pSLT	SBV112_contig_7	97.710	1921	43	1	4727	6647	11264	13183	0.0	3302
NC_003277.2_plasmid_pSLT	SBV112_contig_7	93.241	1805	119	1	74642	76446	79254	81055	0.0	2654
NC_003277.2_plasmid_pSLT	SBV112_contig_7	94.206	1001	55	3	76431	77430	81528	82526	0.0	1524
NC_003277.2_plasmid_pSLT	SBV112_contig_7	94.007	901	48	6	6687	7583	13841	14739	0.0	1360
NC_003277.2_plasmid_pSLT	SBV112_contig_7	93.251	726	49	0	83208	83933	88689	89414	0.0	1070
NC_003277.2_plasmid_pSLT	SBV112_contig_7	93.440	564	36	1	7590	8152	13229	13792	0.0	835
NC_003277.2_plasmid_pSLT	SBV112_contig_7	95.238	210	10	0	3675	3884	12370	12161	6.28e-90	333
NC_003277.2_plasmid_pSLT	SBV112_contig_7	94.737	209	11	0	38389	38597	46748	46540	1.05e-87	326
NC_003277.2_plasmid_pSLT	SBV112_contig_7	94.737	209	11	0	33970	34178	51167	50959	1.05e-87	326
NC_003277.2_plasmid_pSLT	SBV112_contig_7	95.385	195	9	0	5625	5819	10548	10354	2.94e-83	311
NC_003277.2_plasmid_pSLT	SBV112_contig_7	90.698	129	7	5	15933	16059	22439	22564	6.75e-40	167
NC_003277.2_plasmid_pSLT	SBV112_contig_7	93.421	76	5	0	16345	16420	22565	22640	8.91e-24	113
NC_003277.2_plasmid_pSLT	SBV112_contig_7	93.506	77	4	1	84048	84123	90287	90363	8.91e-24	113
NC_003277.2_plasmid_pSLT	SBV112_contig_7	85.507	69	9	1	83950	84018	90230	90297	5.44e-11	71.3
NC_003277.2_plasmid_pSLT	SBV016_contig_1	99.575	28468	96	16	19623	48078	32553	61007	0.0	51877
NC_003277.2_plasmid_pSLT	SBV016_contig_1	98.214	16295	266	8	57828	74119	62862	79134	0.0	28456
NC_003277.2_plasmid_pSLT	SBV016_contig_1	97.736	6669	126	11	87276	93933	1	6655	0.0	11455
NC_003277.2_plasmid_pSLT	SBV016_contig_1	94.380	6139	293	27	9677	15792	16314	22423	0.0	9378
NC_003277.2_plasmid_pSLT	SBV016_contig_1	97.522	4640	70	15	1	4613	6656	11277	0.0	7890
NC_003277.2_plasmid_pSLT	SBV016_contig_1	92.625	5098	360	15	77566	82655	83538	88627	0.0	7317
NC_003277.2_plasmid_pSLT	SBV016_contig_1	97.332	3186	85	0	16406	19591	22706	25891	0.0	5413
NC_003277.2_plasmid_pSLT	SBV016_contig_1	97.095	3029	65	8	84249	87275	90720	93727	0.0	5084
NC_003277.2_plasmid_pSLT	SBV016_contig_1	99.469	1882	9	1	55536	57416	60977	62858	0.0	3419
NC_003277.2_plasmid_pSLT	SBV016_contig_1	97.710	1921	43	1	4727	6647	11276	13195	0.0	3302
NC_003277.2_plasmid_pSLT	SBV016_contig_1	93.241	1805	119	1	74642	76446	79609	81410	0.0	2654
NC_003277.2_plasmid_pSLT	SBV016_contig_1	94.206	1001	55	3	76431	77430	81883	82881	0.0	1524
NC_003277.2_plasmid_pSLT	SBV016_contig_1	94.007	901	48	6	6687	7583	13853	14751	0.0	1360
NC_003277.2_plasmid_pSLT	SBV016_contig_1	93.251	726	49	0	83208	83933	89044	89769	0.0	1070
NC_003277.2_plasmid_pSLT	SBV016_contig_1	93.440	564	36	1	7590	8152	13241	13804	0.0	835
NC_003277.2_plasmid_pSLT	SBV016_contig_1	95.238	210	10	0	3675	3884	12382	12173	6.28e-90	333
NC_003277.2_plasmid_pSLT	SBV016_contig_1	94.737	209	11	0	38389	38597	47103	46895	1.05e-87	326
NC_003277.2_plasmid_pSLT	SBV016_contig_1	94.737	209	11	0	33970	34178	51522	51314	1.05e-87	326
NC_003277.2_plasmid_pSLT	SBV016_contig_1	95.385	195	9	0	5625	5819	10560	10366	2.94e-83	311
NC_003277.2_plasmid_pSLT	SBV016_contig_1	90.698	129	7	5	15933	16059	22451	22576	6.75e-40	167
NC_003277.2_plasmid_pSLT	SBV016_contig_1	93.421	76	5	0	16345	16420	22577	22652	8.91e-24	113
NC_003277.2_plasmid_pSLT	SBV016_contig_1	93.506	77	4	1	84048	84123	90642	90718	8.91e-24	113
NC_003277.2_plasmid_pSLT	SBV016_contig_1	85.507	69	9	1	83950	84018	90585	90652	5.44e-11	71.3
NC_003277.2_plasmid_pSLT	SBV046_contig_6	99.515	28468	96	16	19623	48078	32541	60978	0.0	51768
NC_003277.2_plasmid_pSLT	SBV046_contig_6	98.226	16295	264	8	57828	74119	62833	79105	0.0	28467
NC_003277.2_plasmid_pSLT	SBV046_contig_6	97.751	6669	125	11	87276	93933	1	6655	0.0	11461
NC_003277.2_plasmid_pSLT	SBV046_contig_6	94.380	6139	293	27	9677	15792	16302	22411	0.0	9378
NC_003277.2_plasmid_pSLT	SBV046_contig_6	97.774	4628	70	9	1	4613	6656	11265	0.0	7945
NC_003277.2_plasmid_pSLT	SBV046_contig_6	92.625	5098	360	15	77566	82655	83509	88598	0.0	7317
NC_003277.2_plasmid_pSLT	SBV046_contig_6	97.332	3186	85	0	16406	19591	22694	25879	0.0	5413
NC_003277.2_plasmid_pSLT	SBV046_contig_6	96.798	3029	65	16	84249	87275	90691	93689	0.0	5027
NC_003277.2_plasmid_pSLT	SBV046_contig_6	99.469	1882	9	1	55536	57416	60948	62829	0.0	3419
NC_003277.2_plasmid_pSLT	SBV046_contig_6	97.710	1921	43	1	4727	6647	11264	13183	0.0	3302
NC_003277.2_plasmid_pSLT	SBV046_contig_6	93.241	1805	119	1	74642	76446	79580	81381	0.0	2654
NC_003277.2_plasmid_pSLT	SBV046_contig_6	94.206	1001	55	3	76431	77430	81854	82852	0.0	1524
NC_003277.2_plasmid_pSLT	SBV046_contig_6	94.007	901	48	6	6687	7583	13841	14739	0.0	1360
NC_003277.2_plasmid_pSLT	SBV046_contig_6	93.251	726	49	0	83208	83933	89015	89740	0.0	1070
NC_003277.2_plasmid_pSLT	SBV046_contig_6	93.440	564	36	1	7590	8152	13229	13792	0.0	835
NC_003277.2_plasmid_pSLT	SBV046_contig_6	95.238	210	10	0	3675	3884	12370	12161	6.28e-90	333
NC_003277.2_plasmid_pSLT	SBV046_contig_6	94.737	209	11	0	38389	38597	47097	46889	1.05e-87	326
NC_003277.2_plasmid_pSLT	SBV046_contig_6	94.737	209	11	0	33970	34178	51516	51308	1.05e-87	326
NC_003277.2_plasmid_pSLT	SBV046_contig_6	95.385	195	9	0	5625	5819	10548	10354	2.94e-83	311
NC_003277.2_plasmid_pSLT	SBV046_contig_6	90.698	129	7	5	15933	16059	22439	22564	6.75e-40	167
NC_003277.2_plasmid_pSLT	SBV046_contig_6	93.421	76	5	0	16345	16420	22565	22640	8.91e-24	113
NC_003277.2_plasmid_pSLT	SBV046_contig_6	93.506	77	4	1	84048	84123	90613	90689	8.91e-24	113
NC_003277.2_plasmid_pSLT	SBV046_contig_6	85.507	69	9	1	83950	84018	90556	90623	5.44e-11	71.3
NC_003277.2_plasmid_pSLT	SBV261_contig_18	99.675	26743	77	7	21343	48078	34201	60940	0.0	48894
NC_003277.2_plasmid_pSLT	SBV261_contig_18	98.226	16295	264	8	57828	74119	62795	79067	0.0	28467
NC_003277.2_plasmid_pSLT	SBV261_contig_18	97.751	6669	125	11	87276	93933	1	6655	0.0	11461
NC_003277.2_plasmid_pSLT	SBV261_contig_18	94.380	6139	293	27	9677	15792	16302	22411	0.0	9378
NC_003277.2_plasmid_pSLT	SBV261_contig_18	97.774	4628	70	9	1	4613	6656	11265	0.0	7945
NC_003277.2_plasmid_pSLT	SBV261_contig_18	92.625	5098	360	15	77566	82655	83471	88560	0.0	7317
NC_003277.2_plasmid_pSLT	SBV261_contig_18	97.332	3186	85	0	16406	19591	22694	25879	0.0	5413
NC_003277.2_plasmid_pSLT	SBV261_contig_18	96.798	3029	65	16	84249	87275	90653	93651	0.0	5027
NC_003277.2_plasmid_pSLT	SBV261_contig_18	99.469	1882	9	1	55536	57416	60910	62791	0.0	3419
NC_003277.2_plasmid_pSLT	SBV261_contig_18	97.710	1921	43	1	4727	6647	11264	13183	0.0	3302
NC_003277.2_plasmid_pSLT	SBV261_contig_18	98.147	1673	21	9	19623	21289	32541	34209	0.0	2909
NC_003277.2_plasmid_pSLT	SBV261_contig_18	93.241	1805	119	1	74642	76446	79542	81343	0.0	2654
NC_003277.2_plasmid_pSLT	SBV261_contig_18	94.206	1001	55	3	76431	77430	81816	82814	0.0	1524
NC_003277.2_plasmid_pSLT	SBV261_contig_18	94.007	901	48	6	6687	7583	13841	14739	0.0	1360
NC_003277.2_plasmid_pSLT	SBV261_contig_18	93.251	726	49	0	83208	83933	88977	89702	0.0	1070
NC_003277.2_plasmid_pSLT	SBV261_contig_18	93.440	564	36	1	7590	8152	13229	13792	0.0	835
NC_003277.2_plasmid_pSLT	SBV261_contig_18	95.238	210	10	0	3675	3884	12370	12161	6.28e-90	333
NC_003277.2_plasmid_pSLT	SBV261_contig_18	94.737	209	11	0	38389	38597	47036	46828	1.05e-87	326
NC_003277.2_plasmid_pSLT	SBV261_contig_18	94.737	209	11	0	33970	34178	51455	51247	1.05e-87	326
NC_003277.2_plasmid_pSLT	SBV261_contig_18	95.385	195	9	0	5625	5819	10548	10354	2.94e-83	311
NC_003277.2_plasmid_pSLT	SBV261_contig_18	90.698	129	7	5	15933	16059	22439	22564	6.75e-40	167
NC_003277.2_plasmid_pSLT	SBV261_contig_18	93.421	76	5	0	16345	16420	22565	22640	8.91e-24	113
NC_003277.2_plasmid_pSLT	SBV261_contig_18	93.506	77	4	1	84048	84123	90575	90651	8.91e-24	113
NC_003277.2_plasmid_pSLT	SBV261_contig_18	85.507	69	9	1	83950	84018	90518	90585	5.44e-11	71.3
NC_003277.2_plasmid_pSLT	SBV196_contig_6	99.582	26810	93	15	19623	46420	32541	59343	0.0	48870
NC_003277.2_plasmid_pSLT	SBV196_contig_6	98.226	16295	264	8	57828	74119	62546	78818	0.0	28467
NC_003277.2_plasmid_pSLT	SBV196_contig_6	97.751	6669	125	11	87276	93933	1	6655	0.0	11461
NC_003277.2_plasmid_pSLT	SBV196_contig_6	94.380	6139	293	27	9677	15792	16302	22411	0.0	9378
NC_003277.2_plasmid_pSLT	SBV196_contig_6	97.774	4628	70	9	1	4613	6656	11265	0.0	7945
NC_003277.2_plasmid_pSLT	SBV196_contig_6	92.625	5098	360	15	77566	82655	83222	88311	0.0	7317
NC_003277.2_plasmid_pSLT	SBV196_contig_6	97.332	3186	85	0	16406	19591	22694	25879	0.0	5413
NC_003277.2_plasmid_pSLT	SBV196_contig_6	96.798	3029	65	16	84249	87275	90404	93402	0.0	5027
NC_003277.2_plasmid_pSLT	SBV196_contig_6	99.469	1882	9	1	55536	57416	60661	62542	0.0	3419
NC_003277.2_plasmid_pSLT	SBV196_contig_6	97.710	1921	43	1	4727	6647	11264	13183	0.0	3302
NC_003277.2_plasmid_pSLT	SBV196_contig_6	93.241	1805	119	1	74642	76446	79293	81094	0.0	2654
NC_003277.2_plasmid_pSLT	SBV196_contig_6	99.631	1354	4	1	46726	48078	59338	60691	0.0	2471
NC_003277.2_plasmid_pSLT	SBV196_contig_6	94.206	1001	55	3	76431	77430	81567	82565	0.0	1524
NC_003277.2_plasmid_pSLT	SBV196_contig_6	94.007	901	48	6	6687	7583	13841	14739	0.0	1360
NC_003277.2_plasmid_pSLT	SBV196_contig_6	93.251	726	49	0	83208	83933	88728	89453	0.0	1070
NC_003277.2_plasmid_pSLT	SBV196_contig_6	93.440	564	36	1	7590	8152	13229	13792	0.0	835
NC_003277.2_plasmid_pSLT	SBV196_contig_6	95.238	210	10	0	3675	3884	12370	12161	6.28e-90	333
NC_003277.2_plasmid_pSLT	SBV196_contig_6	94.737	209	11	0	38389	38597	47097	46889	1.05e-87	326
NC_003277.2_plasmid_pSLT	SBV196_contig_6	94.737	209	11	0	33970	34178	51516	51308	1.05e-87	326
NC_003277.2_plasmid_pSLT	SBV196_contig_6	95.385	195	9	0	5625	5819	10548	10354	2.94e-83	311
NC_003277.2_plasmid_pSLT	SBV196_contig_6	90.698	129	7	5	15933	16059	22439	22564	6.75e-40	167
NC_003277.2_plasmid_pSLT	SBV196_contig_6	93.421	76	5	0	16345	16420	22565	22640	8.91e-24	113
NC_003277.2_plasmid_pSLT	SBV196_contig_6	93.506	77	4	1	84048	84123	90326	90402	8.91e-24	113
NC_003277.2_plasmid_pSLT	SBV196_contig_6	85.507	69	9	1	83950	84018	90269	90336	5.44e-11	71.3
NC_003277.2_plasmid_pSLT	SBV140_contig_7	99.713	19166	42	12	19623	38781	32541	51700	0.0	35076
NC_003277.2_plasmid_pSLT	SBV140_contig_7	98.226	16295	264	8	57828	74119	62199	78471	0.0	28467
NC_003277.2_plasmid_pSLT	SBV140_contig_7	99.318	8645	53	3	39439	48078	51701	60344	0.0	15633
NC_003277.2_plasmid_pSLT	SBV140_contig_7	97.751	6669	125	11	87276	93933	1	6655	0.0	11461
NC_003277.2_plasmid_pSLT	SBV140_contig_7	94.380	6139	293	27	9677	15792	16302	22411	0.0	9378
NC_003277.2_plasmid_pSLT	SBV140_contig_7	97.774	4628	70	9	1	4613	6656	11265	0.0	7945
NC_003277.2_plasmid_pSLT	SBV140_contig_7	92.625	5098	360	15	77566	82655	82875	87964	0.0	7317
NC_003277.2_plasmid_pSLT	SBV140_contig_7	97.332	3186	85	0	16406	19591	22694	25879	0.0	5413
NC_003277.2_plasmid_pSLT	SBV140_contig_7	96.798	3029	65	16	84249	87275	90057	93055	0.0	5027
NC_003277.2_plasmid_pSLT	SBV140_contig_7	99.469	1882	9	1	55536	57416	60314	62195	0.0	3419
NC_003277.2_plasmid_pSLT	SBV140_contig_7	97.710	1921	43	1	4727	6647	11264	13183	0.0	3302
NC_003277.2_plasmid_pSLT	SBV140_contig_7	93.241	1805	119	1	74642	76446	78946	80747	0.0	2654
NC_003277.2_plasmid_pSLT	SBV140_contig_7	94.206	1001	55	3	76431	77430	81220	82218	0.0	1524
NC_003277.2_plasmid_pSLT	SBV140_contig_7	94.007	901	48	6	6687	7583	13841	14739	0.0	1360
NC_003277.2_plasmid_pSLT	SBV140_contig_7	93.251	726	49	0	83208	83933	88381	89106	0.0	1070
NC_003277.2_plasmid_pSLT	SBV140_contig_7	93.440	564	36	1	7590	8152	13229	13792	0.0	835
NC_003277.2_plasmid_pSLT	SBV140_contig_7	95.238	210	10	0	3675	3884	12370	12161	6.28e-90	333
NC_003277.2_plasmid_pSLT	SBV140_contig_7	94.737	209	11	0	38389	38597	47097	46889	1.05e-87	326
NC_003277.2_plasmid_pSLT	SBV140_contig_7	94.737	209	11	0	33970	34178	51516	51308	1.05e-87	326
NC_003277.2_plasmid_pSLT	SBV140_contig_7	95.385	195	9	0	5625	5819	10548	10354	2.94e-83	311
NC_003277.2_plasmid_pSLT	SBV140_contig_7	90.698	129	7	5	15933	16059	22439	22564	6.75e-40	167
NC_003277.2_plasmid_pSLT	SBV140_contig_7	93.421	76	5	0	16345	16420	22565	22640	8.91e-24	113
NC_003277.2_plasmid_pSLT	SBV140_contig_7	93.506	77	4	1	84048	84123	89979	90055	8.91e-24	113
NC_003277.2_plasmid_pSLT	SBV140_contig_7	85.507	69	9	1	83950	84018	89922	89989	5.44e-11	71.3
NC_003277.2_plasmid_pSLT	SBV011_contig_2	99.699	18261	42	12	19623	37876	32553	50807	0.0	33405
NC_003277.2_plasmid_pSLT	SBV011_contig_2	98.226	16295	264	8	57828	74119	62837	79109	0.0	28467
NC_003277.2_plasmid_pSLT	SBV011_contig_2	99.401	10178	55	3	37906	48078	50806	60982	0.0	18452
NC_003277.2_plasmid_pSLT	SBV011_contig_2	97.751	6669	125	11	87276	93933	1	6655	0.0	11461
NC_003277.2_plasmid_pSLT	SBV011_contig_2	94.364	6139	294	27	9677	15792	16314	22423	0.0	9372
NC_003277.2_plasmid_pSLT	SBV011_contig_2	97.522	4640	70	15	1	4613	6656	11277	0.0	7890
NC_003277.2_plasmid_pSLT	SBV011_contig_2	92.625	5098	360	15	77566	82655	83513	88602	0.0	7317
NC_003277.2_plasmid_pSLT	SBV011_contig_2	97.332	3186	85	0	16406	19591	22706	25891	0.0	5413
NC_003277.2_plasmid_pSLT	SBV011_contig_2	97.689	3029	65	5	84249	87275	90695	93720	0.0	5201
NC_003277.2_plasmid_pSLT	SBV011_contig_2	99.469	1882	9	1	55536	57416	60952	62833	0.0	3419
NC_003277.2_plasmid_pSLT	SBV011_contig_2	97.710	1921	43	1	4727	6647	11276	13195	0.0	3302
NC_003277.2_plasmid_pSLT	SBV011_contig_2	93.241	1805	119	1	74642	76446	79584	81385	0.0	2654
NC_003277.2_plasmid_pSLT	SBV011_contig_2	94.206	1001	55	3	76431	77430	81858	82856	0.0	1524
NC_003277.2_plasmid_pSLT	SBV011_contig_2	94.007	901	48	6	6687	7583	13853	14751	0.0	1360
NC_003277.2_plasmid_pSLT	SBV011_contig_2	93.251	726	49	0	83208	83933	89019	89744	0.0	1070
NC_003277.2_plasmid_pSLT	SBV011_contig_2	93.440	564	36	1	7590	8152	13241	13804	0.0	835
NC_003277.2_plasmid_pSLT	SBV011_contig_2	95.238	210	10	0	3675	3884	12382	12173	6.28e-90	333
NC_003277.2_plasmid_pSLT	SBV011_contig_2	94.737	209	11	0	38389	38597	47109	46901	1.05e-87	326
NC_003277.2_plasmid_pSLT	SBV011_contig_2	94.737	209	11	0	33970	34178	51497	51289	1.05e-87	326
NC_003277.2_plasmid_pSLT	SBV011_contig_2	95.385	195	9	0	5625	5819	10560	10366	2.94e-83	311
NC_003277.2_plasmid_pSLT	SBV011_contig_2	90.698	129	7	5	15933	16059	22451	22576	6.75e-40	167
NC_003277.2_plasmid_pSLT	SBV011_contig_2	93.421	76	5	0	16345	16420	22577	22652	8.91e-24	113
NC_003277.2_plasmid_pSLT	SBV011_contig_2	93.506	77	4	1	84048	84123	90617	90693	8.91e-24	113
NC_003277.2_plasmid_pSLT	SBV011_contig_2	85.507	69	9	1	83950	84018	90560	90627	5.44e-11	71.3
NC_003277.2_plasmid_pSLT	SBV180_contig_6	99.689	16418	38	12	19623	36033	32547	48958	0.0	30023
NC_003277.2_plasmid_pSLT	SBV180_contig_6	98.226	16295	264	8	57828	74119	62417	78689	0.0	28467
NC_003277.2_plasmid_pSLT	SBV180_contig_6	99.449	11605	58	3	36479	48078	48959	60562	0.0	21071
NC_003277.2_plasmid_pSLT	SBV180_contig_6	97.751	6669	125	11	87276	93933	1	6655	0.0	11461
NC_003277.2_plasmid_pSLT	SBV180_contig_6	94.380	6139	293	27	9677	15792	16308	22417	0.0	9378
NC_003277.2_plasmid_pSLT	SBV180_contig_6	97.648	4634	70	15	1	4613	6656	11271	0.0	7917
NC_003277.2_plasmid_pSLT	SBV180_contig_6	92.625	5098	360	15	77566	82655	83093	88182	0.0	7317
NC_003277.2_plasmid_pSLT	SBV180_contig_6	97.332	3186	85	0	16406	19591	22700	25885	0.0	5413
NC_003277.2_plasmid_pSLT	SBV180_contig_6	96.798	3029	65	16	84249	87275	90275	93273	0.0	5027
NC_003277.2_plasmid_pSLT	SBV180_contig_6	99.469	1882	9	1	55536	57416	60532	62413	0.0	3419
NC_003277.2_plasmid_pSLT	SBV180_contig_6	97.710	1921	43	1	4727	6647	11270	13189	0.0	3302
NC_003277.2_plasmid_pSLT	SBV180_contig_6	93.241	1805	119	1	74642	76446	79164	80965	0.0	2654
NC_003277.2_plasmid_pSLT	SBV180_contig_6	94.206	1001	55	3	76431	77430	81438	82436	0.0	1524
NC_003277.2_plasmid_pSLT	SBV180_contig_6	94.007	901	48	6	6687	7583	13847	14745	0.0	1360
NC_003277.2_plasmid_pSLT	SBV180_contig_6	93.251	726	49	0	83208	83933	88599	89324	0.0	1070
NC_003277.2_plasmid_pSLT	SBV180_contig_6	93.440	564	36	1	7590	8152	13235	13798	0.0	835
NC_003277.2_plasmid_pSLT	SBV180_contig_6	95.238	210	10	0	3675	3884	12376	12167	6.28e-90	333
NC_003277.2_plasmid_pSLT	SBV180_contig_6	94.737	209	11	0	38389	38597	47103	46895	1.05e-87	326
NC_003277.2_plasmid_pSLT	SBV180_contig_6	94.737	209	11	0	33970	34178	51077	50869	1.05e-87	326
NC_003277.2_plasmid_pSLT	SBV180_contig_6	95.385	195	9	0	5625	5819	10554	10360	2.94e-83	311
NC_003277.2_plasmid_pSLT	SBV180_contig_6	90.698	129	7	5	15933	16059	22445	22570	6.75e-40	167
NC_003277.2_plasmid_pSLT	SBV180_contig_6	93.421	76	5	0	16345	16420	22571	22646	8.91e-24	113
NC_003277.2_plasmid_pSLT	SBV180_contig_6	93.506	77	4	1	84048	84123	90197	90273	8.91e-24	113
NC_003277.2_plasmid_pSLT	SBV180_contig_6	85.507	69	9	1	83950	84018	90140	90207	5.44e-11	71.3
SBV005_contig_2	SBV016_contig_1	99.957	93733	3	3	1	93702	1	93727	0.0	1.728e+05
SBV005_contig_2	SBV016_contig_1	94.737	209	11	0	51308	51516	47103	46895	1.05e-87	326
SBV005_contig_2	SBV016_contig_1	94.737	209	11	0	46889	47097	51522	51314	1.05e-87	326
SBV005_contig_2	SBV016_contig_1	95.897	195	8	0	12161	12355	10560	10366	6.31e-85	316
SBV005_contig_2	SBV016_contig_1	96.354	192	7	0	10357	10548	12364	12173	6.31e-85	316
SBV005_contig_2	SBV046_contig_6	99.945	93721	1	3	1	93702	1	93689	0.0	1.727e+05
SBV005_contig_2	SBV046_contig_6	94.737	209	11	0	51308	51516	47097	46889	1.05e-87	326
SBV005_contig_2	SBV046_contig_6	94.737	209	11	0	46889	47097	51516	51308	1.05e-87	326
SBV005_contig_2	SBV046_contig_6	95.897	195	8	0	12161	12355	10548	10354	6.31e-85	316
SBV005_contig_2	SBV046_contig_6	96.354	192	7	0	10357	10548	12352	12161	6.31e-85	316
SBV005_contig_2	SBV156_contig_6	99.940	93721	1	3	1	93702	1	93685	0.0	1.727e+05
SBV005_contig_2	SBV156_contig_6	94.737	209	11	0	51308	51516	47070	46862	1.05e-87	326
SBV005_contig_2	SBV156_contig_6	94.737	209	11	0	46889	47097	51489	51281	1.05e-87	326
SBV005_contig_2	SBV156_contig_6	95.897	195	8	0	12161	12355	10548	10354	6.31e-85	316
SBV005_contig_2	SBV156_contig_6	96.354	192	7	0	10357	10548	12352	12161	6.31e-85	316
SBV005_contig_2	SBV312_contig_6	99.939	93721	1	3	1	93702	1	93684	0.0	1.727e+05
SBV005_contig_2	SBV312_contig_6	94.737	209	11	0	51308	51516	47097	46889	1.05e-87	326
SBV005_contig_2	SBV312_contig_6	94.737	209	11	0	46889	47097	51516	51308	1.05e-87	326
SBV005_contig_2	SBV312_contig_6	95.897	195	8	0	12161	12355	10548	10354	6.31e-85	316
SBV005_contig_2	SBV312_contig_6	96.354	192	7	0	10357	10548	12352	12161	6.31e-85	316
SBV005_contig_2	SBV282_contig_6	99.965	76736	1	1	1	76736	1	76710	0.0	1.415e+05
SBV005_contig_2	SBV282_contig_6	99.829	16959	1	2	76763	93702	76698	93647	0.0	31131
SBV005_contig_2	SBV282_contig_6	94.737	209	11	0	51308	51516	47071	46863	1.05e-87	326
SBV005_contig_2	SBV282_contig_6	94.737	209	11	0	46889	47097	51490	51282	1.05e-87	326
SBV005_contig_2	SBV282_contig_6	95.897	195	8	0	12161	12355	10548	10354	6.31e-85	316
SBV005_contig_2	SBV282_contig_6	96.354	192	7	0	10357	10548	12352	12161	6.31e-85	316
SBV005_contig_2	SBV026_contig_2	99.921	75882	34	3	11264	87119	11373	87254	0.0	1.398e+05
SBV005_contig_2	SBV026_contig_2	99.929	11265	2	1	1	11265	1	11259	0.0	20753
SBV005_contig_2	SBV026_contig_2	99.558	6557	2	1	87146	93702	87250	93779	0.0	11923
SBV005_contig_2	SBV026_contig_2	94.737	209	11	0	51308	51516	47213	47005	1.05e-87	326
SBV005_contig_2	SBV026_contig_2	94.737	209	11	0	46889	47097	51632	51424	1.05e-87	326
SBV005_contig_2	SBV026_contig_2	93.981	216	7	2	12161	12370	10542	10327	1.36e-86	322
SBV005_contig_2	SBV026_contig_2	96.354	192	7	0	10357	10548	12461	12270	6.31e-85	316
SBV005_contig_2	SBV348_contig_5	99.956	66316	1	2	27406	93702	27541	93847	0.0	1.223e+05
SBV005_contig_2	SBV348_contig_5	100.000	26539	0	0	1	26539	1	26539	0.0	49009
SBV005_contig_2	SBV348_contig_5	94.737	209	11	0	51308	51516	47232	47024	1.05e-87	326
SBV005_contig_2	SBV348_contig_5	94.737	209	11	0	46889	47097	51651	51443	1.05e-87	326
SBV005_contig_2	SBV348_contig_5	95.897	195	8	0	12161	12355	10548	10354	6.31e-85	316
SBV005_contig_2	SBV348_contig_5	96.354	192	7	0	10357	10548	12352	12161	6.31e-85	316
SBV005_contig_2	SBV344_contig_3	99.998	66049	1	0	1	66049	1	66049	0.0	1.220e+05
SBV005_contig_2	SBV344_contig_3	99.894	26510	0	2	67212	93702	66048	92548	0.0	48774
SBV005_contig_2	SBV344_contig_3	94.737	209	11	0	51308	51516	47097	46889	1.05e-87	326
SBV005_contig_2	SBV344_contig_3	94.737	209	11	0	46889	47097	51516	51308	1.05e-87	326
SBV005_contig_2	SBV344_contig_3	95.897	195	8	0	12161	12355	10548	10354	6.31e-85	316
SBV005_contig_2	SBV344_contig_3	96.354	192	7	0	10357	10548	12352	12161	6.31e-85	316
SBV005_contig_2	SBV112_contig_7	99.953	66055	2	3	27668	93702	27318	93363	0.0	1.218e+05
SBV005_contig_2	SBV112_contig_7	100.000	27326	0	0	1	27326	1	27326	0.0	50462
SBV005_contig_2	SBV112_contig_7	94.737	209	11	0	51308	51516	46748	46540	1.05e-87	326
SBV005_contig_2	SBV112_contig_7	94.737	209	11	0	46889	47097	51167	50959	1.05e-87	326
SBV005_contig_2	SBV112_contig_7	95.897	195	8	0	12161	12355	10548	10354	6.31e-85	316
SBV005_contig_2	SBV112_contig_7	96.354	192	7	0	10357	10548	12352	12161	6.31e-85	316
SBV005_contig_2	SBV154_contig_5	99.998	62834	1	0	1	62834	1	62834	0.0	1.160e+05
SBV005_contig_2	SBV154_contig_5	99.907	30094	0	2	63628	93702	62835	92919	0.0	55393
SBV005_contig_2	SBV154_contig_5	94.737	209	11	0	51308	51516	47097	46889	1.05e-87	326
SBV005_contig_2	SBV154_contig_5	94.737	209	11	0	46889	47097	51516	51308	1.05e-87	326
SBV005_contig_2	SBV154_contig_5	95.897	195	8	0	12161	12355	10548	10354	6.31e-85	316
SBV005_contig_2	SBV154_contig_5	96.354	192	7	0	10357	10548	12352	12161	6.31e-85	316
SBV005_contig_2	SBV215_contig_2	99.856	61195	38	12	32541	93702	25643	86820	0.0	1.125e+05
SBV005_contig_2	SBV215_contig_2	99.876	11265	2	1	1	11265	1	11253	0.0	20714
SBV005_contig_2	SBV215_contig_2	98.507	9581	141	2	16300	25879	16032	25611	0.0	16899
SBV005_contig_2	SBV215_contig_2	100.000	1920	0	0	11264	13183	11367	13286	0.0	3546
SBV005_contig_2	SBV215_contig_2	99.221	899	7	0	13841	14739	13326	14224	0.0	1622
SBV005_contig_2	SBV215_contig_2	99.301	572	4	0	13232	13803	14234	14805	0.0	1035
SBV005_contig_2	SBV215_contig_2	96.190	210	8	0	12161	12370	10536	10327	2.90e-93	344
SBV005_contig_2	SBV215_contig_2	94.737	209	11	0	51308	51516	40198	39990	1.05e-87	326
SBV005_contig_2	SBV215_contig_2	94.737	209	11	0	46889	47097	44617	44409	1.05e-87	326
SBV005_contig_2	SBV215_contig_2	96.354	192	7	0	10357	10548	12455	12264	6.31e-85	316
SBV005_contig_2	SBV261_contig_18	99.951	59460	1	2	34262	93702	34201	93651	0.0	1.096e+05
SBV005_contig_2	SBV261_contig_18	99.994	34209	1	1	1	34208	1	34209	0.0	63160
SBV005_contig_2	SBV261_contig_18	94.737	209	11	0	51308	51516	47036	46828	1.05e-87	326
SBV005_contig_2	SBV261_contig_18	94.737	209	11	0	46889	47097	51455	51247	1.05e-87	326
SBV005_contig_2	SBV261_contig_18	95.897	195	8	0	12161	12355	10548	10354	6.31e-85	316
SBV005_contig_2	SBV261_contig_18	96.354	192	7	0	10357	10548	12352	12161	6.31e-85	316
SBV005_contig_2	SBV196_contig_6	99.997	59343	1	1	1	59342	1	59343	0.0	1.096e+05
SBV005_contig_2	SBV196_contig_6	99.918	34074	0	2	59648	93702	59338	93402	0.0	62742
SBV005_contig_2	SBV196_contig_6	94.737	209	11	0	51308	51516	47097	46889	1.05e-87	326
SBV005_contig_2	SBV196_contig_6	94.737	209	11	0	46889	47097	51516	51308	1.05e-87	326
SBV005_contig_2	SBV196_contig_6	95.897	195	8	0	12161	12355	10548	10354	6.31e-85	316
SBV005_contig_2	SBV196_contig_6	96.354	192	7	0	10357	10548	12352	12161	6.31e-85	316
SBV005_contig_2	SBV140_contig_7	100.000	51700	0	0	1	51700	1	51700	0.0	95472
SBV005_contig_2	SBV140_contig_7	99.930	41364	1	2	52358	93702	51701	93055	0.0	76199
SBV005_contig_2	SBV140_contig_7	94.737	209	11	0	51308	51516	47097	46889	1.05e-87	326
SBV005_contig_2	SBV140_contig_7	94.737	209	11	0	46889	47097	51516	51308	1.05e-87	326
SBV005_contig_2	SBV140_contig_7	95.897	195	8	0	12161	12355	10548	10354	6.31e-85	316
SBV005_contig_2	SBV140_contig_7	96.354	192	7	0	10357	10548	12352	12161	6.31e-85	316
SBV005_contig_2	SBV011_contig_2	99.972	50807	2	1	1	50795	1	50807	0.0	93735
SBV005_contig_2	SBV011_contig_2	99.914	42915	0	2	50825	93702	50806	93720	0.0	79010
SBV005_contig_2	SBV011_contig_2	94.737	209	11	0	51308	51516	47109	46901	1.05e-87	326
SBV005_contig_2	SBV011_contig_2	94.737	209	11	0	46889	47097	51497	51289	1.05e-87	326
SBV005_contig_2	SBV011_contig_2	95.897	195	8	0	12161	12355	10560	10366	6.31e-85	316
SBV005_contig_2	SBV011_contig_2	96.354	192	7	0	10357	10548	12364	12173	6.31e-85	316
SBV005_contig_2	SBV180_contig_6	99.988	48958	0	1	1	48952	1	48958	0.0	90370
SBV005_contig_2	SBV180_contig_6	99.935	44324	1	2	49398	93702	48959	93273	0.0	81665
SBV005_contig_2	SBV180_contig_6	94.737	209	11	0	51308	51516	47103	46895	1.05e-87	326
SBV005_contig_2	SBV180_contig_6	94.737	209	11	0	46889	47097	51077	50869	1.05e-87	326
SBV005_contig_2	SBV180_contig_6	95.897	195	8	0	12161	12355	10554	10360	6.31e-85	316
SBV005_contig_2	SBV180_contig_6	96.354	192	7	0	10357	10548	12358	12167	6.31e-85	316
SBV005_contig_2	NC_003277.2_plasmid_pSLT	99.596	28468	96	15	32541	61001	19623	48078	0.0	51915
SBV005_contig_2	NC_003277.2_plasmid_pSLT	98.226	16295	264	8	62856	79128	57828	74119	0.0	28467
SBV005_contig_2	NC_003277.2_plasmid_pSLT	97.751	6669	125	11	1	6655	87276	93933	0.0	11461
SBV005_contig_2	NC_003277.2_plasmid_pSLT	94.382	6141	289	30	16302	22411	9677	15792	0.0	9378
SBV005_contig_2	NC_003277.2_plasmid_pSLT	97.774	4627	72	7	6656	11265	1	4613	0.0	7945
SBV005_contig_2	NC_003277.2_plasmid_pSLT	92.255	5100	356	21	83532	88602	77566	82655	0.0	7193
SBV005_contig_2	NC_003277.2_plasmid_pSLT	97.332	3186	85	0	22694	25879	16406	19591	0.0	5413
SBV005_contig_2	NC_003277.2_plasmid_pSLT	97.095	3029	65	8	90695	93702	84249	87275	0.0	5084
SBV005_contig_2	NC_003277.2_plasmid_pSLT	99.469	1882	9	1	60971	62852	55536	57416	0.0	3419
SBV005_contig_2	NC_003277.2_plasmid_pSLT	97.710	1921	43	1	11264	13183	4727	6647	0.0	3302
SBV005_contig_2	NC_003277.2_plasmid_pSLT	93.241	1805	119	1	79603	81404	74642	76446	0.0	2654
SBV005_contig_2	NC_003277.2_plasmid_pSLT	94.206	1001	55	3	81877	82875	76431	77430	0.0	1524
SBV005_contig_2	NC_003277.2_plasmid_pSLT	94.007	901	48	6	13841	14739	6687	7583	0.0	1360
SBV005_contig_2	NC_003277.2_plasmid_pSLT	93.251	726	49	0	89019	89744	83208	83933	0.0	1070
SBV005_contig_2	NC_003277.2_plasmid_pSLT	93.440	564	36	1	13229	13792	7590	8152	0.0	835
SBV005_contig_2	NC_003277.2_plasmid_pSLT	95.238	210	10	0	12161	12370	3884	3675	6.27e-90	333
SBV005_contig_2	NC_003277.2_plasmid_pSLT	94.737	209	11	0	51308	51516	34178	33970	1.05e-87	326
SBV005_contig_2	NC_003277.2_plasmid_pSLT	94.737	209	11	0	46889	47097	38597	38389	1.05e-87	326
SBV005_contig_2	NC_003277.2_plasmid_pSLT	95.833	192	8	0	10357	10548	5816	5625	2.94e-83	311
SBV005_contig_2	NC_003277.2_plasmid_pSLT	90.698	129	7	5	22439	22564	15933	16059	6.73e-40	167
SBV005_contig_2	NC_003277.2_plasmid_pSLT	93.421	76	5	0	22565	22640	16345	16420	8.89e-24	113
SBV005_contig_2	NC_003277.2_plasmid_pSLT	93.506	77	4	1	90617	90693	84048	84123	8.89e-24	113
SBV005_contig_2	NC_003277.2_plasmid_pSLT	85.507	69	9	1	90560	90627	83950	84018	5.43e-11	71.3
SBV011_contig_2	SBV016_contig_1	99.982	50807	3	1	1	50807	1	50801	0.0	93768
SBV011_contig_2	SBV016_contig_1	99.953	42915	2	1	50806	93720	50831	93727	0.0	79122
SBV011_contig_2	SBV016_contig_1	94.737	209	11	0	51289	51497	47103	46895	1.05e-87	326
SBV011_contig_2	SBV016_contig_1	94.737	209	11	0	46901	47109	51522	51314	1.05e-87	326
SBV011_contig_2	SBV016_contig_1	95.897	195	8	0	12173	12367	10560	10366	6.31e-85	316
SBV011_contig_2	SBV016_contig_1	96.354	192	7	0	10369	10560	12364	12173	6.31e-85	316
SBV011_contig_2	SBV344_contig_3	99.972	50807	2	1	1	50807	1	50795	0.0	93735
SBV011_contig_2	SBV344_contig_3	99.898	26528	0	1	67193	93720	66048	92548	0.0	48813
SBV011_contig_2	SBV344_contig_3	99.993	15225	1	0	50806	66030	50825	66049	0.0	28110
SBV011_contig_2	SBV344_contig_3	94.737	209	11	0	51289	51497	47097	46889	1.05e-87	326
SBV011_contig_2	SBV344_contig_3	94.737	209	11	0	46901	47109	51516	51308	1.05e-87	326
SBV011_contig_2	SBV344_contig_3	95.897	195	8	0	12173	12367	10548	10354	6.31e-85	316
SBV011_contig_2	SBV344_contig_3	96.354	192	7	0	10369	10560	12352	12161	6.31e-85	316
SBV011_contig_2	SBV312_contig_6	99.972	50807	2	1	1	50807	1	50795	0.0	93735
SBV011_contig_2	SBV312_contig_6	99.931	41884	1	1	50806	92689	50825	92680	0.0	77159
SBV011_contig_2	SBV312_contig_6	99.886	23659	0	1	70062	93720	70053	93684	0.0	43515
SBV011_contig_2	SBV312_contig_6	94.737	209	11	0	51289	51497	47097	46889	1.05e-87	326
SBV011_contig_2	SBV312_contig_6	94.737	209	11	0	46901	47109	51516	51308	1.05e-87	326
SBV011_contig_2	SBV312_contig_6	95.897	195	8	0	12173	12367	10548	10354	6.31e-85	316
SBV011_contig_2	SBV312_contig_6	96.354	192	7	0	10369	10560	12352	12161	6.31e-85	316
SBV011_contig_2	SBV196_contig_6	99.972	50807	2	1	1	50807	1	50795	0.0	93735
SBV011_contig_2	SBV196_contig_6	99.921	34092	0	1	59629	93720	59338	93402	0.0	62781
SBV011_contig_2	SBV196_contig_6	99.977	8519	1	1	50806	59323	50825	59343	0.0	15719
SBV011_contig_2	SBV196_contig_6	94.737	209	11	0	51289	51497	47097	46889	1.05e-87	326
SBV011_contig_2	SBV196_contig_6	94.737	209	11	0	46901	47109	51516	51308	1.05e-87	326
SBV011_contig_2	SBV196_contig_6	95.897	195	8	0	12173	12367	10548	10354	6.31e-85	316
SBV011_contig_2	SBV196_contig_6	96.354	192	7	0	10369	10560	12352	12161	6.31e-85	316
SBV011_contig_2	SBV154_contig_5	99.972	50807	2	1	1	50807	1	50795	0.0	93735
SBV011_contig_2	SBV154_contig_5	99.910	30112	0	1	63609	93720	62835	92919	0.0	55432
SBV011_contig_2	SBV154_contig_5	99.992	12010	1	0	50806	62815	50825	62834	0.0	22173
SBV011_contig_2	SBV154_contig_5	94.737	209	11	0	51289	51497	47097	46889	1.05e-87	326
SBV011_contig_2	SBV154_contig_5	94.737	209	11	0	46901	47109	51516	51308	1.05e-87	326
SBV011_contig_2	SBV154_contig_5	95.897	195	8	0	12173	12367	10548	10354	6.31e-85	316
SBV011_contig_2	SBV154_contig_5	96.354	192	7	0	10369	10560	12352	12161	6.31e-85	316
SBV011_contig_2	SBV140_contig_7	99.972	50807	2	1	1	50807	1	50795	0.0	93735
SBV011_contig_2	SBV140_contig_7	99.932	41382	1	1	52339	93720	51701	93055	0.0	76238
SBV011_contig_2	SBV140_contig_7	100.000	876	0	0	50806	51681	50825	51700	0.0	1618
SBV011_contig_2	SBV140_contig_7	94.737	209	11	0	51289	51497	47097	46889	1.05e-87	326
SBV011_contig_2	SBV140_contig_7	94.737	209	11	0	46901	47109	51516	51308	1.05e-87	326
SBV011_contig_2	SBV140_contig_7	95.897	195	8	0	12173	12367	10548	10354	6.31e-85	316
SBV011_contig_2	SBV140_contig_7	96.354	192	7	0	10369	10560	12352	12161	6.31e-85	316
SBV011_contig_2	SBV046_contig_6	99.972	50807	2	1	1	50807	1	50795	0.0	93735
SBV011_contig_2	SBV046_contig_6	99.881	42915	1	2	50806	93720	50825	93689	0.0	78921
SBV011_contig_2	SBV046_contig_6	94.737	209	11	0	51289	51497	47097	46889	1.05e-87	326
SBV011_contig_2	SBV046_contig_6	94.737	209	11	0	46901	47109	51516	51308	1.05e-87	326
SBV011_contig_2	SBV046_contig_6	95.897	195	8	0	12173	12367	10548	10354	6.31e-85	316
SBV011_contig_2	SBV046_contig_6	96.354	192	7	0	10369	10560	12352	12161	6.31e-85	316
SBV011_contig_2	SBV005_contig_2	99.972	50807	2	1	1	50807	1	50795	0.0	93735
SBV011_contig_2	SBV005_contig_2	99.914	42915	0	2	50806	93720	50825	93702	0.0	79010
SBV011_contig_2	SBV005_contig_2	94.737	209	11	0	51289	51497	47097	46889	1.05e-87	326
SBV011_contig_2	SBV005_contig_2	94.737	209	11	0	46901	47109	51516	51308	1.05e-87	326
SBV011_contig_2	SBV005_contig_2	95.897	195	8	0	12173	12367	10548	10354	6.31e-85	316
SBV011_contig_2	SBV005_contig_2	96.354	192	7	0	10369	10560	12352	12161	6.31e-85	316
SBV011_contig_2	SBV282_contig_6	99.921	50807	2	2	1	50807	1	50769	0.0	93567
SBV011_contig_2	SBV282_contig_6	99.996	25912	1	0	50806	76717	50799	76710	0.0	47845
SBV011_contig_2	SBV282_contig_6	99.835	16977	1	1	76744	93720	76698	93647	0.0	31170
SBV011_contig_2	SBV282_contig_6	94.737	209	11	0	51289	51497	47071	46863	1.05e-87	326
SBV011_contig_2	SBV282_contig_6	94.737	209	11	0	46901	47109	51490	51282	1.05e-87	326
SBV011_contig_2	SBV282_contig_6	95.897	195	8	0	12173	12367	10548	10354	6.31e-85	316
SBV011_contig_2	SBV282_contig_6	96.354	192	7	0	10369	10560	12352	12161	6.31e-85	316
SBV011_contig_2	SBV156_contig_6	99.919	50807	2	2	1	50807	1	50768	0.0	93559
SBV011_contig_2	SBV156_contig_6	99.935	42915	1	1	50806	93720	50798	93685	0.0	79069
SBV011_contig_2	SBV156_contig_6	94.737	209	11	0	51289	51497	47070	46862	1.05e-87	326
SBV011_contig_2	SBV156_contig_6	94.737	209	11	0	46901	47109	51489	51281	1.05e-87	326
SBV011_contig_2	SBV156_contig_6	95.897	195	8	0	12173	12367	10548	10354	6.31e-85	316
SBV011_contig_2	SBV156_contig_6	96.354	192	7	0	10369	10560	12352	12161	6.31e-85	316
SBV011_contig_2	SBV180_contig_6	99.984	48964	2	1	1	48964	1	48958	0.0	90370
SBV011_contig_2	SBV180_contig_6	99.935	42915	1	1	50806	93720	50386	93273	0.0	79069
SBV011_contig_2	SBV180_contig_6	100.000	1398	0	0	49410	50807	48959	50356	0.0	2582
SBV011_contig_2	SBV180_contig_6	94.737	209	11	0	51289	51497	47103	46895	1.05e-87	326
SBV011_contig_2	SBV180_contig_6	94.737	209	11	0	46901	47109	51077	50869	1.05e-87	326
SBV011_contig_2	SBV180_contig_6	95.897	195	8	0	12173	12367	10554	10360	6.31e-85	316
SBV011_contig_2	SBV180_contig_6	96.354	192	7	0	10369	10560	12358	12167	6.31e-85	316
SBV011_contig_2	SBV348_contig_5	99.935	42915	1	1	50806	93720	50960	93847	0.0	79069
SBV011_contig_2	SBV348_contig_5	99.951	26551	1	1	1	26551	1	26539	0.0	48948
SBV011_contig_2	SBV348_contig_5	99.996	23390	1	0	27418	50807	27541	50930	0.0	43188
SBV011_contig_2	SBV348_contig_5	94.737	209	11	0	51289	51497	47232	47024	1.05e-87	326
SBV011_contig_2	SBV348_contig_5	94.737	209	11	0	46901	47109	51651	51443	1.05e-87	326
SBV011_contig_2	SBV348_contig_5	95.897	195	8	0	12173	12367	10548	10354	6.31e-85	316
SBV011_contig_2	SBV348_contig_5	96.354	192	7	0	10369	10560	12352	12161	6.31e-85	316
SBV011_contig_2	SBV261_contig_18	99.935	42915	1	1	50806	93720	50764	93651	0.0	79069
SBV011_contig_2	SBV261_contig_18	99.956	34221	2	2	1	34220	1	34209	0.0	63099
SBV011_contig_2	SBV261_contig_18	99.994	16534	1	0	34274	50807	34201	50734	0.0	30528
SBV011_contig_2	SBV261_contig_18	94.737	209	11	0	51289	51497	47036	46828	1.05e-87	326
SBV011_contig_2	SBV261_contig_18	94.737	209	11	0	46901	47109	51455	51247	1.05e-87	326
SBV011_contig_2	SBV261_contig_18	95.897	195	8	0	12173	12367	10548	10354	6.31e-85	316
SBV011_contig_2	SBV261_contig_18	96.354	192	7	0	10369	10560	12352	12161	6.31e-85	316
SBV011_contig_2	SBV112_contig_7	99.935	42915	1	1	50806	93720	50476	93363	0.0	79069
SBV011_contig_2	SBV112_contig_7	99.952	27338	1	1	1	27338	1	27326	0.0	50401
SBV011_contig_2	SBV112_contig_7	99.987	23129	2	1	27680	50807	27318	50446	0.0	42693
SBV011_contig_2	SBV112_contig_7	94.737	209	11	0	51289	51497	46748	46540	1.05e-87	326
SBV011_contig_2	SBV112_contig_7	94.737	209	11	0	46901	47109	51167	50959	1.05e-87	326
SBV011_contig_2	SBV112_contig_7	95.897	195	8	0	12173	12367	10548	10354	6.31e-85	316
SBV011_contig_2	SBV112_contig_7	96.354	192	7	0	10369	10560	12352	12161	6.31e-85	316
SBV011_contig_2	SBV215_contig_2	99.916	42916	14	3	50806	93720	43926	86820	0.0	79032
SBV011_contig_2	SBV215_contig_2	99.814	18259	25	8	32553	50807	25643	43896	0.0	33521
SBV011_contig_2	SBV215_contig_2	99.769	11277	2	1	1	11277	1	11253	0.0	20659
SBV011_contig_2	SBV215_contig_2	98.508	9582	139	4	16312	25891	16032	25611	0.0	16899
SBV011_contig_2	SBV215_contig_2	100.000	1920	0	0	11276	13195	11367	13286	0.0	3546
SBV011_contig_2	SBV215_contig_2	99.221	899	7	0	13853	14751	13326	14224	0.0	1622
SBV011_contig_2	SBV215_contig_2	99.301	572	4	0	13244	13815	14234	14805	0.0	1035
SBV011_contig_2	SBV215_contig_2	96.190	210	8	0	12173	12382	10536	10327	2.90e-93	344
SBV011_contig_2	SBV215_contig_2	94.737	209	11	0	51289	51497	40198	39990	1.05e-87	326
SBV011_contig_2	SBV215_contig_2	94.737	209	11	0	46901	47109	44617	44409	1.05e-87	326
SBV011_contig_2	SBV215_contig_2	96.354	192	7	0	10369	10560	12455	12264	6.31e-85	316
SBV011_contig_2	SBV026_contig_2	99.919	39539	25	2	11276	50807	11373	50911	0.0	72831
SBV011_contig_2	SBV026_contig_2	99.970	36314	11	0	50806	87119	50941	87254	0.0	66999
SBV011_contig_2	SBV026_contig_2	99.823	11277	2	1	1	11277	1	11259	0.0	20698
SBV011_contig_2	SBV026_contig_2	99.964	5526	2	0	87146	92671	87250	92775	0.0	10194
SBV011_contig_2	SBV026_contig_2	100.000	1056	0	0	92665	93720	92724	93779	0.0	1951
SBV011_contig_2	SBV026_contig_2	94.737	209	11	0	51289	51497	47213	47005	1.05e-87	326
SBV011_contig_2	SBV026_contig_2	94.737	209	11	0	46901	47109	51632	51424	1.05e-87	326
SBV011_contig_2	SBV026_contig_2	93.981	216	7	2	12173	12382	10542	10327	1.36e-86	322
SBV011_contig_2	SBV026_contig_2	96.354	192	7	0	10369	10560	12461	12270	6.31e-85	316
SBV011_contig_2	NC_003277.2_plasmid_pSLT	99.699	18261	42	12	32553	50807	19623	37876	0.0	33405
SBV011_contig_2	NC_003277.2_plasmid_pSLT	98.226	16295	264	8	62837	79109	57828	74119	0.0	28467
SBV011_contig_2	NC_003277.2_plasmid_pSLT	99.401	10178	55	3	50806	60982	37906	48078	0.0	18452
SBV011_contig_2	NC_003277.2_plasmid_pSLT	97.751	6669	125	11	1	6655	87276	93933	0.0	11461
SBV011_contig_2	NC_003277.2_plasmid_pSLT	94.366	6141	290	30	16314	22423	9677	15792	0.0	9372
SBV011_contig_2	NC_003277.2_plasmid_pSLT	97.521	4639	72	13	6656	11277	1	4613	0.0	7890
SBV011_contig_2	NC_003277.2_plasmid_pSLT	92.627	5100	356	20	83513	88602	77566	82655	0.0	7317
SBV011_contig_2	NC_003277.2_plasmid_pSLT	97.332	3186	85	0	22706	25891	16406	19591	0.0	5413
SBV011_contig_2	NC_003277.2_plasmid_pSLT	97.689	3029	65	5	90695	93720	84249	87275	0.0	5201
SBV011_contig_2	NC_003277.2_plasmid_pSLT	99.469	1882	9	1	60952	62833	55536	57416	0.0	3419
SBV011_contig_2	NC_003277.2_plasmid_pSLT	97.710	1921	43	1	11276	13195	4727	6647	0.0	3302
SBV011_contig_2	NC_003277.2_plasmid_pSLT	93.241	1805	119	1	79584	81385	74642	76446	0.0	2654
SBV011_contig_2	NC_003277.2_plasmid_pSLT	94.206	1001	55	3	81858	82856	76431	77430	0.0	1524
SBV011_contig_2	NC_003277.2_plasmid_pSLT	94.007	901	48	6	13853	14751	6687	7583	0.0	1360
SBV011_contig_2	NC_003277.2_plasmid_pSLT	93.251	726	49	0	89019	89744	83208	83933	0.0	1070
SBV011_contig_2	NC_003277.2_plasmid_pSLT	93.440	564	36	1	13241	13804	7590	8152	0.0	835
SBV011_contig_2	NC_003277.2_plasmid_pSLT	95.238	210	10	0	12173	12382	3884	3675	6.27e-90	333
SBV011_contig_2	NC_003277.2_plasmid_pSLT	94.737	209	11	0	51289	51497	34178	33970	1.05e-87	326
SBV011_contig_2	NC_003277.2_plasmid_pSLT	94.737	209	11	0	46901	47109	38597	38389	1.05e-87	326
SBV011_contig_2	NC_003277.2_plasmid_pSLT	95.833	192	8	0	10369	10560	5816	5625	2.94e-83	311
SBV011_contig_2	NC_003277.2_plasmid_pSLT	90.698	129	7	5	22451	22576	15933	16059	6.73e-40	167
SBV011_contig_2	NC_003277.2_plasmid_pSLT	93.421	76	5	0	22577	22652	16345	16420	8.89e-24	113
SBV011_contig_2	NC_003277.2_plasmid_pSLT	93.506	77	4	1	90617	90693	84048	84123	8.89e-24	113
SBV011_contig_2	NC_003277.2_plasmid_pSLT	85.507	69	9	1	90560	90627	83950	84018	5.43e-11	71.3
SBV016_contig_1	SBV005_contig_2	99.957	93733	3	3	1	93727	1	93702	0.0	1.728e+05
SBV016_contig_1	SBV005_contig_2	94.737	209	11	0	51314	51522	47097	46889	1.05e-87	326
SBV016_contig_1	SBV005_contig_2	94.737	209	11	0	46895	47103	51516	51308	1.05e-87	326
SBV016_contig_1	SBV005_contig_2	95.897	195	8	0	12173	12367	10548	10354	6.32e-85	316
SBV016_contig_1	SBV005_contig_2	96.354	192	7	0	10369	10560	12352	12161	6.32e-85	316
SBV016_contig_1	SBV046_contig_6	99.942	93733	4	4	1	93727	1	93689	0.0	1.727e+05
SBV016_contig_1	SBV046_contig_6	94.737	209	11	0	51314	51522	47097	46889	1.05e-87	326
SBV016_contig_1	SBV046_contig_6	94.737	209	11	0	46895	47103	51516	51308	1.05e-87	326
SBV016_contig_1	SBV046_contig_6	95.897	195	8	0	12173	12367	10548	10354	6.32e-85	316
SBV016_contig_1	SBV046_contig_6	96.354	192	7	0	10369	10560	12352	12161	6.32e-85	316
SBV016_contig_1	SBV156_contig_6	99.938	93733	4	4	1	93727	1	93685	0.0	1.727e+05
SBV016_contig_1	SBV156_contig_6	94.737	209	11	0	51314	51522	47070	46862	1.05e-87	326
SBV016_contig_1	SBV156_contig_6	94.737	209	11	0	46895	47103	51489	51281	1.05e-87	326
SBV016_contig_1	SBV156_contig_6	95.897	195	8	0	12173	12367	10548	10354	6.32e-85	316
SBV016_contig_1	SBV156_contig_6	96.354	192	7	0	10369	10560	12352	12161	6.32e-85	316
SBV016_contig_1	SBV312_contig_6	99.937	93733	4	4	1	93727	1	93684	0.0	1.727e+05
SBV016_contig_1	SBV312_contig_6	94.737	209	11	0	51314	51522	47097	46889	1.05e-87	326
SBV016_contig_1	SBV312_contig_6	94.737	209	11	0	46895	47103	51516	51308	1.05e-87	326
SBV016_contig_1	SBV312_contig_6	95.897	195	8	0	12173	12367	10548	10354	6.32e-85	316
SBV016_contig_1	SBV312_contig_6	96.354	192	7	0	10369	10560	12352	12161	6.32e-85	316
SBV016_contig_1	SBV282_contig_6	99.937	76748	4	3	1	76742	1	76710	0.0	1.414e+05
SBV016_contig_1	SBV282_contig_6	99.941	16959	1	1	76769	93727	76698	93647	0.0	31253
SBV016_contig_1	SBV282_contig_6	94.737	209	11	0	51314	51522	47071	46863	1.05e-87	326
SBV016_contig_1	SBV282_contig_6	94.737	209	11	0	46895	47103	51490	51282	1.05e-87	326
SBV016_contig_1	SBV282_contig_6	95.897	195	8	0	12173	12367	10548	10354	6.32e-85	316
SBV016_contig_1	SBV282_contig_6	96.354	192	7	0	10369	10560	12352	12161	6.32e-85	316
SBV016_contig_1	SBV026_contig_2	99.935	75882	36	3	11276	87144	11373	87254	0.0	1.398e+05
SBV016_contig_1	SBV026_contig_2	99.814	11277	3	1	1	11277	1	11259	0.0	20692
SBV016_contig_1	SBV026_contig_2	99.558	6557	2	1	87171	93727	87250	93779	0.0	11923
SBV016_contig_1	SBV026_contig_2	94.737	209	11	0	51314	51522	47213	47005	1.05e-87	326
SBV016_contig_1	SBV026_contig_2	94.737	209	11	0	46895	47103	51632	51424	1.05e-87	326
SBV016_contig_1	SBV026_contig_2	93.981	216	7	2	12173	12382	10542	10327	1.36e-86	322
SBV016_contig_1	SBV026_contig_2	96.354	192	7	0	10369	10560	12461	12270	6.32e-85	316
SBV016_contig_1	SBV348_contig_5	99.973	66316	3	2	27418	93727	27541	93847	0.0	1.223e+05
SBV016_contig_1	SBV348_contig_5	99.951	26551	1	1	1	26551	1	26539	0.0	48948
SBV016_contig_1	SBV348_contig_5	94.737	209	11	0	51314	51522	47232	47024	1.05e-87	326
SBV016_contig_1	SBV348_contig_5	94.737	209	11	0	46895	47103	51651	51443	1.05e-87	326
SBV016_contig_1	SBV348_contig_5	95.897	195	8	0	12173	12367	10548	10354	6.32e-85	316
SBV016_contig_1	SBV348_contig_5	96.354	192	7	0	10369	10560	12352	12161	6.32e-85	316
SBV016_contig_1	SBV344_contig_3	99.968	66061	3	2	1	66055	1	66049	0.0	1.219e+05
SBV016_contig_1	SBV344_contig_3	99.962	26510	1	1	67218	93727	66048	92548	0.0	48891
SBV016_contig_1	SBV344_contig_3	94.737	209	11	0	51314	51522	47097	46889	1.05e-87	326
SBV016_contig_1	SBV344_contig_3	94.737	209	11	0	46895	47103	51516	51308	1.05e-87	326
SBV016_contig_1	SBV344_contig_3	95.897	195	8	0	12173	12367	10548	10354	6.32e-85	316
SBV016_contig_1	SBV344_contig_3	96.354	192	7	0	10369	10560	12352	12161	6.32e-85	316
SBV016_contig_1	SBV112_contig_7	99.970	66055	4	3	27680	93727	27318	93363	0.0	1.219e+05
SBV016_contig_1	SBV112_contig_7	99.952	27338	1	1	1	27338	1	27326	0.0	50401
SBV016_contig_1	SBV112_contig_7	94.737	209	11	0	51314	51522	46748	46540	1.05e-87	326
SBV016_contig_1	SBV112_contig_7	94.737	209	11	0	46895	47103	51167	50959	1.05e-87	326
SBV016_contig_1	SBV112_contig_7	95.897	195	8	0	12173	12367	10548	10354	6.32e-85	316
SBV016_contig_1	SBV112_contig_7	96.354	192	7	0	10369	10560	12352	12161	6.32e-85	316
SBV016_contig_1	SBV154_contig_5	99.968	62846	2	2	1	62840	1	62834	0.0	1.159e+05
SBV016_contig_1	SBV154_contig_5	99.963	30094	2	1	63634	93727	62835	92919	0.0	55504
SBV016_contig_1	SBV154_contig_5	94.737	209	11	0	51314	51522	47097	46889	1.05e-87	326
SBV016_contig_1	SBV154_contig_5	94.737	209	11	0	46895	47103	51516	51308	1.05e-87	326
SBV016_contig_1	SBV154_contig_5	95.897	195	8	0	12173	12367	10548	10354	6.32e-85	316
SBV016_contig_1	SBV154_contig_5	96.354	192	7	0	10369	10560	12352	12161	6.32e-85	316
SBV016_contig_1	SBV215_contig_2	99.874	61195	40	12	32553	93727	25643	86820	0.0	1.125e+05
SBV016_contig_1	SBV215_contig_2	99.761	11277	3	1	1	11277	1	11253	0.0	20654
SBV016_contig_1	SBV215_contig_2	98.507	9581	141	2	16312	25891	16032	25611	0.0	16899
SBV016_contig_1	SBV215_contig_2	100.000	1920	0	0	11276	13195	11367	13286	0.0	3546
SBV016_contig_1	SBV215_contig_2	99.221	899	7	0	13853	14751	13326	14224	0.0	1622
SBV016_contig_1	SBV215_contig_2	99.301	572	4	0	13244	13815	14234	14805	0.0	1035
SBV016_contig_1	SBV215_contig_2	96.190	210	8	0	12173	12382	10536	10327	2.90e-93	344
SBV016_contig_1	SBV215_contig_2	94.737	209	11	0	51314	51522	40198	39990	1.05e-87	326
SBV016_contig_1	SBV215_contig_2	94.737	209	11	0	46895	47103	44617	44409	1.05e-87	326
SBV016_contig_1	SBV215_contig_2	96.354	192	7	0	10369	10560	12455	12264	6.32e-85	316
SBV016_contig_1	SBV261_contig_18	99.970	59460	3	2	34274	93727	34201	93651	0.0	1.097e+05
SBV016_contig_1	SBV261_contig_18	99.956	34221	2	2	1	34220	1	34209	0.0	63099
SBV016_contig_1	SBV261_contig_18	94.737	209	11	0	51314	51522	47036	46828	1.05e-87	326
SBV016_contig_1	SBV261_contig_18	94.737	209	11	0	46895	47103	51455	51247	1.05e-87	326
SBV016_contig_1	SBV261_contig_18	95.897	195	8	0	12173	12367	10548	10354	6.32e-85	316
SBV016_contig_1	SBV261_contig_18	96.354	192	7	0	10369	10560	12352	12161	6.32e-85	316
SBV016_contig_1	SBV196_contig_6	99.965	59355	2	3	1	59348	1	59343	0.0	1.095e+05
SBV016_contig_1	SBV196_contig_6	99.968	34074	2	1	59654	93727	59338	93402	0.0	62853
SBV016_contig_1	SBV196_contig_6	94.737	209	11	0	51314	51522	47097	46889	1.05e-87	326
SBV016_contig_1	SBV196_contig_6	94.737	209	11	0	46895	47103	51516	51308	1.05e-87	326
SBV016_contig_1	SBV196_contig_6	95.897	195	8	0	12173	12367	10548	10354	6.32e-85	316
SBV016_contig_1	SBV196_contig_6	96.354	192	7	0	10369	10560	12352	12161	6.32e-85	316
SBV016_contig_1	SBV140_contig_7	99.963	51712	1	2	1	51706	1	51700	0.0	95373
SBV016_contig_1	SBV140_contig_7	99.971	41364	3	1	52364	93727	51701	93055	0.0	76310
SBV016_contig_1	SBV140_contig_7	94.737	209	11	0	51314	51522	47097	46889	1.05e-87	326
SBV016_contig_1	SBV140_contig_7	94.737	209	11	0	46895	47103	51516	51308	1.05e-87	326
SBV016_contig_1	SBV140_contig_7	95.897	195	8	0	12173	12367	10548	10354	6.32e-85	316
SBV016_contig_1	SBV140_contig_7	96.354	192	7	0	10369	10560	12352	12161	6.32e-85	316
SBV016_contig_1	SBV011_contig_2	99.982	50807	3	1	1	50801	1	50807	0.0	93768
SBV016_contig_1	SBV011_contig_2	99.953	42915	2	1	50831	93727	50806	93720	0.0	79122
SBV016_contig_1	SBV011_contig_2	94.737	209	11	0	51314	51522	47109	46901	1.05e-87	326
SBV016_contig_1	SBV011_contig_2	94.737	209	11	0	46895	47103	51497	51289	1.05e-87	326
SBV016_contig_1	SBV011_contig_2	95.897	195	8	0	12173	12367	10560	10366	6.32e-85	316
SBV016_contig_1	SBV011_contig_2	96.354	192	7	0	10369	10560	12364	12173	6.32e-85	316
SBV016_contig_1	SBV180_contig_6	99.973	48964	1	2	1	48958	1	48958	0.0	90337
SBV016_contig_1	SBV180_contig_6	99.973	44324	3	1	49404	93727	48959	93273	0.0	81776
SBV016_contig_1	SBV180_contig_6	94.737	209	11	0	51314	51522	47103	46895	1.05e-87	326
SBV016_contig_1	SBV180_contig_6	94.737	209	11	0	46895	47103	51077	50869	1.05e-87	326
SBV016_contig_1	SBV180_contig_6	95.897	195	8	0	12173	12367	10554	10360	6.32e-85	316
SBV016_contig_1	SBV180_contig_6	96.354	192	7	0	10369	10560	12358	12167	6.32e-85	316
SBV016_contig_1	NC_003277.2_plasmid_pSLT	99.575	28468	96	16	32553	61007	19623	48078	0.0	51877
SBV016_contig_1	NC_003277.2_plasmid_pSLT	98.214	16295	266	8	62862	79134	57828	74119	0.0	28456
SBV016_contig_1	NC_003277.2_plasmid_pSLT	97.736	6669	126	11	1	6655	87276	93933	0.0	11455
SBV016_contig_1	NC_003277.2_plasmid_pSLT	94.382	6141	289	30	16314	22423	9677	15792	0.0	9378
SBV016_contig_1	NC_003277.2_plasmid_pSLT	97.521	4639	72	13	6656	11277	1	4613	0.0	7890
SBV016_contig_1	NC_003277.2_plasmid_pSLT	92.627	5100	356	20	83538	88627	77566	82655	0.0	7317
SBV016_contig_1	NC_003277.2_plasmid_pSLT	97.332	3186	85	0	22706	25891	16406	19591	0.0	5413
SBV016_contig_1	NC_003277.2_plasmid_pSLT	97.095	3029	65	8	90720	93727	84249	87275	0.0	5084
SBV016_contig_1	NC_003277.2_plasmid_pSLT	99.469	1882	9	1	60977	62858	55536	57416	0.0	3419
SBV016_contig_1	NC_003277.2_plasmid_pSLT	97.710	1921	43	1	11276	13195	4727	6647	0.0	3302
SBV016_contig_1	NC_003277.2_plasmid_pSLT	93.241	1805	119	1	79609	81410	74642	76446	0.0	2654
SBV016_contig_1	NC_003277.2_plasmid_pSLT	94.206	1001	55	3	81883	82881	76431	77430	0.0	1524
SBV016_contig_1	NC_003277.2_plasmid_pSLT	94.007	901	48	6	13853	14751	6687	7583	0.0	1360
SBV016_contig_1	NC_003277.2_plasmid_pSLT	93.251	726	49	0	89044	89769	83208	83933	0.0	1070
SBV016_contig_1	NC_003277.2_plasmid_pSLT	93.440	564	36	1	13241	13804	7590	8152	0.0	835
SBV016_contig_1	NC_003277.2_plasmid_pSLT	95.238	210	10	0	12173	12382	3884	3675	6.27e-90	333
SBV016_contig_1	NC_003277.2_plasmid_pSLT	94.737	209	11	0	51314	51522	34178	33970	1.05e-87	326
SBV016_contig_1	NC_003277.2_plasmid_pSLT	94.737	209	11	0	46895	47103	38597	38389	1.05e-87	326
SBV016_contig_1	NC_003277.2_plasmid_pSLT	95.833	192	8	0	10369	10560	5816	5625	2.94e-83	311
SBV016_contig_1	NC_003277.2_plasmid_pSLT	90.698	129	7	5	22451	22576	15933	16059	6.73e-40	167
SBV016_contig_1	NC_003277.2_plasmid_pSLT	93.421	76	5	0	22577	22652	16345	16420	8.89e-24	113
SBV016_contig_1	NC_003277.2_plasmid_pSLT	93.506	77	4	1	90642	90718	84048	84123	8.89e-24	113
SBV016_contig_1	NC_003277.2_plasmid_pSLT	85.507	69	9	1	90585	90652	83950	84018	5.43e-11	71.3
SBV026_contig_2	SBV016_contig_1	99.935	75882	36	3	11373	87254	11276	87144	0.0	1.398e+05
SBV026_contig_2	SBV016_contig_1	99.814	11277	3	1	1	11259	1	11277	0.0	20692
SBV026_contig_2	SBV016_contig_1	99.558	6557	2	1	87250	93779	87171	93727	0.0	11923
SBV026_contig_2	SBV016_contig_1	94.737	209	11	0	51424	51632	47103	46895	1.05e-87	326
SBV026_contig_2	SBV016_contig_1	94.737	209	11	0	47005	47213	51522	51314	1.05e-87	326
SBV026_contig_2	SBV016_contig_1	93.981	216	7	2	10327	10542	12382	12173	1.36e-86	322
SBV026_contig_2	SBV016_contig_1	95.897	195	8	0	12270	12464	10560	10366	6.32e-85	316
SBV026_contig_2	SBV005_contig_2	99.921	75882	34	3	11373	87254	11264	87119	0.0	1.398e+05
SBV026_contig_2	SBV005_contig_2	99.929	11265	2	1	1	11259	1	11265	0.0	20753
SBV026_contig_2	SBV005_contig_2	99.558	6557	2	1	87250	93779	87146	93702	0.0	11923
SBV026_contig_2	SBV005_contig_2	94.737	209	11	0	51424	51632	47097	46889	1.05e-87	326
SBV026_contig_2	SBV005_contig_2	94.737	209	11	0	47005	47213	51516	51308	1.05e-87	326
SBV026_contig_2	SBV005_contig_2	93.981	216	7	2	10327	10542	12370	12161	1.36e-86	322
SBV026_contig_2	SBV005_contig_2	95.897	195	8	0	12270	12464	10548	10354	6.32e-85	316
SBV026_contig_2	SBV046_contig_6	99.916	75882	34	3	11373	87254	11264	87115	0.0	1.397e+05
SBV026_contig_2	SBV046_contig_6	99.929	11265	2	1	1	11259	1	11265	0.0	20753
SBV026_contig_2	SBV046_contig_6	99.695	6548	2	1	87250	93779	87142	93689	0.0	11965
SBV026_contig_2	SBV046_contig_6	94.737	209	11	0	51424	51632	47097	46889	1.05e-87	326
SBV026_contig_2	SBV046_contig_6	94.737	209	11	0	47005	47213	51516	51308	1.05e-87	326
SBV026_contig_2	SBV046_contig_6	93.981	216	7	2	10327	10542	12370	12161	1.36e-86	322
SBV026_contig_2	SBV046_contig_6	95.897	195	8	0	12270	12464	10548	10354	6.32e-85	316
SBV026_contig_2	SBV156_contig_6	99.909	75882	35	3	11373	87254	11264	87111	0.0	1.397e+05
SBV026_contig_2	SBV156_contig_6	99.929	11265	2	1	1	11259	1	11265	0.0	20753
SBV026_contig_2	SBV156_contig_6	99.695	6548	2	1	87250	93779	87138	93685	0.0	11965
SBV026_contig_2	SBV156_contig_6	94.737	209	11	0	51424	51632	47070	46862	1.05e-87	326
SBV026_contig_2	SBV156_contig_6	94.737	209	11	0	47005	47213	51489	51281	1.05e-87	326
SBV026_contig_2	SBV156_contig_6	93.981	216	7	2	10327	10542	12370	12161	1.36e-86	322
SBV026_contig_2	SBV156_contig_6	95.897	195	8	0	12270	12464	10548	10354	6.32e-85	316
SBV026_contig_2	SBV312_contig_6	99.908	75882	35	3	11373	87254	11264	87110	0.0	1.397e+05
SBV026_contig_2	SBV312_contig_6	99.929	11265	2	1	1	11259	1	11265	0.0	20753
SBV026_contig_2	SBV312_contig_6	99.695	6548	2	1	87250	93779	87137	93684	0.0	11965
SBV026_contig_2	SBV312_contig_6	94.737	209	11	0	51424	51632	47097	46889	1.05e-87	326
SBV026_contig_2	SBV312_contig_6	94.737	209	11	0	47005	47213	51516	51308	1.05e-87	326
SBV026_contig_2	SBV312_contig_6	93.981	216	7	2	10327	10542	12370	12161	1.36e-86	322
SBV026_contig_2	SBV312_contig_6	95.897	195	8	0	12270	12464	10548	10354	6.32e-85	316
SBV026_contig_2	SBV282_contig_6	99.901	65480	32	3	11373	76852	11264	76710	0.0	1.205e+05
SBV026_contig_2	SBV282_contig_6	99.929	11265	2	1	1	11259	1	11265	0.0	20753
SBV026_contig_2	SBV282_contig_6	99.961	10376	4	0	76879	87254	76698	87073	0.0	19139
SBV026_contig_2	SBV282_contig_6	99.695	6548	2	1	87250	93779	87100	93647	0.0	11965
SBV026_contig_2	SBV282_contig_6	94.737	209	11	0	51424	51632	47071	46863	1.05e-87	326
SBV026_contig_2	SBV282_contig_6	94.737	209	11	0	47005	47213	51490	51282	1.05e-87	326
SBV026_contig_2	SBV282_contig_6	93.981	216	7	2	10327	10542	12370	12161	1.36e-86	322
SBV026_contig_2	SBV282_contig_6	95.897	195	8	0	12270	12464	10548	10354	6.32e-85	316
SBV026_contig_2	SBV348_contig_5	99.955	59733	27	0	27522	87254	27541	87273	0.0	1.102e+05
SBV026_contig_2	SBV348_contig_5	99.902	15283	8	2	11373	26655	11264	26539	0.0	28132
SBV026_contig_2	SBV348_contig_5	99.929	11265	2	1	1	11259	1	11265	0.0	20753
SBV026_contig_2	SBV348_contig_5	99.695	6548	2	1	87250	93779	87300	93847	0.0	11965
SBV026_contig_2	SBV348_contig_5	94.737	209	11	0	51424	51632	47232	47024	1.05e-87	326
SBV026_contig_2	SBV348_contig_5	94.737	209	11	0	47005	47213	51651	51443	1.05e-87	326
SBV026_contig_2	SBV348_contig_5	93.981	216	7	2	10327	10542	12370	12161	1.36e-86	322
SBV026_contig_2	SBV348_contig_5	95.897	195	8	0	12270	12464	10548	10354	6.32e-85	316
SBV026_contig_2	SBV112_contig_7	99.951	59472	28	1	27784	87254	27318	86789	0.0	1.097e+05
SBV026_contig_2	SBV112_contig_7	99.907	16070	8	2	11373	27442	11264	27326	0.0	29586
SBV026_contig_2	SBV112_contig_7	99.929	11265	2	1	1	11259	1	11265	0.0	20753
SBV026_contig_2	SBV112_contig_7	99.695	6548	2	1	87250	93779	86816	93363	0.0	11965
SBV026_contig_2	SBV112_contig_7	94.737	209	11	0	51424	51632	46748	46540	1.05e-87	326
SBV026_contig_2	SBV112_contig_7	94.737	209	11	0	47005	47213	51167	50959	1.05e-87	326
SBV026_contig_2	SBV112_contig_7	93.981	216	7	2	10327	10542	12370	12161	1.36e-86	322
SBV026_contig_2	SBV112_contig_7	95.897	195	8	0	12270	12464	10548	10354	6.32e-85	316
SBV026_contig_2	SBV344_contig_3	99.929	54793	32	2	11373	66165	11264	66049	0.0	1.010e+05
SBV026_contig_2	SBV344_contig_3	99.985	19927	3	0	67328	87254	66048	85974	0.0	36782
SBV026_contig_2	SBV344_contig_3	99.929	11265	2	1	1	11259	1	11265	0.0	20753
SBV026_contig_2	SBV344_contig_3	99.695	6548	2	1	87250	93779	86001	92548	0.0	11965
SBV026_contig_2	SBV344_contig_3	94.737	209	11	0	51424	51632	47097	46889	1.05e-87	326
SBV026_contig_2	SBV344_contig_3	94.737	209	11	0	47005	47213	51516	51308	1.05e-87	326
SBV026_contig_2	SBV344_contig_3	93.981	216	7	2	10327	10542	12370	12161	1.36e-86	322
SBV026_contig_2	SBV344_contig_3	95.897	195	8	0	12270	12464	10548	10354	6.32e-85	316
SBV026_contig_2	SBV215_contig_2	99.892	54602	38	9	32657	87254	25643	80227	0.0	1.005e+05
SBV026_contig_2	SBV215_contig_2	99.940	13284	2	1	1	13284	1	13278	0.0	24482
SBV026_contig_2	SBV215_contig_2	98.497	9582	141	3	16415	25995	16032	25611	0.0	16894
SBV026_contig_2	SBV215_contig_2	99.982	5527	0	1	87250	92775	80254	85780	0.0	10200
SBV026_contig_2	SBV215_contig_2	100.000	1056	0	0	92724	93779	85765	86820	0.0	1951
SBV026_contig_2	SBV215_contig_2	99.221	899	7	0	13956	14854	13326	14224	0.0	1622
SBV026_contig_2	SBV215_contig_2	99.301	572	4	0	13347	13918	14234	14805	0.0	1035
SBV026_contig_2	SBV215_contig_2	96.190	210	8	0	12270	12479	10536	10327	2.90e-93	344
SBV026_contig_2	SBV215_contig_2	94.737	209	11	0	51424	51632	40198	39990	1.05e-87	326
SBV026_contig_2	SBV215_contig_2	94.737	209	11	0	47005	47213	44617	44409	1.05e-87	326
SBV026_contig_2	SBV215_contig_2	93.981	216	7	2	10327	10542	12473	12264	1.36e-86	322
SBV026_contig_2	SBV261_contig_18	99.957	52877	23	0	34378	87254	34201	87077	0.0	97518
SBV026_contig_2	SBV261_contig_18	99.909	22953	13	3	11373	34324	11264	34209	0.0	42263
SBV026_contig_2	SBV261_contig_18	99.929	11265	2	1	1	11259	1	11265	0.0	20753
SBV026_contig_2	SBV261_contig_18	99.695	6548	2	1	87250	93779	87104	93651	0.0	11965
SBV026_contig_2	SBV261_contig_18	94.737	209	11	0	51424	51632	47036	46828	1.05e-87	326
SBV026_contig_2	SBV261_contig_18	94.737	209	11	0	47005	47213	51455	51247	1.05e-87	326
SBV026_contig_2	SBV261_contig_18	93.981	216	7	2	10327	10542	12370	12161	1.36e-86	322
SBV026_contig_2	SBV261_contig_18	95.897	195	8	0	12270	12464	10548	10354	6.32e-85	316
SBV026_contig_2	SBV154_contig_5	99.932	51578	28	2	11373	62950	11264	62834	0.0	95046
SBV026_contig_2	SBV154_contig_5	99.970	23511	7	0	63744	87254	62835	86345	0.0	43378
SBV026_contig_2	SBV154_contig_5	99.929	11265	2	1	1	11259	1	11265	0.0	20753
SBV026_contig_2	SBV154_contig_5	99.695	6548	2	1	87250	93779	86372	92919	0.0	11965
SBV026_contig_2	SBV154_contig_5	94.737	209	11	0	51424	51632	47097	46889	1.05e-87	326
SBV026_contig_2	SBV154_contig_5	94.737	209	11	0	47005	47213	51516	51308	1.05e-87	326
SBV026_contig_2	SBV154_contig_5	93.981	216	7	2	10327	10542	12370	12161	1.36e-86	322
SBV026_contig_2	SBV154_contig_5	95.897	195	8	0	12270	12464	10548	10354	6.32e-85	316
SBV026_contig_2	SBV196_contig_6	99.927	48087	27	3	11373	59458	11264	59343	0.0	88599
SBV026_contig_2	SBV196_contig_6	99.971	27491	8	0	59764	87254	59338	86828	0.0	50723
SBV026_contig_2	SBV196_contig_6	99.929	11265	2	1	1	11259	1	11265	0.0	20753
SBV026_contig_2	SBV196_contig_6	99.695	6548	2	1	87250	93779	86855	93402	0.0	11965
SBV026_contig_2	SBV196_contig_6	94.737	209	11	0	51424	51632	47097	46889	1.05e-87	326
SBV026_contig_2	SBV196_contig_6	94.737	209	11	0	47005	47213	51516	51308	1.05e-87	326
SBV026_contig_2	SBV196_contig_6	93.981	216	7	2	10327	10542	12370	12161	1.36e-86	322
SBV026_contig_2	SBV196_contig_6	95.897	195	8	0	12270	12464	10548	10354	6.32e-85	316
SBV026_contig_2	SBV140_contig_7	99.926	40444	23	2	11373	51816	11264	51700	0.0	74513
SBV026_contig_2	SBV140_contig_7	99.968	34781	11	0	52474	87254	51701	86481	0.0	64168
SBV026_contig_2	SBV140_contig_7	99.929	11265	2	1	1	11259	1	11265	0.0	20753
SBV026_contig_2	SBV140_contig_7	99.695	6548	2	1	87250	93779	86508	93055	0.0	11965
SBV026_contig_2	SBV140_contig_7	94.737	209	11	0	51424	51632	47097	46889	1.05e-87	326
SBV026_contig_2	SBV140_contig_7	94.737	209	11	0	47005	47213	51516	51308	1.05e-87	326
SBV026_contig_2	SBV140_contig_7	93.981	216	7	2	10327	10542	12370	12161	1.36e-86	322
SBV026_contig_2	SBV140_contig_7	95.897	195	8	0	12270	12464	10548	10354	6.32e-85	316
SBV026_contig_2	SBV011_contig_2	99.919	39539	25	2	11373	50911	11276	50807	0.0	72831
SBV026_contig_2	SBV011_contig_2	99.970	36314	11	0	50941	87254	50806	87119	0.0	66999
SBV026_contig_2	SBV011_contig_2	99.823	11277	2	1	1	11259	1	11277	0.0	20698
SBV026_contig_2	SBV011_contig_2	99.964	5526	2	0	87250	92775	87146	92671	0.0	10194
SBV026_contig_2	SBV011_contig_2	100.000	1056	0	0	92724	93779	92665	93720	0.0	1951
SBV026_contig_2	SBV011_contig_2	94.737	209	11	0	51424	51632	47109	46901	1.05e-87	326
SBV026_contig_2	SBV011_contig_2	94.737	209	11	0	47005	47213	51497	51289	1.05e-87	326
SBV026_contig_2	SBV011_contig_2	93.981	216	7	2	10327	10542	12382	12173	1.36e-86	322
SBV026_contig_2	SBV011_contig_2	95.897	195	8	0	12270	12464	10560	10366	6.32e-85	316
SBV026_contig_2	SBV180_contig_6	99.968	37741	12	0	49514	87254	48959	86699	0.0	69629
SBV026_contig_2	SBV180_contig_6	99.920	37696	23	2	11373	49068	11270	48958	0.0	69438
SBV026_contig_2	SBV180_contig_6	99.876	11271	2	1	1	11259	1	11271	0.0	20726
SBV026_contig_2	SBV180_contig_6	99.695	6548	2	1	87250	93779	86726	93273	0.0	11965
SBV026_contig_2	SBV180_contig_6	94.737	209	11	0	51424	51632	47103	46895	1.05e-87	326
SBV026_contig_2	SBV180_contig_6	94.737	209	11	0	47005	47213	51077	50869	1.05e-87	326
SBV026_contig_2	SBV180_contig_6	93.981	216	7	2	10327	10542	12376	12167	1.36e-86	322
SBV026_contig_2	SBV180_contig_6	95.897	195	8	0	12270	12464	10554	10360	6.32e-85	316
SBV026_contig_2	NC_003277.2_plasmid_pSLT	99.596	28468	96	15	32657	61117	19623	48078	0.0	51915
SBV026_contig_2	NC_003277.2_plasmid_pSLT	98.233	16295	263	8	62972	79244	57828	74119	0.0	28472
SBV026_contig_2	NC_003277.2_plasmid_pSLT	97.766	6669	124	11	1	6655	87276	93933	0.0	11466
SBV026_contig_2	NC_003277.2_plasmid_pSLT	97.863	6645	116	8	6656	13282	1	6637	0.0	11461
SBV026_contig_2	NC_003277.2_plasmid_pSLT	94.415	6142	286	31	16417	22527	9677	15792	0.0	9389
SBV026_contig_2	NC_003277.2_plasmid_pSLT	94.093	3606	209	4	83648	87251	77566	81169	0.0	5476
SBV026_contig_2	NC_003277.2_plasmid_pSLT	97.332	3186	85	0	22810	25995	16406	19591	0.0	5413
SBV026_contig_2	NC_003277.2_plasmid_pSLT	99.522	1882	8	1	61087	62968	55536	57416	0.0	3424
SBV026_contig_2	NC_003277.2_plasmid_pSLT	97.778	1980	39	5	90799	92775	84249	86226	0.0	3408
SBV026_contig_2	NC_003277.2_plasmid_pSLT	93.241	1805	119	1	79719	81520	74642	76446	0.0	2654
SBV026_contig_2	NC_003277.2_plasmid_pSLT	89.200	1463	146	11	87250	88706	81199	82655	0.0	1816
SBV026_contig_2	NC_003277.2_plasmid_pSLT	97.538	1056	26	0	92724	93779	86220	87275	0.0	1807
SBV026_contig_2	NC_003277.2_plasmid_pSLT	94.206	1001	55	3	81993	82991	76431	77430	0.0	1524
SBV026_contig_2	NC_003277.2_plasmid_pSLT	94.007	901	48	6	13956	14854	6687	7583	0.0	1360
SBV026_contig_2	NC_003277.2_plasmid_pSLT	93.251	726	49	0	89123	89848	83208	83933	0.0	1070
SBV026_contig_2	NC_003277.2_plasmid_pSLT	93.440	564	36	1	13344	13907	7590	8152	0.0	835
SBV026_contig_2	NC_003277.2_plasmid_pSLT	95.238	210	10	0	12270	12479	3884	3675	6.27e-90	333
SBV026_contig_2	NC_003277.2_plasmid_pSLT	94.737	209	11	0	51424	51632	34178	33970	1.05e-87	326
SBV026_contig_2	NC_003277.2_plasmid_pSLT	94.737	209	11	0	47005	47213	38597	38389	1.05e-87	326
SBV026_contig_2	NC_003277.2_plasmid_pSLT	93.519	216	8	2	10327	10542	5834	5625	6.32e-85	316
SBV026_contig_2	NC_003277.2_plasmid_pSLT	90.698	129	7	5	22555	22680	15933	16059	6.73e-40	167
SBV026_contig_2	NC_003277.2_plasmid_pSLT	93.421	76	5	0	22681	22756	16345	16420	8.90e-24	113
SBV026_contig_2	NC_003277.2_plasmid_pSLT	93.506	77	4	1	90721	90797	84048	84123	8.90e-24	113
SBV026_contig_2	NC_003277.2_plasmid_pSLT	85.507	69	9	1	90664	90731	83950	84018	5.43e-11	71.3
SBV046_contig_6	SBV016_contig_1	99.942	93733	4	4	1	93689	1	93727	0.0	1.727e+05
SBV046_contig_6	SBV016_contig_1	94.737	209	11	0	51308	51516	47103	46895	1.05e-87	326
SBV046_contig_6	SBV016_contig_1	94.737	209	11	0	46889	47097	51522	51314	1.05e-87	326
SBV046_contig_6	SBV016_contig_1	95.897	195	8	0	12161	12355	10560	10366	6.31e-85	316
SBV046_contig_6	SBV016_contig_1	96.354	192	7	0	10357	10548	12364	12173	6.31e-85	316
SBV046_contig_6	SBV005_contig_2	99.945	93721	1	3	1	93689	1	93702	0.0	1.727e+05
SBV046_contig_6	SBV005_contig_2	94.737	209	11	0	51308	51516	47097	46889	1.05e-87	326
SBV046_contig_6	SBV005_contig_2	94.737	209	11	0	46889	47097	51516	51308	1.05e-87	326
SBV046_contig_6	SBV005_contig_2	95.897	195	8	0	12161	12355	10548	10354	6.31e-85	316
SBV046_contig_6	SBV005_contig_2	96.354	192	7	0	10357	10548	12352	12161	6.31e-85	316
SBV046_contig_6	SBV156_contig_6	99.947	93712	0	2	1	93689	1	93685	0.0	1.727e+05
SBV046_contig_6	SBV156_contig_6	94.737	209	11	0	51308	51516	47070	46862	1.05e-87	326
SBV046_contig_6	SBV156_contig_6	94.737	209	11	0	46889	47097	51489	51281	1.05e-87	326
SBV046_contig_6	SBV156_contig_6	95.897	195	8	0	12161	12355	10548	10354	6.31e-85	316
SBV046_contig_6	SBV156_contig_6	96.354	192	7	0	10357	10548	12352	12161	6.31e-85	316
SBV046_contig_6	SBV312_contig_6	99.946	93712	0	2	1	93689	1	93684	0.0	1.727e+05
SBV046_contig_6	SBV312_contig_6	94.737	209	11	0	51308	51516	47097	46889	1.05e-87	326
SBV046_contig_6	SBV312_contig_6	94.737	209	11	0	46889	47097	51516	51308	1.05e-87	326
SBV046_contig_6	SBV312_contig_6	95.897	195	8	0	12161	12355	10548	10354	6.31e-85	316
SBV046_contig_6	SBV312_contig_6	96.354	192	7	0	10357	10548	12352	12161	6.31e-85	316
SBV046_contig_6	SBV282_contig_6	99.936	76736	0	2	1	76713	1	76710	0.0	1.414e+05
SBV046_contig_6	SBV282_contig_6	99.994	16950	1	0	76740	93689	76698	93647	0.0	31296
SBV046_contig_6	SBV282_contig_6	94.737	209	11	0	51308	51516	47071	46863	1.05e-87	326
SBV046_contig_6	SBV282_contig_6	94.737	209	11	0	46889	47097	51490	51282	1.05e-87	326
SBV046_contig_6	SBV282_contig_6	95.897	195	8	0	12161	12355	10548	10354	6.31e-85	316
SBV046_contig_6	SBV282_contig_6	96.354	192	7	0	10357	10548	12352	12161	6.31e-85	316
SBV046_contig_6	SBV026_contig_2	99.916	75882	34	3	11264	87115	11373	87254	0.0	1.397e+05
SBV046_contig_6	SBV026_contig_2	99.929	11265	2	1	1	11265	1	11259	0.0	20753
SBV046_contig_6	SBV026_contig_2	99.695	6548	2	1	87142	93689	87250	93779	0.0	11965
SBV046_contig_6	SBV026_contig_2	94.737	209	11	0	51308	51516	47213	47005	1.05e-87	326
SBV046_contig_6	SBV026_contig_2	94.737	209	11	0	46889	47097	51632	51424	1.05e-87	326
SBV046_contig_6	SBV026_contig_2	93.981	216	7	2	12161	12370	10542	10327	1.36e-86	322
SBV046_contig_6	SBV026_contig_2	96.354	192	7	0	10357	10548	12461	12270	6.31e-85	316
SBV046_contig_6	SBV348_contig_5	99.965	66307	0	1	27406	93689	27541	93847	0.0	1.223e+05
SBV046_contig_6	SBV348_contig_5	100.000	26539	0	0	1	26539	1	26539	0.0	49009
SBV046_contig_6	SBV348_contig_5	94.737	209	11	0	51308	51516	47232	47024	1.05e-87	326
SBV046_contig_6	SBV348_contig_5	94.737	209	11	0	46889	47097	51651	51443	1.05e-87	326
SBV046_contig_6	SBV348_contig_5	95.897	195	8	0	12161	12355	10548	10354	6.31e-85	316
SBV046_contig_6	SBV348_contig_5	96.354	192	7	0	10357	10548	12352	12161	6.31e-85	316
SBV046_contig_6	SBV344_contig_3	99.965	66049	0	1	1	66026	1	66049	0.0	1.218e+05
SBV046_contig_6	SBV344_contig_3	100.000	26501	0	0	67189	93689	66048	92548	0.0	48939
SBV046_contig_6	SBV344_contig_3	94.737	209	11	0	51308	51516	47097	46889	1.05e-87	326
SBV046_contig_6	SBV344_contig_3	94.737	209	11	0	46889	47097	51516	51308	1.05e-87	326
SBV046_contig_6	SBV344_contig_3	95.897	195	8	0	12161	12355	10548	10354	6.31e-85	316
SBV046_contig_6	SBV344_contig_3	96.354	192	7	0	10357	10548	12352	12161	6.31e-85	316
SBV046_contig_6	SBV112_contig_7	99.962	66046	1	2	27668	93689	27318	93363	0.0	1.218e+05
SBV046_contig_6	SBV112_contig_7	100.000	27326	0	0	1	27326	1	27326	0.0	50462
SBV046_contig_6	SBV112_contig_7	94.737	209	11	0	51308	51516	46748	46540	1.05e-87	326
SBV046_contig_6	SBV112_contig_7	94.737	209	11	0	46889	47097	51167	50959	1.05e-87	326
SBV046_contig_6	SBV112_contig_7	95.897	195	8	0	12161	12355	10548	10354	6.31e-85	316
SBV046_contig_6	SBV112_contig_7	96.354	192	7	0	10357	10548	12352	12161	6.31e-85	316
SBV046_contig_6	SBV154_contig_5	99.963	62834	0	1	1	62811	1	62834	0.0	1.159e+05
SBV046_contig_6	SBV154_contig_5	100.000	30085	0	0	63605	93689	62835	92919	0.0	55557
SBV046_contig_6	SBV154_contig_5	94.737	209	11	0	51308	51516	47097	46889	1.05e-87	326
SBV046_contig_6	SBV154_contig_5	94.737	209	11	0	46889	47097	51516	51308	1.05e-87	326
SBV046_contig_6	SBV154_contig_5	95.897	195	8	0	12161	12355	10548	10354	6.31e-85	316
SBV046_contig_6	SBV154_contig_5	96.354	192	7	0	10357	10548	12352	12161	6.31e-85	316
SBV046_contig_6	SBV215_contig_2	99.835	61195	38	12	32541	93689	25643	86820	0.0	1.124e+05
SBV046_contig_6	SBV215_contig_2	99.876	11265	2	1	1	11265	1	11253	0.0	20714
SBV046_contig_6	SBV215_contig_2	98.507	9581	141	2	16300	25879	16032	25611	0.0	16899
SBV046_contig_6	SBV215_contig_2	100.000	1920	0	0	11264	13183	11367	13286	0.0	3546
SBV046_contig_6	SBV215_contig_2	99.221	899	7	0	13841	14739	13326	14224	0.0	1622
SBV046_contig_6	SBV215_contig_2	99.301	572	4	0	13232	13803	14234	14805	0.0	1035
SBV046_contig_6	SBV215_contig_2	96.190	210	8	0	12161	12370	10536	10327	2.90e-93	344
SBV046_contig_6	SBV215_contig_2	94.737	209	11	0	51308	51516	40198	39990	1.05e-87	326
SBV046_contig_6	SBV215_contig_2	94.737	209	11	0	46889	47097	44617	44409	1.05e-87	326
SBV046_contig_6	SBV215_contig_2	96.354	192	7	0	10357	10548	12455	12264	6.31e-85	316
SBV046_contig_6	SBV261_contig_18	99.961	59451	0	1	34262	93689	34201	93651	0.0	1.096e+05
SBV046_contig_6	SBV261_contig_18	99.994	34209	1	1	1	34208	1	34209	0.0	63160
SBV046_contig_6	SBV261_contig_18	94.737	209	11	0	51308	51516	47036	46828	1.05e-87	326
SBV046_contig_6	SBV261_contig_18	94.737	209	11	0	46889	47097	51455	51247	1.05e-87	326
SBV046_contig_6	SBV261_contig_18	95.897	195	8	0	12161	12355	10548	10354	6.31e-85	316
SBV046_contig_6	SBV261_contig_18	96.354	192	7	0	10357	10548	12352	12161	6.31e-85	316
SBV046_contig_6	SBV196_contig_6	99.960	59343	0	2	1	59319	1	59343	0.0	1.094e+05
SBV046_contig_6	SBV196_contig_6	100.000	34065	0	0	59625	93689	59338	93402	0.0	62907
SBV046_contig_6	SBV196_contig_6	94.737	209	11	0	51308	51516	47097	46889	1.05e-87	326
SBV046_contig_6	SBV196_contig_6	94.737	209	11	0	46889	47097	51516	51308	1.05e-87	326
SBV046_contig_6	SBV196_contig_6	95.897	195	8	0	12161	12355	10548	10354	6.31e-85	316
SBV046_contig_6	SBV196_contig_6	96.354	192	7	0	10357	10548	12352	12161	6.31e-85	316
SBV046_contig_6	SBV140_contig_7	100.000	51700	0	0	1	51700	1	51700	0.0	95472
SBV046_contig_6	SBV140_contig_7	100.000	41355	0	0	52335	93689	51701	93055	0.0	76369
SBV046_contig_6	SBV140_contig_7	94.737	209	11	0	51308	51516	47097	46889	1.05e-87	326
SBV046_contig_6	SBV140_contig_7	94.737	209	11	0	46889	47097	51516	51308	1.05e-87	326
SBV046_contig_6	SBV140_contig_7	95.897	195	8	0	12161	12355	10548	10354	6.31e-85	316
SBV046_contig_6	SBV140_contig_7	96.354	192	7	0	10357	10548	12352	12161	6.31e-85	316
SBV046_contig_6	SBV011_contig_2	99.972	50807	2	1	1	50795	1	50807	0.0	93735
SBV046_contig_6	SBV011_contig_2	99.881	42915	1	2	50825	93689	50806	93720	0.0	78921
SBV046_contig_6	SBV011_contig_2	94.737	209	11	0	51308	51516	47109	46901	1.05e-87	326
SBV046_contig_6	SBV011_contig_2	94.737	209	11	0	46889	47097	51497	51289	1.05e-87	326
SBV046_contig_6	SBV011_contig_2	95.897	195	8	0	12161	12355	10560	10366	6.31e-85	316
SBV046_contig_6	SBV011_contig_2	96.354	192	7	0	10357	10548	12364	12173	6.31e-85	316
SBV046_contig_6	SBV180_contig_6	99.988	48958	0	1	1	48952	1	48958	0.0	90370
SBV046_contig_6	SBV180_contig_6	99.948	44315	0	1	49398	93689	48959	93273	0.0	81685
SBV046_contig_6	SBV180_contig_6	94.737	209	11	0	51308	51516	47103	46895	1.05e-87	326
SBV046_contig_6	SBV180_contig_6	94.737	209	11	0	46889	47097	51077	50869	1.05e-87	326
SBV046_contig_6	SBV180_contig_6	95.897	195	8	0	12161	12355	10554	10360	6.31e-85	316
SBV046_contig_6	SBV180_contig_6	96.354	192	7	0	10357	10548	12358	12167	6.31e-85	316
SBV046_contig_6	NC_003277.2_plasmid_pSLT	99.515	28468	96	16	32541	60978	19623	48078	0.0	51768
SBV046_contig_6	NC_003277.2_plasmid_pSLT	98.226	16295	264	8	62833	79105	57828	74119	0.0	28467
SBV046_contig_6	NC_003277.2_plasmid_pSLT	97.751	6669	125	11	1	6655	87276	93933	0.0	11461
SBV046_contig_6	NC_003277.2_plasmid_pSLT	94.382	6141	289	30	16302	22411	9677	15792	0.0	9378
SBV046_contig_6	NC_003277.2_plasmid_pSLT	97.774	4627	72	7	6656	11265	1	4613	0.0	7945
SBV046_contig_6	NC_003277.2_plasmid_pSLT	92.627	5100	356	20	83509	88598	77566	82655	0.0	7317
SBV046_contig_6	NC_003277.2_plasmid_pSLT	97.332	3186	85	0	22694	25879	16406	19591	0.0	5413
SBV046_contig_6	NC_003277.2_plasmid_pSLT	96.798	3029	65	16	90691	93689	84249	87275	0.0	5027
SBV046_contig_6	NC_003277.2_plasmid_pSLT	99.469	1882	9	1	60948	62829	55536	57416	0.0	3419
SBV046_contig_6	NC_003277.2_plasmid_pSLT	97.710	1921	43	1	11264	13183	4727	6647	0.0	3302
SBV046_contig_6	NC_003277.2_plasmid_pSLT	93.241	1805	119	1	79580	81381	74642	76446	0.0	2654
SBV046_contig_6	NC_003277.2_plasmid_pSLT	94.206	1001	55	3	81854	82852	76431	77430	0.0	1524
SBV046_contig_6	NC_003277.2_plasmid_pSLT	94.007	901	48	6	13841	14739	6687	7583	0.0	1360
SBV046_contig_6	NC_003277.2_plasmid_pSLT	93.251	726	49	0	89015	89740	83208	83933	0.0	1070
SBV046_contig_6	NC_003277.2_plasmid_pSLT	93.440	564	36	1	13229	13792	7590	8152	0.0	835
SBV046_contig_6	NC_003277.2_plasmid_pSLT	95.238	210	10	0	12161	12370	3884	3675	6.27e-90	333
SBV046_contig_6	NC_003277.2_plasmid_pSLT	94.737	209	11	0	51308	51516	34178	33970	1.05e-87	326
SBV046_contig_6	NC_003277.2_plasmid_pSLT	94.737	209	11	0	46889	47097	38597	38389	1.05e-87	326
SBV046_contig_6	NC_003277.2_plasmid_pSLT	95.833	192	8	0	10357	10548	5816	5625	2.94e-83	311
SBV046_contig_6	NC_003277.2_plasmid_pSLT	90.698	129	7	5	22439	22564	15933	16059	6.73e-40	167
SBV046_contig_6	NC_003277.2_plasmid_pSLT	93.421	76	5	0	22565	22640	16345	16420	8.89e-24	113
SBV046_contig_6	NC_003277.2_plasmid_pSLT	93.506	77	4	1	90613	90689	84048	84123	8.89e-24	113
SBV046_contig_6	NC_003277.2_plasmid_pSLT	85.507	69	9	1	90556	90623	83950	84018	5.43e-11	71.3
SBV112_contig_7	SBV348_contig_5	99.997	66046	1	1	27318	93363	27803	93847	0.0	1.220e+05
SBV112_contig_7	SBV348_contig_5	100.000	26539	0	0	1	26539	1	26539	0.0	49009
SBV112_contig_7	SBV348_contig_5	94.737	209	11	0	50959	51167	47232	47024	1.05e-87	326
SBV112_contig_7	SBV348_contig_5	94.737	209	11	0	46540	46748	51651	51443	1.05e-87	326
SBV112_contig_7	SBV348_contig_5	95.897	195	8	0	12161	12355	10548	10354	6.29e-85	316
SBV112_contig_7	SBV348_contig_5	96.354	192	7	0	10357	10548	12352	12161	6.29e-85	316
SBV112_contig_7	SBV016_contig_1	99.970	66055	4	3	27318	93363	27680	93727	0.0	1.219e+05
SBV112_contig_7	SBV016_contig_1	99.952	27338	1	1	1	27326	1	27338	0.0	50401
SBV112_contig_7	SBV016_contig_1	94.737	209	11	0	50959	51167	47103	46895	1.05e-87	326
SBV112_contig_7	SBV016_contig_1	94.737	209	11	0	46540	46748	51522	51314	1.05e-87	326
SBV112_contig_7	SBV016_contig_1	95.897	195	8	0	12161	12355	10560	10366	6.29e-85	316
SBV112_contig_7	SBV016_contig_1	96.354	192	7	0	10357	10548	12364	12173	6.29e-85	316
SBV112_contig_7	SBV046_contig_6	99.962	66046	1	2	27318	93363	27668	93689	0.0	1.218e+05
SBV112_contig_7	SBV046_contig_6	100.000	27326	0	0	1	27326	1	27326	0.0	50462
SBV112_contig_7	SBV046_contig_6	94.737	209	11	0	50959	51167	47097	46889	1.05e-87	326
SBV112_contig_7	SBV046_contig_6	94.737	209	11	0	46540	46748	51516	51308	1.05e-87	326
SBV112_contig_7	SBV046_contig_6	95.897	195	8	0	12161	12355	10548	10354	6.29e-85	316
SBV112_contig_7	SBV046_contig_6	96.354	192	7	0	10357	10548	12352	12161	6.29e-85	316
SBV112_contig_7	SBV005_contig_2	99.953	66055	2	3	27318	93363	27668	93702	0.0	1.218e+05
SBV112_contig_7	SBV005_contig_2	100.000	27326	0	0	1	27326	1	27326	0.0	50462
SBV112_contig_7	SBV005_contig_2	94.737	209	11	0	50959	51167	47097	46889	1.05e-87	326
SBV112_contig_7	SBV005_contig_2	94.737	209	11	0	46540	46748	51516	51308	1.05e-87	326
SBV112_contig_7	SBV005_contig_2	95.897	195	8	0	12161	12355	10548	10354	6.29e-85	316
SBV112_contig_7	SBV005_contig_2	96.354	192	7	0	10357	10548	12352	12161	6.29e-85	316
SBV112_contig_7	SBV156_contig_6	99.956	66046	1	2	27318	93363	27668	93685	0.0	1.218e+05
SBV112_contig_7	SBV156_contig_6	100.000	27326	0	0	1	27326	1	27326	0.0	50462
SBV112_contig_7	SBV156_contig_6	94.737	209	11	0	50959	51167	47070	46862	1.05e-87	326
SBV112_contig_7	SBV156_contig_6	94.737	209	11	0	46540	46748	51489	51281	1.05e-87	326
SBV112_contig_7	SBV156_contig_6	95.897	195	8	0	12161	12355	10548	10354	6.29e-85	316
SBV112_contig_7	SBV156_contig_6	96.354	192	7	0	10357	10548	12352	12161	6.29e-85	316
SBV112_contig_7	SBV312_contig_6	99.955	66046	1	2	27318	93363	27668	93684	0.0	1.218e+05
SBV112_contig_7	SBV312_contig_6	100.000	27326	0	0	1	27326	1	27326	0.0	50462
SBV112_contig_7	SBV312_contig_6	94.737	209	11	0	50959	51167	47097	46889	1.05e-87	326
SBV112_contig_7	SBV312_contig_6	94.737	209	11	0	46540	46748	51516	51308	1.05e-87	326
SBV112_contig_7	SBV312_contig_6	95.897	195	8	0	12161	12355	10548	10354	6.29e-85	316
SBV112_contig_7	SBV312_contig_6	96.354	192	7	0	10357	10548	12352	12161	6.29e-85	316
SBV112_contig_7	SBV215_contig_2	99.871	61195	39	11	32192	93363	25643	86820	0.0	1.125e+05
SBV112_contig_7	SBV215_contig_2	99.876	11265	2	1	1	11265	1	11253	0.0	20714
SBV112_contig_7	SBV215_contig_2	98.507	9581	141	2	16300	25879	16032	25611	0.0	16899
SBV112_contig_7	SBV215_contig_2	100.000	1920	0	0	11264	13183	11367	13286	0.0	3546
SBV112_contig_7	SBV215_contig_2	99.221	899	7	0	13841	14739	13326	14224	0.0	1622
SBV112_contig_7	SBV215_contig_2	99.301	572	4	0	13232	13803	14234	14805	0.0	1035
SBV112_contig_7	SBV215_contig_2	96.190	210	8	0	12161	12370	10536	10327	2.89e-93	344
SBV112_contig_7	SBV215_contig_2	94.737	209	11	0	50959	51167	40198	39990	1.05e-87	326
SBV112_contig_7	SBV215_contig_2	94.737	209	11	0	46540	46748	44617	44409	1.05e-87	326
SBV112_contig_7	SBV215_contig_2	96.354	192	7	0	10357	10548	12455	12264	6.29e-85	316
SBV112_contig_7	SBV261_contig_18	100.000	59451	0	0	33913	93363	34201	93651	0.0	1.098e+05
SBV112_contig_7	SBV261_contig_18	100.000	27326	0	0	1	27326	1	27326	0.0	50462
SBV112_contig_7	SBV261_contig_18	99.939	6543	2	2	27318	33859	27668	34209	0.0	12059
SBV112_contig_7	SBV261_contig_18	94.737	209	11	0	50959	51167	47036	46828	1.05e-87	326
SBV112_contig_7	SBV261_contig_18	94.737	209	11	0	46540	46748	51455	51247	1.05e-87	326
SBV112_contig_7	SBV261_contig_18	95.897	195	8	0	12161	12355	10548	10354	6.29e-85	316
SBV112_contig_7	SBV261_contig_18	96.354	192	7	0	10357	10548	12352	12161	6.29e-85	316
SBV112_contig_7	SBV026_contig_2	99.951	59472	28	1	27318	86789	27784	87254	0.0	1.097e+05
SBV112_contig_7	SBV026_contig_2	99.907	16070	8	2	11264	27326	11373	27442	0.0	29586
SBV112_contig_7	SBV026_contig_2	99.929	11265	2	1	1	11265	1	11259	0.0	20753
SBV112_contig_7	SBV026_contig_2	99.695	6548	2	1	86816	93363	87250	93779	0.0	11965
SBV112_contig_7	SBV026_contig_2	94.737	209	11	0	50959	51167	47213	47005	1.05e-87	326
SBV112_contig_7	SBV026_contig_2	94.737	209	11	0	46540	46748	51632	51424	1.05e-87	326
SBV112_contig_7	SBV026_contig_2	93.981	216	7	2	12161	12370	10542	10327	1.35e-86	322
SBV112_contig_7	SBV026_contig_2	96.354	192	7	0	10357	10548	12461	12270	6.29e-85	316
SBV112_contig_7	SBV282_contig_6	99.996	49070	1	1	27318	76387	27642	76710	0.0	90603
SBV112_contig_7	SBV282_contig_6	99.905	27326	0	1	1	27326	1	27300	0.0	50294
SBV112_contig_7	SBV282_contig_6	99.994	16950	1	0	76414	93363	76698	93647	0.0	31296
SBV112_contig_7	SBV282_contig_6	94.737	209	11	0	50959	51167	47071	46863	1.05e-87	326
SBV112_contig_7	SBV282_contig_6	94.737	209	11	0	46540	46748	51490	51282	1.05e-87	326
SBV112_contig_7	SBV282_contig_6	95.897	195	8	0	12161	12355	10548	10354	6.29e-85	316
SBV112_contig_7	SBV282_contig_6	96.354	192	7	0	10357	10548	12352	12161	6.29e-85	316
SBV112_contig_7	SBV180_contig_6	100.000	44315	0	0	49049	93363	48959	93273	0.0	81835
SBV112_contig_7	SBV180_contig_6	99.978	27332	0	1	1	27326	1	27332	0.0	50434
SBV112_contig_7	SBV180_contig_6	99.991	21286	1	1	27318	48603	27674	48958	0.0	39295
SBV112_contig_7	SBV180_contig_6	94.737	209	11	0	50959	51167	47103	46895	1.05e-87	326
SBV112_contig_7	SBV180_contig_6	94.737	209	11	0	46540	46748	51077	50869	1.05e-87	326
SBV112_contig_7	SBV180_contig_6	95.897	195	8	0	12161	12355	10554	10360	6.29e-85	316
SBV112_contig_7	SBV180_contig_6	96.354	192	7	0	10357	10548	12358	12167	6.29e-85	316
SBV112_contig_7	SBV011_contig_2	99.935	42915	1	1	50476	93363	50806	93720	0.0	79069
SBV112_contig_7	SBV011_contig_2	99.952	27338	1	1	1	27326	1	27338	0.0	50401
SBV112_contig_7	SBV011_contig_2	99.987	23129	2	1	27318	50446	27680	50807	0.0	42693
SBV112_contig_7	SBV011_contig_2	94.737	209	11	0	50959	51167	47109	46901	1.05e-87	326
SBV112_contig_7	SBV011_contig_2	94.737	209	11	0	46540	46748	51497	51289	1.05e-87	326
SBV112_contig_7	SBV011_contig_2	95.897	195	8	0	12161	12355	10560	10366	6.29e-85	316
SBV112_contig_7	SBV011_contig_2	96.354	192	7	0	10357	10548	12364	12173	6.29e-85	316
SBV112_contig_7	SBV140_contig_7	100.000	41355	0	0	52009	93363	51701	93055	0.0	76369
SBV112_contig_7	SBV140_contig_7	100.000	27326	0	0	1	27326	1	27326	0.0	50462
SBV112_contig_7	SBV140_contig_7	99.992	24034	1	1	27318	51351	27668	51700	0.0	44370
SBV112_contig_7	SBV140_contig_7	94.737	209	11	0	50959	51167	47097	46889	1.05e-87	326
SBV112_contig_7	SBV140_contig_7	94.737	209	11	0	46540	46748	51516	51308	1.05e-87	326
SBV112_contig_7	SBV140_contig_7	95.897	195	8	0	12161	12355	10548	10354	6.29e-85	316
SBV112_contig_7	SBV140_contig_7	96.354	192	7	0	10357	10548	12352	12161	6.29e-85	316
SBV112_contig_7	SBV344_contig_3	99.995	38383	1	1	27318	65700	27668	66049	0.0	70868
SBV112_contig_7	SBV344_contig_3	100.000	27326	0	0	1	27326	1	27326	0.0	50462
SBV112_contig_7	SBV344_contig_3	100.000	26501	0	0	66863	93363	66048	92548	0.0	48939
SBV112_contig_7	SBV344_contig_3	94.737	209	11	0	50959	51167	47097	46889	1.05e-87	326
SBV112_contig_7	SBV344_contig_3	94.737	209	11	0	46540	46748	51516	51308	1.05e-87	326
SBV112_contig_7	SBV344_contig_3	95.897	195	8	0	12161	12355	10548	10354	6.29e-85	316
SBV112_contig_7	SBV344_contig_3	96.354	192	7	0	10357	10548	12352	12161	6.29e-85	316
SBV112_contig_7	SBV154_contig_5	99.994	35168	1	1	27318	62485	27668	62834	0.0	64931
SBV112_contig_7	SBV154_contig_5	100.000	30085	0	0	63279	93363	62835	92919	0.0	55557
SBV112_contig_7	SBV154_contig_5	100.000	27326	0	0	1	27326	1	27326	0.0	50462
SBV112_contig_7	SBV154_contig_5	94.737	209	11	0	50959	51167	47097	46889	1.05e-87	326
SBV112_contig_7	SBV154_contig_5	94.737	209	11	0	46540	46748	51516	51308	1.05e-87	326
SBV112_contig_7	SBV154_contig_5	95.897	195	8	0	12161	12355	10548	10354	6.29e-85	316
SBV112_contig_7	SBV154_contig_5	96.354	192	7	0	10357	10548	12352	12161	6.29e-85	316
SBV112_contig_7	SBV196_contig_6	100.000	34065	0	0	59299	93363	59338	93402	0.0	62907
SBV112_contig_7	SBV196_contig_6	99.991	31677	1	2	27318	58993	27668	59343	0.0	58478
SBV112_contig_7	SBV196_contig_6	100.000	27326	0	0	1	27326	1	27326	0.0	50462
SBV112_contig_7	SBV196_contig_6	94.737	209	11	0	50959	51167	47097	46889	1.05e-87	326
SBV112_contig_7	SBV196_contig_6	94.737	209	11	0	46540	46748	51516	51308	1.05e-87	326
SBV112_contig_7	SBV196_contig_6	95.897	195	8	0	12161	12355	10548	10354	6.29e-85	316
SBV112_contig_7	SBV196_contig_6	96.354	192	7	0	10357	10548	12352	12161	6.29e-85	316
SBV112_contig_7	NC_003277.2_plasmid_pSLT	99.593	28468	97	15	32192	60652	19623	48078	0.0	51910
SBV112_contig_7	NC_003277.2_plasmid_pSLT	98.226	16295	264	8	62507	78779	57828	74119	0.0	28467
SBV112_contig_7	NC_003277.2_plasmid_pSLT	97.751	6669	125	11	1	6655	87276	93933	0.0	11461
SBV112_contig_7	NC_003277.2_plasmid_pSLT	94.382	6141	289	30	16302	22411	9677	15792	0.0	9378
SBV112_contig_7	NC_003277.2_plasmid_pSLT	97.774	4627	72	7	6656	11265	1	4613	0.0	7945
SBV112_contig_7	NC_003277.2_plasmid_pSLT	92.627	5100	356	20	83183	88272	77566	82655	0.0	7317
SBV112_contig_7	NC_003277.2_plasmid_pSLT	97.332	3186	85	0	22694	25879	16406	19591	0.0	5413
SBV112_contig_7	NC_003277.2_plasmid_pSLT	96.798	3029	65	16	90365	93363	84249	87275	0.0	5027
SBV112_contig_7	NC_003277.2_plasmid_pSLT	99.469	1882	9	1	60622	62503	55536	57416	0.0	3419
SBV112_contig_7	NC_003277.2_plasmid_pSLT	97.710	1921	43	1	11264	13183	4727	6647	0.0	3302
SBV112_contig_7	NC_003277.2_plasmid_pSLT	93.241	1805	119	1	79254	81055	74642	76446	0.0	2654
SBV112_contig_7	NC_003277.2_plasmid_pSLT	94.206	1001	55	3	81528	82526	76431	77430	0.0	1524
SBV112_contig_7	NC_003277.2_plasmid_pSLT	94.007	901	48	6	13841	14739	6687	7583	0.0	1360
SBV112_contig_7	NC_003277.2_plasmid_pSLT	93.251	726	49	0	88689	89414	83208	83933	0.0	1070
SBV112_contig_7	NC_003277.2_plasmid_pSLT	93.440	564	36	1	13229	13792	7590	8152	0.0	835
SBV112_contig_7	NC_003277.2_plasmid_pSLT	95.238	210	10	0	12161	12370	3884	3675	6.25e-90	333
SBV112_contig_7	NC_003277.2_plasmid_pSLT	94.737	209	11	0	50959	51167	34178	33970	1.05e-87	326
SBV112_contig_7	NC_003277.2_plasmid_pSLT	94.737	209	11	0	46540	46748	38597	38389	1.05e-87	326
SBV112_contig_7	NC_003277.2_plasmid_pSLT	95.833	192	8	0	10357	10548	5816	5625	2.93e-83	311
SBV112_contig_7	NC_003277.2_plasmid_pSLT	90.698	129	7	5	22439	22564	15933	16059	6.70e-40	167
SBV112_contig_7	NC_003277.2_plasmid_pSLT	93.421	76	5	0	22565	22640	16345	16420	8.86e-24	113
SBV112_contig_7	NC_003277.2_plasmid_pSLT	93.506	77	4	1	90287	90363	84048	84123	8.86e-24	113
SBV112_contig_7	NC_003277.2_plasmid_pSLT	85.507	69	9	1	90230	90297	83950	84018	5.41e-11	71.3
SBV140_contig_7	SBV344_contig_3	100.000	51700	0	0	1	51700	1	51700	0.0	95472
SBV140_contig_7	SBV344_contig_3	100.000	26501	0	0	66555	93055	66048	92548	0.0	48939
SBV140_contig_7	SBV344_contig_3	100.000	13692	0	0	51701	65392	52358	66049	0.0	25285
SBV140_contig_7	SBV344_contig_3	94.737	209	11	0	51308	51516	47097	46889	1.04e-87	326
SBV140_contig_7	SBV344_contig_3	94.737	209	11	0	46889	47097	51516	51308	1.04e-87	326
SBV140_contig_7	SBV344_contig_3	95.897	195	8	0	12161	12355	10548	10354	6.27e-85	316
SBV140_contig_7	SBV344_contig_3	96.354	192	7	0	10357	10548	12352	12161	6.27e-85	316
SBV140_contig_7	SBV312_contig_6	100.000	51700	0	0	1	51700	1	51700	0.0	95472
SBV140_contig_7	SBV312_contig_6	99.932	41355	0	1	51701	93055	52358	93684	0.0	76188
SBV140_contig_7	SBV312_contig_6	94.737	209	11	0	51308	51516	47097	46889	1.04e-87	326
SBV140_contig_7	SBV312_contig_6	94.737	209	11	0	46889	47097	51516	51308	1.04e-87	326
SBV140_contig_7	SBV312_contig_6	95.897	195	8	0	12161	12355	10548	10354	6.27e-85	316
SBV140_contig_7	SBV312_contig_6	96.354	192	7	0	10357	10548	12352	12161	6.27e-85	316
SBV140_contig_7	SBV196_contig_6	100.000	51700	0	0	1	51700	1	51700	0.0	95472
SBV140_contig_7	SBV196_contig_6	100.000	34065	0	0	58991	93055	59338	93402	0.0	62907
SBV140_contig_7	SBV196_contig_6	99.986	6986	0	1	51701	58685	52358	59343	0.0	12894
SBV140_contig_7	SBV196_contig_6	94.737	209	11	0	51308	51516	47097	46889	1.04e-87	326
SBV140_contig_7	SBV196_contig_6	94.737	209	11	0	46889	47097	51516	51308	1.04e-87	326
SBV140_contig_7	SBV196_contig_6	95.897	195	8	0	12161	12355	10548	10354	6.27e-85	316
SBV140_contig_7	SBV196_contig_6	96.354	192	7	0	10357	10548	12352	12161	6.27e-85	316
SBV140_contig_7	SBV154_contig_5	100.000	51700	0	0	1	51700	1	51700	0.0	95472
SBV140_contig_7	SBV154_contig_5	100.000	30085	0	0	62971	93055	62835	92919	0.0	55557
SBV140_contig_7	SBV154_contig_5	100.000	10477	0	0	51701	62177	52358	62834	0.0	19348
SBV140_contig_7	SBV154_contig_5	94.737	209	11	0	51308	51516	47097	46889	1.04e-87	326
SBV140_contig_7	SBV154_contig_5	94.737	209	11	0	46889	47097	51516	51308	1.04e-87	326
SBV140_contig_7	SBV154_contig_5	95.897	195	8	0	12161	12355	10548	10354	6.27e-85	316
SBV140_contig_7	SBV154_contig_5	96.354	192	7	0	10357	10548	12352	12161	6.27e-85	316
SBV140_contig_7	SBV046_contig_6	100.000	51700	0	0	1	51700	1	51700	0.0	95472
SBV140_contig_7	SBV046_contig_6	100.000	41355	0	0	51701	93055	52335	93689	0.0	76369
SBV140_contig_7	SBV046_contig_6	94.737	209	11	0	51308	51516	47097	46889	1.04e-87	326
SBV140_contig_7	SBV046_contig_6	94.737	209	11	0	46889	47097	51516	51308	1.04e-87	326
SBV140_contig_7	SBV046_contig_6	95.897	195	8	0	12161	12355	10548	10354	6.27e-85	316
SBV140_contig_7	SBV046_contig_6	96.354	192	7	0	10357	10548	12352	12161	6.27e-85	316
SBV140_contig_7	SBV005_contig_2	100.000	51700	0	0	1	51700	1	51700	0.0	95472
SBV140_contig_7	SBV005_contig_2	99.930	41364	1	2	51701	93055	52358	93702	0.0	76199
SBV140_contig_7	SBV005_contig_2	94.737	209	11	0	51308	51516	47097	46889	1.04e-87	326
SBV140_contig_7	SBV005_contig_2	94.737	209	11	0	46889	47097	51516	51308	1.04e-87	326
SBV140_contig_7	SBV005_contig_2	95.897	195	8	0	12161	12355	10548	10354	6.27e-85	316
SBV140_contig_7	SBV005_contig_2	96.354	192	7	0	10357	10548	12352	12161	6.27e-85	316
SBV140_contig_7	SBV016_contig_1	99.963	51712	1	2	1	51700	1	51706	0.0	95373
SBV140_contig_7	SBV016_contig_1	99.971	41364	3	1	51701	93055	52364	93727	0.0	76310
SBV140_contig_7	SBV016_contig_1	94.737	209	11	0	51308	51516	47103	46895	1.04e-87	326
SBV140_contig_7	SBV016_contig_1	94.737	209	11	0	46889	47097	51522	51314	1.04e-87	326
SBV140_contig_7	SBV016_contig_1	95.897	195	8	0	12161	12355	10560	10366	6.27e-85	316
SBV140_contig_7	SBV016_contig_1	96.354	192	7	0	10357	10548	12364	12173	6.27e-85	316
SBV140_contig_7	SBV282_contig_6	99.950	51700	0	1	1	51700	1	51674	0.0	95304
SBV140_contig_7	SBV282_contig_6	100.000	24379	0	0	51701	76079	52332	76710	0.0	45020
SBV140_contig_7	SBV282_contig_6	99.994	16950	1	0	76106	93055	76698	93647	0.0	31296
SBV140_contig_7	SBV282_contig_6	94.737	209	11	0	51308	51516	47071	46863	1.04e-87	326
SBV140_contig_7	SBV282_contig_6	94.737	209	11	0	46889	47097	51490	51282	1.04e-87	326
SBV140_contig_7	SBV282_contig_6	95.897	195	8	0	12161	12355	10548	10354	6.27e-85	316
SBV140_contig_7	SBV282_contig_6	96.354	192	7	0	10357	10548	12352	12161	6.27e-85	316
SBV140_contig_7	SBV156_contig_6	99.948	51700	0	1	1	51700	1	51673	0.0	95297
SBV140_contig_7	SBV156_contig_6	100.000	41355	0	0	51701	93055	52331	93685	0.0	76369
SBV140_contig_7	SBV156_contig_6	94.737	209	11	0	51308	51516	47070	46862	1.04e-87	326
SBV140_contig_7	SBV156_contig_6	94.737	209	11	0	46889	47097	51489	51281	1.04e-87	326
SBV140_contig_7	SBV156_contig_6	95.897	195	8	0	12161	12355	10548	10354	6.27e-85	316
SBV140_contig_7	SBV156_contig_6	96.354	192	7	0	10357	10548	12352	12161	6.27e-85	316
SBV140_contig_7	SBV011_contig_2	99.972	50807	2	1	1	50795	1	50807	0.0	93735
SBV140_contig_7	SBV011_contig_2	99.932	41382	1	1	51701	93055	52339	93720	0.0	76238
SBV140_contig_7	SBV011_contig_2	100.000	876	0	0	50825	51700	50806	51681	0.0	1618
SBV140_contig_7	SBV011_contig_2	94.737	209	11	0	51308	51516	47109	46901	1.04e-87	326
SBV140_contig_7	SBV011_contig_2	94.737	209	11	0	46889	47097	51497	51289	1.04e-87	326
SBV140_contig_7	SBV011_contig_2	95.897	195	8	0	12161	12355	10560	10366	6.27e-85	316
SBV140_contig_7	SBV011_contig_2	96.354	192	7	0	10357	10548	12364	12173	6.27e-85	316
SBV140_contig_7	SBV180_contig_6	99.988	48958	0	1	1	48952	1	48958	0.0	90370
SBV140_contig_7	SBV180_contig_6	100.000	41355	0	0	51701	93055	51919	93273	0.0	76369
SBV140_contig_7	SBV180_contig_6	100.000	2303	0	0	49398	51700	48959	51261	0.0	4253
SBV140_contig_7	SBV180_contig_6	94.737	209	11	0	51308	51516	47103	46895	1.04e-87	326
SBV140_contig_7	SBV180_contig_6	94.737	209	11	0	46889	47097	51077	50869	1.04e-87	326
SBV140_contig_7	SBV180_contig_6	95.897	195	8	0	12161	12355	10554	10360	6.27e-85	316
SBV140_contig_7	SBV180_contig_6	96.354	192	7	0	10357	10548	12358	12167	6.27e-85	316
SBV140_contig_7	SBV348_contig_5	100.000	41355	0	0	51701	93055	52493	93847	0.0	76369
SBV140_contig_7	SBV348_contig_5	100.000	26539	0	0	1	26539	1	26539	0.0	49009
SBV140_contig_7	SBV348_contig_5	100.000	24295	0	0	27406	51700	27541	51835	0.0	44865
SBV140_contig_7	SBV348_contig_5	94.737	209	11	0	51308	51516	47232	47024	1.04e-87	326
SBV140_contig_7	SBV348_contig_5	94.737	209	11	0	46889	47097	51651	51443	1.04e-87	326
SBV140_contig_7	SBV348_contig_5	95.897	195	8	0	12161	12355	10548	10354	6.27e-85	316
SBV140_contig_7	SBV348_contig_5	96.354	192	7	0	10357	10548	12352	12161	6.27e-85	316
SBV140_contig_7	SBV261_contig_18	100.000	41355	0	0	51701	93055	52297	93651	0.0	76369
SBV140_contig_7	SBV261_contig_18	99.994	34209	1	1	1	34208	1	34209	0.0	63160
SBV140_contig_7	SBV261_contig_18	100.000	17439	0	0	34262	51700	34201	51639	0.0	32204
SBV140_contig_7	SBV261_contig_18	94.737	209	11	0	51308	51516	47036	46828	1.04e-87	326
SBV140_contig_7	SBV261_contig_18	94.737	209	11	0	46889	47097	51455	51247	1.04e-87	326
SBV140_contig_7	SBV261_contig_18	95.897	195	8	0	12161	12355	10548	10354	6.27e-85	316
SBV140_contig_7	SBV261_contig_18	96.354	192	7	0	10357	10548	12352	12161	6.27e-85	316
SBV140_contig_7	SBV112_contig_7	100.000	41355	0	0	51701	93055	52009	93363	0.0	76369
SBV140_contig_7	SBV112_contig_7	100.000	27326	0	0	1	27326	1	27326	0.0	50462
SBV140_contig_7	SBV112_contig_7	99.992	24034	1	1	27668	51700	27318	51351	0.0	44370
SBV140_contig_7	SBV112_contig_7	94.737	209	11	0	51308	51516	46748	46540	1.04e-87	326
SBV140_contig_7	SBV112_contig_7	94.737	209	11	0	46889	47097	51167	50959	1.04e-87	326
SBV140_contig_7	SBV112_contig_7	95.897	195	8	0	12161	12355	10548	10354	6.27e-85	316
SBV140_contig_7	SBV112_contig_7	96.354	192	7	0	10357	10548	12352	12161	6.27e-85	316
SBV140_contig_7	SBV215_contig_2	99.891	41374	14	3	51701	93055	45459	86820	0.0	76125
SBV140_contig_7	SBV215_contig_2	99.828	19164	24	8	32541	51700	25643	44801	0.0	35198
SBV140_contig_7	SBV215_contig_2	99.876	11265	2	1	1	11265	1	11253	0.0	20714
SBV140_contig_7	SBV215_contig_2	98.507	9581	141	2	16300	25879	16032	25611	0.0	16899
SBV140_contig_7	SBV215_contig_2	100.000	1920	0	0	11264	13183	11367	13286	0.0	3546
SBV140_contig_7	SBV215_contig_2	99.221	899	7	0	13841	14739	13326	14224	0.0	1622
SBV140_contig_7	SBV215_contig_2	99.301	572	4	0	13232	13803	14234	14805	0.0	1035
SBV140_contig_7	SBV215_contig_2	96.190	210	8	0	12161	12370	10536	10327	2.88e-93	344
SBV140_contig_7	SBV215_contig_2	94.737	209	11	0	51308	51516	40198	39990	1.04e-87	326
SBV140_contig_7	SBV215_contig_2	94.737	209	11	0	46889	47097	44617	44409	1.04e-87	326
SBV140_contig_7	SBV215_contig_2	96.354	192	7	0	10357	10548	12455	12264	6.27e-85	316
SBV140_contig_7	SBV026_contig_2	99.926	40444	23	2	11264	51700	11373	51816	0.0	74513
SBV140_contig_7	SBV026_contig_2	99.968	34781	11	0	51701	86481	52474	87254	0.0	64168
SBV140_contig_7	SBV026_contig_2	99.929	11265	2	1	1	11265	1	11259	0.0	20753
SBV140_contig_7	SBV026_contig_2	99.695	6548	2	1	86508	93055	87250	93779	0.0	11965
SBV140_contig_7	SBV026_contig_2	94.737	209	11	0	51308	51516	47213	47005	1.04e-87	326
SBV140_contig_7	SBV026_contig_2	94.737	209	11	0	46889	47097	51632	51424	1.04e-87	326
SBV140_contig_7	SBV026_contig_2	93.981	216	7	2	12161	12370	10542	10327	1.35e-86	322
SBV140_contig_7	SBV026_contig_2	96.354	192	7	0	10357	10548	12461	12270	6.27e-85	316
SBV140_contig_7	NC_003277.2_plasmid_pSLT	99.713	19166	42	12	32541	51700	19623	38781	0.0	35076
SBV140_contig_7	NC_003277.2_plasmid_pSLT	98.226	16295	264	8	62199	78471	57828	74119	0.0	28467
SBV140_contig_7	NC_003277.2_plasmid_pSLT	99.318	8645	53	3	51701	60344	39439	48078	0.0	15633
SBV140_contig_7	NC_003277.2_plasmid_pSLT	97.751	6669	125	11	1	6655	87276	93933	0.0	11461
SBV140_contig_7	NC_003277.2_plasmid_pSLT	94.382	6141	289	30	16302	22411	9677	15792	0.0	9378
SBV140_contig_7	NC_003277.2_plasmid_pSLT	97.774	4627	72	7	6656	11265	1	4613	0.0	7945
SBV140_contig_7	NC_003277.2_plasmid_pSLT	92.627	5100	356	20	82875	87964	77566	82655	0.0	7317
SBV140_contig_7	NC_003277.2_plasmid_pSLT	97.332	3186	85	0	22694	25879	16406	19591	0.0	5413
SBV140_contig_7	NC_003277.2_plasmid_pSLT	96.798	3029	65	16	90057	93055	84249	87275	0.0	5027
SBV140_contig_7	NC_003277.2_plasmid_pSLT	99.469	1882	9	1	60314	62195	55536	57416	0.0	3419
SBV140_contig_7	NC_003277.2_plasmid_pSLT	97.710	1921	43	1	11264	13183	4727	6647	0.0	3302
SBV140_contig_7	NC_003277.2_plasmid_pSLT	93.241	1805	119	1	78946	80747	74642	76446	0.0	2654
SBV140_contig_7	NC_003277.2_plasmid_pSLT	94.206	1001	55	3	81220	82218	76431	77430	0.0	1524
SBV140_contig_7	NC_003277.2_plasmid_pSLT	94.007	901	48	6	13841	14739	6687	7583	0.0	1360
SBV140_contig_7	NC_003277.2_plasmid_pSLT	93.251	726	49	0	88381	89106	83208	83933	0.0	1070
SBV140_contig_7	NC_003277.2_plasmid_pSLT	93.440	564	36	1	13229	13792	7590	8152	0.0	835
SBV140_contig_7	NC_003277.2_plasmid_pSLT	95.238	210	10	0	12161	12370	3884	3675	6.23e-90	333
SBV140_contig_7	NC_003277.2_plasmid_pSLT	94.737	209	11	0	51308	51516	34178	33970	1.04e-87	326
SBV140_contig_7	NC_003277.2_plasmid_pSLT	94.737	209	11	0	46889	47097	38597	38389	1.04e-87	326
SBV140_contig_7	NC_003277.2_plasmid_pSLT	95.833	192	8	0	10357	10548	5816	5625	2.92e-83	311
SBV140_contig_7	NC_003277.2_plasmid_pSLT	90.698	129	7	5	22439	22564	15933	16059	6.68e-40	167
SBV140_contig_7	NC_003277.2_plasmid_pSLT	93.421	76	5	0	22565	22640	16345	16420	8.83e-24	113
SBV140_contig_7	NC_003277.2_plasmid_pSLT	93.506	77	4	1	89979	90055	84048	84123	8.83e-24	113
SBV140_contig_7	NC_003277.2_plasmid_pSLT	85.507	69	9	1	89922	89989	83950	84018	5.39e-11	71.3
SBV154_contig_5	SBV344_contig_3	100.000	62834	0	0	1	62834	1	62834	0.0	1.160e+05
SBV154_contig_5	SBV344_contig_3	100.000	26501	0	0	66419	92919	66048	92548	0.0	48939
SBV154_contig_5	SBV344_contig_3	100.000	2422	0	0	62835	65256	63628	66049	0.0	4473
SBV154_contig_5	SBV344_contig_3	94.737	209	11	0	51308	51516	47097	46889	1.04e-87	326
SBV154_contig_5	SBV344_contig_3	94.737	209	11	0	46889	47097	51516	51308	1.04e-87	326
SBV154_contig_5	SBV344_contig_3	95.897	195	8	0	12161	12355	10548	10354	6.26e-85	316
SBV154_contig_5	SBV344_contig_3	96.354	192	7	0	10357	10548	12352	12161	6.26e-85	316
SBV154_contig_5	SBV312_contig_6	100.000	62834	0	0	1	62834	1	62834	0.0	1.160e+05
SBV154_contig_5	SBV312_contig_6	99.907	30085	0	1	62835	92919	63628	93684	0.0	55376
SBV154_contig_5	SBV312_contig_6	94.737	209	11	0	51308	51516	47097	46889	1.04e-87	326
SBV154_contig_5	SBV312_contig_6	94.737	209	11	0	46889	47097	51516	51308	1.04e-87	326
SBV154_contig_5	SBV312_contig_6	95.897	195	8	0	12161	12355	10548	10354	6.26e-85	316
SBV154_contig_5	SBV312_contig_6	96.354	192	7	0	10357	10548	12352	12161	6.26e-85	316
SBV154_contig_5	SBV005_contig_2	99.998	62834	1	0	1	62834	1	62834	0.0	1.160e+05
SBV154_contig_5	SBV005_contig_2	99.907	30094	0	2	62835	92919	63628	93702	0.0	55393
SBV154_contig_5	SBV005_contig_2	94.737	209	11	0	51308	51516	47097	46889	1.04e-87	326
SBV154_contig_5	SBV005_contig_2	94.737	209	11	0	46889	47097	51516	51308	1.04e-87	326
SBV154_contig_5	SBV005_contig_2	95.897	195	8	0	12161	12355	10548	10354	6.26e-85	316
SBV154_contig_5	SBV005_contig_2	96.354	192	7	0	10357	10548	12352	12161	6.26e-85	316
SBV154_contig_5	SBV016_contig_1	99.968	62846	2	2	1	62834	1	62840	0.0	1.159e+05
SBV154_contig_5	SBV016_contig_1	99.963	30094	2	1	62835	92919	63634	93727	0.0	55504
SBV154_contig_5	SBV016_contig_1	94.737	209	11	0	51308	51516	47103	46895	1.04e-87	326
SBV154_contig_5	SBV016_contig_1	94.737	209	11	0	46889	47097	51522	51314	1.04e-87	326
SBV154_contig_5	SBV016_contig_1	95.897	195	8	0	12161	12355	10560	10366	6.26e-85	316
SBV154_contig_5	SBV016_contig_1	96.354	192	7	0	10357	10548	12364	12173	6.26e-85	316
SBV154_contig_5	SBV046_contig_6	99.963	62834	0	1	1	62834	1	62811	0.0	1.159e+05
SBV154_contig_5	SBV046_contig_6	100.000	30085	0	0	62835	92919	63605	93689	0.0	55557
SBV154_contig_5	SBV046_contig_6	94.737	209	11	0	51308	51516	47097	46889	1.04e-87	326
SBV154_contig_5	SBV046_contig_6	94.737	209	11	0	46889	47097	51516	51308	1.04e-87	326
SBV154_contig_5	SBV046_contig_6	95.897	195	8	0	12161	12355	10548	10354	6.26e-85	316
SBV154_contig_5	SBV046_contig_6	96.354	192	7	0	10357	10548	12352	12161	6.26e-85	316
SBV154_contig_5	SBV282_contig_6	99.959	62834	0	1	1	62834	1	62808	0.0	1.159e+05
SBV154_contig_5	SBV282_contig_6	99.994	16950	1	0	75970	92919	76698	93647	0.0	31296
SBV154_contig_5	SBV282_contig_6	100.000	13109	0	0	62835	75943	63602	76710	0.0	24208
SBV154_contig_5	SBV282_contig_6	94.737	209	11	0	51308	51516	47071	46863	1.04e-87	326
SBV154_contig_5	SBV282_contig_6	94.737	209	11	0	46889	47097	51490	51282	1.04e-87	326
SBV154_contig_5	SBV282_contig_6	95.897	195	8	0	12161	12355	10548	10354	6.26e-85	316
SBV154_contig_5	SBV282_contig_6	96.354	192	7	0	10357	10548	12352	12161	6.26e-85	316
SBV154_contig_5	SBV156_contig_6	99.957	62834	0	1	1	62834	1	62807	0.0	1.159e+05
SBV154_contig_5	SBV156_contig_6	100.000	30085	0	0	62835	92919	63601	93685	0.0	55557
SBV154_contig_5	SBV156_contig_6	94.737	209	11	0	51308	51516	47070	46862	1.04e-87	326
SBV154_contig_5	SBV156_contig_6	94.737	209	11	0	46889	47097	51489	51281	1.04e-87	326
SBV154_contig_5	SBV156_contig_6	95.897	195	8	0	12161	12355	10548	10354	6.26e-85	316
SBV154_contig_5	SBV156_contig_6	96.354	192	7	0	10357	10548	12352	12161	6.26e-85	316
SBV154_contig_5	SBV196_contig_6	99.998	59343	0	1	1	59342	1	59343	0.0	1.096e+05
SBV154_contig_5	SBV196_contig_6	100.000	30085	0	0	62835	92919	63318	93402	0.0	55557
SBV154_contig_5	SBV196_contig_6	100.000	3187	0	0	59648	62834	59338	62524	0.0	5886
SBV154_contig_5	SBV196_contig_6	94.737	209	11	0	51308	51516	47097	46889	1.04e-87	326
SBV154_contig_5	SBV196_contig_6	94.737	209	11	0	46889	47097	51516	51308	1.04e-87	326
SBV154_contig_5	SBV196_contig_6	95.897	195	8	0	12161	12355	10548	10354	6.26e-85	316
SBV154_contig_5	SBV196_contig_6	96.354	192	7	0	10357	10548	12352	12161	6.26e-85	316
SBV154_contig_5	SBV140_contig_7	100.000	51700	0	0	1	51700	1	51700	0.0	95472
SBV154_contig_5	SBV140_contig_7	100.000	30085	0	0	62835	92919	62971	93055	0.0	55557
SBV154_contig_5	SBV140_contig_7	100.000	10477	0	0	52358	62834	51701	62177	0.0	19348
SBV154_contig_5	SBV140_contig_7	94.737	209	11	0	51308	51516	47097	46889	1.04e-87	326
SBV154_contig_5	SBV140_contig_7	94.737	209	11	0	46889	47097	51516	51308	1.04e-87	326
SBV154_contig_5	SBV140_contig_7	95.897	195	8	0	12161	12355	10548	10354	6.26e-85	316
SBV154_contig_5	SBV140_contig_7	96.354	192	7	0	10357	10548	12352	12161	6.26e-85	316
SBV154_contig_5	SBV026_contig_2	99.932	51578	28	2	11264	62834	11373	62950	0.0	95046
SBV154_contig_5	SBV026_contig_2	99.970	23511	7	0	62835	86345	63744	87254	0.0	43378
SBV154_contig_5	SBV026_contig_2	99.929	11265	2	1	1	11265	1	11259	0.0	20753
SBV154_contig_5	SBV026_contig_2	99.695	6548	2	1	86372	92919	87250	93779	0.0	11965
SBV154_contig_5	SBV026_contig_2	94.737	209	11	0	51308	51516	47213	47005	1.04e-87	326
SBV154_contig_5	SBV026_contig_2	94.737	209	11	0	46889	47097	51632	51424	1.04e-87	326
SBV154_contig_5	SBV026_contig_2	93.981	216	7	2	12161	12370	10542	10327	1.35e-86	322
SBV154_contig_5	SBV026_contig_2	96.354	192	7	0	10357	10548	12461	12270	6.26e-85	316
SBV154_contig_5	SBV011_contig_2	99.972	50807	2	1	1	50795	1	50807	0.0	93735
SBV154_contig_5	SBV011_contig_2	99.910	30112	0	1	62835	92919	63609	93720	0.0	55432
SBV154_contig_5	SBV011_contig_2	99.992	12010	1	0	50825	62834	50806	62815	0.0	22173
SBV154_contig_5	SBV011_contig_2	94.737	209	11	0	51308	51516	47109	46901	1.04e-87	326
SBV154_contig_5	SBV011_contig_2	94.737	209	11	0	46889	47097	51497	51289	1.04e-87	326
SBV154_contig_5	SBV011_contig_2	95.897	195	8	0	12161	12355	10560	10366	6.26e-85	316
SBV154_contig_5	SBV011_contig_2	96.354	192	7	0	10357	10548	12364	12173	6.26e-85	316
SBV154_contig_5	SBV180_contig_6	99.988	48958	0	1	1	48952	1	48958	0.0	90370
SBV154_contig_5	SBV180_contig_6	100.000	30085	0	0	62835	92919	63189	93273	0.0	55557
SBV154_contig_5	SBV180_contig_6	100.000	13437	0	0	49398	62834	48959	62395	0.0	24814
SBV154_contig_5	SBV180_contig_6	94.737	209	11	0	51308	51516	47103	46895	1.04e-87	326
SBV154_contig_5	SBV180_contig_6	94.737	209	11	0	46889	47097	51077	50869	1.04e-87	326
SBV154_contig_5	SBV180_contig_6	95.897	195	8	0	12161	12355	10554	10360	6.26e-85	316
SBV154_contig_5	SBV180_contig_6	96.354	192	7	0	10357	10548	12358	12167	6.26e-85	316
SBV154_contig_5	SBV348_contig_5	100.000	35429	0	0	27406	62834	27541	62969	0.0	65426
SBV154_contig_5	SBV348_contig_5	100.000	30085	0	0	62835	92919	63763	93847	0.0	55557
SBV154_contig_5	SBV348_contig_5	100.000	26539	0	0	1	26539	1	26539	0.0	49009
SBV154_contig_5	SBV348_contig_5	94.737	209	11	0	51308	51516	47232	47024	1.04e-87	326
SBV154_contig_5	SBV348_contig_5	94.737	209	11	0	46889	47097	51651	51443	1.04e-87	326
SBV154_contig_5	SBV348_contig_5	95.897	195	8	0	12161	12355	10548	10354	6.26e-85	316
SBV154_contig_5	SBV348_contig_5	96.354	192	7	0	10357	10548	12352	12161	6.26e-85	316
SBV154_contig_5	SBV112_contig_7	99.994	35168	1	1	27668	62834	27318	62485	0.0	64931
SBV154_contig_5	SBV112_contig_7	100.000	30085	0	0	62835	92919	63279	93363	0.0	55557
SBV154_contig_5	SBV112_contig_7	100.000	27326	0	0	1	27326	1	27326	0.0	50462
SBV154_contig_5	SBV112_contig_7	94.737	209	11	0	51308	51516	46748	46540	1.04e-87	326
SBV154_contig_5	SBV112_contig_7	94.737	209	11	0	46889	47097	51167	50959	1.04e-87	326
SBV154_contig_5	SBV112_contig_7	95.897	195	8	0	12161	12355	10548	10354	6.26e-85	316
SBV154_contig_5	SBV112_contig_7	96.354	192	7	0	10357	10548	12352	12161	6.26e-85	316
SBV154_contig_5	SBV261_contig_18	99.994	34209	1	1	1	34208	1	34209	0.0	63160
SBV154_contig_5	SBV261_contig_18	100.000	30085	0	0	62835	92919	63567	93651	0.0	55557
SBV154_contig_5	SBV261_contig_18	100.000	28573	0	0	34262	62834	34201	62773	0.0	52765
SBV154_contig_5	SBV261_contig_18	94.737	209	11	0	51308	51516	47036	46828	1.04e-87	326
SBV154_contig_5	SBV261_contig_18	94.737	209	11	0	46889	47097	51455	51247	1.04e-87	326
SBV154_contig_5	SBV261_contig_18	95.897	195	8	0	12161	12355	10548	10354	6.26e-85	316
SBV154_contig_5	SBV261_contig_18	96.354	192	7	0	10357	10548	12352	12161	6.26e-85	316
SBV154_contig_5	SBV215_contig_2	99.875	30298	29	8	32541	62834	25643	55935	0.0	55731
SBV154_contig_5	SBV215_contig_2	99.864	30104	10	3	62835	92919	56729	86820	0.0	55335
SBV154_contig_5	SBV215_contig_2	99.876	11265	2	1	1	11265	1	11253	0.0	20714
SBV154_contig_5	SBV215_contig_2	98.507	9581	141	2	16300	25879	16032	25611	0.0	16899
SBV154_contig_5	SBV215_contig_2	100.000	1920	0	0	11264	13183	11367	13286	0.0	3546
SBV154_contig_5	SBV215_contig_2	99.221	899	7	0	13841	14739	13326	14224	0.0	1622
SBV154_contig_5	SBV215_contig_2	99.301	572	4	0	13232	13803	14234	14805	0.0	1035
SBV154_contig_5	SBV215_contig_2	96.190	210	8	0	12161	12370	10536	10327	2.87e-93	344
SBV154_contig_5	SBV215_contig_2	94.737	209	11	0	51308	51516	40198	39990	1.04e-87	326
SBV154_contig_5	SBV215_contig_2	94.737	209	11	0	46889	47097	44617	44409	1.04e-87	326
SBV154_contig_5	SBV215_contig_2	96.354	192	7	0	10357	10548	12455	12264	6.26e-85	316
SBV154_contig_5	NC_003277.2_plasmid_pSLT	99.593	28468	97	15	32541	61001	19623	48078	0.0	51910
SBV154_contig_5	NC_003277.2_plasmid_pSLT	98.164	15523	260	8	62835	78335	58600	74119	0.0	27063
SBV154_contig_5	NC_003277.2_plasmid_pSLT	97.751	6669	125	11	1	6655	87276	93933	0.0	11461
SBV154_contig_5	NC_003277.2_plasmid_pSLT	94.382	6141	289	30	16302	22411	9677	15792	0.0	9378
SBV154_contig_5	NC_003277.2_plasmid_pSLT	97.774	4627	72	7	6656	11265	1	4613	0.0	7945
SBV154_contig_5	NC_003277.2_plasmid_pSLT	92.627	5100	356	20	82739	87828	77566	82655	0.0	7317
SBV154_contig_5	NC_003277.2_plasmid_pSLT	97.332	3186	85	0	22694	25879	16406	19591	0.0	5413
SBV154_contig_5	NC_003277.2_plasmid_pSLT	96.798	3029	65	16	89921	92919	84249	87275	0.0	5027
SBV154_contig_5	NC_003277.2_plasmid_pSLT	99.464	1864	9	1	60971	62834	55536	57398	0.0	3386
SBV154_contig_5	NC_003277.2_plasmid_pSLT	97.710	1921	43	1	11264	13183	4727	6647	0.0	3302
SBV154_contig_5	NC_003277.2_plasmid_pSLT	93.241	1805	119	1	78810	80611	74642	76446	0.0	2654
SBV154_contig_5	NC_003277.2_plasmid_pSLT	94.206	1001	55	3	81084	82082	76431	77430	0.0	1524
SBV154_contig_5	NC_003277.2_plasmid_pSLT	94.007	901	48	6	13841	14739	6687	7583	0.0	1360
SBV154_contig_5	NC_003277.2_plasmid_pSLT	93.251	726	49	0	88245	88970	83208	83933	0.0	1070
SBV154_contig_5	NC_003277.2_plasmid_pSLT	93.440	564	36	1	13229	13792	7590	8152	0.0	835
SBV154_contig_5	NC_003277.2_plasmid_pSLT	95.238	210	10	0	12161	12370	3884	3675	6.22e-90	333
SBV154_contig_5	NC_003277.2_plasmid_pSLT	94.737	209	11	0	51308	51516	34178	33970	1.04e-87	326
SBV154_contig_5	NC_003277.2_plasmid_pSLT	94.737	209	11	0	46889	47097	38597	38389	1.04e-87	326
SBV154_contig_5	NC_003277.2_plasmid_pSLT	95.833	192	8	0	10357	10548	5816	5625	2.91e-83	311
SBV154_contig_5	NC_003277.2_plasmid_pSLT	90.698	129	7	5	22439	22564	15933	16059	6.67e-40	167
SBV154_contig_5	NC_003277.2_plasmid_pSLT	93.421	76	5	0	22565	22640	16345	16420	8.82e-24	113
SBV154_contig_5	NC_003277.2_plasmid_pSLT	93.506	77	4	1	89843	89919	84048	84123	8.82e-24	113
SBV154_contig_5	NC_003277.2_plasmid_pSLT	85.507	69	9	1	89786	89853	83950	84018	5.38e-11	71.3
SBV156_contig_6	SBV046_contig_6	99.947	93712	0	2	1	93685	1	93689	0.0	1.727e+05
SBV156_contig_6	SBV046_contig_6	94.737	209	11	0	51281	51489	47097	46889	1.05e-87	326
SBV156_contig_6	SBV046_contig_6	94.737	209	11	0	46862	47070	51516	51308	1.05e-87	326
SBV156_contig_6	SBV046_contig_6	95.897	195	8	0	12161	12355	10548	10354	6.31e-85	316
SBV156_contig_6	SBV046_contig_6	96.354	192	7	0	10357	10548	12352	12161	6.31e-85	316
SBV156_contig_6	SBV016_contig_1	99.938	93733	4	4	1	93685	1	93727	0.0	1.727e+05
SBV156_contig_6	SBV016_contig_1	94.737	209	11	0	51281	51489	47103	46895	1.05e-87	326
SBV156_contig_6	SBV016_contig_1	94.737	209	11	0	46862	47070	51522	51314	1.05e-87	326
SBV156_contig_6	SBV016_contig_1	95.897	195	8	0	12161	12355	10560	10366	6.31e-85	316
SBV156_contig_6	SBV016_contig_1	96.354	192	7	0	10357	10548	12364	12173	6.31e-85	316
SBV156_contig_6	SBV005_contig_2	99.940	93721	1	3	1	93685	1	93702	0.0	1.727e+05
SBV156_contig_6	SBV005_contig_2	94.737	209	11	0	51281	51489	47097	46889	1.05e-87	326
SBV156_contig_6	SBV005_contig_2	94.737	209	11	0	46862	47070	51516	51308	1.05e-87	326
SBV156_contig_6	SBV005_contig_2	95.897	195	8	0	12161	12355	10548	10354	6.31e-85	316
SBV156_contig_6	SBV005_contig_2	96.354	192	7	0	10357	10548	12352	12161	6.31e-85	316
SBV156_contig_6	SBV312_contig_6	99.941	93712	0	2	1	93685	1	93684	0.0	1.727e+05
SBV156_contig_6	SBV312_contig_6	94.737	209	11	0	51281	51489	47097	46889	1.05e-87	326
SBV156_contig_6	SBV312_contig_6	94.737	209	11	0	46862	47070	51516	51308	1.05e-87	326
SBV156_contig_6	SBV312_contig_6	95.897	195	8	0	12161	12355	10548	10354	6.31e-85	316
SBV156_contig_6	SBV312_contig_6	96.354	192	7	0	10357	10548	12352	12161	6.31e-85	316
SBV156_contig_6	SBV282_contig_6	99.931	76736	0	2	1	76709	1	76710	0.0	1.414e+05
SBV156_contig_6	SBV282_contig_6	99.994	16950	1	0	76736	93685	76698	93647	0.0	31296
SBV156_contig_6	SBV282_contig_6	94.737	209	11	0	51281	51489	47071	46863	1.05e-87	326
SBV156_contig_6	SBV282_contig_6	94.737	209	11	0	46862	47070	51490	51282	1.05e-87	326
SBV156_contig_6	SBV282_contig_6	95.897	195	8	0	12161	12355	10548	10354	6.31e-85	316
SBV156_contig_6	SBV282_contig_6	96.354	192	7	0	10357	10548	12352	12161	6.31e-85	316
SBV156_contig_6	SBV026_contig_2	99.909	75882	35	3	11264	87111	11373	87254	0.0	1.397e+05
SBV156_contig_6	SBV026_contig_2	99.929	11265	2	1	1	11265	1	11259	0.0	20753
SBV156_contig_6	SBV026_contig_2	99.695	6548	2	1	87138	93685	87250	93779	0.0	11965
SBV156_contig_6	SBV026_contig_2	94.737	209	11	0	51281	51489	47213	47005	1.05e-87	326
SBV156_contig_6	SBV026_contig_2	94.737	209	11	0	46862	47070	51632	51424	1.05e-87	326
SBV156_contig_6	SBV026_contig_2	93.981	216	7	2	12161	12370	10542	10327	1.36e-86	322
SBV156_contig_6	SBV026_contig_2	96.354	192	7	0	10357	10548	12461	12270	6.31e-85	316
SBV156_contig_6	SBV348_contig_5	99.959	66307	0	1	27406	93685	27541	93847	0.0	1.223e+05
SBV156_contig_6	SBV348_contig_5	100.000	26539	0	0	1	26539	1	26539	0.0	49009
SBV156_contig_6	SBV348_contig_5	94.737	209	11	0	51281	51489	47232	47024	1.05e-87	326
SBV156_contig_6	SBV348_contig_5	94.737	209	11	0	46862	47070	51651	51443	1.05e-87	326
SBV156_contig_6	SBV348_contig_5	95.897	195	8	0	12161	12355	10548	10354	6.31e-85	316
SBV156_contig_6	SBV348_contig_5	96.354	192	7	0	10357	10548	12352	12161	6.31e-85	316
SBV156_contig_6	SBV344_contig_3	99.959	66049	0	1	1	66022	1	66049	0.0	1.218e+05
SBV156_contig_6	SBV344_contig_3	100.000	26501	0	0	67185	93685	66048	92548	0.0	48939
SBV156_contig_6	SBV344_contig_3	94.737	209	11	0	51281	51489	47097	46889	1.05e-87	326
SBV156_contig_6	SBV344_contig_3	94.737	209	11	0	46862	47070	51516	51308	1.05e-87	326
SBV156_contig_6	SBV344_contig_3	95.897	195	8	0	12161	12355	10548	10354	6.31e-85	316
SBV156_contig_6	SBV344_contig_3	96.354	192	7	0	10357	10548	12352	12161	6.31e-85	316
SBV156_contig_6	SBV112_contig_7	99.956	66046	1	2	27668	93685	27318	93363	0.0	1.218e+05
SBV156_contig_6	SBV112_contig_7	100.000	27326	0	0	1	27326	1	27326	0.0	50462
SBV156_contig_6	SBV112_contig_7	94.737	209	11	0	51281	51489	46748	46540	1.05e-87	326
SBV156_contig_6	SBV112_contig_7	94.737	209	11	0	46862	47070	51167	50959	1.05e-87	326
SBV156_contig_6	SBV112_contig_7	95.897	195	8	0	12161	12355	10548	10354	6.31e-85	316
SBV156_contig_6	SBV112_contig_7	96.354	192	7	0	10357	10548	12352	12161	6.31e-85	316
SBV156_contig_6	SBV154_contig_5	99.957	62834	0	1	1	62807	1	62834	0.0	1.159e+05
SBV156_contig_6	SBV154_contig_5	100.000	30085	0	0	63601	93685	62835	92919	0.0	55557
SBV156_contig_6	SBV154_contig_5	94.737	209	11	0	51281	51489	47097	46889	1.05e-87	326
SBV156_contig_6	SBV154_contig_5	94.737	209	11	0	46862	47070	51516	51308	1.05e-87	326
SBV156_contig_6	SBV154_contig_5	95.897	195	8	0	12161	12355	10548	10354	6.31e-85	316
SBV156_contig_6	SBV154_contig_5	96.354	192	7	0	10357	10548	12352	12161	6.31e-85	316
SBV156_contig_6	SBV215_contig_2	99.871	61195	39	11	32514	93685	25643	86820	0.0	1.125e+05
SBV156_contig_6	SBV215_contig_2	99.876	11265	2	1	1	11265	1	11253	0.0	20714
SBV156_contig_6	SBV215_contig_2	98.507	9581	141	2	16300	25879	16032	25611	0.0	16899
SBV156_contig_6	SBV215_contig_2	100.000	1920	0	0	11264	13183	11367	13286	0.0	3546
SBV156_contig_6	SBV215_contig_2	99.221	899	7	0	13841	14739	13326	14224	0.0	1622
SBV156_contig_6	SBV215_contig_2	99.301	572	4	0	13232	13803	14234	14805	0.0	1035
SBV156_contig_6	SBV215_contig_2	96.190	210	8	0	12161	12370	10536	10327	2.90e-93	344
SBV156_contig_6	SBV215_contig_2	94.737	209	11	0	51281	51489	40198	39990	1.05e-87	326
SBV156_contig_6	SBV215_contig_2	94.737	209	11	0	46862	47070	44617	44409	1.05e-87	326
SBV156_contig_6	SBV215_contig_2	96.354	192	7	0	10357	10548	12455	12264	6.31e-85	316
SBV156_contig_6	SBV261_contig_18	100.000	59451	0	0	34235	93685	34201	93651	0.0	1.098e+05
SBV156_contig_6	SBV261_contig_18	99.915	34209	1	2	1	34181	1	34209	0.0	62986
SBV156_contig_6	SBV261_contig_18	94.737	209	11	0	51281	51489	47036	46828	1.05e-87	326
SBV156_contig_6	SBV261_contig_18	94.737	209	11	0	46862	47070	51455	51247	1.05e-87	326
SBV156_contig_6	SBV261_contig_18	95.897	195	8	0	12161	12355	10548	10354	6.31e-85	316
SBV156_contig_6	SBV261_contig_18	96.354	192	7	0	10357	10548	12352	12161	6.31e-85	316
SBV156_contig_6	SBV196_contig_6	99.953	59343	0	2	1	59315	1	59343	0.0	1.094e+05
SBV156_contig_6	SBV196_contig_6	100.000	34065	0	0	59621	93685	59338	93402	0.0	62907
SBV156_contig_6	SBV196_contig_6	94.737	209	11	0	51281	51489	47097	46889	1.05e-87	326
SBV156_contig_6	SBV196_contig_6	94.737	209	11	0	46862	47070	51516	51308	1.05e-87	326
SBV156_contig_6	SBV196_contig_6	95.897	195	8	0	12161	12355	10548	10354	6.31e-85	316
SBV156_contig_6	SBV196_contig_6	96.354	192	7	0	10357	10548	12352	12161	6.31e-85	316
SBV156_contig_6	SBV140_contig_7	99.948	51700	0	1	1	51673	1	51700	0.0	95297
SBV156_contig_6	SBV140_contig_7	100.000	41355	0	0	52331	93685	51701	93055	0.0	76369
SBV156_contig_6	SBV140_contig_7	94.737	209	11	0	51281	51489	47097	46889	1.05e-87	326
SBV156_contig_6	SBV140_contig_7	94.737	209	11	0	46862	47070	51516	51308	1.05e-87	326
SBV156_contig_6	SBV140_contig_7	95.897	195	8	0	12161	12355	10548	10354	6.31e-85	316
SBV156_contig_6	SBV140_contig_7	96.354	192	7	0	10357	10548	12352	12161	6.31e-85	316
SBV156_contig_6	SBV011_contig_2	99.919	50807	2	2	1	50768	1	50807	0.0	93559
SBV156_contig_6	SBV011_contig_2	99.935	42915	1	1	50798	93685	50806	93720	0.0	79069
SBV156_contig_6	SBV011_contig_2	94.737	209	11	0	51281	51489	47109	46901	1.05e-87	326
SBV156_contig_6	SBV011_contig_2	94.737	209	11	0	46862	47070	51497	51289	1.05e-87	326
SBV156_contig_6	SBV011_contig_2	95.897	195	8	0	12161	12355	10560	10366	6.31e-85	316
SBV156_contig_6	SBV011_contig_2	96.354	192	7	0	10357	10548	12364	12173	6.31e-85	316
SBV156_contig_6	SBV180_contig_6	99.933	48958	0	2	1	48925	1	48958	0.0	90195
SBV156_contig_6	SBV180_contig_6	100.000	44315	0	0	49371	93685	48959	93273	0.0	81835
SBV156_contig_6	SBV180_contig_6	94.737	209	11	0	51281	51489	47103	46895	1.05e-87	326
SBV156_contig_6	SBV180_contig_6	94.737	209	11	0	46862	47070	51077	50869	1.05e-87	326
SBV156_contig_6	SBV180_contig_6	95.897	195	8	0	12161	12355	10554	10360	6.31e-85	316
SBV156_contig_6	SBV180_contig_6	96.354	192	7	0	10357	10548	12358	12167	6.31e-85	316
SBV156_contig_6	NC_003277.2_plasmid_pSLT	99.593	28468	97	15	32514	60974	19623	48078	0.0	51910
SBV156_contig_6	NC_003277.2_plasmid_pSLT	98.226	16295	264	8	62829	79101	57828	74119	0.0	28467
SBV156_contig_6	NC_003277.2_plasmid_pSLT	97.751	6669	125	11	1	6655	87276	93933	0.0	11461
SBV156_contig_6	NC_003277.2_plasmid_pSLT	94.382	6141	289	30	16302	22411	9677	15792	0.0	9378
SBV156_contig_6	NC_003277.2_plasmid_pSLT	97.774	4627	72	7	6656	11265	1	4613	0.0	7945
SBV156_contig_6	NC_003277.2_plasmid_pSLT	92.627	5100	356	20	83505	88594	77566	82655	0.0	7317
SBV156_contig_6	NC_003277.2_plasmid_pSLT	97.332	3186	85	0	22694	25879	16406	19591	0.0	5413
SBV156_contig_6	NC_003277.2_plasmid_pSLT	96.798	3029	65	16	90687	93685	84249	87275	0.0	5027
SBV156_contig_6	NC_003277.2_plasmid_pSLT	99.469	1882	9	1	60944	62825	55536	57416	0.0	3419
SBV156_contig_6	NC_003277.2_plasmid_pSLT	97.710	1921	43	1	11264	13183	4727	6647	0.0	3302
SBV156_contig_6	NC_003277.2_plasmid_pSLT	93.241	1805	119	1	79576	81377	74642	76446	0.0	2654
SBV156_contig_6	NC_003277.2_plasmid_pSLT	94.206	1001	55	3	81850	82848	76431	77430	0.0	1524
SBV156_contig_6	NC_003277.2_plasmid_pSLT	94.007	901	48	6	13841	14739	6687	7583	0.0	1360
SBV156_contig_6	NC_003277.2_plasmid_pSLT	93.251	726	49	0	89011	89736	83208	83933	0.0	1070
SBV156_contig_6	NC_003277.2_plasmid_pSLT	93.440	564	36	1	13229	13792	7590	8152	0.0	835
SBV156_contig_6	NC_003277.2_plasmid_pSLT	95.238	210	10	0	12161	12370	3884	3675	6.27e-90	333
SBV156_contig_6	NC_003277.2_plasmid_pSLT	94.737	209	11	0	51281	51489	34178	33970	1.05e-87	326
SBV156_contig_6	NC_003277.2_plasmid_pSLT	94.737	209	11	0	46862	47070	38597	38389	1.05e-87	326
SBV156_contig_6	NC_003277.2_plasmid_pSLT	95.833	192	8	0	10357	10548	5816	5625	2.94e-83	311
SBV156_contig_6	NC_003277.2_plasmid_pSLT	90.698	129	7	5	22439	22564	15933	16059	6.73e-40	167
SBV156_contig_6	NC_003277.2_plasmid_pSLT	93.421	76	5	0	22565	22640	16345	16420	8.89e-24	113
SBV156_contig_6	NC_003277.2_plasmid_pSLT	93.506	77	4	1	90609	90685	84048	84123	8.89e-24	113
SBV156_contig_6	NC_003277.2_plasmid_pSLT	85.507	69	9	1	90552	90619	83950	84018	5.43e-11	71.3
SBV180_contig_6	SBV344_contig_3	99.988	48958	0	1	1	48958	1	48952	0.0	90370
SBV180_contig_6	SBV344_contig_3	100.000	26501	0	0	66773	93273	66048	92548	0.0	48939
SBV180_contig_6	SBV344_contig_3	100.000	16652	0	0	48959	65610	49398	66049	0.0	30751
SBV180_contig_6	SBV344_contig_3	94.737	209	11	0	50869	51077	47097	46889	1.04e-87	326
SBV180_contig_6	SBV344_contig_3	94.737	209	11	0	46895	47103	51516	51308	1.04e-87	326
SBV180_contig_6	SBV344_contig_3	95.897	195	8	0	12167	12361	10548	10354	6.28e-85	316
SBV180_contig_6	SBV344_contig_3	96.354	192	7	0	10363	10554	12352	12161	6.28e-85	316
SBV180_contig_6	SBV312_contig_6	99.988	48958	0	1	1	48958	1	48952	0.0	90370
SBV180_contig_6	SBV312_contig_6	99.937	44315	0	1	48959	93273	49398	93684	0.0	81654
SBV180_contig_6	SBV312_contig_6	94.737	209	11	0	50869	51077	47097	46889	1.04e-87	326
SBV180_contig_6	SBV312_contig_6	94.737	209	11	0	46895	47103	51516	51308	1.04e-87	326
SBV180_contig_6	SBV312_contig_6	95.897	195	8	0	12167	12361	10548	10354	6.28e-85	316
SBV180_contig_6	SBV312_contig_6	96.354	192	7	0	10363	10554	12352	12161	6.28e-85	316
SBV180_contig_6	SBV196_contig_6	99.988	48958	0	1	1	48958	1	48952	0.0	90370
SBV180_contig_6	SBV196_contig_6	100.000	34065	0	0	59209	93273	59338	93402	0.0	62907
SBV180_contig_6	SBV196_contig_6	99.990	9946	0	1	48959	58903	49398	59343	0.0	18360
SBV180_contig_6	SBV196_contig_6	94.737	209	11	0	50869	51077	47097	46889	1.04e-87	326
SBV180_contig_6	SBV196_contig_6	94.737	209	11	0	46895	47103	51516	51308	1.04e-87	326
SBV180_contig_6	SBV196_contig_6	95.897	195	8	0	12167	12361	10548	10354	6.28e-85	316
SBV180_contig_6	SBV196_contig_6	96.354	192	7	0	10363	10554	12352	12161	6.28e-85	316
SBV180_contig_6	SBV154_contig_5	99.988	48958	0	1	1	48958	1	48952	0.0	90370
SBV180_contig_6	SBV154_contig_5	100.000	30085	0	0	63189	93273	62835	92919	0.0	55557
SBV180_contig_6	SBV154_contig_5	100.000	13437	0	0	48959	62395	49398	62834	0.0	24814
SBV180_contig_6	SBV154_contig_5	94.737	209	11	0	50869	51077	47097	46889	1.04e-87	326
SBV180_contig_6	SBV154_contig_5	94.737	209	11	0	46895	47103	51516	51308	1.04e-87	326
SBV180_contig_6	SBV154_contig_5	95.897	195	8	0	12167	12361	10548	10354	6.28e-85	316
SBV180_contig_6	SBV154_contig_5	96.354	192	7	0	10363	10554	12352	12161	6.28e-85	316
SBV180_contig_6	SBV140_contig_7	99.988	48958	0	1	1	48958	1	48952	0.0	90370
SBV180_contig_6	SBV140_contig_7	100.000	41355	0	0	51919	93273	51701	93055	0.0	76369
SBV180_contig_6	SBV140_contig_7	100.000	2303	0	0	48959	51261	49398	51700	0.0	4253
SBV180_contig_6	SBV140_contig_7	94.737	209	11	0	50869	51077	47097	46889	1.04e-87	326
SBV180_contig_6	SBV140_contig_7	94.737	209	11	0	46895	47103	51516	51308	1.04e-87	326
SBV180_contig_6	SBV140_contig_7	95.897	195	8	0	12167	12361	10548	10354	6.28e-85	316
SBV180_contig_6	SBV140_contig_7	96.354	192	7	0	10363	10554	12352	12161	6.28e-85	316
SBV180_contig_6	SBV046_contig_6	99.988	48958	0	1	1	48958	1	48952	0.0	90370
SBV180_contig_6	SBV046_contig_6	99.948	44315	0	1	48959	93273	49398	93689	0.0	81685
SBV180_contig_6	SBV046_contig_6	94.737	209	11	0	50869	51077	47097	46889	1.04e-87	326
SBV180_contig_6	SBV046_contig_6	94.737	209	11	0	46895	47103	51516	51308	1.04e-87	326
SBV180_contig_6	SBV046_contig_6	95.897	195	8	0	12167	12361	10548	10354	6.28e-85	316
SBV180_contig_6	SBV046_contig_6	96.354	192	7	0	10363	10554	12352	12161	6.28e-85	316
SBV180_contig_6	SBV011_contig_2	99.984	48964	2	1	1	48958	1	48964	0.0	90370
SBV180_contig_6	SBV011_contig_2	99.935	42915	1	1	50386	93273	50806	93720	0.0	79069
SBV180_contig_6	SBV011_contig_2	100.000	1398	0	0	48959	50356	49410	50807	0.0	2582
SBV180_contig_6	SBV011_contig_2	94.737	209	11	0	50869	51077	47109	46901	1.04e-87	326
SBV180_contig_6	SBV011_contig_2	94.737	209	11	0	46895	47103	51497	51289	1.04e-87	326
SBV180_contig_6	SBV011_contig_2	95.897	195	8	0	12167	12361	10560	10366	6.28e-85	316
SBV180_contig_6	SBV011_contig_2	96.354	192	7	0	10363	10554	12364	12173	6.28e-85	316
SBV180_contig_6	SBV005_contig_2	99.988	48958	0	1	1	48958	1	48952	0.0	90370
SBV180_contig_6	SBV005_contig_2	99.935	44324	1	2	48959	93273	49398	93702	0.0	81665
SBV180_contig_6	SBV005_contig_2	94.737	209	11	0	50869	51077	47097	46889	1.04e-87	326
SBV180_contig_6	SBV005_contig_2	94.737	209	11	0	46895	47103	51516	51308	1.04e-87	326
SBV180_contig_6	SBV005_contig_2	95.897	195	8	0	12167	12361	10548	10354	6.28e-85	316
SBV180_contig_6	SBV005_contig_2	96.354	192	7	0	10363	10554	12352	12161	6.28e-85	316
SBV180_contig_6	SBV016_contig_1	99.973	48964	1	2	1	48958	1	48958	0.0	90337
SBV180_contig_6	SBV016_contig_1	99.973	44324	3	1	48959	93273	49404	93727	0.0	81776
SBV180_contig_6	SBV016_contig_1	94.737	209	11	0	50869	51077	47103	46895	1.04e-87	326
SBV180_contig_6	SBV016_contig_1	94.737	209	11	0	46895	47103	51522	51314	1.04e-87	326
SBV180_contig_6	SBV016_contig_1	95.897	195	8	0	12167	12361	10560	10366	6.28e-85	316
SBV180_contig_6	SBV016_contig_1	96.354	192	7	0	10363	10554	12364	12173	6.28e-85	316
SBV180_contig_6	SBV282_contig_6	99.935	48958	0	2	1	48958	1	48926	0.0	90202
SBV180_contig_6	SBV282_contig_6	100.000	27339	0	0	48959	76297	49372	76710	0.0	50486
SBV180_contig_6	SBV282_contig_6	99.994	16950	1	0	76324	93273	76698	93647	0.0	31296
SBV180_contig_6	SBV282_contig_6	94.737	209	11	0	50869	51077	47071	46863	1.04e-87	326
SBV180_contig_6	SBV282_contig_6	94.737	209	11	0	46895	47103	51490	51282	1.04e-87	326
SBV180_contig_6	SBV282_contig_6	95.897	195	8	0	12167	12361	10548	10354	6.28e-85	316
SBV180_contig_6	SBV282_contig_6	96.354	192	7	0	10363	10554	12352	12161	6.28e-85	316
SBV180_contig_6	SBV156_contig_6	99.933	48958	0	2	1	48958	1	48925	0.0	90195
SBV180_contig_6	SBV156_contig_6	100.000	44315	0	0	48959	93273	49371	93685	0.0	81835
SBV180_contig_6	SBV156_contig_6	94.737	209	11	0	50869	51077	47070	46862	1.04e-87	326
SBV180_contig_6	SBV156_contig_6	94.737	209	11	0	46895	47103	51489	51281	1.04e-87	326
SBV180_contig_6	SBV156_contig_6	95.897	195	8	0	12167	12361	10548	10354	6.28e-85	316
SBV180_contig_6	SBV156_contig_6	96.354	192	7	0	10363	10554	12352	12161	6.28e-85	316
SBV180_contig_6	SBV348_contig_5	100.000	44315	0	0	48959	93273	49533	93847	0.0	81835
SBV180_contig_6	SBV348_contig_5	99.977	26545	0	1	1	26545	1	26539	0.0	48981
SBV180_contig_6	SBV348_contig_5	100.000	21547	0	0	27412	48958	27541	49087	0.0	39790
SBV180_contig_6	SBV348_contig_5	94.737	209	11	0	50869	51077	47232	47024	1.04e-87	326
SBV180_contig_6	SBV348_contig_5	94.737	209	11	0	46895	47103	51651	51443	1.04e-87	326
SBV180_contig_6	SBV348_contig_5	95.897	195	8	0	12167	12361	10548	10354	6.28e-85	316
SBV180_contig_6	SBV348_contig_5	96.354	192	7	0	10363	10554	12352	12161	6.28e-85	316
SBV180_contig_6	SBV261_contig_18	100.000	44315	0	0	48959	93273	49337	93651	0.0	81835
SBV180_contig_6	SBV261_contig_18	99.977	34215	1	2	1	34214	1	34209	0.0	63132
SBV180_contig_6	SBV261_contig_18	100.000	14691	0	0	34268	48958	34201	48891	0.0	27130
SBV180_contig_6	SBV261_contig_18	94.737	209	11	0	50869	51077	47036	46828	1.04e-87	326
SBV180_contig_6	SBV261_contig_18	94.737	209	11	0	46895	47103	51455	51247	1.04e-87	326
SBV180_contig_6	SBV261_contig_18	95.897	195	8	0	12167	12361	10548	10354	6.28e-85	316
SBV180_contig_6	SBV261_contig_18	96.354	192	7	0	10363	10554	12352	12161	6.28e-85	316
SBV180_contig_6	SBV112_contig_7	100.000	44315	0	0	48959	93273	49049	93363	0.0	81835
SBV180_contig_6	SBV112_contig_7	99.978	27332	0	1	1	27332	1	27326	0.0	50434
SBV180_contig_6	SBV112_contig_7	99.991	21286	1	1	27674	48958	27318	48603	0.0	39295
SBV180_contig_6	SBV112_contig_7	94.737	209	11	0	50869	51077	46748	46540	1.04e-87	326
SBV180_contig_6	SBV112_contig_7	94.737	209	11	0	46895	47103	51167	50959	1.04e-87	326
SBV180_contig_6	SBV112_contig_7	95.897	195	8	0	12167	12361	10548	10354	6.28e-85	316
SBV180_contig_6	SBV112_contig_7	96.354	192	7	0	10363	10554	12352	12161	6.28e-85	316
SBV180_contig_6	SBV215_contig_2	99.896	44334	15	3	48959	93273	42499	86820	0.0	81586
SBV180_contig_6	SBV215_contig_2	99.799	16416	24	8	32547	48958	25643	42053	0.0	30123
SBV180_contig_6	SBV215_contig_2	99.823	11271	2	1	1	11271	1	11253	0.0	20687
SBV180_contig_6	SBV215_contig_2	98.507	9581	141	2	16306	25885	16032	25611	0.0	16899
SBV180_contig_6	SBV215_contig_2	100.000	1920	0	0	11270	13189	11367	13286	0.0	3546
SBV180_contig_6	SBV215_contig_2	99.221	899	7	0	13847	14745	13326	14224	0.0	1622
SBV180_contig_6	SBV215_contig_2	99.301	572	4	0	13238	13809	14234	14805	0.0	1035
SBV180_contig_6	SBV215_contig_2	96.190	210	8	0	12167	12376	10536	10327	2.88e-93	344
SBV180_contig_6	SBV215_contig_2	94.737	209	11	0	50869	51077	40198	39990	1.04e-87	326
SBV180_contig_6	SBV215_contig_2	94.737	209	11	0	46895	47103	44617	44409	1.04e-87	326
SBV180_contig_6	SBV215_contig_2	96.354	192	7	0	10363	10554	12455	12264	6.28e-85	316
SBV180_contig_6	SBV026_contig_2	99.968	37741	12	0	48959	86699	49514	87254	0.0	69629
SBV180_contig_6	SBV026_contig_2	99.920	37696	23	2	11270	48958	11373	49068	0.0	69438
SBV180_contig_6	SBV026_contig_2	99.876	11271	2	1	1	11271	1	11259	0.0	20726
SBV180_contig_6	SBV026_contig_2	99.695	6548	2	1	86726	93273	87250	93779	0.0	11965
SBV180_contig_6	SBV026_contig_2	94.737	209	11	0	50869	51077	47213	47005	1.04e-87	326
SBV180_contig_6	SBV026_contig_2	94.737	209	11	0	46895	47103	51632	51424	1.04e-87	326
SBV180_contig_6	SBV026_contig_2	93.981	216	7	2	12167	12376	10542	10327	1.35e-86	322
SBV180_contig_6	SBV026_contig_2	96.354	192	7	0	10363	10554	12461	12270	6.28e-85	316
SBV180_contig_6	NC_003277.2_plasmid_pSLT	99.689	16418	38	12	32547	48958	19623	36033	0.0	30023
SBV180_contig_6	NC_003277.2_plasmid_pSLT	98.226	16295	264	8	62417	78689	57828	74119	0.0	28467
SBV180_contig_6	NC_003277.2_plasmid_pSLT	99.449	11605	58	3	48959	60562	36479	48078	0.0	21071
SBV180_contig_6	NC_003277.2_plasmid_pSLT	97.751	6669	125	11	1	6655	87276	93933	0.0	11461
SBV180_contig_6	NC_003277.2_plasmid_pSLT	94.382	6141	289	30	16308	22417	9677	15792	0.0	9378
SBV180_contig_6	NC_003277.2_plasmid_pSLT	97.647	4633	72	13	6656	11271	1	4613	0.0	7917
SBV180_contig_6	NC_003277.2_plasmid_pSLT	92.627	5100	356	20	83093	88182	77566	82655	0.0	7317
SBV180_contig_6	NC_003277.2_plasmid_pSLT	97.332	3186	85	0	22700	25885	16406	19591	0.0	5413
SBV180_contig_6	NC_003277.2_plasmid_pSLT	96.798	3029	65	16	90275	93273	84249	87275	0.0	5027
SBV180_contig_6	NC_003277.2_plasmid_pSLT	99.469	1882	9	1	60532	62413	55536	57416	0.0	3419
SBV180_contig_6	NC_003277.2_plasmid_pSLT	97.710	1921	43	1	11270	13189	4727	6647	0.0	3302
SBV180_contig_6	NC_003277.2_plasmid_pSLT	93.241	1805	119	1	79164	80965	74642	76446	0.0	2654
SBV180_contig_6	NC_003277.2_plasmid_pSLT	94.206	1001	55	3	81438	82436	76431	77430	0.0	1524
SBV180_contig_6	NC_003277.2_plasmid_pSLT	94.007	901	48	6	13847	14745	6687	7583	0.0	1360
SBV180_contig_6	NC_003277.2_plasmid_pSLT	93.251	726	49	0	88599	89324	83208	83933	0.0	1070
SBV180_contig_6	NC_003277.2_plasmid_pSLT	93.440	564	36	1	13235	13798	7590	8152	0.0	835
SBV180_contig_6	NC_003277.2_plasmid_pSLT	95.238	210	10	0	12167	12376	3884	3675	6.24e-90	333
SBV180_contig_6	NC_003277.2_plasmid_pSLT	94.737	209	11	0	50869	51077	34178	33970	1.04e-87	326
SBV180_contig_6	NC_003277.2_plasmid_pSLT	94.737	209	11	0	46895	47103	38597	38389	1.04e-87	326
SBV180_contig_6	NC_003277.2_plasmid_pSLT	95.833	192	8	0	10363	10554	5816	5625	2.92e-83	311
SBV180_contig_6	NC_003277.2_plasmid_pSLT	90.698	129	7	5	22445	22570	15933	16059	6.70e-40	167
SBV180_contig_6	NC_003277.2_plasmid_pSLT	93.421	76	5	0	22571	22646	16345	16420	8.85e-24	113
SBV180_contig_6	NC_003277.2_plasmid_pSLT	93.506	77	4	1	90197	90273	84048	84123	8.85e-24	113
SBV180_contig_6	NC_003277.2_plasmid_pSLT	85.507	69	9	1	90140	90207	83950	84018	5.40e-11	71.3
SBV196_contig_6	SBV344_contig_3	99.998	59343	0	1	1	59343	1	59342	0.0	1.096e+05
SBV196_contig_6	SBV344_contig_3	100.000	26501	0	0	66902	93402	66048	92548	0.0	48939
SBV196_contig_6	SBV344_contig_3	100.000	6402	0	0	59338	65739	59648	66049	0.0	11823
SBV196_contig_6	SBV344_contig_3	94.737	209	11	0	51308	51516	47097	46889	1.05e-87	326
SBV196_contig_6	SBV344_contig_3	94.737	209	11	0	46889	47097	51516	51308	1.05e-87	326
SBV196_contig_6	SBV344_contig_3	95.897	195	8	0	12161	12355	10548	10354	6.29e-85	316
SBV196_contig_6	SBV344_contig_3	96.354	192	7	0	10357	10548	12352	12161	6.29e-85	316
SBV196_contig_6	SBV312_contig_6	99.998	59343	0	1	1	59343	1	59342	0.0	1.096e+05
SBV196_contig_6	SBV312_contig_6	99.918	34065	0	1	59338	93402	59648	93684	0.0	62726
SBV196_contig_6	SBV312_contig_6	94.737	209	11	0	51308	51516	47097	46889	1.05e-87	326
SBV196_contig_6	SBV312_contig_6	94.737	209	11	0	46889	47097	51516	51308	1.05e-87	326
SBV196_contig_6	SBV312_contig_6	95.897	195	8	0	12161	12355	10548	10354	6.29e-85	316
SBV196_contig_6	SBV312_contig_6	96.354	192	7	0	10357	10548	12352	12161	6.29e-85	316
SBV196_contig_6	SBV154_contig_5	99.998	59343	0	1	1	59343	1	59342	0.0	1.096e+05
SBV196_contig_6	SBV154_contig_5	100.000	30085	0	0	63318	93402	62835	92919	0.0	55557
SBV196_contig_6	SBV154_contig_5	100.000	3187	0	0	59338	62524	59648	62834	0.0	5886
SBV196_contig_6	SBV154_contig_5	94.737	209	11	0	51308	51516	47097	46889	1.05e-87	326
SBV196_contig_6	SBV154_contig_5	94.737	209	11	0	46889	47097	51516	51308	1.05e-87	326
SBV196_contig_6	SBV154_contig_5	95.897	195	8	0	12161	12355	10548	10354	6.29e-85	316
SBV196_contig_6	SBV154_contig_5	96.354	192	7	0	10357	10548	12352	12161	6.29e-85	316
SBV196_contig_6	SBV005_contig_2	99.997	59343	1	1	1	59343	1	59342	0.0	1.096e+05
SBV196_contig_6	SBV005_contig_2	99.918	34074	0	2	59338	93402	59648	93702	0.0	62742
SBV196_contig_6	SBV005_contig_2	94.737	209	11	0	51308	51516	47097	46889	1.05e-87	326
SBV196_contig_6	SBV005_contig_2	94.737	209	11	0	46889	47097	51516	51308	1.05e-87	326
SBV196_contig_6	SBV005_contig_2	95.897	195	8	0	12161	12355	10548	10354	6.29e-85	316
SBV196_contig_6	SBV005_contig_2	96.354	192	7	0	10357	10548	12352	12161	6.29e-85	316
SBV196_contig_6	SBV016_contig_1	99.965	59355	2	3	1	59343	1	59348	0.0	1.095e+05
SBV196_contig_6	SBV016_contig_1	99.968	34074	2	1	59338	93402	59654	93727	0.0	62853
SBV196_contig_6	SBV016_contig_1	94.737	209	11	0	51308	51516	47103	46895	1.05e-87	326
SBV196_contig_6	SBV016_contig_1	94.737	209	11	0	46889	47097	51522	51314	1.05e-87	326
SBV196_contig_6	SBV016_contig_1	95.897	195	8	0	12161	12355	10560	10366	6.29e-85	316
SBV196_contig_6	SBV016_contig_1	96.354	192	7	0	10357	10548	12364	12173	6.29e-85	316
SBV196_contig_6	SBV046_contig_6	99.960	59343	0	2	1	59343	1	59319	0.0	1.094e+05
SBV196_contig_6	SBV046_contig_6	100.000	34065	0	0	59338	93402	59625	93689	0.0	62907
SBV196_contig_6	SBV046_contig_6	94.737	209	11	0	51308	51516	47097	46889	1.05e-87	326
SBV196_contig_6	SBV046_contig_6	94.737	209	11	0	46889	47097	51516	51308	1.05e-87	326
SBV196_contig_6	SBV046_contig_6	95.897	195	8	0	12161	12355	10548	10354	6.29e-85	316
SBV196_contig_6	SBV046_contig_6	96.354	192	7	0	10357	10548	12352	12161	6.29e-85	316
SBV196_contig_6	SBV282_contig_6	99.955	59343	0	2	1	59343	1	59316	0.0	1.094e+05
SBV196_contig_6	SBV282_contig_6	100.000	17089	0	0	59338	76426	59622	76710	0.0	31558
SBV196_contig_6	SBV282_contig_6	99.994	16950	1	0	76453	93402	76698	93647	0.0	31296
SBV196_contig_6	SBV282_contig_6	94.737	209	11	0	51308	51516	47071	46863	1.05e-87	326
SBV196_contig_6	SBV282_contig_6	94.737	209	11	0	46889	47097	51490	51282	1.05e-87	326
SBV196_contig_6	SBV282_contig_6	95.897	195	8	0	12161	12355	10548	10354	6.29e-85	316
SBV196_contig_6	SBV282_contig_6	96.354	192	7	0	10357	10548	12352	12161	6.29e-85	316
SBV196_contig_6	SBV156_contig_6	99.953	59343	0	2	1	59343	1	59315	0.0	1.094e+05
SBV196_contig_6	SBV156_contig_6	100.000	34065	0	0	59338	93402	59621	93685	0.0	62907
SBV196_contig_6	SBV156_contig_6	94.737	209	11	0	51308	51516	47070	46862	1.05e-87	326
SBV196_contig_6	SBV156_contig_6	94.737	209	11	0	46889	47097	51489	51281	1.05e-87	326
SBV196_contig_6	SBV156_contig_6	95.897	195	8	0	12161	12355	10548	10354	6.29e-85	316
SBV196_contig_6	SBV156_contig_6	96.354	192	7	0	10357	10548	12352	12161	6.29e-85	316
SBV196_contig_6	SBV140_contig_7	100.000	51700	0	0	1	51700	1	51700	0.0	95472
SBV196_contig_6	SBV140_contig_7	100.000	34065	0	0	59338	93402	58991	93055	0.0	62907
SBV196_contig_6	SBV140_contig_7	99.986	6986	0	1	52358	59343	51701	58685	0.0	12894
SBV196_contig_6	SBV140_contig_7	94.737	209	11	0	51308	51516	47097	46889	1.05e-87	326
SBV196_contig_6	SBV140_contig_7	94.737	209	11	0	46889	47097	51516	51308	1.05e-87	326
SBV196_contig_6	SBV140_contig_7	95.897	195	8	0	12161	12355	10548	10354	6.29e-85	316
SBV196_contig_6	SBV140_contig_7	96.354	192	7	0	10357	10548	12352	12161	6.29e-85	316
SBV196_contig_6	SBV011_contig_2	99.972	50807	2	1	1	50795	1	50807	0.0	93735
SBV196_contig_6	SBV011_contig_2	99.921	34092	0	1	59338	93402	59629	93720	0.0	62781
SBV196_contig_6	SBV011_contig_2	99.977	8519	1	1	50825	59343	50806	59323	0.0	15719
SBV196_contig_6	SBV011_contig_2	94.737	209	11	0	51308	51516	47109	46901	1.05e-87	326
SBV196_contig_6	SBV011_contig_2	94.737	209	11	0	46889	47097	51497	51289	1.05e-87	326
SBV196_contig_6	SBV011_contig_2	95.897	195	8	0	12161	12355	10560	10366	6.29e-85	316
SBV196_contig_6	SBV011_contig_2	96.354	192	7	0	10357	10548	12364	12173	6.29e-85	316
SBV196_contig_6	SBV180_contig_6	99.988	48958	0	1	1	48952	1	48958	0.0	90370
SBV196_contig_6	SBV180_contig_6	100.000	34065	0	0	59338	93402	59209	93273	0.0	62907
SBV196_contig_6	SBV180_contig_6	99.990	9946	0	1	49398	59343	48959	58903	0.0	18360
SBV196_contig_6	SBV180_contig_6	94.737	209	11	0	51308	51516	47103	46895	1.05e-87	326
SBV196_contig_6	SBV180_contig_6	94.737	209	11	0	46889	47097	51077	50869	1.05e-87	326
SBV196_contig_6	SBV180_contig_6	95.897	195	8	0	12161	12355	10554	10360	6.29e-85	316
SBV196_contig_6	SBV180_contig_6	96.354	192	7	0	10357	10548	12358	12167	6.29e-85	316
SBV196_contig_6	SBV026_contig_2	99.927	48087	27	3	11264	59343	11373	59458	0.0	88599
SBV196_contig_6	SBV026_contig_2	99.971	27491	8	0	59338	86828	59764	87254	0.0	50723
SBV196_contig_6	SBV026_contig_2	99.929	11265	2	1	1	11265	1	11259	0.0	20753
SBV196_contig_6	SBV026_contig_2	99.695	6548	2	1	86855	93402	87250	93779	0.0	11965
SBV196_contig_6	SBV026_contig_2	94.737	209	11	0	51308	51516	47213	47005	1.05e-87	326
SBV196_contig_6	SBV026_contig_2	94.737	209	11	0	46889	47097	51632	51424	1.05e-87	326
SBV196_contig_6	SBV026_contig_2	93.981	216	7	2	12161	12370	10542	10327	1.35e-86	322
SBV196_contig_6	SBV026_contig_2	96.354	192	7	0	10357	10548	12461	12270	6.29e-85	316
SBV196_contig_6	SBV261_contig_18	99.994	34209	1	1	1	34208	1	34209	0.0	63160
SBV196_contig_6	SBV261_contig_18	100.000	34065	0	0	59338	93402	59587	93651	0.0	62907
SBV196_contig_6	SBV261_contig_18	99.996	25082	0	1	34262	59343	34201	59281	0.0	46311
SBV196_contig_6	SBV261_contig_18	94.737	209	11	0	51308	51516	47036	46828	1.05e-87	326
SBV196_contig_6	SBV261_contig_18	94.737	209	11	0	46889	47097	51455	51247	1.05e-87	326
SBV196_contig_6	SBV261_contig_18	95.897	195	8	0	12161	12355	10548	10354	6.29e-85	316
SBV196_contig_6	SBV261_contig_18	96.354	192	7	0	10357	10548	12352	12161	6.29e-85	316
SBV196_contig_6	SBV348_contig_5	100.000	34065	0	0	59338	93402	59783	93847	0.0	62907
SBV196_contig_6	SBV348_contig_5	99.997	31938	0	1	27406	59343	27541	59477	0.0	58972
SBV196_contig_6	SBV348_contig_5	100.000	26539	0	0	1	26539	1	26539	0.0	49009
SBV196_contig_6	SBV348_contig_5	94.737	209	11	0	51308	51516	47232	47024	1.05e-87	326
SBV196_contig_6	SBV348_contig_5	94.737	209	11	0	46889	47097	51651	51443	1.05e-87	326
SBV196_contig_6	SBV348_contig_5	95.897	195	8	0	12161	12355	10548	10354	6.29e-85	316
SBV196_contig_6	SBV348_contig_5	96.354	192	7	0	10357	10548	12352	12161	6.29e-85	316
SBV196_contig_6	SBV112_contig_7	100.000	34065	0	0	59338	93402	59299	93363	0.0	62907
SBV196_contig_6	SBV112_contig_7	99.991	31677	1	2	27668	59343	27318	58993	0.0	58478
SBV196_contig_6	SBV112_contig_7	100.000	27326	0	0	1	27326	1	27326	0.0	50462
SBV196_contig_6	SBV112_contig_7	94.737	209	11	0	51308	51516	46748	46540	1.05e-87	326
SBV196_contig_6	SBV112_contig_7	94.737	209	11	0	46889	47097	51167	50959	1.05e-87	326
SBV196_contig_6	SBV112_contig_7	95.897	195	8	0	12161	12355	10548	10354	6.29e-85	316
SBV196_contig_6	SBV112_contig_7	96.354	192	7	0	10357	10548	12352	12161	6.29e-85	316
SBV196_contig_6	SBV215_contig_2	99.877	34084	11	3	59338	93402	52749	86820	0.0	62680
SBV196_contig_6	SBV215_contig_2	99.858	26807	28	9	32541	59343	25643	52443	0.0	49284
SBV196_contig_6	SBV215_contig_2	99.876	11265	2	1	1	11265	1	11253	0.0	20714
SBV196_contig_6	SBV215_contig_2	98.507	9581	141	2	16300	25879	16032	25611	0.0	16899
SBV196_contig_6	SBV215_contig_2	100.000	1920	0	0	11264	13183	11367	13286	0.0	3546
SBV196_contig_6	SBV215_contig_2	99.221	899	7	0	13841	14739	13326	14224	0.0	1622
SBV196_contig_6	SBV215_contig_2	99.301	572	4	0	13232	13803	14234	14805	0.0	1035
SBV196_contig_6	SBV215_contig_2	96.190	210	8	0	12161	12370	10536	10327	2.89e-93	344
SBV196_contig_6	SBV215_contig_2	94.737	209	11	0	51308	51516	40198	39990	1.05e-87	326
SBV196_contig_6	SBV215_contig_2	94.737	209	11	0	46889	47097	44617	44409	1.05e-87	326
SBV196_contig_6	SBV215_contig_2	96.354	192	7	0	10357	10548	12455	12264	6.29e-85	316
SBV196_contig_6	NC_003277.2_plasmid_pSLT	99.582	26810	93	15	32541	59343	19623	46420	0.0	48870
SBV196_contig_6	NC_003277.2_plasmid_pSLT	98.226	16295	264	8	62546	78818	57828	74119	0.0	28467
SBV196_contig_6	NC_003277.2_plasmid_pSLT	97.751	6669	125	11	1	6655	87276	93933	0.0	11461
SBV196_contig_6	NC_003277.2_plasmid_pSLT	94.382	6141	289	30	16302	22411	9677	15792	0.0	9378
SBV196_contig_6	NC_003277.2_plasmid_pSLT	97.774	4627	72	7	6656	11265	1	4613	0.0	7945
SBV196_contig_6	NC_003277.2_plasmid_pSLT	92.627	5100	356	20	83222	88311	77566	82655	0.0	7317
SBV196_contig_6	NC_003277.2_plasmid_pSLT	97.332	3186	85	0	22694	25879	16406	19591	0.0	5413
SBV196_contig_6	NC_003277.2_plasmid_pSLT	96.798	3029	65	16	90404	93402	84249	87275	0.0	5027
SBV196_contig_6	NC_003277.2_plasmid_pSLT	99.469	1882	9	1	60661	62542	55536	57416	0.0	3419
SBV196_contig_6	NC_003277.2_plasmid_pSLT	97.710	1921	43	1	11264	13183	4727	6647	0.0	3302
SBV196_contig_6	NC_003277.2_plasmid_pSLT	93.241	1805	119	1	79293	81094	74642	76446	0.0	2654
SBV196_contig_6	NC_003277.2_plasmid_pSLT	99.631	1354	4	1	59338	60691	46726	48078	0.0	2471
SBV196_contig_6	NC_003277.2_plasmid_pSLT	94.206	1001	55	3	81567	82565	76431	77430	0.0	1524
SBV196_contig_6	NC_003277.2_plasmid_pSLT	94.007	901	48	6	13841	14739	6687	7583	0.0	1360
SBV196_contig_6	NC_003277.2_plasmid_pSLT	93.251	726	49	0	88728	89453	83208	83933	0.0	1070
SBV196_contig_6	NC_003277.2_plasmid_pSLT	93.440	564	36	1	13229	13792	7590	8152	0.0	835
SBV196_contig_6	NC_003277.2_plasmid_pSLT	95.238	210	10	0	12161	12370	3884	3675	6.25e-90	333
SBV196_contig_6	NC_003277.2_plasmid_pSLT	94.737	209	11	0	51308	51516	34178	33970	1.05e-87	326
SBV196_contig_6	NC_003277.2_plasmid_pSLT	94.737	209	11	0	46889	47097	38597	38389	1.05e-87	326
SBV196_contig_6	NC_003277.2_plasmid_pSLT	95.833	192	8	0	10357	10548	5816	5625	2.93e-83	311
SBV196_contig_6	NC_003277.2_plasmid_pSLT	90.698	129	7	5	22439	22564	15933	16059	6.71e-40	167
SBV196_contig_6	NC_003277.2_plasmid_pSLT	93.421	76	5	0	22565	22640	16345	16420	8.86e-24	113
SBV196_contig_6	NC_003277.2_plasmid_pSLT	93.506	77	4	1	90326	90402	84048	84123	8.86e-24	113
SBV196_contig_6	NC_003277.2_plasmid_pSLT	85.507	69	9	1	90269	90336	83950	84018	5.41e-11	71.3
SBV215_contig_2	SBV016_contig_1	99.874	61195	40	12	25643	86820	32553	93727	0.0	1.125e+05
SBV215_contig_2	SBV016_contig_1	99.761	11277	3	1	1	11253	1	11277	0.0	20654
SBV215_contig_2	SBV016_contig_1	98.507	9581	141	2	16032	25611	16312	25891	0.0	16899
SBV215_contig_2	SBV016_contig_1	100.000	1920	0	0	11367	13286	11276	13195	0.0	3546
SBV215_contig_2	SBV016_contig_1	99.221	899	7	0	13326	14224	13853	14751	0.0	1622
SBV215_contig_2	SBV016_contig_1	99.301	572	4	0	14234	14805	13244	13815	0.0	1035
SBV215_contig_2	SBV016_contig_1	96.190	210	8	0	10327	10536	12382	12173	2.68e-93	344
SBV215_contig_2	SBV016_contig_1	94.737	209	11	0	44409	44617	47103	46895	9.72e-88	326
SBV215_contig_2	SBV016_contig_1	94.737	209	11	0	39990	40198	51522	51314	9.72e-88	326
SBV215_contig_2	SBV016_contig_1	95.897	195	8	0	12264	12458	10560	10366	5.85e-85	316
SBV215_contig_2	SBV348_contig_5	99.871	61195	39	11	25643	86820	32676	93847	0.0	1.125e+05
SBV215_contig_2	SBV348_contig_5	99.876	11265	2	1	1	11253	1	11265	0.0	20714
SBV215_contig_2	SBV348_contig_5	98.507	9581	141	2	16032	25611	16300	25879	0.0	16899
SBV215_contig_2	SBV348_contig_5	100.000	1920	0	0	11367	13286	11264	13183	0.0	3546
SBV215_contig_2	SBV348_contig_5	99.221	899	7	0	13326	14224	13841	14739	0.0	1622
SBV215_contig_2	SBV348_contig_5	99.301	572	4	0	14234	14805	13232	13803	0.0	1035
SBV215_contig_2	SBV348_contig_5	96.190	210	8	0	10327	10536	12370	12161	2.68e-93	344
SBV215_contig_2	SBV348_contig_5	94.737	209	11	0	44409	44617	47232	47024	9.72e-88	326
SBV215_contig_2	SBV348_contig_5	94.737	209	11	0	39990	40198	51651	51443	9.72e-88	326
SBV215_contig_2	SBV348_contig_5	95.897	195	8	0	12264	12458	10548	10354	5.85e-85	316
SBV215_contig_2	SBV156_contig_6	99.871	61195	39	11	25643	86820	32514	93685	0.0	1.125e+05
SBV215_contig_2	SBV156_contig_6	99.876	11265	2	1	1	11253	1	11265	0.0	20714
SBV215_contig_2	SBV156_contig_6	98.507	9581	141	2	16032	25611	16300	25879	0.0	16899
SBV215_contig_2	SBV156_contig_6	100.000	1920	0	0	11367	13286	11264	13183	0.0	3546
SBV215_contig_2	SBV156_contig_6	99.221	899	7	0	13326	14224	13841	14739	0.0	1622
SBV215_contig_2	SBV156_contig_6	99.301	572	4	0	14234	14805	13232	13803	0.0	1035
SBV215_contig_2	SBV156_contig_6	96.190	210	8	0	10327	10536	12370	12161	2.68e-93	344
SBV215_contig_2	SBV156_contig_6	94.737	209	11	0	44409	44617	47070	46862	9.72e-88	326
SBV215_contig_2	SBV156_contig_6	94.737	209	11	0	39990	40198	51489	51281	9.72e-88	326
SBV215_contig_2	SBV156_contig_6	95.897	195	8	0	12264	12458	10548	10354	5.85e-85	316
SBV215_contig_2	SBV112_contig_7	99.871	61195	39	11	25643	86820	32192	93363	0.0	1.125e+05
SBV215_contig_2	SBV112_contig_7	99.876	11265	2	1	1	11253	1	11265	0.0	20714
SBV215_contig_2	SBV112_contig_7	98.507	9581	141	2	16032	25611	16300	25879	0.0	16899
SBV215_contig_2	SBV112_contig_7	100.000	1920	0	0	11367	13286	11264	13183	0.0	3546
SBV215_contig_2	SBV112_contig_7	99.221	899	7	0	13326	14224	13841	14739	0.0	1622
SBV215_contig_2	SBV112_contig_7	99.301	572	4	0	14234	14805	13232	13803	0.0	1035
SBV215_contig_2	SBV112_contig_7	96.190	210	8	0	10327	10536	12370	12161	2.68e-93	344
SBV215_contig_2	SBV112_contig_7	94.737	209	11	0	44409	44617	46748	46540	9.72e-88	326
SBV215_contig_2	SBV112_contig_7	94.737	209	11	0	39990	40198	51167	50959	9.72e-88	326
SBV215_contig_2	SBV112_contig_7	95.897	195	8	0	12264	12458	10548	10354	5.85e-85	316
SBV215_contig_2	SBV005_contig_2	99.856	61195	38	12	25643	86820	32541	93702	0.0	1.125e+05
SBV215_contig_2	SBV005_contig_2	99.876	11265	2	1	1	11253	1	11265	0.0	20714
SBV215_contig_2	SBV005_contig_2	98.507	9581	141	2	16032	25611	16300	25879	0.0	16899
SBV215_contig_2	SBV005_contig_2	100.000	1920	0	0	11367	13286	11264	13183	0.0	3546
SBV215_contig_2	SBV005_contig_2	99.221	899	7	0	13326	14224	13841	14739	0.0	1622
SBV215_contig_2	SBV005_contig_2	99.301	572	4	0	14234	14805	13232	13803	0.0	1035
SBV215_contig_2	SBV005_contig_2	96.190	210	8	0	10327	10536	12370	12161	2.68e-93	344
SBV215_contig_2	SBV005_contig_2	94.737	209	11	0	44409	44617	47097	46889	9.72e-88	326
SBV215_contig_2	SBV005_contig_2	94.737	209	11	0	39990	40198	51516	51308	9.72e-88	326
SBV215_contig_2	SBV005_contig_2	95.897	195	8	0	12264	12458	10548	10354	5.85e-85	316
SBV215_contig_2	SBV046_contig_6	99.835	61195	38	12	25643	86820	32541	93689	0.0	1.124e+05
SBV215_contig_2	SBV046_contig_6	99.876	11265	2	1	1	11253	1	11265	0.0	20714
SBV215_contig_2	SBV046_contig_6	98.507	9581	141	2	16032	25611	16300	25879	0.0	16899
SBV215_contig_2	SBV046_contig_6	100.000	1920	0	0	11367	13286	11264	13183	0.0	3546
SBV215_contig_2	SBV046_contig_6	99.221	899	7	0	13326	14224	13841	14739	0.0	1622
SBV215_contig_2	SBV046_contig_6	99.301	572	4	0	14234	14805	13232	13803	0.0	1035
SBV215_contig_2	SBV046_contig_6	96.190	210	8	0	10327	10536	12370	12161	2.68e-93	344
SBV215_contig_2	SBV046_contig_6	94.737	209	11	0	44409	44617	47097	46889	9.72e-88	326
SBV215_contig_2	SBV046_contig_6	94.737	209	11	0	39990	40198	51516	51308	9.72e-88	326
SBV215_contig_2	SBV046_contig_6	95.897	195	8	0	12264	12458	10548	10354	5.85e-85	316
SBV215_contig_2	SBV312_contig_6	99.825	61195	39	12	25643	86820	32541	93684	0.0	1.124e+05
SBV215_contig_2	SBV312_contig_6	99.876	11265	2	1	1	11253	1	11265	0.0	20714
SBV215_contig_2	SBV312_contig_6	98.507	9581	141	2	16032	25611	16300	25879	0.0	16899
SBV215_contig_2	SBV312_contig_6	100.000	1920	0	0	11367	13286	11264	13183	0.0	3546
SBV215_contig_2	SBV312_contig_6	99.221	899	7	0	13326	14224	13841	14739	0.0	1622
SBV215_contig_2	SBV312_contig_6	99.301	572	4	0	14234	14805	13232	13803	0.0	1035
SBV215_contig_2	SBV312_contig_6	96.190	210	8	0	10327	10536	12370	12161	2.68e-93	344
SBV215_contig_2	SBV312_contig_6	94.737	209	11	0	44409	44617	47097	46889	9.72e-88	326
SBV215_contig_2	SBV312_contig_6	94.737	209	11	0	39990	40198	51516	51308	9.72e-88	326
SBV215_contig_2	SBV312_contig_6	95.897	195	8	0	12264	12458	10548	10354	5.85e-85	316
SBV215_contig_2	SBV261_contig_18	99.914	59470	20	3	27363	86820	34201	93651	0.0	1.095e+05
SBV215_contig_2	SBV261_contig_18	99.876	11265	2	1	1	11253	1	11265	0.0	20714
SBV215_contig_2	SBV261_contig_18	98.507	9581	141	2	16032	25611	16300	25879	0.0	16899
SBV215_contig_2	SBV261_contig_18	100.000	1920	0	0	11367	13286	11264	13183	0.0	3546
SBV215_contig_2	SBV261_contig_18	98.207	1673	20	9	25643	27309	32541	34209	0.0	2915
SBV215_contig_2	SBV261_contig_18	99.221	899	7	0	13326	14224	13841	14739	0.0	1622
SBV215_contig_2	SBV261_contig_18	99.301	572	4	0	14234	14805	13232	13803	0.0	1035
SBV215_contig_2	SBV261_contig_18	96.190	210	8	0	10327	10536	12370	12161	2.68e-93	344
SBV215_contig_2	SBV261_contig_18	94.737	209	11	0	44409	44617	47036	46828	9.72e-88	326
SBV215_contig_2	SBV261_contig_18	94.737	209	11	0	39990	40198	51455	51247	9.72e-88	326
SBV215_contig_2	SBV261_contig_18	95.897	195	8	0	12264	12458	10548	10354	5.85e-85	316
SBV215_contig_2	SBV026_contig_2	99.892	54602	38	9	25643	80227	32657	87254	0.0	1.005e+05
SBV215_contig_2	SBV026_contig_2	99.940	13284	2	1	1	13278	1	13284	0.0	24482
SBV215_contig_2	SBV026_contig_2	98.497	9582	141	3	16032	25611	16415	25995	0.0	16894
SBV215_contig_2	SBV026_contig_2	99.982	5527	0	1	80254	85780	87250	92775	0.0	10200
SBV215_contig_2	SBV026_contig_2	100.000	1056	0	0	85765	86820	92724	93779	0.0	1951
SBV215_contig_2	SBV026_contig_2	99.221	899	7	0	13326	14224	13956	14854	0.0	1622
SBV215_contig_2	SBV026_contig_2	99.301	572	4	0	14234	14805	13347	13918	0.0	1035
SBV215_contig_2	SBV026_contig_2	96.190	210	8	0	10327	10536	12479	12270	2.68e-93	344
SBV215_contig_2	SBV026_contig_2	94.737	209	11	0	44409	44617	47213	47005	9.72e-88	326
SBV215_contig_2	SBV026_contig_2	94.737	209	11	0	39990	40198	51632	51424	9.72e-88	326
SBV215_contig_2	SBV026_contig_2	93.981	216	7	2	12264	12473	10542	10327	1.26e-86	322
SBV215_contig_2	SBV180_contig_6	99.896	44334	15	3	42499	86820	48959	93273	0.0	81586
SBV215_contig_2	SBV180_contig_6	99.799	16416	24	8	25643	42053	32547	48958	0.0	30123
SBV215_contig_2	SBV180_contig_6	99.823	11271	2	1	1	11253	1	11271	0.0	20687
SBV215_contig_2	SBV180_contig_6	98.507	9581	141	2	16032	25611	16306	25885	0.0	16899
SBV215_contig_2	SBV180_contig_6	100.000	1920	0	0	11367	13286	11270	13189	0.0	3546
SBV215_contig_2	SBV180_contig_6	99.221	899	7	0	13326	14224	13847	14745	0.0	1622
SBV215_contig_2	SBV180_contig_6	99.301	572	4	0	14234	14805	13238	13809	0.0	1035
SBV215_contig_2	SBV180_contig_6	96.190	210	8	0	10327	10536	12376	12167	2.68e-93	344
SBV215_contig_2	SBV180_contig_6	94.737	209	11	0	44409	44617	47103	46895	9.72e-88	326
SBV215_contig_2	SBV180_contig_6	94.737	209	11	0	39990	40198	51077	50869	9.72e-88	326
SBV215_contig_2	SBV180_contig_6	95.897	195	8	0	12264	12458	10554	10360	5.85e-85	316
SBV215_contig_2	SBV282_contig_6	99.903	44200	34	8	25643	69837	32515	76710	0.0	81375
SBV215_contig_2	SBV282_contig_6	99.782	16969	6	3	69864	86820	76698	93647	0.0	31102
SBV215_contig_2	SBV282_contig_6	99.876	11265	2	1	1	11253	1	11265	0.0	20714
SBV215_contig_2	SBV282_contig_6	98.507	9581	141	2	16032	25611	16274	25853	0.0	16899
SBV215_contig_2	SBV282_contig_6	100.000	1920	0	0	11367	13286	11264	13183	0.0	3546
SBV215_contig_2	SBV282_contig_6	99.221	899	7	0	13326	14224	13841	14739	0.0	1622
SBV215_contig_2	SBV282_contig_6	99.301	572	4	0	14234	14805	13232	13803	0.0	1035
SBV215_contig_2	SBV282_contig_6	96.190	210	8	0	10327	10536	12370	12161	2.68e-93	344
SBV215_contig_2	SBV282_contig_6	94.737	209	11	0	44409	44617	47071	46863	9.72e-88	326
SBV215_contig_2	SBV282_contig_6	94.737	209	11	0	39990	40198	51490	51282	9.72e-88	326
SBV215_contig_2	SBV282_contig_6	95.897	195	8	0	12264	12458	10548	10354	5.85e-85	316
SBV215_contig_2	SBV011_contig_2	99.916	42916	14	3	43926	86820	50806	93720	0.0	79032
SBV215_contig_2	SBV011_contig_2	99.814	18259	25	8	25643	43896	32553	50807	0.0	33521
SBV215_contig_2	SBV011_contig_2	99.769	11277	2	1	1	11253	1	11277	0.0	20659
SBV215_contig_2	SBV011_contig_2	98.508	9582	139	4	16032	25611	16312	25891	0.0	16899
SBV215_contig_2	SBV011_contig_2	100.000	1920	0	0	11367	13286	11276	13195	0.0	3546
SBV215_contig_2	SBV011_contig_2	99.221	899	7	0	13326	14224	13853	14751	0.0	1622
SBV215_contig_2	SBV011_contig_2	99.301	572	4	0	14234	14805	13244	13815	0.0	1035
SBV215_contig_2	SBV011_contig_2	96.190	210	8	0	10327	10536	12382	12173	2.68e-93	344
SBV215_contig_2	SBV011_contig_2	94.737	209	11	0	44409	44617	47109	46901	9.72e-88	326
SBV215_contig_2	SBV011_contig_2	94.737	209	11	0	39990	40198	51497	51289	9.72e-88	326
SBV215_contig_2	SBV011_contig_2	95.897	195	8	0	12264	12458	10560	10366	5.85e-85	316
SBV215_contig_2	SBV140_contig_7	99.891	41374	14	3	45459	86820	51701	93055	0.0	76125
SBV215_contig_2	SBV140_contig_7	99.828	19164	24	8	25643	44801	32541	51700	0.0	35198
SBV215_contig_2	SBV140_contig_7	99.876	11265	2	1	1	11253	1	11265	0.0	20714
SBV215_contig_2	SBV140_contig_7	98.507	9581	141	2	16032	25611	16300	25879	0.0	16899
SBV215_contig_2	SBV140_contig_7	100.000	1920	0	0	11367	13286	11264	13183	0.0	3546
SBV215_contig_2	SBV140_contig_7	99.221	899	7	0	13326	14224	13841	14739	0.0	1622
SBV215_contig_2	SBV140_contig_7	99.301	572	4	0	14234	14805	13232	13803	0.0	1035
SBV215_contig_2	SBV140_contig_7	96.190	210	8	0	10327	10536	12370	12161	2.68e-93	344
SBV215_contig_2	SBV140_contig_7	94.737	209	11	0	44409	44617	47097	46889	9.72e-88	326
SBV215_contig_2	SBV140_contig_7	94.737	209	11	0	39990	40198	51516	51308	9.72e-88	326
SBV215_contig_2	SBV140_contig_7	95.897	195	8	0	12264	12458	10548	10354	5.85e-85	316
SBV215_contig_2	SBV196_contig_6	99.877	34084	11	3	52749	86820	59338	93402	0.0	62680
SBV215_contig_2	SBV196_contig_6	99.858	26807	28	9	25643	52443	32541	59343	0.0	49284
SBV215_contig_2	SBV196_contig_6	99.876	11265	2	1	1	11253	1	11265	0.0	20714
SBV215_contig_2	SBV196_contig_6	98.507	9581	141	2	16032	25611	16300	25879	0.0	16899
SBV215_contig_2	SBV196_contig_6	100.000	1920	0	0	11367	13286	11264	13183	0.0	3546
SBV215_contig_2	SBV196_contig_6	99.221	899	7	0	13326	14224	13841	14739	0.0	1622
SBV215_contig_2	SBV196_contig_6	99.301	572	4	0	14234	14805	13232	13803	0.0	1035
SBV215_contig_2	SBV196_contig_6	96.190	210	8	0	10327	10536	12370	12161	2.68e-93	344
SBV215_contig_2	SBV196_contig_6	94.737	209	11	0	44409	44617	47097	46889	9.72e-88	326
SBV215_contig_2	SBV196_contig_6	94.737	209	11	0	39990	40198	51516	51308	9.72e-88	326
SBV215_contig_2	SBV196_contig_6	95.897	195	8	0	12264	12458	10548	10354	5.85e-85	316
SBV215_contig_2	SBV344_contig_3	99.875	33513	33	8	25643	59150	32541	66049	0.0	61645
SBV215_contig_2	SBV344_contig_3	99.860	26520	6	3	60313	86820	66048	92548	0.0	48739
SBV215_contig_2	SBV344_contig_3	99.876	11265	2	1	1	11253	1	11265	0.0	20714
SBV215_contig_2	SBV344_contig_3	98.507	9581	141	2	16032	25611	16300	25879	0.0	16899
SBV215_contig_2	SBV344_contig_3	100.000	1920	0	0	11367	13286	11264	13183	0.0	3546
SBV215_contig_2	SBV344_contig_3	99.221	899	7	0	13326	14224	13841	14739	0.0	1622
SBV215_contig_2	SBV344_contig_3	99.301	572	4	0	14234	14805	13232	13803	0.0	1035
SBV215_contig_2	SBV344_contig_3	96.190	210	8	0	10327	10536	12370	12161	2.68e-93	344
SBV215_contig_2	SBV344_contig_3	94.737	209	11	0	44409	44617	47097	46889	9.72e-88	326
SBV215_contig_2	SBV344_contig_3	94.737	209	11	0	39990	40198	51516	51308	9.72e-88	326
SBV215_contig_2	SBV344_contig_3	95.897	195	8	0	12264	12458	10548	10354	5.85e-85	316
SBV215_contig_2	NC_003277.2_plasmid_pSLT	99.441	31680	166	8	22427	54102	16406	48078	0.0	57511
SBV215_contig_2	NC_003277.2_plasmid_pSLT	98.226	16295	264	8	55957	72229	57828	74119	0.0	28467
SBV215_contig_2	NC_003277.2_plasmid_pSLT	97.144	8158	208	10	6656	14794	1	8152	0.0	13751
SBV215_contig_2	NC_003277.2_plasmid_pSLT	97.781	6669	123	11	1	6655	87276	93933	0.0	11472
SBV215_contig_2	NC_003277.2_plasmid_pSLT	93.668	6143	330	34	16034	22144	9677	15792	0.0	9134
SBV215_contig_2	NC_003277.2_plasmid_pSLT	92.647	5100	355	20	76621	81710	77566	82655	0.0	7323
SBV215_contig_2	NC_003277.2_plasmid_pSLT	97.392	3029	65	8	83804	86820	84249	87275	0.0	5144
SBV215_contig_2	NC_003277.2_plasmid_pSLT	99.522	1882	8	1	54072	55953	55536	57416	0.0	3424
SBV215_contig_2	NC_003277.2_plasmid_pSLT	93.241	1805	119	1	72704	74505	74642	76446	0.0	2654
SBV215_contig_2	NC_003277.2_plasmid_pSLT	93.007	1001	55	7	74978	75964	76431	77430	0.0	1447
SBV215_contig_2	NC_003277.2_plasmid_pSLT	93.251	726	49	0	82127	82852	83208	83933	0.0	1070
SBV215_contig_2	NC_003277.2_plasmid_pSLT	95.714	210	9	0	10327	10536	5834	5625	1.25e-91	339
SBV215_contig_2	NC_003277.2_plasmid_pSLT	95.238	210	10	0	12264	12473	3884	3675	5.81e-90	333
SBV215_contig_2	NC_003277.2_plasmid_pSLT	94.737	209	11	0	44409	44617	34178	33970	9.72e-88	326
SBV215_contig_2	NC_003277.2_plasmid_pSLT	94.737	209	11	0	39990	40198	38597	38389	9.72e-88	326
SBV215_contig_2	NC_003277.2_plasmid_pSLT	91.473	129	6	5	22172	22297	15933	16059	1.34e-41	172
SBV215_contig_2	NC_003277.2_plasmid_pSLT	93.506	77	4	1	83726	83802	84048	84123	8.24e-24	113
SBV215_contig_2	NC_003277.2_plasmid_pSLT	85.507	69	9	1	83669	83736	83950	84018	5.03e-11	71.3
SBV215_contig_2	SBV154_contig_5	99.875	30298	29	8	25643	55935	32541	62834	0.0	55731
SBV215_contig_2	SBV154_contig_5	99.864	30104	10	3	56729	86820	62835	92919	0.0	55335
SBV215_contig_2	SBV154_contig_5	99.876	11265	2	1	1	11253	1	11265	0.0	20714
SBV215_contig_2	SBV154_contig_5	98.507	9581	141	2	16032	25611	16300	25879	0.0	16899
SBV215_contig_2	SBV154_contig_5	100.000	1920	0	0	11367	13286	11264	13183	0.0	3546
SBV215_contig_2	SBV154_contig_5	99.221	899	7	0	13326	14224	13841	14739	0.0	1622
SBV215_contig_2	SBV154_contig_5	99.301	572	4	0	14234	14805	13232	13803	0.0	1035
SBV215_contig_2	SBV154_contig_5	96.190	210	8	0	10327	10536	12370	12161	2.68e-93	344
SBV215_contig_2	SBV154_contig_5	94.737	209	11	0	44409	44617	47097	46889	9.72e-88	326
SBV215_contig_2	SBV154_contig_5	94.737	209	11	0	39990	40198	51516	51308	9.72e-88	326
SBV215_contig_2	SBV154_contig_5	95.897	195	8	0	12264	12458	10548	10354	5.85e-85	316
SBV261_contig_18	SBV348_contig_5	100.000	59451	0	0	34201	93651	34397	93847	0.0	1.098e+05
SBV261_contig_18	SBV348_contig_5	100.000	26539	0	0	1	26539	1	26539	0.0	49009
SBV261_contig_18	SBV348_contig_5	99.971	6804	1	1	27406	34209	27541	34343	0.0	12552
SBV261_contig_18	SBV348_contig_5	94.737	209	11	0	51247	51455	47232	47024	1.05e-87	326
SBV261_contig_18	SBV348_contig_5	94.737	209	11	0	46828	47036	51651	51443	1.05e-87	326
SBV261_contig_18	SBV348_contig_5	95.897	195	8	0	12161	12355	10548	10354	6.31e-85	316
SBV261_contig_18	SBV348_contig_5	96.354	192	7	0	10357	10548	12352	12161	6.31e-85	316
SBV261_contig_18	SBV156_contig_6	100.000	59451	0	0	34201	93651	34235	93685	0.0	1.098e+05
SBV261_contig_18	SBV156_contig_6	99.915	34209	1	2	1	34209	1	34181	0.0	62986
SBV261_contig_18	SBV156_contig_6	94.737	209	11	0	51247	51455	47070	46862	1.05e-87	326
SBV261_contig_18	SBV156_contig_6	94.737	209	11	0	46828	47036	51489	51281	1.05e-87	326
SBV261_contig_18	SBV156_contig_6	95.897	195	8	0	12161	12355	10548	10354	6.31e-85	316
SBV261_contig_18	SBV156_contig_6	96.354	192	7	0	10357	10548	12352	12161	6.31e-85	316
SBV261_contig_18	SBV112_contig_7	100.000	59451	0	0	34201	93651	33913	93363	0.0	1.098e+05
SBV261_contig_18	SBV112_contig_7	100.000	27326	0	0	1	27326	1	27326	0.0	50462
SBV261_contig_18	SBV112_contig_7	99.939	6543	2	2	27668	34209	27318	33859	0.0	12059
SBV261_contig_18	SBV112_contig_7	94.737	209	11	0	51247	51455	46748	46540	1.05e-87	326
SBV261_contig_18	SBV112_contig_7	94.737	209	11	0	46828	47036	51167	50959	1.05e-87	326
SBV261_contig_18	SBV112_contig_7	95.897	195	8	0	12161	12355	10548	10354	6.31e-85	316
SBV261_contig_18	SBV112_contig_7	96.354	192	7	0	10357	10548	12352	12161	6.31e-85	316
SBV261_contig_18	SBV016_contig_1	99.970	59460	3	2	34201	93651	34274	93727	0.0	1.097e+05
SBV261_contig_18	SBV016_contig_1	99.956	34221	2	2	1	34209	1	34220	0.0	63099
SBV261_contig_18	SBV016_contig_1	94.737	209	11	0	51247	51455	47103	46895	1.05e-87	326
SBV261_contig_18	SBV016_contig_1	94.737	209	11	0	46828	47036	51522	51314	1.05e-87	326
SBV261_contig_18	SBV016_contig_1	95.897	195	8	0	12161	12355	10560	10366	6.31e-85	316
SBV261_contig_18	SBV016_contig_1	96.354	192	7	0	10357	10548	12364	12173	6.31e-85	316
SBV261_contig_18	SBV046_contig_6	99.961	59451	0	1	34201	93651	34262	93689	0.0	1.096e+05
SBV261_contig_18	SBV046_contig_6	99.994	34209	1	1	1	34209	1	34208	0.0	63160
SBV261_contig_18	SBV046_contig_6	94.737	209	11	0	51247	51455	47097	46889	1.05e-87	326
SBV261_contig_18	SBV046_contig_6	94.737	209	11	0	46828	47036	51516	51308	1.05e-87	326
SBV261_contig_18	SBV046_contig_6	95.897	195	8	0	12161	12355	10548	10354	6.31e-85	316
SBV261_contig_18	SBV046_contig_6	96.354	192	7	0	10357	10548	12352	12161	6.31e-85	316
SBV261_contig_18	SBV005_contig_2	99.951	59460	1	2	34201	93651	34262	93702	0.0	1.096e+05
SBV261_contig_18	SBV005_contig_2	99.994	34209	1	1	1	34209	1	34208	0.0	63160
SBV261_contig_18	SBV005_contig_2	94.737	209	11	0	51247	51455	47097	46889	1.05e-87	326
SBV261_contig_18	SBV005_contig_2	94.737	209	11	0	46828	47036	51516	51308	1.05e-87	326
SBV261_contig_18	SBV005_contig_2	95.897	195	8	0	12161	12355	10548	10354	6.31e-85	316
SBV261_contig_18	SBV005_contig_2	96.354	192	7	0	10357	10548	12352	12161	6.31e-85	316
SBV261_contig_18	SBV312_contig_6	99.953	59451	0	1	34201	93651	34262	93684	0.0	1.096e+05
SBV261_contig_18	SBV312_contig_6	99.994	34209	1	1	1	34209	1	34208	0.0	63160
SBV261_contig_18	SBV312_contig_6	94.737	209	11	0	51247	51455	47097	46889	1.05e-87	326
SBV261_contig_18	SBV312_contig_6	94.737	209	11	0	46828	47036	51516	51308	1.05e-87	326
SBV261_contig_18	SBV312_contig_6	95.897	195	8	0	12161	12355	10548	10354	6.31e-85	316
SBV261_contig_18	SBV312_contig_6	96.354	192	7	0	10357	10548	12352	12161	6.31e-85	316
SBV261_contig_18	SBV215_contig_2	99.914	59470	20	3	34201	93651	27363	86820	0.0	1.095e+05
SBV261_contig_18	SBV215_contig_2	99.876	11265	2	1	1	11265	1	11253	0.0	20714
SBV261_contig_18	SBV215_contig_2	98.507	9581	141	2	16300	25879	16032	25611	0.0	16899
SBV261_contig_18	SBV215_contig_2	100.000	1920	0	0	11264	13183	11367	13286	0.0	3546
SBV261_contig_18	SBV215_contig_2	98.207	1673	20	9	32541	34209	25643	27309	0.0	2915
SBV261_contig_18	SBV215_contig_2	99.221	899	7	0	13841	14739	13326	14224	0.0	1622
SBV261_contig_18	SBV215_contig_2	99.301	572	4	0	13232	13803	14234	14805	0.0	1035
SBV261_contig_18	SBV215_contig_2	96.190	210	8	0	12161	12370	10536	10327	2.89e-93	344
SBV261_contig_18	SBV215_contig_2	94.737	209	11	0	51247	51455	40198	39990	1.05e-87	326
SBV261_contig_18	SBV215_contig_2	94.737	209	11	0	46828	47036	44617	44409	1.05e-87	326
SBV261_contig_18	SBV215_contig_2	96.354	192	7	0	10357	10548	12455	12264	6.31e-85	316
SBV261_contig_18	SBV026_contig_2	99.957	52877	23	0	34201	87077	34378	87254	0.0	97518
SBV261_contig_18	SBV026_contig_2	99.909	22953	13	3	11264	34209	11373	34324	0.0	42263
SBV261_contig_18	SBV026_contig_2	99.929	11265	2	1	1	11265	1	11259	0.0	20753
SBV261_contig_18	SBV026_contig_2	99.695	6548	2	1	87104	93651	87250	93779	0.0	11965
SBV261_contig_18	SBV026_contig_2	94.737	209	11	0	51247	51455	47213	47005	1.05e-87	326
SBV261_contig_18	SBV026_contig_2	94.737	209	11	0	46828	47036	51632	51424	1.05e-87	326
SBV261_contig_18	SBV026_contig_2	93.981	216	7	2	12161	12370	10542	10327	1.36e-86	322
SBV261_contig_18	SBV026_contig_2	96.354	192	7	0	10357	10548	12461	12270	6.31e-85	316
SBV261_contig_18	SBV180_contig_6	100.000	44315	0	0	49337	93651	48959	93273	0.0	81835
SBV261_contig_18	SBV180_contig_6	99.977	34215	1	2	1	34209	1	34214	0.0	63132
SBV261_contig_18	SBV180_contig_6	100.000	14691	0	0	34201	48891	34268	48958	0.0	27130
SBV261_contig_18	SBV180_contig_6	94.737	209	11	0	51247	51455	47103	46895	1.05e-87	326
SBV261_contig_18	SBV180_contig_6	94.737	209	11	0	46828	47036	51077	50869	1.05e-87	326
SBV261_contig_18	SBV180_contig_6	95.897	195	8	0	12161	12355	10554	10360	6.31e-85	316
SBV261_contig_18	SBV180_contig_6	96.354	192	7	0	10357	10548	12358	12167	6.31e-85	316
SBV261_contig_18	SBV011_contig_2	99.935	42915	1	1	50764	93651	50806	93720	0.0	79069
SBV261_contig_18	SBV011_contig_2	99.956	34221	2	2	1	34209	1	34220	0.0	63099
SBV261_contig_18	SBV011_contig_2	99.994	16534	1	0	34201	50734	34274	50807	0.0	30528
SBV261_contig_18	SBV011_contig_2	94.737	209	11	0	51247	51455	47109	46901	1.05e-87	326
SBV261_contig_18	SBV011_contig_2	94.737	209	11	0	46828	47036	51497	51289	1.05e-87	326
SBV261_contig_18	SBV011_contig_2	95.897	195	8	0	12161	12355	10560	10366	6.31e-85	316
SBV261_contig_18	SBV011_contig_2	96.354	192	7	0	10357	10548	12364	12173	6.31e-85	316
SBV261_contig_18	SBV282_contig_6	100.000	42475	0	0	34201	76675	34236	76710	0.0	78437
SBV261_contig_18	SBV282_contig_6	99.918	34209	1	2	1	34209	1	34182	0.0	62992
SBV261_contig_18	SBV282_contig_6	99.994	16950	1	0	76702	93651	76698	93647	0.0	31296
SBV261_contig_18	SBV282_contig_6	94.737	209	11	0	51247	51455	47071	46863	1.05e-87	326
SBV261_contig_18	SBV282_contig_6	94.737	209	11	0	46828	47036	51490	51282	1.05e-87	326
SBV261_contig_18	SBV282_contig_6	95.897	195	8	0	12161	12355	10548	10354	6.31e-85	316
SBV261_contig_18	SBV282_contig_6	96.354	192	7	0	10357	10548	12352	12161	6.31e-85	316
SBV261_contig_18	SBV140_contig_7	100.000	41355	0	0	52297	93651	51701	93055	0.0	76369
SBV261_contig_18	SBV140_contig_7	99.994	34209	1	1	1	34209	1	34208	0.0	63160
SBV261_contig_18	SBV140_contig_7	100.000	17439	0	0	34201	51639	34262	51700	0.0	32204
SBV261_contig_18	SBV140_contig_7	94.737	209	11	0	51247	51455	47097	46889	1.05e-87	326
SBV261_contig_18	SBV140_contig_7	94.737	209	11	0	46828	47036	51516	51308	1.05e-87	326
SBV261_contig_18	SBV140_contig_7	95.897	195	8	0	12161	12355	10548	10354	6.31e-85	316
SBV261_contig_18	SBV140_contig_7	96.354	192	7	0	10357	10548	12352	12161	6.31e-85	316
SBV261_contig_18	SBV344_contig_3	99.994	34209	1	1	1	34209	1	34208	0.0	63160
SBV261_contig_18	SBV344_contig_3	100.000	31788	0	0	34201	65988	34262	66049	0.0	58702
SBV261_contig_18	SBV344_contig_3	100.000	26501	0	0	67151	93651	66048	92548	0.0	48939
SBV261_contig_18	SBV344_contig_3	94.737	209	11	0	51247	51455	47097	46889	1.05e-87	326
SBV261_contig_18	SBV344_contig_3	94.737	209	11	0	46828	47036	51516	51308	1.05e-87	326
SBV261_contig_18	SBV344_contig_3	95.897	195	8	0	12161	12355	10548	10354	6.31e-85	316
SBV261_contig_18	SBV344_contig_3	96.354	192	7	0	10357	10548	12352	12161	6.31e-85	316
SBV261_contig_18	SBV196_contig_6	99.994	34209	1	1	1	34209	1	34208	0.0	63160
SBV261_contig_18	SBV196_contig_6	100.000	34065	0	0	59587	93651	59338	93402	0.0	62907
SBV261_contig_18	SBV196_contig_6	99.996	25082	0	1	34201	59281	34262	59343	0.0	46311
SBV261_contig_18	SBV196_contig_6	94.737	209	11	0	51247	51455	47097	46889	1.05e-87	326
SBV261_contig_18	SBV196_contig_6	94.737	209	11	0	46828	47036	51516	51308	1.05e-87	326
SBV261_contig_18	SBV196_contig_6	95.897	195	8	0	12161	12355	10548	10354	6.31e-85	316
SBV261_contig_18	SBV196_contig_6	96.354	192	7	0	10357	10548	12352	12161	6.31e-85	316
SBV261_contig_18	SBV154_contig_5	99.994	34209	1	1	1	34209	1	34208	0.0	63160
SBV261_contig_18	SBV154_contig_5	100.000	30085	0	0	63567	93651	62835	92919	0.0	55557
SBV261_contig_18	SBV154_contig_5	100.000	28573	0	0	34201	62773	34262	62834	0.0	52765
SBV261_contig_18	SBV154_contig_5	94.737	209	11	0	51247	51455	47097	46889	1.05e-87	326
SBV261_contig_18	SBV154_contig_5	94.737	209	11	0	46828	47036	51516	51308	1.05e-87	326
SBV261_contig_18	SBV154_contig_5	95.897	195	8	0	12161	12355	10548	10354	6.31e-85	316
SBV261_contig_18	SBV154_contig_5	96.354	192	7	0	10357	10548	12352	12161	6.31e-85	316
SBV261_contig_18	NC_003277.2_plasmid_pSLT	99.675	26743	77	7	34201	60940	21343	48078	0.0	48894
SBV261_contig_18	NC_003277.2_plasmid_pSLT	98.226	16295	264	8	62795	79067	57828	74119	0.0	28467
SBV261_contig_18	NC_003277.2_plasmid_pSLT	97.751	6669	125	11	1	6655	87276	93933	0.0	11461
SBV261_contig_18	NC_003277.2_plasmid_pSLT	94.382	6141	289	30	16302	22411	9677	15792	0.0	9378
SBV261_contig_18	NC_003277.2_plasmid_pSLT	97.774	4627	72	7	6656	11265	1	4613	0.0	7945
SBV261_contig_18	NC_003277.2_plasmid_pSLT	92.627	5100	356	20	83471	88560	77566	82655	0.0	7317
SBV261_contig_18	NC_003277.2_plasmid_pSLT	97.332	3186	85	0	22694	25879	16406	19591	0.0	5413
SBV261_contig_18	NC_003277.2_plasmid_pSLT	96.798	3029	65	16	90653	93651	84249	87275	0.0	5027
SBV261_contig_18	NC_003277.2_plasmid_pSLT	99.469	1882	9	1	60910	62791	55536	57416	0.0	3419
SBV261_contig_18	NC_003277.2_plasmid_pSLT	97.710	1921	43	1	11264	13183	4727	6647	0.0	3302
SBV261_contig_18	NC_003277.2_plasmid_pSLT	98.147	1673	21	9	32541	34209	19623	21289	0.0	2909
SBV261_contig_18	NC_003277.2_plasmid_pSLT	93.241	1805	119	1	79542	81343	74642	76446	0.0	2654
SBV261_contig_18	NC_003277.2_plasmid_pSLT	94.206	1001	55	3	81816	82814	76431	77430	0.0	1524
SBV261_contig_18	NC_003277.2_plasmid_pSLT	94.007	901	48	6	13841	14739	6687	7583	0.0	1360
SBV261_contig_18	NC_003277.2_plasmid_pSLT	93.251	726	49	0	88977	89702	83208	83933	0.0	1070
SBV261_contig_18	NC_003277.2_plasmid_pSLT	93.440	564	36	1	13229	13792	7590	8152	0.0	835
SBV261_contig_18	NC_003277.2_plasmid_pSLT	95.238	210	10	0	12161	12370	3884	3675	6.27e-90	333
SBV261_contig_18	NC_003277.2_plasmid_pSLT	94.737	209	11	0	51247	51455	34178	33970	1.05e-87	326
SBV261_contig_18	NC_003277.2_plasmid_pSLT	94.737	209	11	0	46828	47036	38597	38389	1.05e-87	326
SBV261_contig_18	NC_003277.2_plasmid_pSLT	95.833	192	8	0	10357	10548	5816	5625	2.94e-83	311
SBV261_contig_18	NC_003277.2_plasmid_pSLT	90.698	129	7	5	22439	22564	15933	16059	6.72e-40	167
SBV261_contig_18	NC_003277.2_plasmid_pSLT	93.421	76	5	0	22565	22640	16345	16420	8.89e-24	113
SBV261_contig_18	NC_003277.2_plasmid_pSLT	93.506	77	4	1	90575	90651	84048	84123	8.89e-24	113
SBV261_contig_18	NC_003277.2_plasmid_pSLT	85.507	69	9	1	90518	90585	83950	84018	5.42e-11	71.3
SBV282_contig_6	SBV005_contig_2	99.965	76736	1	1	1	76710	1	76736	0.0	1.415e+05
SBV282_contig_6	SBV005_contig_2	99.829	16959	1	2	76698	93647	76763	93702	0.0	31131
SBV282_contig_6	SBV005_contig_2	94.737	209	11	0	51282	51490	47097	46889	1.05e-87	326
SBV282_contig_6	SBV005_contig_2	94.737	209	11	0	46863	47071	51516	51308	1.05e-87	326
SBV282_contig_6	SBV005_contig_2	95.897	195	8	0	12161	12355	10548	10354	6.31e-85	316
SBV282_contig_6	SBV005_contig_2	96.354	192	7	0	10357	10548	12352	12161	6.31e-85	316
SBV282_contig_6	SBV016_contig_1	99.937	76748	4	3	1	76710	1	76742	0.0	1.414e+05
SBV282_contig_6	SBV016_contig_1	99.941	16959	1	1	76698	93647	76769	93727	0.0	31253
SBV282_contig_6	SBV016_contig_1	94.737	209	11	0	51282	51490	47103	46895	1.05e-87	326
SBV282_contig_6	SBV016_contig_1	94.737	209	11	0	46863	47071	51522	51314	1.05e-87	326
SBV282_contig_6	SBV016_contig_1	95.897	195	8	0	12161	12355	10560	10366	6.31e-85	316
SBV282_contig_6	SBV016_contig_1	96.354	192	7	0	10357	10548	12364	12173	6.31e-85	316
SBV282_contig_6	SBV046_contig_6	99.936	76736	0	2	1	76710	1	76713	0.0	1.414e+05
SBV282_contig_6	SBV046_contig_6	99.994	16950	1	0	76698	93647	76740	93689	0.0	31296
SBV282_contig_6	SBV046_contig_6	94.737	209	11	0	51282	51490	47097	46889	1.05e-87	326
SBV282_contig_6	SBV046_contig_6	94.737	209	11	0	46863	47071	51516	51308	1.05e-87	326
SBV282_contig_6	SBV046_contig_6	95.897	195	8	0	12161	12355	10548	10354	6.31e-85	316
SBV282_contig_6	SBV046_contig_6	96.354	192	7	0	10357	10548	12352	12161	6.31e-85	316
SBV282_contig_6	SBV156_contig_6	99.931	76736	0	2	1	76710	1	76709	0.0	1.414e+05
SBV282_contig_6	SBV156_contig_6	99.994	16950	1	0	76698	93647	76736	93685	0.0	31296
SBV282_contig_6	SBV156_contig_6	94.737	209	11	0	51282	51490	47070	46862	1.05e-87	326
SBV282_contig_6	SBV156_contig_6	94.737	209	11	0	46863	47071	51489	51281	1.05e-87	326
SBV282_contig_6	SBV156_contig_6	95.897	195	8	0	12161	12355	10548	10354	6.31e-85	316
SBV282_contig_6	SBV156_contig_6	96.354	192	7	0	10357	10548	12352	12161	6.31e-85	316
SBV282_contig_6	SBV312_contig_6	99.930	76736	0	2	1	76710	1	76708	0.0	1.414e+05
SBV282_contig_6	SBV312_contig_6	99.994	16950	1	0	76698	93647	76735	93684	0.0	31296
SBV282_contig_6	SBV312_contig_6	94.737	209	11	0	51282	51490	47097	46889	1.05e-87	326
SBV282_contig_6	SBV312_contig_6	94.737	209	11	0	46863	47071	51516	51308	1.05e-87	326
SBV282_contig_6	SBV312_contig_6	95.897	195	8	0	12161	12355	10548	10354	6.31e-85	316
SBV282_contig_6	SBV312_contig_6	96.354	192	7	0	10357	10548	12352	12161	6.31e-85	316
SBV282_contig_6	SBV344_contig_3	99.961	66049	0	1	1	66023	1	66049	0.0	1.218e+05
SBV282_contig_6	SBV344_contig_3	99.994	16950	1	0	76698	93647	75599	92548	0.0	31296
SBV282_contig_6	SBV344_contig_3	100.000	9525	0	0	67186	76710	66048	75572	0.0	17590
SBV282_contig_6	SBV344_contig_3	94.737	209	11	0	51282	51490	47097	46889	1.05e-87	326
SBV282_contig_6	SBV344_contig_3	94.737	209	11	0	46863	47071	51516	51308	1.05e-87	326
SBV282_contig_6	SBV344_contig_3	95.897	195	8	0	12161	12355	10548	10354	6.31e-85	316
SBV282_contig_6	SBV344_contig_3	96.354	192	7	0	10357	10548	12352	12161	6.31e-85	316
SBV282_contig_6	SBV026_contig_2	99.901	65480	32	3	11264	76710	11373	76852	0.0	1.205e+05
SBV282_contig_6	SBV026_contig_2	99.929	11265	2	1	1	11265	1	11259	0.0	20753
SBV282_contig_6	SBV026_contig_2	99.961	10376	4	0	76698	87073	76879	87254	0.0	19139
SBV282_contig_6	SBV026_contig_2	99.695	6548	2	1	87100	93647	87250	93779	0.0	11965
SBV282_contig_6	SBV026_contig_2	94.737	209	11	0	51282	51490	47213	47005	1.05e-87	326
SBV282_contig_6	SBV026_contig_2	94.737	209	11	0	46863	47071	51632	51424	1.05e-87	326
SBV282_contig_6	SBV026_contig_2	93.981	216	7	2	12161	12370	10542	10327	1.36e-86	322
SBV282_contig_6	SBV026_contig_2	96.354	192	7	0	10357	10548	12461	12270	6.31e-85	316
SBV282_contig_6	SBV154_contig_5	99.959	62834	0	1	1	62808	1	62834	0.0	1.159e+05
SBV282_contig_6	SBV154_contig_5	99.994	16950	1	0	76698	93647	75970	92919	0.0	31296
SBV282_contig_6	SBV154_contig_5	100.000	13109	0	0	63602	76710	62835	75943	0.0	24208
SBV282_contig_6	SBV154_contig_5	94.737	209	11	0	51282	51490	47097	46889	1.05e-87	326
SBV282_contig_6	SBV154_contig_5	94.737	209	11	0	46863	47071	51516	51308	1.05e-87	326
SBV282_contig_6	SBV154_contig_5	95.897	195	8	0	12161	12355	10548	10354	6.31e-85	316
SBV282_contig_6	SBV154_contig_5	96.354	192	7	0	10357	10548	12352	12161	6.31e-85	316
SBV282_contig_6	SBV196_contig_6	99.955	59343	0	2	1	59316	1	59343	0.0	1.094e+05
SBV282_contig_6	SBV196_contig_6	100.000	17089	0	0	59622	76710	59338	76426	0.0	31558
SBV282_contig_6	SBV196_contig_6	99.994	16950	1	0	76698	93647	76453	93402	0.0	31296
SBV282_contig_6	SBV196_contig_6	94.737	209	11	0	51282	51490	47097	46889	1.05e-87	326
SBV282_contig_6	SBV196_contig_6	94.737	209	11	0	46863	47071	51516	51308	1.05e-87	326
SBV282_contig_6	SBV196_contig_6	95.897	195	8	0	12161	12355	10548	10354	6.31e-85	316
SBV282_contig_6	SBV196_contig_6	96.354	192	7	0	10357	10548	12352	12161	6.31e-85	316
SBV282_contig_6	SBV140_contig_7	99.950	51700	0	1	1	51674	1	51700	0.0	95304
SBV282_contig_6	SBV140_contig_7	100.000	24379	0	0	52332	76710	51701	76079	0.0	45020
SBV282_contig_6	SBV140_contig_7	99.994	16950	1	0	76698	93647	76106	93055	0.0	31296
SBV282_contig_6	SBV140_contig_7	94.737	209	11	0	51282	51490	47097	46889	1.05e-87	326
SBV282_contig_6	SBV140_contig_7	94.737	209	11	0	46863	47071	51516	51308	1.05e-87	326
SBV282_contig_6	SBV140_contig_7	95.897	195	8	0	12161	12355	10548	10354	6.31e-85	316
SBV282_contig_6	SBV140_contig_7	96.354	192	7	0	10357	10548	12352	12161	6.31e-85	316
SBV282_contig_6	SBV011_contig_2	99.921	50807	2	2	1	50769	1	50807	0.0	93567
SBV282_contig_6	SBV011_contig_2	99.996	25912	1	0	50799	76710	50806	76717	0.0	47845
SBV282_contig_6	SBV011_contig_2	99.835	16977	1	1	76698	93647	76744	93720	0.0	31170
SBV282_contig_6	SBV011_contig_2	94.737	209	11	0	51282	51490	47109	46901	1.05e-87	326
SBV282_contig_6	SBV011_contig_2	94.737	209	11	0	46863	47071	51497	51289	1.05e-87	326
SBV282_contig_6	SBV011_contig_2	95.897	195	8	0	12161	12355	10560	10366	6.31e-85	316
SBV282_contig_6	SBV011_contig_2	96.354	192	7	0	10357	10548	12364	12173	6.31e-85	316
SBV282_contig_6	SBV348_contig_5	100.000	49331	0	0	27380	76710	27541	76871	0.0	91098
SBV282_contig_6	SBV348_contig_5	99.902	26539	0	1	1	26513	1	26539	0.0	48841
SBV282_contig_6	SBV348_contig_5	99.994	16950	1	0	76698	93647	76898	93847	0.0	31296
SBV282_contig_6	SBV348_contig_5	94.737	209	11	0	51282	51490	47232	47024	1.05e-87	326
SBV282_contig_6	SBV348_contig_5	94.737	209	11	0	46863	47071	51651	51443	1.05e-87	326
SBV282_contig_6	SBV348_contig_5	95.897	195	8	0	12161	12355	10548	10354	6.31e-85	316
SBV282_contig_6	SBV348_contig_5	96.354	192	7	0	10357	10548	12352	12161	6.31e-85	316
SBV282_contig_6	SBV112_contig_7	99.996	49070	1	1	27642	76710	27318	76387	0.0	90603
SBV282_contig_6	SBV112_contig_7	99.905	27326	0	1	1	27300	1	27326	0.0	50294
SBV282_contig_6	SBV112_contig_7	99.994	16950	1	0	76698	93647	76414	93363	0.0	31296
SBV282_contig_6	SBV112_contig_7	94.737	209	11	0	51282	51490	46748	46540	1.05e-87	326
SBV282_contig_6	SBV112_contig_7	94.737	209	11	0	46863	47071	51167	50959	1.05e-87	326
SBV282_contig_6	SBV112_contig_7	95.897	195	8	0	12161	12355	10548	10354	6.31e-85	316
SBV282_contig_6	SBV112_contig_7	96.354	192	7	0	10357	10548	12352	12161	6.31e-85	316
SBV282_contig_6	SBV180_contig_6	99.935	48958	0	2	1	48926	1	48958	0.0	90202
SBV282_contig_6	SBV180_contig_6	100.000	27339	0	0	49372	76710	48959	76297	0.0	50486
SBV282_contig_6	SBV180_contig_6	99.994	16950	1	0	76698	93647	76324	93273	0.0	31296
SBV282_contig_6	SBV180_contig_6	94.737	209	11	0	51282	51490	47103	46895	1.05e-87	326
SBV282_contig_6	SBV180_contig_6	94.737	209	11	0	46863	47071	51077	50869	1.05e-87	326
SBV282_contig_6	SBV180_contig_6	95.897	195	8	0	12161	12355	10554	10360	6.31e-85	316
SBV282_contig_6	SBV180_contig_6	96.354	192	7	0	10357	10548	12358	12167	6.31e-85	316
SBV282_contig_6	SBV215_contig_2	99.903	44200	34	8	32515	76710	25643	69837	0.0	81375
SBV282_contig_6	SBV215_contig_2	99.782	16969	6	3	76698	93647	69864	86820	0.0	31102
SBV282_contig_6	SBV215_contig_2	99.876	11265	2	1	1	11265	1	11253	0.0	20714
SBV282_contig_6	SBV215_contig_2	98.507	9581	141	2	16274	25853	16032	25611	0.0	16899
SBV282_contig_6	SBV215_contig_2	100.000	1920	0	0	11264	13183	11367	13286	0.0	3546
SBV282_contig_6	SBV215_contig_2	99.221	899	7	0	13841	14739	13326	14224	0.0	1622
SBV282_contig_6	SBV215_contig_2	99.301	572	4	0	13232	13803	14234	14805	0.0	1035
SBV282_contig_6	SBV215_contig_2	96.190	210	8	0	12161	12370	10536	10327	2.89e-93	344
SBV282_contig_6	SBV215_contig_2	94.737	209	11	0	51282	51490	40198	39990	1.05e-87	326
SBV282_contig_6	SBV215_contig_2	94.737	209	11	0	46863	47071	44617	44409	1.05e-87	326
SBV282_contig_6	SBV215_contig_2	96.354	192	7	0	10357	10548	12455	12264	6.31e-85	316
SBV282_contig_6	SBV261_contig_18	100.000	42475	0	0	34236	76710	34201	76675	0.0	78437
SBV282_contig_6	SBV261_contig_18	99.918	34209	1	2	1	34182	1	34209	0.0	62992
SBV282_contig_6	SBV261_contig_18	99.994	16950	1	0	76698	93647	76702	93651	0.0	31296
SBV282_contig_6	SBV261_contig_18	94.737	209	11	0	51282	51490	47036	46828	1.05e-87	326
SBV282_contig_6	SBV261_contig_18	94.737	209	11	0	46863	47071	51455	51247	1.05e-87	326
SBV282_contig_6	SBV261_contig_18	95.897	195	8	0	12161	12355	10548	10354	6.31e-85	316
SBV282_contig_6	SBV261_contig_18	96.354	192	7	0	10357	10548	12352	12161	6.31e-85	316
SBV282_contig_6	NC_003277.2_plasmid_pSLT	99.593	28468	97	15	32515	60975	19623	48078	0.0	51910
SBV282_contig_6	NC_003277.2_plasmid_pSLT	98.489	13902	187	6	62830	76710	57828	71727	0.0	24487
SBV282_contig_6	NC_003277.2_plasmid_pSLT	97.751	6669	125	11	1	6655	87276	93933	0.0	11461
SBV282_contig_6	NC_003277.2_plasmid_pSLT	94.382	6141	289	30	16276	22385	9677	15792	0.0	9378
SBV282_contig_6	NC_003277.2_plasmid_pSLT	97.774	4627	72	7	6656	11265	1	4613	0.0	7945
SBV282_contig_6	NC_003277.2_plasmid_pSLT	92.627	5100	356	20	83467	88556	77566	82655	0.0	7317
SBV282_contig_6	NC_003277.2_plasmid_pSLT	97.332	3186	85	0	22668	25853	16406	19591	0.0	5413
SBV282_contig_6	NC_003277.2_plasmid_pSLT	96.798	3029	65	16	90649	93647	84249	87275	0.0	5027
SBV282_contig_6	NC_003277.2_plasmid_pSLT	96.620	2367	78	2	76698	79063	71754	74119	0.0	3927
SBV282_contig_6	NC_003277.2_plasmid_pSLT	99.469	1882	9	1	60945	62826	55536	57416	0.0	3419
SBV282_contig_6	NC_003277.2_plasmid_pSLT	97.710	1921	43	1	11264	13183	4727	6647	0.0	3302
SBV282_contig_6	NC_003277.2_plasmid_pSLT	93.241	1805	119	1	79538	81339	74642	76446	0.0	2654
SBV282_contig_6	NC_003277.2_plasmid_pSLT	94.206	1001	55	3	81812	82810	76431	77430	0.0	1524
SBV282_contig_6	NC_003277.2_plasmid_pSLT	94.007	901	48	6	13841	14739	6687	7583	0.0	1360
SBV282_contig_6	NC_003277.2_plasmid_pSLT	93.251	726	49	0	88973	89698	83208	83933	0.0	1070
SBV282_contig_6	NC_003277.2_plasmid_pSLT	93.440	564	36	1	13229	13792	7590	8152	0.0	835
SBV282_contig_6	NC_003277.2_plasmid_pSLT	95.238	210	10	0	12161	12370	3884	3675	6.27e-90	333
SBV282_contig_6	NC_003277.2_plasmid_pSLT	94.737	209	11	0	51282	51490	34178	33970	1.05e-87	326
SBV282_contig_6	NC_003277.2_plasmid_pSLT	94.737	209	11	0	46863	47071	38597	38389	1.05e-87	326
SBV282_contig_6	NC_003277.2_plasmid_pSLT	95.833	192	8	0	10357	10548	5816	5625	2.94e-83	311
SBV282_contig_6	NC_003277.2_plasmid_pSLT	90.698	129	7	5	22413	22538	15933	16059	6.72e-40	167
SBV282_contig_6	NC_003277.2_plasmid_pSLT	93.421	76	5	0	22539	22614	16345	16420	8.89e-24	113
SBV282_contig_6	NC_003277.2_plasmid_pSLT	93.506	77	4	1	90571	90647	84048	84123	8.89e-24	113
SBV282_contig_6	NC_003277.2_plasmid_pSLT	85.507	69	9	1	90514	90581	83950	84018	5.42e-11	71.3
SBV312_contig_6	SBV046_contig_6	99.946	93712	0	2	1	93684	1	93689	0.0	1.727e+05
SBV312_contig_6	SBV046_contig_6	94.737	209	11	0	51308	51516	47097	46889	1.05e-87	326
SBV312_contig_6	SBV046_contig_6	94.737	209	11	0	46889	47097	51516	51308	1.05e-87	326
SBV312_contig_6	SBV046_contig_6	95.897	195	8	0	12161	12355	10548	10354	6.31e-85	316
SBV312_contig_6	SBV046_contig_6	96.354	192	7	0	10357	10548	12352	12161	6.31e-85	316
SBV312_contig_6	SBV016_contig_1	99.937	93733	4	4	1	93684	1	93727	0.0	1.727e+05
SBV312_contig_6	SBV016_contig_1	94.737	209	11	0	51308	51516	47103	46895	1.05e-87	326
SBV312_contig_6	SBV016_contig_1	94.737	209	11	0	46889	47097	51522	51314	1.05e-87	326
SBV312_contig_6	SBV016_contig_1	95.897	195	8	0	12161	12355	10560	10366	6.31e-85	316
SBV312_contig_6	SBV016_contig_1	96.354	192	7	0	10357	10548	12364	12173	6.31e-85	316
SBV312_contig_6	SBV005_contig_2	99.939	93721	1	3	1	93684	1	93702	0.0	1.727e+05
SBV312_contig_6	SBV005_contig_2	94.737	209	11	0	51308	51516	47097	46889	1.05e-87	326
SBV312_contig_6	SBV005_contig_2	94.737	209	11	0	46889	47097	51516	51308	1.05e-87	326
SBV312_contig_6	SBV005_contig_2	95.897	195	8	0	12161	12355	10548	10354	6.31e-85	316
SBV312_contig_6	SBV005_contig_2	96.354	192	7	0	10357	10548	12352	12161	6.31e-85	316
SBV312_contig_6	SBV156_contig_6	99.941	93712	0	2	1	93684	1	93685	0.0	1.727e+05
SBV312_contig_6	SBV156_contig_6	94.737	209	11	0	51308	51516	47070	46862	1.05e-87	326
SBV312_contig_6	SBV156_contig_6	94.737	209	11	0	46889	47097	51489	51281	1.05e-87	326
SBV312_contig_6	SBV156_contig_6	95.897	195	8	0	12161	12355	10548	10354	6.31e-85	316
SBV312_contig_6	SBV156_contig_6	96.354	192	7	0	10357	10548	12352	12161	6.31e-85	316
SBV312_contig_6	SBV282_contig_6	99.930	76736	0	2	1	76708	1	76710	0.0	1.414e+05
SBV312_contig_6	SBV282_contig_6	99.994	16950	1	0	76735	93684	76698	93647	0.0	31296
SBV312_contig_6	SBV282_contig_6	94.737	209	11	0	51308	51516	47071	46863	1.05e-87	326
SBV312_contig_6	SBV282_contig_6	94.737	209	11	0	46889	47097	51490	51282	1.05e-87	326
SBV312_contig_6	SBV282_contig_6	95.897	195	8	0	12161	12355	10548	10354	6.31e-85	316
SBV312_contig_6	SBV282_contig_6	96.354	192	7	0	10357	10548	12352	12161	6.31e-85	316
SBV312_contig_6	SBV026_contig_2	99.908	75882	35	3	11264	87110	11373	87254	0.0	1.397e+05
SBV312_contig_6	SBV026_contig_2	99.929	11265	2	1	1	11265	1	11259	0.0	20753
SBV312_contig_6	SBV026_contig_2	99.695	6548	2	1	87137	93684	87250	93779	0.0	11965
SBV312_contig_6	SBV026_contig_2	94.737	209	11	0	51308	51516	47213	47005	1.05e-87	326
SBV312_contig_6	SBV026_contig_2	94.737	209	11	0	46889	47097	51632	51424	1.05e-87	326
SBV312_contig_6	SBV026_contig_2	93.981	216	7	2	12161	12370	10542	10327	1.36e-86	322
SBV312_contig_6	SBV026_contig_2	96.354	192	7	0	10357	10548	12461	12270	6.31e-85	316
SBV312_contig_6	SBV348_contig_5	99.958	66307	0	1	27406	93684	27541	93847	0.0	1.223e+05
SBV312_contig_6	SBV348_contig_5	100.000	26539	0	0	1	26539	1	26539	0.0	49009
SBV312_contig_6	SBV348_contig_5	94.737	209	11	0	51308	51516	47232	47024	1.05e-87	326
SBV312_contig_6	SBV348_contig_5	94.737	209	11	0	46889	47097	51651	51443	1.05e-87	326
SBV312_contig_6	SBV348_contig_5	95.897	195	8	0	12161	12355	10548	10354	6.31e-85	316
SBV312_contig_6	SBV348_contig_5	96.354	192	7	0	10357	10548	12352	12161	6.31e-85	316
SBV312_contig_6	SBV344_contig_3	100.000	66049	0	0	1	66049	1	66049	0.0	1.220e+05
SBV312_contig_6	SBV344_contig_3	99.894	26501	0	1	67212	93684	66048	92548	0.0	48758
SBV312_contig_6	SBV344_contig_3	94.737	209	11	0	51308	51516	47097	46889	1.05e-87	326
SBV312_contig_6	SBV344_contig_3	94.737	209	11	0	46889	47097	51516	51308	1.05e-87	326
SBV312_contig_6	SBV344_contig_3	95.897	195	8	0	12161	12355	10548	10354	6.31e-85	316
SBV312_contig_6	SBV344_contig_3	96.354	192	7	0	10357	10548	12352	12161	6.31e-85	316
SBV312_contig_6	SBV112_contig_7	99.955	66046	1	2	27668	93684	27318	93363	0.0	1.218e+05
SBV312_contig_6	SBV112_contig_7	100.000	27326	0	0	1	27326	1	27326	0.0	50462
SBV312_contig_6	SBV112_contig_7	94.737	209	11	0	51308	51516	46748	46540	1.05e-87	326
SBV312_contig_6	SBV112_contig_7	94.737	209	11	0	46889	47097	51167	50959	1.05e-87	326
SBV312_contig_6	SBV112_contig_7	95.897	195	8	0	12161	12355	10548	10354	6.31e-85	316
SBV312_contig_6	SBV112_contig_7	96.354	192	7	0	10357	10548	12352	12161	6.31e-85	316
SBV312_contig_6	SBV154_contig_5	100.000	62834	0	0	1	62834	1	62834	0.0	1.160e+05
SBV312_contig_6	SBV154_contig_5	99.907	30085	0	1	63628	93684	62835	92919	0.0	55376
SBV312_contig_6	SBV154_contig_5	94.737	209	11	0	51308	51516	47097	46889	1.05e-87	326
SBV312_contig_6	SBV154_contig_5	94.737	209	11	0	46889	47097	51516	51308	1.05e-87	326
SBV312_contig_6	SBV154_contig_5	95.897	195	8	0	12161	12355	10548	10354	6.31e-85	316
SBV312_contig_6	SBV154_contig_5	96.354	192	7	0	10357	10548	12352	12161	6.31e-85	316
SBV312_contig_6	SBV215_contig_2	99.825	61195	39	12	32541	93684	25643	86820	0.0	1.124e+05
SBV312_contig_6	SBV215_contig_2	99.876	11265	2	1	1	11265	1	11253	0.0	20714
SBV312_contig_6	SBV215_contig_2	98.507	9581	141	2	16300	25879	16032	25611	0.0	16899
SBV312_contig_6	SBV215_contig_2	100.000	1920	0	0	11264	13183	11367	13286	0.0	3546
SBV312_contig_6	SBV215_contig_2	99.221	899	7	0	13841	14739	13326	14224	0.0	1622
SBV312_contig_6	SBV215_contig_2	99.301	572	4	0	13232	13803	14234	14805	0.0	1035
SBV312_contig_6	SBV215_contig_2	96.190	210	8	0	12161	12370	10536	10327	2.90e-93	344
SBV312_contig_6	SBV215_contig_2	94.737	209	11	0	51308	51516	40198	39990	1.05e-87	326
SBV312_contig_6	SBV215_contig_2	94.737	209	11	0	46889	47097	44617	44409	1.05e-87	326
SBV312_contig_6	SBV215_contig_2	96.354	192	7	0	10357	10548	12455	12264	6.31e-85	316
SBV312_contig_6	SBV261_contig_18	99.953	59451	0	1	34262	93684	34201	93651	0.0	1.096e+05
SBV312_contig_6	SBV261_contig_18	99.994	34209	1	1	1	34208	1	34209	0.0	63160
SBV312_contig_6	SBV261_contig_18	94.737	209	11	0	51308	51516	47036	46828	1.05e-87	326
SBV312_contig_6	SBV261_contig_18	94.737	209	11	0	46889	47097	51455	51247	1.05e-87	326
SBV312_contig_6	SBV261_contig_18	95.897	195	8	0	12161	12355	10548	10354	6.31e-85	316
SBV312_contig_6	SBV261_contig_18	96.354	192	7	0	10357	10548	12352	12161	6.31e-85	316
SBV312_contig_6	SBV196_contig_6	99.998	59343	0	1	1	59342	1	59343	0.0	1.096e+05
SBV312_contig_6	SBV196_contig_6	99.918	34065	0	1	59648	93684	59338	93402	0.0	62726
SBV312_contig_6	SBV196_contig_6	94.737	209	11	0	51308	51516	47097	46889	1.05e-87	326
SBV312_contig_6	SBV196_contig_6	94.737	209	11	0	46889	47097	51516	51308	1.05e-87	326
SBV312_contig_6	SBV196_contig_6	95.897	195	8	0	12161	12355	10548	10354	6.31e-85	316
SBV312_contig_6	SBV196_contig_6	96.354	192	7	0	10357	10548	12352	12161	6.31e-85	316
SBV312_contig_6	SBV140_contig_7	100.000	51700	0	0	1	51700	1	51700	0.0	95472
SBV312_contig_6	SBV140_contig_7	99.932	41355	0	1	52358	93684	51701	93055	0.0	76188
SBV312_contig_6	SBV140_contig_7	94.737	209	11	0	51308	51516	47097	46889	1.05e-87	326
SBV312_contig_6	SBV140_contig_7	94.737	209	11	0	46889	47097	51516	51308	1.05e-87	326
SBV312_contig_6	SBV140_contig_7	95.897	195	8	0	12161	12355	10548	10354	6.31e-85	316
SBV312_contig_6	SBV140_contig_7	96.354	192	7	0	10357	10548	12352	12161	6.31e-85	316
SBV312_contig_6	SBV011_contig_2	99.972	50807	2	1	1	50795	1	50807	0.0	93735
SBV312_contig_6	SBV011_contig_2	99.931	41884	1	1	50825	92680	50806	92689	0.0	77159
SBV312_contig_6	SBV011_contig_2	99.886	23659	0	1	70053	93684	70062	93720	0.0	43515
SBV312_contig_6	SBV011_contig_2	94.737	209	11	0	51308	51516	47109	46901	1.05e-87	326
SBV312_contig_6	SBV011_contig_2	94.737	209	11	0	46889	47097	51497	51289	1.05e-87	326
SBV312_contig_6	SBV011_contig_2	95.897	195	8	0	12161	12355	10560	10366	6.31e-85	316
SBV312_contig_6	SBV011_contig_2	96.354	192	7	0	10357	10548	12364	12173	6.31e-85	316
SBV312_contig_6	SBV180_contig_6	99.988	48958	0	1	1	48952	1	48958	0.0	90370
SBV312_contig_6	SBV180_contig_6	99.937	44315	0	1	49398	93684	48959	93273	0.0	81654
SBV312_contig_6	SBV180_contig_6	94.737	209	11	0	51308	51516	47103	46895	1.05e-87	326
SBV312_contig_6	SBV180_contig_6	94.737	209	11	0	46889	47097	51077	50869	1.05e-87	326
SBV312_contig_6	SBV180_contig_6	95.897	195	8	0	12161	12355	10554	10360	6.31e-85	316
SBV312_contig_6	SBV180_contig_6	96.354	192	7	0	10357	10548	12358	12167	6.31e-85	316
SBV312_contig_6	NC_003277.2_plasmid_pSLT	99.593	28468	97	15	32541	61001	19623	48078	0.0	51910
SBV312_contig_6	NC_003277.2_plasmid_pSLT	98.067	16295	262	5	62856	79100	57828	74119	0.0	28297
SBV312_contig_6	NC_003277.2_plasmid_pSLT	97.751	6669	125	11	1	6655	87276	93933	0.0	11461
SBV312_contig_6	NC_003277.2_plasmid_pSLT	94.382	6141	289	30	16302	22411	9677	15792	0.0	9378
SBV312_contig_6	NC_003277.2_plasmid_pSLT	97.774	4627	72	7	6656	11265	1	4613	0.0	7945
SBV312_contig_6	NC_003277.2_plasmid_pSLT	92.627	5100	356	20	83504	88593	77566	82655	0.0	7317
SBV312_contig_6	NC_003277.2_plasmid_pSLT	97.332	3186	85	0	22694	25879	16406	19591	0.0	5413
SBV312_contig_6	NC_003277.2_plasmid_pSLT	96.798	3029	65	16	90686	93684	84249	87275	0.0	5027
SBV312_contig_6	NC_003277.2_plasmid_pSLT	99.469	1882	9	1	60971	62852	55536	57416	0.0	3419
SBV312_contig_6	NC_003277.2_plasmid_pSLT	97.710	1921	43	1	11264	13183	4727	6647	0.0	3302
SBV312_contig_6	NC_003277.2_plasmid_pSLT	93.241	1805	119	1	79575	81376	74642	76446	0.0	2654
SBV312_contig_6	NC_003277.2_plasmid_pSLT	94.206	1001	55	3	81849	82847	76431	77430	0.0	1524
SBV312_contig_6	NC_003277.2_plasmid_pSLT	94.007	901	48	6	13841	14739	6687	7583	0.0	1360
SBV312_contig_6	NC_003277.2_plasmid_pSLT	93.251	726	49	0	89010	89735	83208	83933	0.0	1070
SBV312_contig_6	NC_003277.2_plasmid_pSLT	93.440	564	36	1	13229	13792	7590	8152	0.0	835
SBV312_contig_6	NC_003277.2_plasmid_pSLT	95.238	210	10	0	12161	12370	3884	3675	6.27e-90	333
SBV312_contig_6	NC_003277.2_plasmid_pSLT	94.737	209	11	0	51308	51516	34178	33970	1.05e-87	326
SBV312_contig_6	NC_003277.2_plasmid_pSLT	94.737	209	11	0	46889	47097	38597	38389	1.05e-87	326
SBV312_contig_6	NC_003277.2_plasmid_pSLT	95.833	192	8	0	10357	10548	5816	5625	2.94e-83	311
SBV312_contig_6	NC_003277.2_plasmid_pSLT	90.698	129	7	5	22439	22564	15933	16059	6.73e-40	167
SBV312_contig_6	NC_003277.2_plasmid_pSLT	93.421	76	5	0	22565	22640	16345	16420	8.89e-24	113
SBV312_contig_6	NC_003277.2_plasmid_pSLT	93.506	77	4	1	90608	90684	84048	84123	8.89e-24	113
SBV312_contig_6	NC_003277.2_plasmid_pSLT	85.507	69	9	1	90551	90618	83950	84018	5.43e-11	71.3
SBV344_contig_3	SBV312_contig_6	100.000	66049	0	0	1	66049	1	66049	0.0	1.220e+05
SBV344_contig_3	SBV312_contig_6	99.894	26501	0	1	66048	92548	67212	93684	0.0	48758
SBV344_contig_3	SBV312_contig_6	94.737	209	11	0	51308	51516	47097	46889	1.04e-87	326
SBV344_contig_3	SBV312_contig_6	94.737	209	11	0	46889	47097	51516	51308	1.04e-87	326
SBV344_contig_3	SBV312_contig_6	95.897	195	8	0	12161	12355	10548	10354	6.24e-85	316
SBV344_contig_3	SBV312_contig_6	96.354	192	7	0	10357	10548	12352	12161	6.24e-85	316
SBV344_contig_3	SBV005_contig_2	99.998	66049	1	0	1	66049	1	66049	0.0	1.220e+05
SBV344_contig_3	SBV005_contig_2	99.894	26510	0	2	66048	92548	67212	93702	0.0	48774
SBV344_contig_3	SBV005_contig_2	94.737	209	11	0	51308	51516	47097	46889	1.04e-87	326
SBV344_contig_3	SBV005_contig_2	94.737	209	11	0	46889	47097	51516	51308	1.04e-87	326
SBV344_contig_3	SBV005_contig_2	95.897	195	8	0	12161	12355	10548	10354	6.24e-85	316
SBV344_contig_3	SBV005_contig_2	96.354	192	7	0	10357	10548	12352	12161	6.24e-85	316
SBV344_contig_3	SBV016_contig_1	99.968	66061	3	2	1	66049	1	66055	0.0	1.219e+05
SBV344_contig_3	SBV016_contig_1	99.962	26510	1	1	66048	92548	67218	93727	0.0	48891
SBV344_contig_3	SBV016_contig_1	94.737	209	11	0	51308	51516	47103	46895	1.04e-87	326
SBV344_contig_3	SBV016_contig_1	94.737	209	11	0	46889	47097	51522	51314	1.04e-87	326
SBV344_contig_3	SBV016_contig_1	95.897	195	8	0	12161	12355	10560	10366	6.24e-85	316
SBV344_contig_3	SBV016_contig_1	96.354	192	7	0	10357	10548	12364	12173	6.24e-85	316
SBV344_contig_3	SBV046_contig_6	99.965	66049	0	1	1	66049	1	66026	0.0	1.218e+05
SBV344_contig_3	SBV046_contig_6	100.000	26501	0	0	66048	92548	67189	93689	0.0	48939
SBV344_contig_3	SBV046_contig_6	94.737	209	11	0	51308	51516	47097	46889	1.04e-87	326
SBV344_contig_3	SBV046_contig_6	94.737	209	11	0	46889	47097	51516	51308	1.04e-87	326
SBV344_contig_3	SBV046_contig_6	95.897	195	8	0	12161	12355	10548	10354	6.24e-85	316
SBV344_contig_3	SBV046_contig_6	96.354	192	7	0	10357	10548	12352	12161	6.24e-85	316
SBV344_contig_3	SBV282_contig_6	99.961	66049	0	1	1	66049	1	66023	0.0	1.218e+05
SBV344_contig_3	SBV282_contig_6	99.994	16950	1	0	75599	92548	76698	93647	0.0	31296
SBV344_contig_3	SBV282_contig_6	100.000	9525	0	0	66048	75572	67186	76710	0.0	17590
SBV344_contig_3	SBV282_contig_6	94.737	209	11	0	51308	51516	47071	46863	1.04e-87	326
SBV344_contig_3	SBV282_contig_6	94.737	209	11	0	46889	47097	51490	51282	1.04e-87	326
SBV344_contig_3	SBV282_contig_6	95.897	195	8	0	12161	12355	10548	10354	6.24e-85	316
SBV344_contig_3	SBV282_contig_6	96.354	192	7	0	10357	10548	12352	12161	6.24e-85	316
SBV344_contig_3	SBV156_contig_6	99.959	66049	0	1	1	66049	1	66022	0.0	1.218e+05
SBV344_contig_3	SBV156_contig_6	100.000	26501	0	0	66048	92548	67185	93685	0.0	48939
SBV344_contig_3	SBV156_contig_6	94.737	209	11	0	51308	51516	47070	46862	1.04e-87	326
SBV344_contig_3	SBV156_contig_6	94.737	209	11	0	46889	47097	51489	51281	1.04e-87	326
SBV344_contig_3	SBV156_contig_6	95.897	195	8	0	12161	12355	10548	10354	6.24e-85	316
SBV344_contig_3	SBV156_contig_6	96.354	192	7	0	10357	10548	12352	12161	6.24e-85	316
SBV344_contig_3	SBV154_contig_5	100.000	62834	0	0	1	62834	1	62834	0.0	1.160e+05
SBV344_contig_3	SBV154_contig_5	100.000	26501	0	0	66048	92548	66419	92919	0.0	48939
SBV344_contig_3	SBV154_contig_5	100.000	2422	0	0	63628	66049	62835	65256	0.0	4473
SBV344_contig_3	SBV154_contig_5	94.737	209	11	0	51308	51516	47097	46889	1.04e-87	326
SBV344_contig_3	SBV154_contig_5	94.737	209	11	0	46889	47097	51516	51308	1.04e-87	326
SBV344_contig_3	SBV154_contig_5	95.897	195	8	0	12161	12355	10548	10354	6.24e-85	316
SBV344_contig_3	SBV154_contig_5	96.354	192	7	0	10357	10548	12352	12161	6.24e-85	316
SBV344_contig_3	SBV196_contig_6	99.998	59343	0	1	1	59342	1	59343	0.0	1.096e+05
SBV344_contig_3	SBV196_contig_6	100.000	26501	0	0	66048	92548	66902	93402	0.0	48939
SBV344_contig_3	SBV196_contig_6	100.000	6402	0	0	59648	66049	59338	65739	0.0	11823
SBV344_contig_3	SBV196_contig_6	94.737	209	11	0	51308	51516	47097	46889	1.04e-87	326
SBV344_contig_3	SBV196_contig_6	94.737	209	11	0	46889	47097	51516	51308	1.04e-87	326
SBV344_contig_3	SBV196_contig_6	95.897	195	8	0	12161	12355	10548	10354	6.24e-85	316
SBV344_contig_3	SBV196_contig_6	96.354	192	7	0	10357	10548	12352	12161	6.24e-85	316
SBV344_contig_3	SBV026_contig_2	99.929	54793	32	2	11264	66049	11373	66165	0.0	1.010e+05
SBV344_contig_3	SBV026_contig_2	99.985	19927	3	0	66048	85974	67328	87254	0.0	36782
SBV344_contig_3	SBV026_contig_2	99.929	11265	2	1	1	11265	1	11259	0.0	20753
SBV344_contig_3	SBV026_contig_2	99.695	6548	2	1	86001	92548	87250	93779	0.0	11965
SBV344_contig_3	SBV026_contig_2	94.737	209	11	0	51308	51516	47213	47005	1.04e-87	326
SBV344_contig_3	SBV026_contig_2	94.737	209	11	0	46889	47097	51632	51424	1.04e-87	326
SBV344_contig_3	SBV026_contig_2	93.981	216	7	2	12161	12370	10542	10327	1.34e-86	322
SBV344_contig_3	SBV026_contig_2	96.354	192	7	0	10357	10548	12461	12270	6.24e-85	316
SBV344_contig_3	SBV140_contig_7	100.000	51700	0	0	1	51700	1	51700	0.0	95472
SBV344_contig_3	SBV140_contig_7	100.000	26501	0	0	66048	92548	66555	93055	0.0	48939
SBV344_contig_3	SBV140_contig_7	100.000	13692	0	0	52358	66049	51701	65392	0.0	25285
SBV344_contig_3	SBV140_contig_7	94.737	209	11	0	51308	51516	47097	46889	1.04e-87	326
SBV344_contig_3	SBV140_contig_7	94.737	209	11	0	46889	47097	51516	51308	1.04e-87	326
SBV344_contig_3	SBV140_contig_7	95.897	195	8	0	12161	12355	10548	10354	6.24e-85	316
SBV344_contig_3	SBV140_contig_7	96.354	192	7	0	10357	10548	12352	12161	6.24e-85	316
SBV344_contig_3	SBV011_contig_2	99.972	50807	2	1	1	50795	1	50807	0.0	93735
SBV344_contig_3	SBV011_contig_2	99.898	26528	0	1	66048	92548	67193	93720	0.0	48813
SBV344_contig_3	SBV011_contig_2	99.993	15225	1	0	50825	66049	50806	66030	0.0	28110
SBV344_contig_3	SBV011_contig_2	94.737	209	11	0	51308	51516	47109	46901	1.04e-87	326
SBV344_contig_3	SBV011_contig_2	94.737	209	11	0	46889	47097	51497	51289	1.04e-87	326
SBV344_contig_3	SBV011_contig_2	95.897	195	8	0	12161	12355	10560	10366	6.24e-85	316
SBV344_contig_3	SBV011_contig_2	96.354	192	7	0	10357	10548	12364	12173	6.24e-85	316
SBV344_contig_3	SBV180_contig_6	99.988	48958	0	1	1	48952	1	48958	0.0	90370
SBV344_contig_3	SBV180_contig_6	100.000	26501	0	0	66048	92548	66773	93273	0.0	48939
SBV344_contig_3	SBV180_contig_6	100.000	16652	0	0	49398	66049	48959	65610	0.0	30751
SBV344_contig_3	SBV180_contig_6	94.737	209	11	0	51308	51516	47103	46895	1.04e-87	326
SBV344_contig_3	SBV180_contig_6	94.737	209	11	0	46889	47097	51077	50869	1.04e-87	326
SBV344_contig_3	SBV180_contig_6	95.897	195	8	0	12161	12355	10554	10360	6.24e-85	316
SBV344_contig_3	SBV180_contig_6	96.354	192	7	0	10357	10548	12358	12167	6.24e-85	316
SBV344_contig_3	SBV348_contig_5	100.000	38644	0	0	27406	66049	27541	66184	0.0	71363
SBV344_contig_3	SBV348_contig_5	100.000	26539	0	0	1	26539	1	26539	0.0	49009
SBV344_contig_3	SBV348_contig_5	100.000	26501	0	0	66048	92548	67347	93847	0.0	48939
SBV344_contig_3	SBV348_contig_5	94.737	209	11	0	51308	51516	47232	47024	1.04e-87	326
SBV344_contig_3	SBV348_contig_5	94.737	209	11	0	46889	47097	51651	51443	1.04e-87	326
SBV344_contig_3	SBV348_contig_5	95.897	195	8	0	12161	12355	10548	10354	6.24e-85	316
SBV344_contig_3	SBV348_contig_5	96.354	192	7	0	10357	10548	12352	12161	6.24e-85	316
SBV344_contig_3	SBV112_contig_7	99.995	38383	1	1	27668	66049	27318	65700	0.0	70868
SBV344_contig_3	SBV112_contig_7	100.000	27326	0	0	1	27326	1	27326	0.0	50462
SBV344_contig_3	SBV112_contig_7	100.000	26501	0	0	66048	92548	66863	93363	0.0	48939
SBV344_contig_3	SBV112_contig_7	94.737	209	11	0	51308	51516	46748	46540	1.04e-87	326
SBV344_contig_3	SBV112_contig_7	94.737	209	11	0	46889	47097	51167	50959	1.04e-87	326
SBV344_contig_3	SBV112_contig_7	95.897	195	8	0	12161	12355	10548	10354	6.24e-85	316
SBV344_contig_3	SBV112_contig_7	96.354	192	7	0	10357	10548	12352	12161	6.24e-85	316
SBV344_contig_3	SBV261_contig_18	99.994	34209	1	1	1	34208	1	34209	0.0	63160
SBV344_contig_3	SBV261_contig_18	100.000	31788	0	0	34262	66049	34201	65988	0.0	58702
SBV344_contig_3	SBV261_contig_18	100.000	26501	0	0	66048	92548	67151	93651	0.0	48939
SBV344_contig_3	SBV261_contig_18	94.737	209	11	0	51308	51516	47036	46828	1.04e-87	326
SBV344_contig_3	SBV261_contig_18	94.737	209	11	0	46889	47097	51455	51247	1.04e-87	326
SBV344_contig_3	SBV261_contig_18	95.897	195	8	0	12161	12355	10548	10354	6.24e-85	316
SBV344_contig_3	SBV261_contig_18	96.354	192	7	0	10357	10548	12352	12161	6.24e-85	316
SBV344_contig_3	SBV215_contig_2	99.875	33513	33	8	32541	66049	25643	59150	0.0	61645
SBV344_contig_3	SBV215_contig_2	99.860	26520	6	3	66048	92548	60313	86820	0.0	48739
SBV344_contig_3	SBV215_contig_2	99.876	11265	2	1	1	11265	1	11253	0.0	20714
SBV344_contig_3	SBV215_contig_2	98.507	9581	141	2	16300	25879	16032	25611	0.0	16899
SBV344_contig_3	SBV215_contig_2	100.000	1920	0	0	11264	13183	11367	13286	0.0	3546
SBV344_contig_3	SBV215_contig_2	99.221	899	7	0	13841	14739	13326	14224	0.0	1622
SBV344_contig_3	SBV215_contig_2	99.301	572	4	0	13232	13803	14234	14805	0.0	1035
SBV344_contig_3	SBV215_contig_2	96.190	210	8	0	12161	12370	10536	10327	2.86e-93	344
SBV344_contig_3	SBV215_contig_2	94.737	209	11	0	51308	51516	40198	39990	1.04e-87	326
SBV344_contig_3	SBV215_contig_2	94.737	209	11	0	46889	47097	44617	44409	1.04e-87	326
SBV344_contig_3	SBV215_contig_2	96.354	192	7	0	10357	10548	12455	12264	6.24e-85	316
SBV344_contig_3	NC_003277.2_plasmid_pSLT	99.593	28468	97	15	32541	61001	19623	48078	0.0	51910
SBV344_contig_3	NC_003277.2_plasmid_pSLT	97.755	11939	245	3	66048	77964	62182	74119	0.0	20541
SBV344_contig_3	NC_003277.2_plasmid_pSLT	97.751	6669	125	11	1	6655	87276	93933	0.0	11461
SBV344_contig_3	NC_003277.2_plasmid_pSLT	94.382	6141	289	30	16302	22411	9677	15792	0.0	9378
SBV344_contig_3	NC_003277.2_plasmid_pSLT	97.774	4627	72	7	6656	11265	1	4613	0.0	7945
SBV344_contig_3	NC_003277.2_plasmid_pSLT	92.627	5100	356	20	82368	87457	77566	82655	0.0	7317
SBV344_contig_3	NC_003277.2_plasmid_pSLT	99.468	3194	15	1	62856	66049	57828	61019	0.0	5803
SBV344_contig_3	NC_003277.2_plasmid_pSLT	97.332	3186	85	0	22694	25879	16406	19591	0.0	5413
SBV344_contig_3	NC_003277.2_plasmid_pSLT	96.798	3029	65	16	89550	92548	84249	87275	0.0	5027
SBV344_contig_3	NC_003277.2_plasmid_pSLT	99.469	1882	9	1	60971	62852	55536	57416	0.0	3419
SBV344_contig_3	NC_003277.2_plasmid_pSLT	97.710	1921	43	1	11264	13183	4727	6647	0.0	3302
SBV344_contig_3	NC_003277.2_plasmid_pSLT	93.241	1805	119	1	78439	80240	74642	76446	0.0	2654
SBV344_contig_3	NC_003277.2_plasmid_pSLT	94.206	1001	55	3	80713	81711	76431	77430	0.0	1524
SBV344_contig_3	NC_003277.2_plasmid_pSLT	94.007	901	48	6	13841	14739	6687	7583	0.0	1360
SBV344_contig_3	NC_003277.2_plasmid_pSLT	93.251	726	49	0	87874	88599	83208	83933	0.0	1070
SBV344_contig_3	NC_003277.2_plasmid_pSLT	93.440	564	36	1	13229	13792	7590	8152	0.0	835
SBV344_contig_3	NC_003277.2_plasmid_pSLT	95.238	210	10	0	12161	12370	3884	3675	6.19e-90	333
SBV344_contig_3	NC_003277.2_plasmid_pSLT	94.737	209	11	0	51308	51516	34178	33970	1.04e-87	326
SBV344_contig_3	NC_003277.2_plasmid_pSLT	94.737	209	11	0	46889	47097	38597	38389	1.04e-87	326
SBV344_contig_3	NC_003277.2_plasmid_pSLT	95.833	192	8	0	10357	10548	5816	5625	2.90e-83	311
SBV344_contig_3	NC_003277.2_plasmid_pSLT	90.698	129	7	5	22439	22564	15933	16059	6.65e-40	167
SBV344_contig_3	NC_003277.2_plasmid_pSLT	93.421	76	5	0	22565	22640	16345	16420	8.78e-24	113
SBV344_contig_3	NC_003277.2_plasmid_pSLT	93.506	77	4	1	89472	89548	84048	84123	8.78e-24	113
SBV344_contig_3	NC_003277.2_plasmid_pSLT	85.507	69	9	1	89415	89482	83950	84018	5.36e-11	71.3
SBV348_contig_5	SBV016_contig_1	99.973	66316	3	2	27541	93847	27418	93727	0.0	1.223e+05
SBV348_contig_5	SBV016_contig_1	99.951	26551	1	1	1	26539	1	26551	0.0	48948
SBV348_contig_5	SBV016_contig_1	94.737	209	11	0	51443	51651	47103	46895	1.05e-87	326
SBV348_contig_5	SBV016_contig_1	94.737	209	11	0	47024	47232	51522	51314	1.05e-87	326
SBV348_contig_5	SBV016_contig_1	95.897	195	8	0	12161	12355	10560	10366	6.32e-85	316
SBV348_contig_5	SBV016_contig_1	96.354	192	7	0	10357	10548	12364	12173	6.32e-85	316
SBV348_contig_5	SBV046_contig_6	99.965	66307	0	1	27541	93847	27406	93689	0.0	1.223e+05
SBV348_contig_5	SBV046_contig_6	100.000	26539	0	0	1	26539	1	26539	0.0	49009
SBV348_contig_5	SBV046_contig_6	94.737	209	11	0	51443	51651	47097	46889	1.05e-87	326
SBV348_contig_5	SBV046_contig_6	94.737	209	11	0	47024	47232	51516	51308	1.05e-87	326
SBV348_contig_5	SBV046_contig_6	95.897	195	8	0	12161	12355	10548	10354	6.32e-85	316
SBV348_contig_5	SBV046_contig_6	96.354	192	7	0	10357	10548	12352	12161	6.32e-85	316
SBV348_contig_5	SBV005_contig_2	99.956	66316	1	2	27541	93847	27406	93702	0.0	1.223e+05
SBV348_contig_5	SBV005_contig_2	100.000	26539	0	0	1	26539	1	26539	0.0	49009
SBV348_contig_5	SBV005_contig_2	94.737	209	11	0	51443	51651	47097	46889	1.05e-87	326
SBV348_contig_5	SBV005_contig_2	94.737	209	11	0	47024	47232	51516	51308	1.05e-87	326
SBV348_contig_5	SBV005_contig_2	95.897	195	8	0	12161	12355	10548	10354	6.32e-85	316
SBV348_contig_5	SBV005_contig_2	96.354	192	7	0	10357	10548	12352	12161	6.32e-85	316
SBV348_contig_5	SBV156_contig_6	99.959	66307	0	1	27541	93847	27406	93685	0.0	1.223e+05
SBV348_contig_5	SBV156_contig_6	100.000	26539	0	0	1	26539	1	26539	0.0	49009
SBV348_contig_5	SBV156_contig_6	94.737	209	11	0	51443	51651	47070	46862	1.05e-87	326
SBV348_contig_5	SBV156_contig_6	94.737	209	11	0	47024	47232	51489	51281	1.05e-87	326
SBV348_contig_5	SBV156_contig_6	95.897	195	8	0	12161	12355	10548	10354	6.32e-85	316
SBV348_contig_5	SBV156_contig_6	96.354	192	7	0	10357	10548	12352	12161	6.32e-85	316
SBV348_contig_5	SBV312_contig_6	99.958	66307	0	1	27541	93847	27406	93684	0.0	1.223e+05
SBV348_contig_5	SBV312_contig_6	100.000	26539	0	0	1	26539	1	26539	0.0	49009
SBV348_contig_5	SBV312_contig_6	94.737	209	11	0	51443	51651	47097	46889	1.05e-87	326
SBV348_contig_5	SBV312_contig_6	94.737	209	11	0	47024	47232	51516	51308	1.05e-87	326
SBV348_contig_5	SBV312_contig_6	95.897	195	8	0	12161	12355	10548	10354	6.32e-85	316
SBV348_contig_5	SBV312_contig_6	96.354	192	7	0	10357	10548	12352	12161	6.32e-85	316
SBV348_contig_5	SBV112_contig_7	99.997	66046	1	1	27803	93847	27318	93363	0.0	1.220e+05
SBV348_contig_5	SBV112_contig_7	100.000	26539	0	0	1	26539	1	26539	0.0	49009
SBV348_contig_5	SBV112_contig_7	94.737	209	11	0	51443	51651	46748	46540	1.05e-87	326
SBV348_contig_5	SBV112_contig_7	94.737	209	11	0	47024	47232	51167	50959	1.05e-87	326
SBV348_contig_5	SBV112_contig_7	95.897	195	8	0	12161	12355	10548	10354	6.32e-85	316
SBV348_contig_5	SBV112_contig_7	96.354	192	7	0	10357	10548	12352	12161	6.32e-85	316
SBV348_contig_5	SBV215_contig_2	99.871	61195	39	11	32676	93847	25643	86820	0.0	1.125e+05
SBV348_contig_5	SBV215_contig_2	99.876	11265	2	1	1	11265	1	11253	0.0	20714
SBV348_contig_5	SBV215_contig_2	98.507	9581	141	2	16300	25879	16032	25611	0.0	16899
SBV348_contig_5	SBV215_contig_2	100.000	1920	0	0	11264	13183	11367	13286	0.0	3546
SBV348_contig_5	SBV215_contig_2	99.221	899	7	0	13841	14739	13326	14224	0.0	1622
SBV348_contig_5	SBV215_contig_2	99.301	572	4	0	13232	13803	14234	14805	0.0	1035
SBV348_contig_5	SBV215_contig_2	96.190	210	8	0	12161	12370	10536	10327	2.90e-93	344
SBV348_contig_5	SBV215_contig_2	94.737	209	11	0	51443	51651	40198	39990	1.05e-87	326
SBV348_contig_5	SBV215_contig_2	94.737	209	11	0	47024	47232	44617	44409	1.05e-87	326
SBV348_contig_5	SBV215_contig_2	96.354	192	7	0	10357	10548	12455	12264	6.32e-85	316
SBV348_contig_5	SBV026_contig_2	99.955	59733	27	0	27541	87273	27522	87254	0.0	1.102e+05
SBV348_contig_5	SBV026_contig_2	99.902	15283	8	2	11264	26539	11373	26655	0.0	28132
SBV348_contig_5	SBV026_contig_2	99.929	11265	2	1	1	11265	1	11259	0.0	20753
SBV348_contig_5	SBV026_contig_2	99.695	6548	2	1	87300	93847	87250	93779	0.0	11965
SBV348_contig_5	SBV026_contig_2	94.737	209	11	0	51443	51651	47213	47005	1.05e-87	326
SBV348_contig_5	SBV026_contig_2	94.737	209	11	0	47024	47232	51632	51424	1.05e-87	326
SBV348_contig_5	SBV026_contig_2	93.981	216	7	2	12161	12370	10542	10327	1.36e-86	322
SBV348_contig_5	SBV026_contig_2	96.354	192	7	0	10357	10548	12461	12270	6.32e-85	316
SBV348_contig_5	SBV261_contig_18	100.000	59451	0	0	34397	93847	34201	93651	0.0	1.098e+05
SBV348_contig_5	SBV261_contig_18	100.000	26539	0	0	1	26539	1	26539	0.0	49009
SBV348_contig_5	SBV261_contig_18	99.971	6804	1	1	27541	34343	27406	34209	0.0	12552
SBV348_contig_5	SBV261_contig_18	94.737	209	11	0	51443	51651	47036	46828	1.05e-87	326
SBV348_contig_5	SBV261_contig_18	94.737	209	11	0	47024	47232	51455	51247	1.05e-87	326
SBV348_contig_5	SBV261_contig_18	95.897	195	8	0	12161	12355	10548	10354	6.32e-85	316
SBV348_contig_5	SBV261_contig_18	96.354	192	7	0	10357	10548	12352	12161	6.32e-85	316
SBV348_contig_5	SBV282_contig_6	100.000	49331	0	0	27541	76871	27380	76710	0.0	91098
SBV348_contig_5	SBV282_contig_6	99.902	26539	0	1	1	26539	1	26513	0.0	48841
SBV348_contig_5	SBV282_contig_6	99.994	16950	1	0	76898	93847	76698	93647	0.0	31296
SBV348_contig_5	SBV282_contig_6	94.737	209	11	0	51443	51651	47071	46863	1.05e-87	326
SBV348_contig_5	SBV282_contig_6	94.737	209	11	0	47024	47232	51490	51282	1.05e-87	326
SBV348_contig_5	SBV282_contig_6	95.897	195	8	0	12161	12355	10548	10354	6.32e-85	316
SBV348_contig_5	SBV282_contig_6	96.354	192	7	0	10357	10548	12352	12161	6.32e-85	316
SBV348_contig_5	SBV180_contig_6	100.000	44315	0	0	49533	93847	48959	93273	0.0	81835
SBV348_contig_5	SBV180_contig_6	99.977	26545	0	1	1	26539	1	26545	0.0	48981
SBV348_contig_5	SBV180_contig_6	100.000	21547	0	0	27541	49087	27412	48958	0.0	39790
SBV348_contig_5	SBV180_contig_6	94.737	209	11	0	51443	51651	47103	46895	1.05e-87	326
SBV348_contig_5	SBV180_contig_6	94.737	209	11	0	47024	47232	51077	50869	1.05e-87	326
SBV348_contig_5	SBV180_contig_6	95.897	195	8	0	12161	12355	10554	10360	6.32e-85	316
SBV348_contig_5	SBV180_contig_6	96.354	192	7	0	10357	10548	12358	12167	6.32e-85	316
SBV348_contig_5	SBV011_contig_2	99.935	42915	1	1	50960	93847	50806	93720	0.0	79069
SBV348_contig_5	SBV011_contig_2	99.951	26551	1	1	1	26539	1	26551	0.0	48948
SBV348_contig_5	SBV011_contig_2	99.996	23390	1	0	27541	50930	27418	50807	0.0	43188
SBV348_contig_5	SBV011_contig_2	94.737	209	11	0	51443	51651	47109	46901	1.05e-87	326
SBV348_contig_5	SBV011_contig_2	94.737	209	11	0	47024	47232	51497	51289	1.05e-87	326
SBV348_contig_5	SBV011_contig_2	95.897	195	8	0	12161	12355	10560	10366	6.32e-85	316
SBV348_contig_5	SBV011_contig_2	96.354	192	7	0	10357	10548	12364	12173	6.32e-85	316
SBV348_contig_5	SBV140_contig_7	100.000	41355	0	0	52493	93847	51701	93055	0.0	76369
SBV348_contig_5	SBV140_contig_7	100.000	26539	0	0	1	26539	1	26539	0.0	49009
SBV348_contig_5	SBV140_contig_7	100.000	24295	0	0	27541	51835	27406	51700	0.0	44865
SBV348_contig_5	SBV140_contig_7	94.737	209	11	0	51443	51651	47097	46889	1.05e-87	326
SBV348_contig_5	SBV140_contig_7	94.737	209	11	0	47024	47232	51516	51308	1.05e-87	326
SBV348_contig_5	SBV140_contig_7	95.897	195	8	0	12161	12355	10548	10354	6.32e-85	316
SBV348_contig_5	SBV140_contig_7	96.354	192	7	0	10357	10548	12352	12161	6.32e-85	316
SBV348_contig_5	SBV344_contig_3	100.000	38644	0	0	27541	66184	27406	66049	0.0	71363
SBV348_contig_5	SBV344_contig_3	100.000	26539	0	0	1	26539	1	26539	0.0	49009
SBV348_contig_5	SBV344_contig_3	100.000	26501	0	0	67347	93847	66048	92548	0.0	48939
SBV348_contig_5	SBV344_contig_3	94.737	209	11	0	51443	51651	47097	46889	1.05e-87	326
SBV348_contig_5	SBV344_contig_3	94.737	209	11	0	47024	47232	51516	51308	1.05e-87	326
SBV348_contig_5	SBV344_contig_3	95.897	195	8	0	12161	12355	10548	10354	6.32e-85	316
SBV348_contig_5	SBV344_contig_3	96.354	192	7	0	10357	10548	12352	12161	6.32e-85	316
SBV348_contig_5	SBV154_contig_5	100.000	35429	0	0	27541	62969	27406	62834	0.0	65426
SBV348_contig_5	SBV154_contig_5	100.000	30085	0	0	63763	93847	62835	92919	0.0	55557
SBV348_contig_5	SBV154_contig_5	100.000	26539	0	0	1	26539	1	26539	0.0	49009
SBV348_contig_5	SBV154_contig_5	94.737	209	11	0	51443	51651	47097	46889	1.05e-87	326
SBV348_contig_5	SBV154_contig_5	94.737	209	11	0	47024	47232	51516	51308	1.05e-87	326
SBV348_contig_5	SBV154_contig_5	95.897	195	8	0	12161	12355	10548	10354	6.32e-85	316
SBV348_contig_5	SBV154_contig_5	96.354	192	7	0	10357	10548	12352	12161	6.32e-85	316
SBV348_contig_5	SBV196_contig_6	100.000	34065	0	0	59783	93847	59338	93402	0.0	62907
SBV348_contig_5	SBV196_contig_6	99.997	31938	0	1	27541	59477	27406	59343	0.0	58972
SBV348_contig_5	SBV196_contig_6	100.000	26539	0	0	1	26539	1	26539	0.0	49009
SBV348_contig_5	SBV196_contig_6	94.737	209	11	0	51443	51651	47097	46889	1.05e-87	326
SBV348_contig_5	SBV196_contig_6	94.737	209	11	0	47024	47232	51516	51308	1.05e-87	326
SBV348_contig_5	SBV196_contig_6	95.897	195	8	0	12161	12355	10548	10354	6.32e-85	316
SBV348_contig_5	SBV196_contig_6	96.354	192	7	0	10357	10548	12352	12161	6.32e-85	316
SBV348_contig_5	NC_003277.2_plasmid_pSLT	99.593	28468	97	15	32676	61136	19623	48078	0.0	51910
SBV348_contig_5	NC_003277.2_plasmid_pSLT	98.226	16295	264	8	62991	79263	57828	74119	0.0	28467
SBV348_contig_5	NC_003277.2_plasmid_pSLT	97.751	6669	125	11	1	6655	87276	93933	0.0	11461
SBV348_contig_5	NC_003277.2_plasmid_pSLT	94.382	6141	289	30	16302	22411	9677	15792	0.0	9378
SBV348_contig_5	NC_003277.2_plasmid_pSLT	97.774	4627	72	7	6656	11265	1	4613	0.0	7945
SBV348_contig_5	NC_003277.2_plasmid_pSLT	92.627	5100	356	20	83667	88756	77566	82655	0.0	7317
SBV348_contig_5	NC_003277.2_plasmid_pSLT	97.332	3186	85	0	22694	25879	16406	19591	0.0	5413
SBV348_contig_5	NC_003277.2_plasmid_pSLT	96.798	3029	65	16	90849	93847	84249	87275	0.0	5027
SBV348_contig_5	NC_003277.2_plasmid_pSLT	99.469	1882	9	1	61106	62987	55536	57416	0.0	3419
SBV348_contig_5	NC_003277.2_plasmid_pSLT	97.710	1921	43	1	11264	13183	4727	6647	0.0	3302
SBV348_contig_5	NC_003277.2_plasmid_pSLT	93.241	1805	119	1	79738	81539	74642	76446	0.0	2654
SBV348_contig_5	NC_003277.2_plasmid_pSLT	94.206	1001	55	3	82012	83010	76431	77430	0.0	1524
SBV348_contig_5	NC_003277.2_plasmid_pSLT	94.007	901	48	6	13841	14739	6687	7583	0.0	1360
SBV348_contig_5	NC_003277.2_plasmid_pSLT	93.251	726	49	0	89173	89898	83208	83933	0.0	1070
SBV348_contig_5	NC_003277.2_plasmid_pSLT	93.440	564	36	1	13229	13792	7590	8152	0.0	835
SBV348_contig_5	NC_003277.2_plasmid_pSLT	95.238	210	10	0	12161	12370	3884	3675	6.28e-90	333
SBV348_contig_5	NC_003277.2_plasmid_pSLT	94.737	209	11	0	51443	51651	34178	33970	1.05e-87	326
SBV348_contig_5	NC_003277.2_plasmid_pSLT	94.737	209	11	0	47024	47232	38597	38389	1.05e-87	326
SBV348_contig_5	NC_003277.2_plasmid_pSLT	95.833	192	8	0	10357	10548	5816	5625	2.94e-83	311
SBV348_contig_5	NC_003277.2_plasmid_pSLT	90.698	129	7	5	22439	22564	15933	16059	6.74e-40	167
SBV348_contig_5	NC_003277.2_plasmid_pSLT	93.421	76	5	0	22565	22640	16345	16420	8.90e-24	113
SBV348_contig_5	NC_003277.2_plasmid_pSLT	93.506	77	4	1	90771	90847	84048	84123	8.90e-24	113
SBV348_contig_5	NC_003277.2_plasmid_pSLT	85.507	69	9	1	90714	90781	83950	84018	5.44e-11	71.3
