snp-dists 0.8.2,SBV035,SBV036,SBV037,SBV038,SBV039,SBV041,SBV042,SBV043,SBV044,SBV045,SBV046,SBV047,SBV048,SBV049,SBV050,SBV051,SBV052,SBV053,SBV054,SBV055,SBV056,SBV057,SBV058,SBV059,SBV060,SBV061,SBV062,SBV063,SBV064,SBV067,SBV068,SBV069,SBV070,SBV071,SBV072,SBV075,SBV076,SBV077,SBV078,SBV079,SBV080,SBV081,SBV082,SBV083,SBV084,SBV087,SBV088,SBV089,SBV090,SBV091,SBV092,SBV093,SBV094,SBV095,SBV096,SBV097,SBV098,SBV099,SBV100,SBV101,SBV102,SBV103,SBV104,SBV105,SBV106,SBV107,SBV108,SBV109,SBV110,SBV111,SBV112,SBV113,SBV114,SBV115,SBV116,SBV117,SBV118,SBV119,SBV121,SBV122,SBV123,SBV124,SBV125,SBV127,SBV128,SBV130,SBV132,SBV133,SBV134,SBV135,SBV136,SBV138,SBV139,SBV140,SBV141,SBV142,SBV143,SBV144,SBV145,SBV146,SBV147,SBV148,SBV150,SBV151,SBV152,SBV153,SBV156,SBV157,SBV158,SBV159,SBV160,SBV161,SBV162,SBV163,SBV164,SBV165,SBV166,SBV167,SBV168,SBV169,SBV170,SBV171,SBV172,SBV173,SBV174,SBV175,SBV176,SBV218,SBV234,SBV235,SBV240,SBV257,SBV269,SBV270,SBV271,SBV272,SBV273,SBV274,SBV275,SBV276,SBV277,SBV278,SBV279,SBV280,SBV281,SBV282,SBV283,SBV284,SBV285,SBV286,SBV287,SBV288,SBV289,SBV290,SBV291,SBV292,SBV293,SBV294,SBV295,SBV296,SBV297,SBV298,SBV299,SBV300,SBV301,SBV302,SBV305,SBV306,SBV307,SBV308,SBV310,SBV311,SBV312,SBV314,SBV315,SBV316,SBV317,SBV318,SBV319,SBV320,SBV321,SBV322,SBV323,SBV324,SBV325,SBV326,SBV327,SBV328,SBV329,SBV330,SBV331,SBV332,SBV333,SBV334,SBV335,SBV336,SBV337,SBV338,SBV339,SBV340,SBV341,SBV343,SBV344,SBV345,SBV347,SBV348,SBV349,SBV350,SBV351,SBV352,SBV353,SBV354,SBV355,SBV356,SBV357,SBV358,SBV359,SBV361,SBV362,SBV363,SBV364,SBV365,SBV366,SBV367,SBV368,SBV369,SBV370,SBV371,SBV372,SBV373,SBV374,SBV375,SBV376
SBV035,0,0,4,3,5,3,0,4,4,2,3,2,2,2,4,2,4,4,2,4,1,1,2,2,5,1,2,3,1,4,2,3,2,2,9,3,2,3,2,3,2,2,3,2,2,3,3,4,3,3,4,1,4,4,2,2,2,3,3,3,5,3,0,5,3,4,3,7,3,4,2,6,3,3,4,4,3,2,4,5,4,4,4,2,4,4,5,6,4,3,5,5,5,2,4,5,2,6,4,5,4,4,2,2,5,5,6,6,3,6,7,5,4,5,4,4,4,4,4,5,6,2,3,2,3,2,5,4,5,3,7,6,4,8,5,4,8,11,10,11,7,6,4,4,5,8,6,8,6,8,7,8,8,7,5,8,6,7,9,5,2,6,7,8,8,7,9,9,9,7,9,5,7,4,7,12,9,5,11,6,7,4,7,7,6,10,6,4,9,6,10,2,3,9,6,4,2,10,8,8,11,11,8,4,5,6,3,6,7,10,8,6,5,5,9,8,8,4,9,11,10,9,9,10,11,8,10,8,9,5,13,5,10
SBV036,0,0,4,3,5,3,0,4,4,2,3,2,2,2,4,2,4,4,2,4,1,1,2,2,5,1,2,3,1,4,2,3,2,2,9,3,2,3,2,3,2,2,3,2,2,3,3,4,3,3,4,1,4,4,2,2,2,3,3,3,5,3,0,5,3,4,3,7,3,4,2,6,3,3,4,4,3,2,4,5,4,4,4,2,4,4,5,6,4,3,5,5,5,2,4,5,2,6,4,5,4,4,2,2,5,5,6,6,3,6,7,5,4,5,4,4,4,4,4,5,6,2,3,2,3,2,5,4,5,3,7,6,4,8,5,4,8,11,10,11,7,6,4,4,5,8,6,8,6,8,7,8,8,7,5,8,6,7,9,5,2,6,7,8,8,7,9,9,9,7,9,5,7,4,7,12,9,5,11,6,7,4,7,7,6,10,6,4,9,6,10,2,3,9,6,4,2,10,8,8,11,11,8,4,5,6,3,6,7,10,8,6,5,5,9,8,8,4,9,11,10,9,9,10,11,8,10,8,9,5,13,5,10
SBV037,4,4,0,7,7,5,4,6,6,4,5,4,4,4,6,4,6,4,6,6,5,3,6,4,5,5,6,5,5,6,6,5,6,4,9,5,4,5,6,5,6,4,5,4,4,5,7,6,3,7,4,5,6,6,4,4,4,3,5,5,9,7,4,7,5,8,5,9,7,6,4,8,5,5,8,6,5,6,6,7,6,6,6,6,6,6,7,8,6,3,7,7,7,4,6,7,4,8,6,7,8,6,4,6,7,7,8,8,5,8,9,9,6,7,6,8,6,6,6,7,10,4,5,4,5,4,9,4,7,5,9,8,8,8,5,6,8,11,10,11,11,8,6,6,7,10,8,8,8,8,9,10,8,7,7,8,8,9,9,7,4,8,9,10,8,9,13,9,9,9,9,9,7,4,9,12,11,5,11,6,9,6,9,9,6,12,6,4,11,6,10,4,3,9,6,4,4,10,8,8,11,11,10,6,7,8,3,10,7,10,10,6,7,7,11,10,10,6,11,11,10,11,11,12,11,10,10,8,11,5,13,7,10
SBV038,3,3,7,0,8,6,3,7,7,5,6,5,5,5,7,5,7,7,5,7,4,4,5,5,8,4,5,6,4,7,5,6,5,5,12,6,5,6,5,6,5,5,6,5,5,6,6,7,6,6,7,4,7,7,5,5,5,6,6,6,8,6,3,8,6,7,6,10,6,7,5,9,6,6,7,7,6,5,7,8,7,7,7,5,7,7,8,9,7,6,8,8,8,5,7,8,5,9,7,8,7,7,5,5,8,8,9,9,6,9,10,8,7,8,7,7,7,7,7,8,9,5,6,5,6,5,8,7,8,6,10,9,7,11,8,7,11,14,13,14,10,9,7,7,8,11,9,11,9,11,10,11,11,10,8,11,9,10,12,8,5,9,10,11,11,10,12,12,12,10,12,8,10,7,10,15,12,8,14,9,10,7,10,10,9,13,9,7,12,9,13,5,6,12,9,7,5,13,11,11,14,14,11,7,8,9,6,9,10,13,11,9,8,8,12,11,11,7,12,14,13,12,12,13,14,11,13,11,12,8,16,8,13
SBV039,5,5,7,8,0,4,5,5,5,3,4,3,3,3,5,3,5,7,7,5,6,4,7,3,8,6,7,4,6,3,7,4,7,3,12,4,3,4,7,4,7,3,4,3,3,4,8,5,6,8,7,6,5,5,3,3,3,6,4,4,10,8,5,6,4,9,4,8,8,5,3,7,4,4,9,5,4,7,5,6,5,5,5,7,5,5,6,7,5,6,6,6,6,3,5,6,3,7,5,6,9,5,3,7,6,6,7,7,4,7,8,10,5,6,5,9,5,5,5,6,11,3,4,3,4,3,10,7,6,4,8,7,9,11,8,5,11,14,13,14,12,7,5,5,6,9,7,11,7,11,8,9,11,10,6,11,7,8,12,6,3,7,8,9,11,8,14,12,12,8,12,10,10,7,8,15,10,8,14,9,8,5,8,8,9,11,9,7,10,9,13,3,6,12,9,7,3,13,11,11,14,14,9,5,6,7,6,11,10,13,9,9,6,6,10,9,9,5,10,14,13,10,10,11,14,9,13,11,10,8,16,6,13
SBV041,3,3,5,6,4,0,3,3,3,1,2,1,1,1,3,1,3,5,5,3,4,2,5,1,6,4,5,2,4,3,5,2,5,1,10,2,1,2,5,2,5,1,2,1,1,2,6,3,4,6,5,4,3,3,1,1,1,4,2,2,8,6,3,4,2,7,2,6,6,3,1,5,2,2,7,3,2,5,3,4,3,3,3,5,3,3,4,5,3,4,4,4,4,1,3,4,1,5,3,4,7,3,1,5,4,4,5,5,2,5,6,8,3,4,3,7,3,3,3,4,9,1,2,1,2,1,8,5,4,2,6,5,7,9,6,3,9,12,11,12,10,5,3,3,4,7,5,9,5,9,6,7,9,8,4,9,5,6,10,4,1,5,6,7,9,6,12,10,10,6,10,8,8,5,6,13,8,6,12,7,6,3,6,6,7,9,7,5,8,7,11,1,4,10,7,5,1,11,9,9,12,12,7,3,4,5,4,9,8,11,7,7,4,4,8,7,7,3,8,12,11,8,8,9,12,7,11,9,8,6,14,4,11
SBV042,0,0,4,3,5,3,0,4,4,2,3,2,2,2,4,2,4,4,2,4,1,1,2,2,5,1,2,3,1,4,2,3,2,2,9,3,2,3,2,3,2,2,3,2,2,3,3,4,3,3,4,1,4,4,2,2,2,3,3,3,5,3,0,5,3,4,3,7,3,4,2,6,3,3,4,4,3,2,4,5,4,4,4,2,4,4,5,6,4,3,5,5,5,2,4,5,2,6,4,5,4,4,2,2,5,5,6,6,3,6,7,5,4,5,4,4,4,4,4,5,6,2,3,2,3,2,5,4,5,3,7,6,4,8,5,4,8,11,10,11,7,6,4,4,5,8,6,8,6,8,7,8,8,7,5,8,6,7,9,5,2,6,7,8,8,7,9,9,9,7,9,5,7,4,7,12,9,5,11,6,7,4,7,7,6,10,6,4,9,6,10,2,3,9,6,4,2,10,8,8,11,11,8,4,5,6,3,6,7,10,8,6,5,5,9,8,8,4,9,11,10,9,9,10,11,8,10,8,9,5,13,5,10
SBV043,4,4,6,7,5,3,4,0,4,2,3,2,2,2,4,2,4,6,6,4,5,3,6,2,7,5,6,3,5,4,6,3,6,2,11,3,2,3,6,3,6,2,3,2,2,3,7,4,5,7,6,5,4,4,2,2,2,5,3,3,9,7,4,5,3,8,3,7,7,4,2,6,3,3,8,4,3,6,4,5,4,4,4,6,4,4,5,6,4,5,5,5,5,2,4,5,2,6,4,5,8,4,2,6,5,5,6,6,3,6,7,9,4,5,4,8,4,4,4,5,10,2,3,2,3,2,9,6,5,3,7,6,8,10,7,4,10,13,12,13,11,6,4,4,5,8,6,10,6,10,7,8,10,9,5,10,6,7,11,5,2,6,7,8,10,7,13,11,11,7,11,9,9,6,7,14,9,7,13,8,7,4,7,7,8,10,8,6,9,8,12,2,5,11,8,6,2,12,10,10,13,13,8,4,5,6,5,10,9,12,8,8,5,5,9,8,8,4,9,13,12,9,9,10,13,8,12,10,9,7,15,5,12
SBV044,4,4,6,7,5,3,4,4,0,2,3,2,2,2,4,2,4,6,6,4,5,3,6,2,7,5,6,3,5,4,6,3,6,2,11,3,2,3,6,3,6,2,3,2,2,3,7,4,5,7,6,5,4,4,2,2,2,5,3,3,9,7,4,5,3,8,3,7,7,4,2,6,3,3,8,4,3,6,4,5,4,4,4,6,4,4,5,6,4,5,5,5,5,2,4,5,2,6,4,5,8,4,2,6,5,5,6,6,3,6,7,9,4,5,4,8,4,4,4,5,10,2,3,2,3,2,9,6,5,3,7,6,8,10,7,4,10,13,12,13,11,6,4,4,5,8,6,10,6,10,7,8,10,9,5,10,6,7,11,5,2,6,7,8,10,7,13,11,11,7,11,9,9,6,7,14,9,7,13,8,7,4,7,7,8,10,8,6,9,8,12,2,5,11,8,6,2,12,10,10,13,13,8,4,5,6,5,10,9,12,8,8,5,5,9,8,8,4,9,13,12,9,9,10,13,8,12,10,9,7,15,5,12
SBV045,2,2,4,5,3,1,2,2,2,0,1,0,0,0,2,0,2,4,4,2,3,1,4,0,5,3,4,1,3,2,4,1,4,0,9,1,0,1,4,1,4,0,1,0,0,1,5,2,3,5,4,3,2,2,0,0,0,3,1,1,7,5,2,3,1,6,1,5,5,2,0,4,1,1,6,2,1,4,2,3,2,2,2,4,2,2,3,4,2,3,3,3,3,0,2,3,0,4,2,3,6,2,0,4,3,3,4,4,1,4,5,7,2,3,2,6,2,2,2,3,8,0,1,0,1,0,7,4,3,1,5,4,6,8,5,2,8,11,10,11,9,4,2,2,3,6,4,8,4,8,5,6,8,7,3,8,4,5,9,3,0,4,5,6,8,5,11,9,9,5,9,7,7,4,5,12,7,5,11,6,5,2,5,5,6,8,6,4,7,6,10,0,3,9,6,4,0,10,8,8,11,11,6,2,3,4,3,8,7,10,6,6,3,3,7,6,6,2,7,11,10,7,7,8,11,6,10,8,7,5,13,3,10
SBV046,3,3,5,6,4,2,3,3,3,1,0,1,1,1,3,1,1,5,5,1,4,2,5,1,6,4,5,2,4,3,5,2,5,1,10,2,1,0,5,2,5,1,2,1,1,2,6,3,4,6,5,4,3,3,1,1,1,4,2,2,8,6,3,4,2,7,2,6,6,3,1,5,2,2,7,3,2,5,3,4,3,3,3,5,3,3,4,5,1,4,4,4,4,1,3,4,1,5,3,4,7,3,1,5,4,4,5,5,2,5,6,8,3,4,3,7,3,3,3,4,9,1,2,1,2,1,8,5,4,2,6,5,7,9,6,3,9,12,11,12,10,5,3,3,4,7,5,9,5,9,6,7,9,8,4,9,5,6,10,4,1,5,6,7,9,6,12,10,10,6,10,8,8,5,6,13,8,6,12,7,6,3,6,6,7,9,7,5,8,7,11,1,4,10,7,5,1,11,9,9,12,12,7,3,4,5,4,9,8,11,7,7,4,4,8,7,7,3,8,12,11,8,8,9,12,7,11,9,8,6,14,4,11
SBV047,2,2,4,5,3,1,2,2,2,0,1,0,0,0,2,0,2,4,4,2,3,1,4,0,5,3,4,1,3,2,4,1,4,0,9,1,0,1,4,1,4,0,1,0,0,1,5,2,3,5,4,3,2,2,0,0,0,3,1,1,7,5,2,3,1,6,1,5,5,2,0,4,1,1,6,2,1,4,2,3,2,2,2,4,2,2,3,4,2,3,3,3,3,0,2,3,0,4,2,3,6,2,0,4,3,3,4,4,1,4,5,7,2,3,2,6,2,2,2,3,8,0,1,0,1,0,7,4,3,1,5,4,6,8,5,2,8,11,10,11,9,4,2,2,3,6,4,8,4,8,5,6,8,7,3,8,4,5,9,3,0,4,5,6,8,5,11,9,9,5,9,7,7,4,5,12,7,5,11,6,5,2,5,5,6,8,6,4,7,6,10,0,3,9,6,4,0,10,8,8,11,11,6,2,3,4,3,8,7,10,6,6,3,3,7,6,6,2,7,11,10,7,7,8,11,6,10,8,7,5,13,3,10
SBV048,2,2,4,5,3,1,2,2,2,0,1,0,0,0,2,0,2,4,4,2,3,1,4,0,5,3,4,1,3,2,4,1,4,0,9,1,0,1,4,1,4,0,1,0,0,1,5,2,3,5,4,3,2,2,0,0,0,3,1,1,7,5,2,3,1,6,1,5,5,2,0,4,1,1,6,2,1,4,2,3,2,2,2,4,2,2,3,4,2,3,3,3,3,0,2,3,0,4,2,3,6,2,0,4,3,3,4,4,1,4,5,7,2,3,2,6,2,2,2,3,8,0,1,0,1,0,7,4,3,1,5,4,6,8,5,2,8,11,10,11,9,4,2,2,3,6,4,8,4,8,5,6,8,7,3,8,4,5,9,3,0,4,5,6,8,5,11,9,9,5,9,7,7,4,5,12,7,5,11,6,5,2,5,5,6,8,6,4,7,6,10,0,3,9,6,4,0,10,8,8,11,11,6,2,3,4,3,8,7,10,6,6,3,3,7,6,6,2,7,11,10,7,7,8,11,6,10,8,7,5,13,3,10
SBV049,2,2,4,5,3,1,2,2,2,0,1,0,0,0,2,0,2,4,4,2,3,1,4,0,5,3,4,1,3,2,4,1,4,0,9,1,0,1,4,1,4,0,1,0,0,1,5,2,3,5,4,3,2,2,0,0,0,3,1,1,7,5,2,3,1,6,1,5,5,2,0,4,1,1,6,2,1,4,2,3,2,2,2,4,2,2,3,4,2,3,3,3,3,0,2,3,0,4,2,3,6,2,0,4,3,3,4,4,1,4,5,7,2,3,2,6,2,2,2,3,8,0,1,0,1,0,7,4,3,1,5,4,6,8,5,2,8,11,10,11,9,4,2,2,3,6,4,8,4,8,5,6,8,7,3,8,4,5,9,3,0,4,5,6,8,5,11,9,9,5,9,7,7,4,5,12,7,5,11,6,5,2,5,5,6,8,6,4,7,6,10,0,3,9,6,4,0,10,8,8,11,11,6,2,3,4,3,8,7,10,6,6,3,3,7,6,6,2,7,11,10,7,7,8,11,6,10,8,7,5,13,3,10
SBV050,4,4,6,7,5,3,4,4,4,2,3,2,2,2,0,2,4,6,6,4,5,3,6,2,7,5,6,3,5,4,6,3,6,2,11,3,2,3,6,3,6,2,3,2,2,3,7,4,5,7,6,5,4,2,2,2,2,5,3,3,9,7,4,5,3,8,3,7,7,4,2,6,3,3,8,4,3,6,4,5,4,4,4,6,4,4,5,6,4,5,5,5,5,2,4,5,2,6,4,5,8,4,2,6,5,5,6,6,3,6,7,9,4,5,4,8,4,4,4,5,10,2,3,2,3,2,9,6,5,3,7,6,8,10,7,4,10,13,12,13,11,6,4,4,5,8,6,10,6,10,7,8,10,9,5,10,6,7,11,5,2,6,7,8,10,7,13,11,11,7,11,9,9,6,7,14,9,7,13,8,7,4,7,7,8,10,8,6,9,8,12,2,5,11,8,6,2,12,10,10,13,13,8,4,5,6,5,10,9,12,8,8,5,5,9,8,8,4,9,13,12,9,9,10,13,8,12,10,9,7,15,5,12
SBV051,2,2,4,5,3,1,2,2,2,0,1,0,0,0,2,0,2,4,4,2,3,1,4,0,5,3,4,1,3,2,4,1,4,0,9,1,0,1,4,1,4,0,1,0,0,1,5,2,3,5,4,3,2,2,0,0,0,3,1,1,7,5,2,3,1,6,1,5,5,2,0,4,1,1,6,2,1,4,2,3,2,2,2,4,2,2,3,4,2,3,3,3,3,0,2,3,0,4,2,3,6,2,0,4,3,3,4,4,1,4,5,7,2,3,2,6,2,2,2,3,8,0,1,0,1,0,7,4,3,1,5,4,6,8,5,2,8,11,10,11,9,4,2,2,3,6,4,8,4,8,5,6,8,7,3,8,4,5,9,3,0,4,5,6,8,5,11,9,9,5,9,7,7,4,5,12,7,5,11,6,5,2,5,5,6,8,6,4,7,6,10,0,3,9,6,4,0,10,8,8,11,11,6,2,3,4,3,8,7,10,6,6,3,3,7,6,6,2,7,11,10,7,7,8,11,6,10,8,7,5,13,3,10
SBV052,4,4,6,7,5,3,4,4,4,2,1,2,2,2,4,2,0,6,6,0,5,3,6,2,7,5,6,3,5,4,6,3,6,2,11,3,2,1,6,3,6,2,3,2,2,3,7,4,5,7,6,5,4,4,2,2,2,5,3,3,9,7,4,5,3,8,3,7,7,4,2,6,3,3,8,4,3,6,4,5,4,4,4,6,4,4,5,6,2,5,5,5,5,2,4,5,2,6,4,5,8,4,2,6,5,5,6,6,3,6,7,9,4,5,4,8,4,4,4,5,10,2,3,2,3,2,9,6,5,3,7,6,8,10,7,4,10,13,12,13,11,6,4,4,5,8,6,10,6,10,7,8,10,9,5,10,6,7,11,5,2,6,7,8,10,7,13,11,11,7,11,9,9,6,7,14,9,7,13,8,7,4,7,7,8,10,8,6,9,8,12,2,5,11,8,6,2,12,10,10,13,13,8,4,5,6,5,10,9,12,8,8,5,5,9,8,8,4,9,13,12,9,9,10,13,8,12,10,9,7,15,5,12
SBV053,4,4,4,7,7,5,4,6,6,4,5,4,4,4,6,4,6,0,6,6,5,3,6,4,5,5,6,5,5,6,6,5,6,4,9,5,4,5,6,5,6,4,5,4,4,5,7,6,3,7,4,5,6,6,4,4,4,3,5,5,9,7,4,7,5,8,5,9,7,6,4,8,5,5,8,6,5,6,6,7,6,6,6,6,6,6,7,8,6,3,7,7,7,4,6,7,4,8,6,7,8,6,4,6,7,7,8,8,5,8,9,9,6,7,6,8,6,6,6,7,10,4,5,4,5,4,9,4,7,5,9,8,8,8,5,6,8,11,10,11,11,8,6,6,7,10,8,8,8,8,9,10,8,7,7,8,8,9,9,7,4,8,9,10,8,9,13,9,9,9,9,9,7,4,9,12,11,5,11,6,9,6,9,9,6,12,6,4,11,6,10,4,3,9,6,4,4,10,8,8,11,11,10,6,7,8,3,10,7,10,10,6,7,7,11,10,10,6,11,11,10,11,11,12,11,10,10,8,11,5,13,7,10
SBV054,2,2,6,5,7,5,2,6,6,4,5,4,4,4,6,4,6,6,0,6,1,3,2,4,7,1,2,5,1,6,2,5,2,4,11,5,4,5,4,5,2,4,5,4,4,5,3,6,5,3,6,3,6,6,4,4,4,5,5,5,5,3,2,7,5,4,5,9,3,6,4,8,5,5,4,6,5,2,6,7,6,6,6,2,6,6,7,8,6,5,7,7,7,4,6,7,4,8,6,7,4,6,4,2,7,7,8,8,5,8,9,5,6,7,6,4,6,6,6,7,8,4,5,4,5,4,7,6,7,5,9,8,4,10,7,6,10,13,12,13,7,8,6,6,7,10,8,10,8,10,9,10,10,9,7,10,8,9,11,7,4,8,9,10,10,9,9,11,11,9,11,5,9,6,9,14,11,7,13,8,9,6,9,9,8,12,8,6,11,8,12,4,5,11,8,6,4,12,10,10,13,13,10,6,7,8,5,6,9,12,10,8,7,7,11,10,10,6,11,13,12,11,11,12,13,10,12,10,11,7,15,7,12
SBV055,4,4,6,7,5,3,4,4,4,2,1,2,2,2,4,2,0,6,6,0,5,3,6,2,7,5,6,3,5,4,6,3,6,2,11,3,2,1,6,3,6,2,3,2,2,3,7,4,5,7,6,5,4,4,2,2,2,5,3,3,9,7,4,5,3,8,3,7,7,4,2,6,3,3,8,4,3,6,4,5,4,4,4,6,4,4,5,6,2,5,5,5,5,2,4,5,2,6,4,5,8,4,2,6,5,5,6,6,3,6,7,9,4,5,4,8,4,4,4,5,10,2,3,2,3,2,9,6,5,3,7,6,8,10,7,4,10,13,12,13,11,6,4,4,5,8,6,10,6,10,7,8,10,9,5,10,6,7,11,5,2,6,7,8,10,7,13,11,11,7,11,9,9,6,7,14,9,7,13,8,7,4,7,7,8,10,8,6,9,8,12,2,5,11,8,6,2,12,10,10,13,13,8,4,5,6,5,10,9,12,8,8,5,5,9,8,8,4,9,13,12,9,9,10,13,8,12,10,9,7,15,5,12
SBV056,1,1,5,4,6,4,1,5,5,3,4,3,3,3,5,3,5,5,1,5,0,2,1,3,6,0,1,4,0,5,1,4,1,3,10,4,3,4,3,4,1,3,4,3,3,4,2,5,4,2,5,2,5,5,3,3,3,4,4,4,4,2,1,6,4,3,4,8,2,5,3,7,4,4,3,5,4,1,5,6,5,5,5,1,5,5,6,7,5,4,6,6,6,3,5,6,3,7,5,6,3,5,3,1,6,6,7,7,4,7,8,4,5,6,5,3,5,5,5,6,7,3,4,3,4,3,6,5,6,4,8,7,3,9,6,5,9,12,11,12,6,7,5,5,6,9,7,9,7,9,8,9,9,8,6,9,7,8,10,6,3,7,8,9,9,8,8,10,10,8,10,4,8,5,8,13,10,6,12,7,8,5,8,8,7,11,7,5,10,7,11,3,4,10,7,5,3,11,9,9,12,12,9,5,6,7,4,5,8,11,9,7,6,6,10,9,9,5,10,12,11,10,10,11,12,9,11,9,10,6,14,6,11
SBV057,1,1,3,4,4,2,1,3,3,1,2,1,1,1,3,1,3,3,3,3,2,0,3,1,4,2,3,2,2,3,3,2,3,1,8,2,1,2,3,2,3,1,2,1,1,2,4,3,2,4,3,2,3,3,1,1,1,2,2,2,6,4,1,4,2,5,2,6,4,3,1,5,2,2,5,3,2,3,3,4,3,3,3,3,3,3,4,5,3,2,4,4,4,1,3,4,1,5,3,4,5,3,1,3,4,4,5,5,2,5,6,6,3,4,3,5,3,3,3,4,7,1,2,1,2,1,6,3,4,2,6,5,5,7,4,3,7,10,9,10,8,5,3,3,4,7,5,7,5,7,6,7,7,6,4,7,5,6,8,4,1,5,6,7,7,6,10,8,8,6,8,6,6,3,6,11,8,4,10,5,6,3,6,6,5,9,5,3,8,5,9,1,2,8,5,3,1,9,7,7,10,10,7,3,4,5,2,7,6,9,7,5,4,4,8,7,7,3,8,10,9,8,8,9,10,7,9,7,8,4,12,4,9
SBV058,2,2,6,5,7,5,2,6,6,4,5,4,4,4,6,4,6,6,2,6,1,3,0,4,7,1,2,5,1,6,2,5,0,4,11,5,4,5,4,5,0,4,5,4,4,5,1,6,5,1,6,3,6,6,4,4,4,5,5,5,3,3,2,7,5,4,5,9,1,6,4,8,5,5,4,6,5,2,6,7,6,6,6,2,6,6,7,8,6,5,7,7,7,4,6,7,4,8,6,7,4,6,4,2,7,7,8,8,5,8,9,3,6,7,6,2,6,6,6,7,8,4,5,4,5,4,7,6,7,5,9,8,2,10,7,6,10,13,12,13,5,8,6,6,7,10,8,10,8,10,9,10,10,9,7,10,8,9,11,7,4,8,9,10,10,9,7,11,11,9,11,3,9,6,9,14,11,7,13,8,9,6,9,9,8,12,8,6,11,8,12,4,5,11,8,6,4,12,10,10,13,13,10,6,7,8,5,4,9,12,10,8,7,7,11,10,10,6,11,13,12,11,11,12,13,10,12,10,11,7,15,7,12
SBV059,2,2,4,5,3,1,2,2,2,0,1,0,0,0,2,0,2,4,4,2,3,1,4,0,5,3,4,1,3,2,4,1,4,0,9,1,0,1,4,1,4,0,1,0,0,1,5,2,3,5,4,3,2,2,0,0,0,3,1,1,7,5,2,3,1,6,1,5,5,2,0,4,1,1,6,2,1,4,2,3,2,2,2,4,2,2,3,4,2,3,3,3,3,0,2,3,0,4,2,3,6,2,0,4,3,3,4,4,1,4,5,7,2,3,2,6,2,2,2,3,8,0,1,0,1,0,7,4,3,1,5,4,6,8,5,2,8,11,10,11,9,4,2,2,3,6,4,8,4,8,5,6,8,7,3,8,4,5,9,3,0,4,5,6,8,5,11,9,9,5,9,7,7,4,5,12,7,5,11,6,5,2,5,5,6,8,6,4,7,6,10,0,3,9,6,4,0,10,8,8,11,11,6,2,3,4,3,8,7,10,6,6,3,3,7,6,6,2,7,11,10,7,7,8,11,6,10,8,7,5,13,3,10
SBV060,5,5,5,8,8,6,5,7,7,5,6,5,5,5,7,5,7,5,7,7,6,4,7,5,0,6,7,6,6,7,7,6,7,5,10,6,5,6,7,6,7,5,6,5,5,6,8,7,4,8,5,6,7,7,5,5,5,4,6,6,10,8,5,8,6,9,6,10,8,7,5,9,6,6,9,7,6,7,7,8,7,7,7,7,7,7,8,9,7,4,8,8,8,5,7,8,5,9,7,8,9,7,5,7,8,8,9,9,6,9,10,10,7,8,7,9,7,7,7,8,11,5,6,5,6,5,10,5,8,6,10,9,9,9,6,7,9,12,11,12,12,9,7,7,8,11,9,9,9,9,10,11,9,8,8,9,9,10,10,8,5,9,10,11,9,10,14,10,10,10,10,10,8,5,10,13,12,6,12,7,10,7,10,10,7,13,7,5,12,7,11,5,4,10,7,5,5,11,9,9,12,12,11,7,8,9,4,11,8,11,11,7,8,8,12,11,11,7,12,12,11,12,12,13,12,11,11,9,12,2,14,8,11
SBV061,1,1,5,4,6,4,1,5,5,3,4,3,3,3,5,3,5,5,1,5,0,2,1,3,6,0,1,4,0,5,1,4,1,3,10,4,3,4,3,4,1,3,4,3,3,4,2,5,4,2,5,2,5,5,3,3,3,4,4,4,4,2,1,6,4,3,4,8,2,5,3,7,4,4,3,5,4,1,5,6,5,5,5,1,5,5,6,7,5,4,6,6,6,3,5,6,3,7,5,6,3,5,3,1,6,6,7,7,4,7,8,4,5,6,5,3,5,5,5,6,7,3,4,3,4,3,6,5,6,4,8,7,3,9,6,5,9,12,11,12,6,7,5,5,6,9,7,9,7,9,8,9,9,8,6,9,7,8,10,6,3,7,8,9,9,8,8,10,10,8,10,4,8,5,8,13,10,6,12,7,8,5,8,8,7,11,7,5,10,7,11,3,4,10,7,5,3,11,9,9,12,12,9,5,6,7,4,5,8,11,9,7,6,6,10,9,9,5,10,12,11,10,10,11,12,9,11,9,10,6,14,6,11
SBV062,2,2,6,5,7,5,2,6,6,4,5,4,4,4,6,4,6,6,2,6,1,3,2,4,7,1,0,5,1,6,2,5,2,4,11,5,4,5,4,5,2,4,5,4,4,5,3,6,5,3,6,3,6,6,4,4,4,5,5,5,5,3,2,7,5,4,5,9,3,6,4,8,5,5,4,6,5,2,6,7,6,6,6,2,6,6,7,8,6,5,7,7,7,4,6,7,4,8,6,7,4,6,4,2,7,7,8,8,5,8,9,5,6,7,6,4,6,6,6,7,8,4,5,4,5,4,7,6,7,5,9,8,4,10,7,6,10,13,12,13,7,8,6,6,7,10,8,10,8,10,9,10,10,9,7,10,8,9,11,7,4,8,9,10,10,9,9,11,11,9,11,5,9,6,9,14,11,7,13,8,9,6,9,9,8,12,8,6,11,8,12,4,5,11,8,6,4,12,10,10,13,13,10,6,7,8,5,6,9,12,10,8,7,7,11,10,10,6,11,13,12,11,11,12,13,10,12,10,11,7,15,7,12
SBV063,3,3,5,6,4,2,3,3,3,1,2,1,1,1,3,1,3,5,5,3,4,2,5,1,6,4,5,0,4,3,5,2,5,1,10,2,1,2,5,2,5,1,2,1,1,2,6,3,4,6,5,4,3,3,1,1,1,4,2,2,8,6,3,4,2,7,2,6,6,3,1,5,2,2,7,3,2,5,3,4,3,3,3,5,3,3,4,5,3,4,4,4,4,1,3,4,1,5,3,4,7,3,1,5,4,4,5,5,2,5,6,8,3,4,3,7,3,3,3,4,9,1,2,1,2,1,8,5,4,2,6,5,7,9,6,3,9,12,11,12,10,5,3,3,4,7,5,9,5,9,6,7,9,8,4,9,5,6,10,4,1,5,6,7,9,6,12,10,10,6,10,8,8,5,6,13,8,6,12,7,6,3,6,6,7,9,7,5,8,7,11,1,4,10,7,5,1,11,9,9,12,12,7,3,4,5,4,9,8,11,7,7,4,4,8,7,7,3,8,12,11,8,8,9,12,7,11,9,8,6,14,4,11
SBV064,1,1,5,4,6,4,1,5,5,3,4,3,3,3,5,3,5,5,1,5,0,2,1,3,6,0,1,4,0,5,1,4,1,3,10,4,3,4,3,4,1,3,4,3,3,4,2,5,4,2,5,2,5,5,3,3,3,4,4,4,4,2,1,6,4,3,4,8,2,5,3,7,4,4,3,5,4,1,5,6,5,5,5,1,5,5,6,7,5,4,6,6,6,3,5,6,3,7,5,6,3,5,3,1,6,6,7,7,4,7,8,4,5,6,5,3,5,5,5,6,7,3,4,3,4,3,6,5,6,4,8,7,3,9,6,5,9,12,11,12,6,7,5,5,6,9,7,9,7,9,8,9,9,8,6,9,7,8,10,6,3,7,8,9,9,8,8,10,10,8,10,4,8,5,8,13,10,6,12,7,8,5,8,8,7,11,7,5,10,7,11,3,4,10,7,5,3,11,9,9,12,12,9,5,6,7,4,5,8,11,9,7,6,6,10,9,9,5,10,12,11,10,10,11,12,9,11,9,10,6,14,6,11
SBV067,4,4,6,7,3,3,4,4,4,2,3,2,2,2,4,2,4,6,6,4,5,3,6,2,7,5,6,3,5,0,6,3,6,2,11,3,2,3,6,3,6,2,3,2,2,3,7,4,5,7,6,5,4,4,2,2,2,5,3,3,9,7,4,5,3,8,3,7,7,4,2,6,3,3,8,4,3,6,4,5,4,4,4,6,4,4,5,6,4,5,5,5,5,2,4,5,2,6,4,5,8,4,2,6,5,5,6,6,3,6,7,9,4,5,4,8,4,4,4,5,10,2,3,2,3,2,9,6,5,3,7,6,8,10,7,4,10,13,12,13,11,6,4,4,5,8,6,10,6,10,7,8,10,9,5,10,6,7,11,5,2,6,7,8,10,7,13,11,11,7,11,9,9,6,7,14,9,7,13,8,7,4,7,7,8,10,8,6,9,8,12,2,5,11,8,6,2,12,10,10,13,13,8,4,5,6,5,10,9,12,8,8,5,5,9,8,8,4,9,13,12,9,9,10,13,8,12,10,9,7,15,5,12
SBV068,2,2,6,5,7,5,2,6,6,4,5,4,4,4,6,4,6,6,2,6,1,3,2,4,7,1,2,5,1,6,0,5,2,4,11,5,4,5,4,5,2,4,5,4,4,5,3,6,5,3,6,3,6,6,4,4,4,5,5,5,5,3,2,7,5,4,5,9,3,6,4,8,5,5,4,6,5,2,6,7,6,6,6,2,6,6,7,8,6,5,7,7,7,4,6,7,4,8,6,7,4,6,4,2,7,7,8,8,5,8,9,5,6,7,6,4,6,6,6,7,8,4,5,4,5,4,7,6,7,5,9,8,4,10,7,6,10,13,12,13,7,8,6,6,7,10,8,10,8,10,9,10,10,9,7,10,8,9,11,7,4,8,9,10,10,9,9,11,11,9,11,5,9,6,9,14,11,7,13,8,9,6,9,9,8,12,8,6,11,8,12,4,5,11,8,6,4,12,10,10,13,13,10,6,7,8,5,6,9,12,10,8,7,7,11,10,10,6,11,13,12,11,11,12,13,10,12,10,11,7,15,7,12
SBV069,3,3,5,6,4,2,3,3,3,1,2,1,1,1,3,1,3,5,5,3,4,2,5,1,6,4,5,2,4,3,5,0,5,1,10,2,1,2,5,0,5,1,0,1,1,2,6,3,4,6,5,4,3,3,1,1,1,4,2,0,8,6,3,2,0,7,0,4,6,1,1,5,2,2,7,1,2,5,1,2,1,1,1,5,1,1,4,3,3,4,2,2,4,1,3,4,1,5,3,2,7,1,1,5,4,2,5,5,2,5,4,8,3,2,3,7,1,1,1,4,9,1,2,1,2,1,8,5,4,2,4,3,7,9,6,3,9,12,11,12,10,3,1,1,4,7,5,9,3,9,4,7,9,8,4,9,3,4,10,2,1,5,4,5,9,6,12,10,10,4,10,8,8,5,6,13,8,6,12,7,4,3,6,4,7,7,7,5,6,7,11,1,4,10,7,5,1,11,9,9,12,12,5,1,4,3,4,9,8,11,5,7,2,4,6,7,7,1,6,12,11,6,8,9,12,5,11,9,6,6,14,2,11
SBV070,2,2,6,5,7,5,2,6,6,4,5,4,4,4,6,4,6,6,2,6,1,3,0,4,7,1,2,5,1,6,2,5,0,4,11,5,4,5,4,5,0,4,5,4,4,5,1,6,5,1,6,3,6,6,4,4,4,5,5,5,3,3,2,7,5,4,5,9,1,6,4,8,5,5,4,6,5,2,6,7,6,6,6,2,6,6,7,8,6,5,7,7,7,4,6,7,4,8,6,7,4,6,4,2,7,7,8,8,5,8,9,3,6,7,6,2,6,6,6,7,8,4,5,4,5,4,7,6,7,5,9,8,2,10,7,6,10,13,12,13,5,8,6,6,7,10,8,10,8,10,9,10,10,9,7,10,8,9,11,7,4,8,9,10,10,9,7,11,11,9,11,3,9,6,9,14,11,7,13,8,9,6,9,9,8,12,8,6,11,8,12,4,5,11,8,6,4,12,10,10,13,13,10,6,7,8,5,4,9,12,10,8,7,7,11,10,10,6,11,13,12,11,11,12,13,10,12,10,11,7,15,7,12
SBV071,2,2,4,5,3,1,2,2,2,0,1,0,0,0,2,0,2,4,4,2,3,1,4,0,5,3,4,1,3,2,4,1,4,0,9,1,0,1,4,1,4,0,1,0,0,1,5,2,3,5,4,3,2,2,0,0,0,3,1,1,7,5,2,3,1,6,1,5,5,2,0,4,1,1,6,2,1,4,2,3,2,2,2,4,2,2,3,4,2,3,3,3,3,0,2,3,0,4,2,3,6,2,0,4,3,3,4,4,1,4,5,7,2,3,2,6,2,2,2,3,8,0,1,0,1,0,7,4,3,1,5,4,6,8,5,2,8,11,10,11,9,4,2,2,3,6,4,8,4,8,5,6,8,7,3,8,4,5,9,3,0,4,5,6,8,5,11,9,9,5,9,7,7,4,5,12,7,5,11,6,5,2,5,5,6,8,6,4,7,6,10,0,3,9,6,4,0,10,8,8,11,11,6,2,3,4,3,8,7,10,6,6,3,3,7,6,6,2,7,11,10,7,7,8,11,6,10,8,7,5,13,3,10
SBV072,9,9,9,12,12,10,9,11,11,9,10,9,9,9,11,9,11,9,11,11,10,8,11,9,10,10,11,10,10,11,11,10,11,9,0,10,9,10,11,10,11,9,10,9,9,10,12,11,8,12,9,10,11,11,9,9,9,8,10,10,14,12,9,12,10,13,10,14,12,11,9,13,10,10,13,11,10,11,11,12,11,11,11,11,11,11,12,13,11,8,12,12,12,9,11,12,9,13,11,12,13,11,9,11,12,12,13,13,10,13,14,14,11,12,11,13,11,11,11,12,15,9,10,9,10,9,14,9,12,10,14,13,13,13,10,11,13,16,15,16,16,13,11,11,12,15,13,13,13,13,14,15,13,12,12,13,13,14,14,12,9,13,14,15,13,14,18,14,14,14,14,14,12,9,14,17,16,10,16,11,14,11,14,14,11,17,11,9,16,11,15,9,8,14,11,9,9,15,13,13,16,16,15,11,12,13,8,15,12,15,15,11,12,12,16,15,15,11,16,16,15,16,16,17,16,15,15,13,16,10,18,12,15
SBV075,3,3,5,6,4,2,3,3,3,1,2,1,1,1,3,1,3,5,5,3,4,2,5,1,6,4,5,2,4,3,5,2,5,1,10,0,1,2,5,2,5,1,2,1,1,2,6,3,4,6,5,4,3,3,1,1,1,4,2,2,8,6,3,4,2,7,2,6,6,3,1,5,2,2,7,3,2,5,3,4,3,3,3,5,3,3,4,5,3,4,4,4,4,1,3,4,1,5,3,4,7,3,1,5,4,4,5,5,2,5,6,8,3,4,3,7,3,3,3,4,9,1,2,1,2,1,8,5,4,2,6,5,7,9,6,3,9,12,11,12,10,5,3,3,4,7,5,9,5,9,6,7,9,8,4,9,5,6,10,4,1,5,6,7,9,6,12,10,10,6,10,8,8,5,6,13,8,6,12,7,6,3,6,6,7,9,7,5,8,7,11,1,4,10,7,5,1,11,9,9,12,12,7,3,4,5,4,9,8,11,7,7,4,4,8,7,7,3,8,12,11,8,8,9,12,7,11,9,8,6,14,4,11
SBV076,2,2,4,5,3,1,2,2,2,0,1,0,0,0,2,0,2,4,4,2,3,1,4,0,5,3,4,1,3,2,4,1,4,0,9,1,0,1,4,1,4,0,1,0,0,1,5,2,3,5,4,3,2,2,0,0,0,3,1,1,7,5,2,3,1,6,1,5,5,2,0,4,1,1,6,2,1,4,2,3,2,2,2,4,2,2,3,4,2,3,3,3,3,0,2,3,0,4,2,3,6,2,0,4,3,3,4,4,1,4,5,7,2,3,2,6,2,2,2,3,8,0,1,0,1,0,7,4,3,1,5,4,6,8,5,2,8,11,10,11,9,4,2,2,3,6,4,8,4,8,5,6,8,7,3,8,4,5,9,3,0,4,5,6,8,5,11,9,9,5,9,7,7,4,5,12,7,5,11,6,5,2,5,5,6,8,6,4,7,6,10,0,3,9,6,4,0,10,8,8,11,11,6,2,3,4,3,8,7,10,6,6,3,3,7,6,6,2,7,11,10,7,7,8,11,6,10,8,7,5,13,3,10
SBV077,3,3,5,6,4,2,3,3,3,1,0,1,1,1,3,1,1,5,5,1,4,2,5,1,6,4,5,2,4,3,5,2,5,1,10,2,1,0,5,2,5,1,2,1,1,2,6,3,4,6,5,4,3,3,1,1,1,4,2,2,8,6,3,4,2,7,2,6,6,3,1,5,2,2,7,3,2,5,3,4,3,3,3,5,3,3,4,5,1,4,4,4,4,1,3,4,1,5,3,4,7,3,1,5,4,4,5,5,2,5,6,8,3,4,3,7,3,3,3,4,9,1,2,1,2,1,8,5,4,2,6,5,7,9,6,3,9,12,11,12,10,5,3,3,4,7,5,9,5,9,6,7,9,8,4,9,5,6,10,4,1,5,6,7,9,6,12,10,10,6,10,8,8,5,6,13,8,6,12,7,6,3,6,6,7,9,7,5,8,7,11,1,4,10,7,5,1,11,9,9,12,12,7,3,4,5,4,9,8,11,7,7,4,4,8,7,7,3,8,12,11,8,8,9,12,7,11,9,8,6,14,4,11
SBV078,2,2,6,5,7,5,2,6,6,4,5,4,4,4,6,4,6,6,4,6,3,3,4,4,7,3,4,5,3,6,4,5,4,4,11,5,4,5,0,5,4,4,5,4,4,5,5,6,5,5,6,3,6,6,4,4,4,5,5,5,7,5,2,7,5,6,5,9,5,6,4,8,5,5,6,6,5,4,6,7,6,6,6,4,6,6,7,8,6,5,7,7,7,4,6,7,4,8,6,7,6,6,4,4,7,7,8,8,5,8,9,7,6,7,6,6,6,6,6,7,8,4,5,4,5,4,7,6,7,5,9,8,6,10,7,6,10,13,12,13,9,8,6,6,7,10,8,10,8,10,9,10,10,9,7,10,8,9,11,7,4,8,9,10,10,9,11,11,11,9,11,7,9,6,9,14,11,7,13,8,9,6,9,9,8,12,8,6,11,8,12,4,5,11,8,6,4,12,10,10,13,13,10,6,7,8,5,8,9,12,10,8,7,7,11,10,10,6,11,13,12,11,11,12,13,10,12,10,11,7,15,7,12
SBV079,3,3,5,6,4,2,3,3,3,1,2,1,1,1,3,1,3,5,5,3,4,2,5,1,6,4,5,2,4,3,5,0,5,1,10,2,1,2,5,0,5,1,0,1,1,2,6,3,4,6,5,4,3,3,1,1,1,4,2,0,8,6,3,2,0,7,0,4,6,1,1,5,2,2,7,1,2,5,1,2,1,1,1,5,1,1,4,3,3,4,2,2,4,1,3,4,1,5,3,2,7,1,1,5,4,2,5,5,2,5,4,8,3,2,3,7,1,1,1,4,9,1,2,1,2,1,8,5,4,2,4,3,7,9,6,3,9,12,11,12,10,3,1,1,4,7,5,9,3,9,4,7,9,8,4,9,3,4,10,2,1,5,4,5,9,6,12,10,10,4,10,8,8,5,6,13,8,6,12,7,4,3,6,4,7,7,7,5,6,7,11,1,4,10,7,5,1,11,9,9,12,12,5,1,4,3,4,9,8,11,5,7,2,4,6,7,7,1,6,12,11,6,8,9,12,5,11,9,6,6,14,2,11
SBV080,2,2,6,5,7,5,2,6,6,4,5,4,4,4,6,4,6,6,2,6,1,3,0,4,7,1,2,5,1,6,2,5,0,4,11,5,4,5,4,5,0,4,5,4,4,5,1,6,5,1,6,3,6,6,4,4,4,5,5,5,3,3,2,7,5,4,5,9,1,6,4,8,5,5,4,6,5,2,6,7,6,6,6,2,6,6,7,8,6,5,7,7,7,4,6,7,4,8,6,7,4,6,4,2,7,7,8,8,5,8,9,3,6,7,6,2,6,6,6,7,8,4,5,4,5,4,7,6,7,5,9,8,2,10,7,6,10,13,12,13,5,8,6,6,7,10,8,10,8,10,9,10,10,9,7,10,8,9,11,7,4,8,9,10,10,9,7,11,11,9,11,3,9,6,9,14,11,7,13,8,9,6,9,9,8,12,8,6,11,8,12,4,5,11,8,6,4,12,10,10,13,13,10,6,7,8,5,4,9,12,10,8,7,7,11,10,10,6,11,13,12,11,11,12,13,10,12,10,11,7,15,7,12
SBV081,2,2,4,5,3,1,2,2,2,0,1,0,0,0,2,0,2,4,4,2,3,1,4,0,5,3,4,1,3,2,4,1,4,0,9,1,0,1,4,1,4,0,1,0,0,1,5,2,3,5,4,3,2,2,0,0,0,3,1,1,7,5,2,3,1,6,1,5,5,2,0,4,1,1,6,2,1,4,2,3,2,2,2,4,2,2,3,4,2,3,3,3,3,0,2,3,0,4,2,3,6,2,0,4,3,3,4,4,1,4,5,7,2,3,2,6,2,2,2,3,8,0,1,0,1,0,7,4,3,1,5,4,6,8,5,2,8,11,10,11,9,4,2,2,3,6,4,8,4,8,5,6,8,7,3,8,4,5,9,3,0,4,5,6,8,5,11,9,9,5,9,7,7,4,5,12,7,5,11,6,5,2,5,5,6,8,6,4,7,6,10,0,3,9,6,4,0,10,8,8,11,11,6,2,3,4,3,8,7,10,6,6,3,3,7,6,6,2,7,11,10,7,7,8,11,6,10,8,7,5,13,3,10
SBV082,3,3,5,6,4,2,3,3,3,1,2,1,1,1,3,1,3,5,5,3,4,2,5,1,6,4,5,2,4,3,5,0,5,1,10,2,1,2,5,0,5,1,0,1,1,2,6,3,4,6,5,4,3,3,1,1,1,4,2,0,8,6,3,2,0,7,0,4,6,1,1,5,2,2,7,1,2,5,1,2,1,1,1,5,1,1,4,3,3,4,2,2,4,1,3,4,1,5,3,2,7,1,1,5,4,2,5,5,2,5,4,8,3,2,3,7,1,1,1,4,9,1,2,1,2,1,8,5,4,2,4,3,7,9,6,3,9,12,11,12,10,3,1,1,4,7,5,9,3,9,4,7,9,8,4,9,3,4,10,2,1,5,4,5,9,6,12,10,10,4,10,8,8,5,6,13,8,6,12,7,4,3,6,4,7,7,7,5,6,7,11,1,4,10,7,5,1,11,9,9,12,12,5,1,4,3,4,9,8,11,5,7,2,4,6,7,7,1,6,12,11,6,8,9,12,5,11,9,6,6,14,2,11
SBV083,2,2,4,5,3,1,2,2,2,0,1,0,0,0,2,0,2,4,4,2,3,1,4,0,5,3,4,1,3,2,4,1,4,0,9,1,0,1,4,1,4,0,1,0,0,1,5,2,3,5,4,3,2,2,0,0,0,3,1,1,7,5,2,3,1,6,1,5,5,2,0,4,1,1,6,2,1,4,2,3,2,2,2,4,2,2,3,4,2,3,3,3,3,0,2,3,0,4,2,3,6,2,0,4,3,3,4,4,1,4,5,7,2,3,2,6,2,2,2,3,8,0,1,0,1,0,7,4,3,1,5,4,6,8,5,2,8,11,10,11,9,4,2,2,3,6,4,8,4,8,5,6,8,7,3,8,4,5,9,3,0,4,5,6,8,5,11,9,9,5,9,7,7,4,5,12,7,5,11,6,5,2,5,5,6,8,6,4,7,6,10,0,3,9,6,4,0,10,8,8,11,11,6,2,3,4,3,8,7,10,6,6,3,3,7,6,6,2,7,11,10,7,7,8,11,6,10,8,7,5,13,3,10
SBV084,2,2,4,5,3,1,2,2,2,0,1,0,0,0,2,0,2,4,4,2,3,1,4,0,5,3,4,1,3,2,4,1,4,0,9,1,0,1,4,1,4,0,1,0,0,1,5,2,3,5,4,3,2,2,0,0,0,3,1,1,7,5,2,3,1,6,1,5,5,2,0,4,1,1,6,2,1,4,2,3,2,2,2,4,2,2,3,4,2,3,3,3,3,0,2,3,0,4,2,3,6,2,0,4,3,3,4,4,1,4,5,7,2,3,2,6,2,2,2,3,8,0,1,0,1,0,7,4,3,1,5,4,6,8,5,2,8,11,10,11,9,4,2,2,3,6,4,8,4,8,5,6,8,7,3,8,4,5,9,3,0,4,5,6,8,5,11,9,9,5,9,7,7,4,5,12,7,5,11,6,5,2,5,5,6,8,6,4,7,6,10,0,3,9,6,4,0,10,8,8,11,11,6,2,3,4,3,8,7,10,6,6,3,3,7,6,6,2,7,11,10,7,7,8,11,6,10,8,7,5,13,3,10
SBV087,3,3,5,6,4,2,3,3,3,1,2,1,1,1,3,1,3,5,5,3,4,2,5,1,6,4,5,2,4,3,5,2,5,1,10,2,1,2,5,2,5,1,2,1,1,0,6,3,4,6,5,4,3,3,1,1,1,4,2,2,8,6,3,4,2,7,2,6,6,3,1,5,2,2,7,3,2,5,3,4,3,3,3,5,3,3,4,5,3,4,4,4,4,1,3,4,1,5,3,4,7,3,1,5,4,4,5,5,2,5,6,8,3,4,3,7,3,3,3,4,9,1,2,1,2,1,8,5,4,2,6,5,7,9,6,3,9,12,11,12,10,5,3,3,4,7,5,9,5,9,6,7,9,8,4,9,5,6,10,4,1,5,6,7,9,6,12,10,10,6,10,8,8,5,6,13,8,6,12,7,6,3,6,6,7,9,7,5,8,7,11,1,4,10,7,5,1,11,9,9,12,12,7,3,4,5,4,9,8,11,7,7,4,4,8,7,7,3,8,12,11,8,8,9,12,7,11,9,8,6,14,4,11
SBV088,3,3,7,6,8,6,3,7,7,5,6,5,5,5,7,5,7,7,3,7,2,4,1,5,8,2,3,6,2,7,3,6,1,5,12,6,5,6,5,6,1,5,6,5,5,6,0,7,6,0,7,4,7,7,5,5,5,6,6,6,4,4,3,8,6,5,6,10,2,7,5,9,6,6,5,7,6,3,7,8,7,7,7,3,7,7,8,9,7,6,8,8,8,5,7,8,5,9,7,8,5,7,5,3,8,8,9,9,6,9,10,4,7,8,7,3,7,7,7,8,9,5,6,5,6,5,8,7,8,6,10,9,3,11,8,7,11,14,13,14,6,9,7,7,8,11,9,11,9,11,10,11,11,10,8,11,9,10,12,8,5,9,10,11,11,10,8,12,12,10,12,4,10,7,10,15,12,8,14,9,10,7,10,10,9,13,9,7,12,9,13,5,6,12,9,7,5,13,11,11,14,14,11,7,8,9,6,5,10,13,11,9,8,8,12,11,11,7,12,14,13,12,12,13,14,11,13,11,12,8,16,8,13
SBV089,4,4,6,7,5,3,4,4,4,2,3,2,2,2,4,2,4,6,6,4,5,3,6,2,7,5,6,3,5,4,6,3,6,2,11,3,2,3,6,3,6,2,3,2,2,3,7,0,5,7,6,5,4,4,2,2,2,5,3,3,9,7,4,5,3,8,3,7,7,4,2,6,3,3,8,4,3,6,4,5,4,4,4,6,4,4,5,6,4,5,5,5,5,2,4,5,2,6,4,5,8,4,2,6,5,5,6,6,3,6,7,9,4,5,4,8,4,4,4,5,10,2,3,2,3,2,9,6,5,3,7,6,8,10,7,4,10,13,12,13,11,6,4,4,5,8,6,10,6,10,7,8,10,9,5,10,6,7,11,5,2,6,7,8,10,7,13,11,11,7,11,9,9,6,7,14,9,7,13,8,7,4,7,7,8,10,8,6,9,8,12,2,5,11,8,6,2,12,10,10,13,13,8,4,5,6,5,10,9,12,8,8,5,5,9,8,8,4,9,13,12,9,9,10,13,8,12,10,9,7,15,5,12
SBV090,3,3,3,6,6,4,3,5,5,3,4,3,3,3,5,3,5,3,5,5,4,2,5,3,4,4,5,4,4,5,5,4,5,3,8,4,3,4,5,4,5,3,4,3,3,4,6,5,0,6,1,4,5,5,3,3,3,0,4,4,8,6,3,6,4,7,4,8,6,5,3,7,4,4,7,5,4,5,5,6,5,5,5,5,5,5,6,7,5,0,6,6,6,3,5,6,3,7,5,6,7,5,3,5,6,6,7,7,4,7,8,8,5,6,5,7,5,5,5,6,9,3,4,3,4,3,8,1,6,4,8,7,7,5,2,5,5,8,7,8,10,7,5,5,6,9,7,5,7,5,8,9,5,4,6,5,7,8,6,6,3,7,8,9,5,8,12,6,6,8,6,8,4,1,8,9,10,2,8,3,8,5,8,8,3,11,3,1,10,3,7,3,0,6,3,1,3,7,5,5,8,8,9,5,6,7,0,9,4,7,9,3,6,6,10,9,9,5,10,8,7,10,10,11,8,9,7,5,10,4,10,6,7
SBV091,3,3,7,6,8,6,3,7,7,5,6,5,5,5,7,5,7,7,3,7,2,4,1,5,8,2,3,6,2,7,3,6,1,5,12,6,5,6,5,6,1,5,6,5,5,6,0,7,6,0,7,4,7,7,5,5,5,6,6,6,4,4,3,8,6,5,6,10,2,7,5,9,6,6,5,7,6,3,7,8,7,7,7,3,7,7,8,9,7,6,8,8,8,5,7,8,5,9,7,8,5,7,5,3,8,8,9,9,6,9,10,4,7,8,7,3,7,7,7,8,9,5,6,5,6,5,8,7,8,6,10,9,3,11,8,7,11,14,13,14,6,9,7,7,8,11,9,11,9,11,10,11,11,10,8,11,9,10,12,8,5,9,10,11,11,10,8,12,12,10,12,4,10,7,10,15,12,8,14,9,10,7,10,10,9,13,9,7,12,9,13,5,6,12,9,7,5,13,11,11,14,14,11,7,8,9,6,5,10,13,11,9,8,8,12,11,11,7,12,14,13,12,12,13,14,11,13,11,12,8,16,8,13
SBV092,4,4,4,7,7,5,4,6,6,4,5,4,4,4,6,4,6,4,6,6,5,3,6,4,5,5,6,5,5,6,6,5,6,4,9,5,4,5,6,5,6,4,5,4,4,5,7,6,1,7,0,5,6,6,4,4,4,1,5,5,9,7,4,7,5,8,5,9,7,6,4,8,5,5,8,6,5,6,6,7,6,6,6,6,6,6,7,8,6,1,7,7,7,4,6,7,4,8,6,7,8,6,4,6,7,7,8,8,5,8,9,9,6,7,6,8,6,6,6,7,10,4,5,4,5,4,9,2,7,5,9,8,8,6,3,6,6,9,8,9,11,8,6,6,7,10,8,6,8,6,9,10,6,5,7,6,8,9,7,7,4,8,9,10,6,9,13,7,7,9,7,9,5,2,9,10,11,3,9,4,9,6,9,9,4,12,4,2,11,4,8,4,1,7,4,2,4,8,6,6,9,9,10,6,7,8,1,10,5,8,10,4,7,7,11,10,10,6,11,9,8,11,11,12,9,10,8,6,11,5,11,7,8
SBV093,1,1,5,4,6,4,1,5,5,3,4,3,3,3,5,3,5,5,3,5,2,2,3,3,6,2,3,4,2,5,3,4,3,3,10,4,3,4,3,4,3,3,4,3,3,4,4,5,4,4,5,0,5,5,3,3,3,4,4,4,6,4,1,6,4,5,4,8,4,5,3,7,4,4,5,5,4,3,5,6,5,5,5,3,5,5,6,7,5,4,6,6,6,3,5,6,3,7,5,6,5,5,3,3,6,6,7,7,4,7,8,6,5,6,5,5,5,5,5,6,7,3,4,3,4,3,6,5,6,4,8,7,5,9,6,5,9,12,11,12,8,7,5,5,6,9,7,9,7,9,8,9,9,8,6,9,7,8,10,6,3,7,8,9,9,8,10,10,10,8,10,6,8,5,8,13,10,6,12,7,8,5,8,8,7,11,7,5,10,7,11,3,4,10,7,5,3,11,9,9,12,12,9,5,6,7,4,7,8,11,9,7,6,6,10,9,9,5,10,12,11,10,10,11,12,9,11,9,10,6,14,6,11
SBV094,4,4,6,7,5,3,4,4,4,2,3,2,2,2,4,2,4,6,6,4,5,3,6,2,7,5,6,3,5,4,6,3,6,2,11,3,2,3,6,3,6,2,3,2,2,3,7,4,5,7,6,5,0,4,2,2,2,5,3,3,9,7,4,5,3,8,3,7,7,4,2,6,3,3,8,4,3,6,4,5,4,4,4,6,4,4,5,6,4,5,5,5,5,2,4,5,2,6,4,5,8,4,2,6,5,5,6,6,3,6,7,9,4,5,4,8,4,4,4,5,10,2,3,2,3,2,9,6,5,3,7,6,8,10,7,4,10,13,12,13,11,6,4,4,5,8,6,10,6,10,7,8,10,9,5,10,6,7,11,5,2,6,7,8,10,7,13,11,11,7,11,9,9,6,7,14,9,7,13,8,7,4,7,7,8,10,8,6,9,8,12,2,5,11,8,6,2,12,10,10,13,13,8,4,5,6,5,10,9,12,8,8,5,5,9,8,8,4,9,13,12,9,9,10,13,8,12,10,9,7,15,5,12
SBV095,4,4,6,7,5,3,4,4,4,2,3,2,2,2,2,2,4,6,6,4,5,3,6,2,7,5,6,3,5,4,6,3,6,2,11,3,2,3,6,3,6,2,3,2,2,3,7,4,5,7,6,5,4,0,2,2,2,5,3,3,9,7,4,5,3,8,3,7,7,4,2,6,3,3,8,4,3,6,4,5,4,4,4,6,4,4,5,6,4,5,5,5,5,2,4,5,2,6,4,5,8,4,2,6,5,5,6,6,3,6,7,9,4,5,4,8,4,4,4,5,10,2,3,2,3,2,9,6,5,3,7,6,8,10,7,4,10,13,12,13,11,6,4,4,5,8,6,10,6,10,7,8,10,9,5,10,6,7,11,5,2,6,7,8,10,7,13,11,11,7,11,9,9,6,7,14,9,7,13,8,7,4,7,7,8,10,8,6,9,8,12,2,5,11,8,6,2,12,10,10,13,13,8,4,5,6,5,10,9,12,8,8,5,5,9,8,8,4,9,13,12,9,9,10,13,8,12,10,9,7,15,5,12
SBV096,2,2,4,5,3,1,2,2,2,0,1,0,0,0,2,0,2,4,4,2,3,1,4,0,5,3,4,1,3,2,4,1,4,0,9,1,0,1,4,1,4,0,1,0,0,1,5,2,3,5,4,3,2,2,0,0,0,3,1,1,7,5,2,3,1,6,1,5,5,2,0,4,1,1,6,2,1,4,2,3,2,2,2,4,2,2,3,4,2,3,3,3,3,0,2,3,0,4,2,3,6,2,0,4,3,3,4,4,1,4,5,7,2,3,2,6,2,2,2,3,8,0,1,0,1,0,7,4,3,1,5,4,6,8,5,2,8,11,10,11,9,4,2,2,3,6,4,8,4,8,5,6,8,7,3,8,4,5,9,3,0,4,5,6,8,5,11,9,9,5,9,7,7,4,5,12,7,5,11,6,5,2,5,5,6,8,6,4,7,6,10,0,3,9,6,4,0,10,8,8,11,11,6,2,3,4,3,8,7,10,6,6,3,3,7,6,6,2,7,11,10,7,7,8,11,6,10,8,7,5,13,3,10
SBV097,2,2,4,5,3,1,2,2,2,0,1,0,0,0,2,0,2,4,4,2,3,1,4,0,5,3,4,1,3,2,4,1,4,0,9,1,0,1,4,1,4,0,1,0,0,1,5,2,3,5,4,3,2,2,0,0,0,3,1,1,7,5,2,3,1,6,1,5,5,2,0,4,1,1,6,2,1,4,2,3,2,2,2,4,2,2,3,4,2,3,3,3,3,0,2,3,0,4,2,3,6,2,0,4,3,3,4,4,1,4,5,7,2,3,2,6,2,2,2,3,8,0,1,0,1,0,7,4,3,1,5,4,6,8,5,2,8,11,10,11,9,4,2,2,3,6,4,8,4,8,5,6,8,7,3,8,4,5,9,3,0,4,5,6,8,5,11,9,9,5,9,7,7,4,5,12,7,5,11,6,5,2,5,5,6,8,6,4,7,6,10,0,3,9,6,4,0,10,8,8,11,11,6,2,3,4,3,8,7,10,6,6,3,3,7,6,6,2,7,11,10,7,7,8,11,6,10,8,7,5,13,3,10
SBV098,2,2,4,5,3,1,2,2,2,0,1,0,0,0,2,0,2,4,4,2,3,1,4,0,5,3,4,1,3,2,4,1,4,0,9,1,0,1,4,1,4,0,1,0,0,1,5,2,3,5,4,3,2,2,0,0,0,3,1,1,7,5,2,3,1,6,1,5,5,2,0,4,1,1,6,2,1,4,2,3,2,2,2,4,2,2,3,4,2,3,3,3,3,0,2,3,0,4,2,3,6,2,0,4,3,3,4,4,1,4,5,7,2,3,2,6,2,2,2,3,8,0,1,0,1,0,7,4,3,1,5,4,6,8,5,2,8,11,10,11,9,4,2,2,3,6,4,8,4,8,5,6,8,7,3,8,4,5,9,3,0,4,5,6,8,5,11,9,9,5,9,7,7,4,5,12,7,5,11,6,5,2,5,5,6,8,6,4,7,6,10,0,3,9,6,4,0,10,8,8,11,11,6,2,3,4,3,8,7,10,6,6,3,3,7,6,6,2,7,11,10,7,7,8,11,6,10,8,7,5,13,3,10
SBV099,3,3,3,6,6,4,3,5,5,3,4,3,3,3,5,3,5,3,5,5,4,2,5,3,4,4,5,4,4,5,5,4,5,3,8,4,3,4,5,4,5,3,4,3,3,4,6,5,0,6,1,4,5,5,3,3,3,0,4,4,8,6,3,6,4,7,4,8,6,5,3,7,4,4,7,5,4,5,5,6,5,5,5,5,5,5,6,7,5,0,6,6,6,3,5,6,3,7,5,6,7,5,3,5,6,6,7,7,4,7,8,8,5,6,5,7,5,5,5,6,9,3,4,3,4,3,8,1,6,4,8,7,7,5,2,5,5,8,7,8,10,7,5,5,6,9,7,5,7,5,8,9,5,4,6,5,7,8,6,6,3,7,8,9,5,8,12,6,6,8,6,8,4,1,8,9,10,2,8,3,8,5,8,8,3,11,3,1,10,3,7,3,0,6,3,1,3,7,5,5,8,8,9,5,6,7,0,9,4,7,9,3,6,6,10,9,9,5,10,8,7,10,10,11,8,9,7,5,10,4,10,6,7
SBV100,3,3,5,6,4,2,3,3,3,1,2,1,1,1,3,1,3,5,5,3,4,2,5,1,6,4,5,2,4,3,5,2,5,1,10,2,1,2,5,2,5,1,2,1,1,2,6,3,4,6,5,4,3,3,1,1,1,4,0,2,8,6,3,4,2,7,2,6,6,3,1,5,2,2,7,3,2,5,3,4,3,3,3,5,3,3,4,5,3,4,4,4,4,1,3,4,1,5,3,4,7,3,1,5,4,4,5,5,2,5,6,8,3,4,3,7,3,3,3,4,9,1,2,1,2,1,8,5,4,2,6,5,7,9,6,3,9,12,11,12,10,5,3,3,4,7,5,9,5,9,6,7,9,8,4,9,5,6,10,4,1,5,6,7,9,6,12,10,10,6,10,8,8,5,6,13,8,6,12,7,6,3,6,6,7,9,7,5,8,7,11,1,4,10,7,5,1,11,9,9,12,12,7,3,4,5,4,9,8,11,7,7,4,4,8,7,7,3,8,12,11,8,8,9,12,7,11,9,8,6,14,4,11
SBV101,3,3,5,6,4,2,3,3,3,1,2,1,1,1,3,1,3,5,5,3,4,2,5,1,6,4,5,2,4,3,5,0,5,1,10,2,1,2,5,0,5,1,0,1,1,2,6,3,4,6,5,4,3,3,1,1,1,4,2,0,8,6,3,2,0,7,0,4,6,1,1,5,2,2,7,1,2,5,1,2,1,1,1,5,1,1,4,3,3,4,2,2,4,1,3,4,1,5,3,2,7,1,1,5,4,2,5,5,2,5,4,8,3,2,3,7,1,1,1,4,9,1,2,1,2,1,8,5,4,2,4,3,7,9,6,3,9,12,11,12,10,3,1,1,4,7,5,9,3,9,4,7,9,8,4,9,3,4,10,2,1,5,4,5,9,6,12,10,10,4,10,8,8,5,6,13,8,6,12,7,4,3,6,4,7,7,7,5,6,7,11,1,4,10,7,5,1,11,9,9,12,12,5,1,4,3,4,9,8,11,5,7,2,4,6,7,7,1,6,12,11,6,8,9,12,5,11,9,6,6,14,2,11
SBV102,5,5,9,8,10,8,5,9,9,7,8,7,7,7,9,7,9,9,5,9,4,6,3,7,10,4,5,8,4,9,5,8,3,7,14,8,7,8,7,8,3,7,8,7,7,8,4,9,8,4,9,6,9,9,7,7,7,8,8,8,0,6,5,10,8,7,8,12,2,9,7,11,8,8,7,9,8,5,9,10,9,9,9,5,9,9,10,11,9,8,10,10,10,7,9,10,7,11,9,10,7,9,7,5,10,10,11,11,8,11,12,6,9,10,9,5,9,9,9,10,11,7,8,7,8,7,10,9,10,8,12,11,5,13,10,9,13,16,15,16,8,11,9,9,10,13,11,13,11,13,12,13,13,12,10,13,11,12,14,10,7,11,12,13,13,12,10,14,14,12,14,6,12,9,12,17,14,10,16,11,12,9,12,12,11,15,11,9,14,11,15,7,8,14,11,9,7,15,13,13,16,16,13,9,10,11,8,7,12,15,13,11,10,10,14,13,13,9,14,16,15,14,14,15,16,13,15,13,14,10,18,10,15
SBV103,3,3,7,6,8,6,3,7,7,5,6,5,5,5,7,5,7,7,3,7,2,4,3,5,8,2,3,6,2,7,3,6,3,5,12,6,5,6,5,6,3,5,6,5,5,6,4,7,6,4,7,4,7,7,5,5,5,6,6,6,6,0,3,8,6,3,6,10,4,7,5,9,6,6,3,7,6,1,7,8,7,7,7,1,7,7,8,9,7,6,8,8,8,5,7,8,5,9,7,8,3,7,5,1,8,8,9,9,6,9,10,6,7,8,7,5,7,7,7,8,9,5,6,5,6,5,8,7,8,6,10,9,5,11,8,7,11,14,13,14,8,9,7,7,8,11,9,11,9,11,10,11,11,10,8,11,9,10,12,8,5,9,10,11,11,10,10,12,12,10,12,6,10,7,10,15,12,8,14,9,10,7,10,10,9,13,9,7,12,9,13,5,6,12,9,7,5,13,11,11,14,14,11,7,8,9,6,7,10,13,11,9,8,8,12,11,11,7,12,14,13,12,12,13,14,11,13,11,12,8,16,8,13
SBV104,0,0,4,3,5,3,0,4,4,2,3,2,2,2,4,2,4,4,2,4,1,1,2,2,5,1,2,3,1,4,2,3,2,2,9,3,2,3,2,3,2,2,3,2,2,3,3,4,3,3,4,1,4,4,2,2,2,3,3,3,5,3,0,5,3,4,3,7,3,4,2,6,3,3,4,4,3,2,4,5,4,4,4,2,4,4,5,6,4,3,5,5,5,2,4,5,2,6,4,5,4,4,2,2,5,5,6,6,3,6,7,5,4,5,4,4,4,4,4,5,6,2,3,2,3,2,5,4,5,3,7,6,4,8,5,4,8,11,10,11,7,6,4,4,5,8,6,8,6,8,7,8,8,7,5,8,6,7,9,5,2,6,7,8,8,7,9,9,9,7,9,5,7,4,7,12,9,5,11,6,7,4,7,7,6,10,6,4,9,6,10,2,3,9,6,4,2,10,8,8,11,11,8,4,5,6,3,6,7,10,8,6,5,5,9,8,8,4,9,11,10,9,9,10,11,8,10,8,9,5,13,5,10
SBV105,5,5,7,8,6,4,5,5,5,3,4,3,3,3,5,3,5,7,7,5,6,4,7,3,8,6,7,4,6,5,7,2,7,3,12,4,3,4,7,2,7,3,2,3,3,4,8,5,6,8,7,6,5,5,3,3,3,6,4,2,10,8,5,0,2,9,2,6,8,3,3,7,4,4,9,3,4,7,3,4,3,3,3,7,3,3,6,5,5,6,4,4,6,3,5,6,3,7,5,4,9,3,3,7,6,4,7,7,4,7,6,10,5,4,5,9,3,3,3,6,11,3,4,3,4,3,10,7,6,4,6,5,9,11,8,5,11,14,13,14,12,5,3,3,6,9,7,11,5,11,6,9,11,10,6,11,5,6,12,4,3,7,6,7,11,8,14,12,12,6,12,10,10,7,8,15,10,8,14,9,6,5,8,6,9,9,9,7,8,9,13,3,6,12,9,7,3,13,11,11,14,14,7,3,6,5,6,11,10,13,7,9,4,6,8,9,9,3,8,14,13,8,10,11,14,7,13,11,8,8,16,4,13
SBV106,3,3,5,6,4,2,3,3,3,1,2,1,1,1,3,1,3,5,5,3,4,2,5,1,6,4,5,2,4,3,5,0,5,1,10,2,1,2,5,0,5,1,0,1,1,2,6,3,4,6,5,4,3,3,1,1,1,4,2,0,8,6,3,2,0,7,0,4,6,1,1,5,2,2,7,1,2,5,1,2,1,1,1,5,1,1,4,3,3,4,2,2,4,1,3,4,1,5,3,2,7,1,1,5,4,2,5,5,2,5,4,8,3,2,3,7,1,1,1,4,9,1,2,1,2,1,8,5,4,2,4,3,7,9,6,3,9,12,11,12,10,3,1,1,4,7,5,9,3,9,4,7,9,8,4,9,3,4,10,2,1,5,4,5,9,6,12,10,10,4,10,8,8,5,6,13,8,6,12,7,4,3,6,4,7,7,7,5,6,7,11,1,4,10,7,5,1,11,9,9,12,12,5,1,4,3,4,9,8,11,5,7,2,4,6,7,7,1,6,12,11,6,8,9,12,5,11,9,6,6,14,2,11
SBV107,4,4,8,7,9,7,4,8,8,6,7,6,6,6,8,6,8,8,4,8,3,5,4,6,9,3,4,7,3,8,4,7,4,6,13,7,6,7,6,7,4,6,7,6,6,7,5,8,7,5,8,5,8,8,6,6,6,7,7,7,7,3,4,9,7,0,7,11,5,8,6,10,7,7,2,8,7,2,8,9,8,8,8,2,8,8,9,10,8,7,9,9,9,6,8,9,6,10,8,9,4,8,6,2,9,9,10,10,7,10,11,7,8,9,8,6,8,8,8,9,10,6,7,6,7,6,9,8,9,7,11,10,6,12,9,8,12,15,14,15,9,10,8,8,9,12,10,12,10,12,11,12,12,11,9,12,10,11,13,9,6,10,11,12,12,11,11,13,13,11,13,7,11,8,11,16,13,9,15,10,11,8,11,11,10,14,10,8,13,10,14,6,7,13,10,8,6,14,12,12,15,15,12,8,9,10,7,8,11,14,12,10,9,9,13,12,12,8,13,15,14,13,13,14,15,12,14,12,13,9,17,9,14
SBV108,3,3,5,6,4,2,3,3,3,1,2,1,1,1,3,1,3,5,5,3,4,2,5,1,6,4,5,2,4,3,5,0,5,1,10,2,1,2,5,0,5,1,0,1,1,2,6,3,4,6,5,4,3,3,1,1,1,4,2,0,8,6,3,2,0,7,0,4,6,1,1,5,2,2,7,1,2,5,1,2,1,1,1,5,1,1,4,3,3,4,2,2,4,1,3,4,1,5,3,2,7,1,1,5,4,2,5,5,2,5,4,8,3,2,3,7,1,1,1,4,9,1,2,1,2,1,8,5,4,2,4,3,7,9,6,3,9,12,11,12,10,3,1,1,4,7,5,9,3,9,4,7,9,8,4,9,3,4,10,2,1,5,4,5,9,6,12,10,10,4,10,8,8,5,6,13,8,6,12,7,4,3,6,4,7,7,7,5,6,7,11,1,4,10,7,5,1,11,9,9,12,12,5,1,4,3,4,9,8,11,5,7,2,4,6,7,7,1,6,12,11,6,8,9,12,5,11,9,6,6,14,2,11
SBV109,7,7,9,10,8,6,7,7,7,5,6,5,5,5,7,5,7,9,9,7,8,6,9,5,10,8,9,6,8,7,9,4,9,5,14,6,5,6,9,4,9,5,4,5,5,6,10,7,8,10,9,8,7,7,5,5,5,8,6,4,12,10,7,6,4,11,4,0,10,5,5,9,6,6,11,3,6,9,3,4,5,3,5,9,5,5,8,5,7,8,6,6,8,5,7,8,5,9,7,6,11,3,5,9,8,6,9,9,6,9,8,12,7,6,7,11,5,3,3,8,13,5,6,5,6,5,12,9,8,6,8,5,11,13,10,7,13,16,15,16,14,7,5,3,8,11,9,13,5,13,6,11,13,12,8,13,5,6,14,4,5,9,6,3,13,10,16,14,14,6,14,12,12,9,10,17,12,10,16,11,8,7,10,8,11,11,11,9,10,11,15,5,8,14,11,9,5,15,13,13,16,16,7,5,8,7,8,13,12,15,7,11,6,8,10,11,11,5,8,16,15,10,12,13,16,7,15,13,8,10,18,4,15
SBV110,3,3,7,6,8,6,3,7,7,5,6,5,5,5,7,5,7,7,3,7,2,4,1,5,8,2,3,6,2,7,3,6,1,5,12,6,5,6,5,6,1,5,6,5,5,6,2,7,6,2,7,4,7,7,5,5,5,6,6,6,2,4,3,8,6,5,6,10,0,7,5,9,6,6,5,7,6,3,7,8,7,7,7,3,7,7,8,9,7,6,8,8,8,5,7,8,5,9,7,8,5,7,5,3,8,8,9,9,6,9,10,4,7,8,7,3,7,7,7,8,9,5,6,5,6,5,8,7,8,6,10,9,3,11,8,7,11,14,13,14,6,9,7,7,8,11,9,11,9,11,10,11,11,10,8,11,9,10,12,8,5,9,10,11,11,10,8,12,12,10,12,4,10,7,10,15,12,8,14,9,10,7,10,10,9,13,9,7,12,9,13,5,6,12,9,7,5,13,11,11,14,14,11,7,8,9,6,5,10,13,11,9,8,8,12,11,11,7,12,14,13,12,12,13,14,11,13,11,12,8,16,8,13
SBV111,4,4,6,7,5,3,4,4,4,2,3,2,2,2,4,2,4,6,6,4,5,3,6,2,7,5,6,3,5,4,6,1,6,2,11,3,2,3,6,1,6,2,1,2,2,3,7,4,5,7,6,5,4,4,2,2,2,5,3,1,9,7,4,3,1,8,1,5,7,0,2,6,3,3,8,2,3,6,2,3,0,2,2,6,2,2,5,4,4,5,1,3,5,2,4,5,2,6,4,3,8,2,2,6,5,3,6,6,3,6,5,9,4,3,4,8,2,2,2,5,10,2,3,2,3,2,9,6,5,3,5,4,8,10,7,4,10,13,12,13,11,4,2,2,5,8,6,10,4,10,5,8,10,9,5,10,4,5,11,3,2,6,5,6,10,7,13,11,11,5,11,9,9,6,7,14,9,7,13,8,5,4,7,5,8,8,8,6,7,8,12,2,5,11,8,6,2,12,10,10,13,13,6,2,5,4,5,10,9,12,6,8,3,5,7,8,8,2,7,13,12,7,9,10,13,6,12,10,7,7,15,3,12
SBV112,2,2,4,5,3,1,2,2,2,0,1,0,0,0,2,0,2,4,4,2,3,1,4,0,5,3,4,1,3,2,4,1,4,0,9,1,0,1,4,1,4,0,1,0,0,1,5,2,3,5,4,3,2,2,0,0,0,3,1,1,7,5,2,3,1,6,1,5,5,2,0,4,1,1,6,2,1,4,2,3,2,2,2,4,2,2,3,4,2,3,3,3,3,0,2,3,0,4,2,3,6,2,0,4,3,3,4,4,1,4,5,7,2,3,2,6,2,2,2,3,8,0,1,0,1,0,7,4,3,1,5,4,6,8,5,2,8,11,10,11,9,4,2,2,3,6,4,8,4,8,5,6,8,7,3,8,4,5,9,3,0,4,5,6,8,5,11,9,9,5,9,7,7,4,5,12,7,5,11,6,5,2,5,5,6,8,6,4,7,6,10,0,3,9,6,4,0,10,8,8,11,11,6,2,3,4,3,8,7,10,6,6,3,3,7,6,6,2,7,11,10,7,7,8,11,6,10,8,7,5,13,3,10
SBV113,6,6,8,9,7,5,6,6,6,4,5,4,4,4,6,4,6,8,8,6,7,5,8,4,9,7,8,5,7,6,8,5,8,4,13,5,4,5,8,5,8,4,5,4,4,5,9,6,7,9,8,7,6,6,4,4,4,7,5,5,11,9,6,7,5,10,5,9,9,6,4,0,5,5,10,6,5,8,6,7,6,6,6,8,6,6,7,8,6,7,7,7,7,4,6,7,4,8,6,7,10,6,4,8,7,7,8,8,5,8,9,11,6,7,6,10,6,6,6,7,12,4,5,4,5,4,11,8,7,5,9,8,10,12,9,6,12,15,14,15,13,8,6,6,7,10,8,12,8,12,9,10,12,11,7,12,8,9,13,7,4,8,9,10,12,9,15,13,13,9,13,11,11,8,9,16,11,9,15,10,9,6,9,9,10,12,10,8,11,10,14,4,7,13,10,8,4,14,12,12,15,15,10,6,7,8,7,12,11,14,10,10,7,7,11,10,10,6,11,15,14,11,11,12,15,10,14,12,11,9,17,7,14
SBV114,3,3,5,6,4,2,3,3,3,1,2,1,1,1,3,1,3,5,5,3,4,2,5,1,6,4,5,2,4,3,5,2,5,1,10,2,1,2,5,2,5,1,2,1,1,2,6,3,4,6,5,4,3,3,1,1,1,4,2,2,8,6,3,4,2,7,2,6,6,3,1,5,0,2,7,3,2,5,3,4,3,3,3,5,3,3,4,5,3,4,4,4,4,1,3,4,1,5,3,4,7,3,1,5,4,4,5,5,2,5,6,8,3,4,3,7,3,3,3,4,9,1,2,1,2,1,8,5,4,2,6,5,7,9,6,3,9,12,11,12,10,5,3,3,4,7,5,9,5,9,6,7,9,8,4,9,5,6,10,4,1,5,6,7,9,6,12,10,10,6,10,8,8,5,6,13,8,6,12,7,6,3,6,6,7,9,7,5,8,7,11,1,4,10,7,5,1,11,9,9,12,12,7,3,4,5,4,9,8,11,7,7,4,4,8,7,7,3,8,12,11,8,8,9,12,7,11,9,8,6,14,4,11
SBV115,3,3,5,6,4,2,3,3,3,1,2,1,1,1,3,1,3,5,5,3,4,2,5,1,6,4,5,2,4,3,5,2,5,1,10,2,1,2,5,2,5,1,2,1,1,2,6,3,4,6,5,4,3,3,1,1,1,4,2,2,8,6,3,4,2,7,2,6,6,3,1,5,2,0,7,3,2,5,3,4,3,3,3,5,3,3,4,5,3,4,4,4,4,1,3,4,1,5,3,4,7,3,1,5,4,4,5,5,2,5,6,8,3,4,3,7,3,3,3,4,9,1,2,1,2,1,8,5,4,2,6,5,7,9,6,3,9,12,11,12,10,5,3,3,4,7,5,9,5,9,6,7,9,8,4,9,5,6,10,4,1,5,6,7,9,6,12,10,10,6,10,8,8,5,6,13,8,6,12,7,6,3,6,6,7,9,7,5,8,7,11,1,4,10,7,5,1,11,9,9,12,12,7,3,4,5,4,9,8,11,7,7,4,4,8,7,7,3,8,12,11,8,8,9,12,7,11,9,8,6,14,4,11
SBV116,4,4,8,7,9,7,4,8,8,6,7,6,6,6,8,6,8,8,4,8,3,5,4,6,9,3,4,7,3,8,4,7,4,6,13,7,6,7,6,7,4,6,7,6,6,7,5,8,7,5,8,5,8,8,6,6,6,7,7,7,7,3,4,9,7,2,7,11,5,8,6,10,7,7,0,8,7,2,8,9,8,8,8,2,8,8,9,10,8,7,9,9,9,6,8,9,6,10,8,9,4,8,6,2,9,9,10,10,7,10,11,7,8,9,8,6,8,8,8,9,10,6,7,6,7,6,9,8,9,7,11,10,6,12,9,8,12,15,14,15,9,10,8,8,9,12,10,12,10,12,11,12,12,11,9,12,10,11,13,9,6,10,11,12,12,11,11,13,13,11,13,7,11,8,11,16,13,9,15,10,11,8,11,11,10,14,10,8,13,10,14,6,7,13,10,8,6,14,12,12,15,15,12,8,9,10,7,8,11,14,12,10,9,9,13,12,12,8,13,15,14,13,13,14,15,12,14,12,13,9,17,9,14
SBV117,4,4,6,7,5,3,4,4,4,2,3,2,2,2,4,2,4,6,6,4,5,3,6,2,7,5,6,3,5,4,6,1,6,2,11,3,2,3,6,1,6,2,1,2,2,3,7,4,5,7,6,5,4,4,2,2,2,5,3,1,9,7,4,3,1,8,1,3,7,2,2,6,3,3,8,0,3,6,0,1,2,0,2,6,2,2,5,2,4,5,3,3,5,2,4,5,2,6,4,3,8,0,2,6,5,3,6,6,3,6,5,9,4,3,4,8,2,0,0,5,10,2,3,2,3,2,9,6,5,3,5,2,8,10,7,4,10,13,12,13,11,4,2,0,5,8,6,10,2,10,3,8,10,9,5,10,2,3,11,1,2,6,3,4,10,7,13,11,11,3,11,9,9,6,7,14,9,7,13,8,5,4,7,5,8,8,8,6,7,8,12,2,5,11,8,6,2,12,10,10,13,13,4,2,5,4,5,10,9,12,4,8,3,5,7,8,8,2,5,13,12,7,9,10,13,4,12,10,5,7,15,1,12
SBV118,3,3,5,6,4,2,3,3,3,1,2,1,1,1,3,1,3,5,5,3,4,2,5,1,6,4,5,2,4,3,5,2,5,1,10,2,1,2,5,2,5,1,2,1,1,2,6,3,4,6,5,4,3,3,1,1,1,4,2,2,8,6,3,4,2,7,2,6,6,3,1,5,2,2,7,3,0,5,3,4,3,3,3,5,3,3,4,5,3,4,4,4,4,1,3,4,1,5,3,4,7,3,1,5,4,4,5,5,2,5,6,8,3,4,3,7,3,3,3,4,9,1,2,1,2,1,8,5,4,2,6,5,7,9,6,3,9,12,11,12,10,5,3,3,4,7,5,9,5,9,6,7,9,8,4,9,5,6,10,4,1,5,6,7,9,6,12,10,10,6,10,8,8,5,6,13,8,6,12,7,6,3,6,6,7,9,7,5,8,7,11,1,4,10,7,5,1,11,9,9,12,12,7,3,4,5,4,9,8,11,7,7,4,4,8,7,7,3,8,12,11,8,8,9,12,7,11,9,8,6,14,4,11
SBV119,2,2,6,5,7,5,2,6,6,4,5,4,4,4,6,4,6,6,2,6,1,3,2,4,7,1,2,5,1,6,2,5,2,4,11,5,4,5,4,5,2,4,5,4,4,5,3,6,5,3,6,3,6,6,4,4,4,5,5,5,5,1,2,7,5,2,5,9,3,6,4,8,5,5,2,6,5,0,6,7,6,6,6,0,6,6,7,8,6,5,7,7,7,4,6,7,4,8,6,7,2,6,4,0,7,7,8,8,5,8,9,5,6,7,6,4,6,6,6,7,8,4,5,4,5,4,7,6,7,5,9,8,4,10,7,6,10,13,12,13,7,8,6,6,7,10,8,10,8,10,9,10,10,9,7,10,8,9,11,7,4,8,9,10,10,9,9,11,11,9,11,5,9,6,9,14,11,7,13,8,9,6,9,9,8,12,8,6,11,8,12,4,5,11,8,6,4,12,10,10,13,13,10,6,7,8,5,6,9,12,10,8,7,7,11,10,10,6,11,13,12,11,11,12,13,10,12,10,11,7,15,7,12
SBV121,4,4,6,7,5,3,4,4,4,2,3,2,2,2,4,2,4,6,6,4,5,3,6,2,7,5,6,3,5,4,6,1,6,2,11,3,2,3,6,1,6,2,1,2,2,3,7,4,5,7,6,5,4,4,2,2,2,5,3,1,9,7,4,3,1,8,1,3,7,2,2,6,3,3,8,0,3,6,0,1,2,0,2,6,2,2,5,2,4,5,3,3,5,2,4,5,2,6,4,3,8,0,2,6,5,3,6,6,3,6,5,9,4,3,4,8,2,0,0,5,10,2,3,2,3,2,9,6,5,3,5,2,8,10,7,4,10,13,12,13,11,4,2,0,5,8,6,10,2,10,3,8,10,9,5,10,2,3,11,1,2,6,3,4,10,7,13,11,11,3,11,9,9,6,7,14,9,7,13,8,5,4,7,5,8,8,8,6,7,8,12,2,5,11,8,6,2,12,10,10,13,13,4,2,5,4,5,10,9,12,4,8,3,5,7,8,8,2,5,13,12,7,9,10,13,4,12,10,5,7,15,1,12
SBV122,5,5,7,8,6,4,5,5,5,3,4,3,3,3,5,3,5,7,7,5,6,4,7,3,8,6,7,4,6,5,7,2,7,3,12,4,3,4,7,2,7,3,2,3,3,4,8,5,6,8,7,6,5,5,3,3,3,6,4,2,10,8,5,4,2,9,2,4,8,3,3,7,4,4,9,1,4,7,1,0,3,1,3,7,3,3,6,3,5,6,4,4,6,3,5,6,3,7,5,4,9,1,3,7,6,4,7,7,4,7,6,10,5,4,5,9,3,1,1,6,11,3,4,3,4,3,10,7,6,4,6,3,9,11,8,5,11,14,13,14,12,5,3,1,6,9,7,11,3,11,4,9,11,10,6,11,3,4,12,2,3,7,4,5,11,8,14,12,12,4,12,10,10,7,8,15,10,8,14,9,6,5,8,6,9,9,9,7,8,9,13,3,6,12,9,7,3,13,11,11,14,14,5,3,6,5,6,11,10,13,5,9,4,6,8,9,9,3,6,14,13,8,10,11,14,5,13,11,6,8,16,2,13
SBV123,4,4,6,7,5,3,4,4,4,2,3,2,2,2,4,2,4,6,6,4,5,3,6,2,7,5,6,3,5,4,6,1,6,2,11,3,2,3,6,1,6,2,1,2,2,3,7,4,5,7,6,5,4,4,2,2,2,5,3,1,9,7,4,3,1,8,1,5,7,0,2,6,3,3,8,2,3,6,2,3,0,2,2,6,2,2,5,4,4,5,1,3,5,2,4,5,2,6,4,3,8,2,2,6,5,3,6,6,3,6,5,9,4,3,4,8,2,2,2,5,10,2,3,2,3,2,9,6,5,3,5,4,8,10,7,4,10,13,12,13,11,4,2,2,5,8,6,10,4,10,5,8,10,9,5,10,4,5,11,3,2,6,5,6,10,7,13,11,11,5,11,9,9,6,7,14,9,7,13,8,5,4,7,5,8,8,8,6,7,8,12,2,5,11,8,6,2,12,10,10,13,13,6,2,5,4,5,10,9,12,6,8,3,5,7,8,8,2,7,13,12,7,9,10,13,6,12,10,7,7,15,3,12
SBV124,4,4,6,7,5,3,4,4,4,2,3,2,2,2,4,2,4,6,6,4,5,3,6,2,7,5,6,3,5,4,6,1,6,2,11,3,2,3,6,1,6,2,1,2,2,3,7,4,5,7,6,5,4,4,2,2,2,5,3,1,9,7,4,3,1,8,1,3,7,2,2,6,3,3,8,0,3,6,0,1,2,0,2,6,2,2,5,2,4,5,3,3,5,2,4,5,2,6,4,3,8,0,2,6,5,3,6,6,3,6,5,9,4,3,4,8,2,0,0,5,10,2,3,2,3,2,9,6,5,3,5,2,8,10,7,4,10,13,12,13,11,4,2,0,5,8,6,10,2,10,3,8,10,9,5,10,2,3,11,1,2,6,3,4,10,7,13,11,11,3,11,9,9,6,7,14,9,7,13,8,5,4,7,5,8,8,8,6,7,8,12,2,5,11,8,6,2,12,10,10,13,13,4,2,5,4,5,10,9,12,4,8,3,5,7,8,8,2,5,13,12,7,9,10,13,4,12,10,5,7,15,1,12
SBV125,4,4,6,7,5,3,4,4,4,2,3,2,2,2,4,2,4,6,6,4,5,3,6,2,7,5,6,3,5,4,6,1,6,2,11,3,2,3,6,1,6,2,1,2,2,3,7,4,5,7,6,5,4,4,2,2,2,5,3,1,9,7,4,3,1,8,1,5,7,2,2,6,3,3,8,2,3,6,2,3,2,2,0,6,2,2,5,4,4,5,3,1,5,2,4,5,2,6,4,3,8,2,2,6,5,1,6,6,3,6,5,9,4,3,4,8,2,2,2,5,10,2,3,2,3,2,9,6,5,3,5,4,8,10,7,4,10,13,12,13,11,4,2,2,5,8,6,10,4,10,5,8,10,9,5,10,4,5,11,3,2,6,5,6,10,7,13,11,11,5,11,9,9,6,7,14,9,7,13,8,5,4,7,5,8,8,8,6,7,8,12,2,5,11,8,6,2,12,10,10,13,13,6,2,5,4,5,10,9,12,6,8,3,5,7,8,8,2,7,13,12,7,9,10,13,6,12,10,7,7,15,3,12
SBV127,2,2,6,5,7,5,2,6,6,4,5,4,4,4,6,4,6,6,2,6,1,3,2,4,7,1,2,5,1,6,2,5,2,4,11,5,4,5,4,5,2,4,5,4,4,5,3,6,5,3,6,3,6,6,4,4,4,5,5,5,5,1,2,7,5,2,5,9,3,6,4,8,5,5,2,6,5,0,6,7,6,6,6,0,6,6,7,8,6,5,7,7,7,4,6,7,4,8,6,7,2,6,4,0,7,7,8,8,5,8,9,5,6,7,6,4,6,6,6,7,8,4,5,4,5,4,7,6,7,5,9,8,4,10,7,6,10,13,12,13,7,8,6,6,7,10,8,10,8,10,9,10,10,9,7,10,8,9,11,7,4,8,9,10,10,9,9,11,11,9,11,5,9,6,9,14,11,7,13,8,9,6,9,9,8,12,8,6,11,8,12,4,5,11,8,6,4,12,10,10,13,13,10,6,7,8,5,6,9,12,10,8,7,7,11,10,10,6,11,13,12,11,11,12,13,10,12,10,11,7,15,7,12
SBV128,4,4,6,7,5,3,4,4,4,2,3,2,2,2,4,2,4,6,6,4,5,3,6,2,7,5,6,3,5,4,6,1,6,2,11,3,2,3,6,1,6,2,1,2,2,3,7,4,5,7,6,5,4,4,2,2,2,5,3,1,9,7,4,3,1,8,1,5,7,2,2,6,3,3,8,2,3,6,2,3,2,2,2,6,0,2,5,4,4,5,3,3,5,2,4,5,2,6,4,3,8,2,2,6,5,3,6,6,3,6,5,9,4,3,4,8,2,2,2,5,10,2,3,2,3,2,9,6,5,3,5,4,8,10,7,4,10,13,12,13,11,4,2,2,5,8,6,10,4,10,5,8,10,9,5,10,4,5,11,3,2,6,5,6,10,7,13,11,11,5,11,9,9,6,7,14,9,7,13,8,5,4,7,5,8,8,8,6,7,8,12,2,5,11,8,6,2,12,10,10,13,13,6,2,5,4,5,10,9,12,6,8,3,5,7,8,8,2,7,13,12,7,9,10,13,6,12,10,7,7,15,3,12
SBV130,4,4,6,7,5,3,4,4,4,2,3,2,2,2,4,2,4,6,6,4,5,3,6,2,7,5,6,3,5,4,6,1,6,2,11,3,2,3,6,1,6,2,1,2,2,3,7,4,5,7,6,5,4,4,2,2,2,5,3,1,9,7,4,3,1,8,1,5,7,2,2,6,3,3,8,2,3,6,2,3,2,2,2,6,2,0,5,4,4,5,3,3,5,2,4,5,2,6,4,3,8,2,2,6,5,3,6,6,3,6,5,9,4,3,4,8,2,2,2,5,10,2,3,2,3,2,9,6,5,3,5,4,8,10,7,4,10,13,12,13,11,4,2,2,5,8,6,10,4,10,5,8,10,9,5,10,4,5,11,3,2,6,5,6,10,7,13,11,11,5,11,9,9,6,7,14,9,7,13,8,5,4,7,5,8,8,8,6,7,8,12,2,5,11,8,6,2,12,10,10,13,13,6,2,5,4,5,10,9,12,6,8,3,5,7,8,8,2,7,13,12,7,9,10,13,6,12,10,7,7,15,3,12
SBV132,5,5,7,8,6,4,5,5,5,3,4,3,3,3,5,3,5,7,7,5,6,4,7,3,8,6,7,4,6,5,7,4,7,3,12,4,3,4,7,4,7,3,4,3,3,4,8,5,6,8,7,6,5,5,3,3,3,6,4,4,10,8,5,6,4,9,4,8,8,5,3,7,4,4,9,5,4,7,5,6,5,5,5,7,5,5,0,7,5,6,6,6,6,3,5,6,3,7,5,6,9,5,3,7,6,6,7,7,4,7,8,10,5,6,5,9,5,5,5,6,11,3,4,3,4,3,10,7,6,4,8,7,9,11,8,5,11,14,13,14,12,7,5,5,6,9,7,11,7,11,8,9,11,10,6,11,7,8,12,6,3,7,8,9,11,8,14,12,12,8,12,10,10,7,8,15,10,8,14,9,8,5,8,8,9,11,9,7,10,9,13,3,6,12,9,7,3,13,11,11,14,14,9,5,6,7,6,11,10,13,9,9,6,6,10,9,9,5,10,14,13,10,10,11,14,9,13,11,10,8,16,6,13
SBV133,6,6,8,9,7,5,6,6,6,4,5,4,4,4,6,4,6,8,8,6,7,5,8,4,9,7,8,5,7,6,8,3,8,4,13,5,4,5,8,3,8,4,3,4,4,5,9,6,7,9,8,7,6,6,4,4,4,7,5,3,11,9,6,5,3,10,3,5,9,4,4,8,5,5,10,2,5,8,2,3,4,2,4,8,4,4,7,0,6,7,5,5,7,4,6,7,4,8,6,5,10,2,4,8,7,5,8,8,5,8,7,11,6,5,6,10,4,2,2,7,12,4,5,4,5,4,11,8,7,5,7,4,10,12,9,6,12,15,14,15,13,6,4,2,7,10,8,12,4,12,5,10,12,11,7,12,4,5,13,3,4,8,5,6,12,9,15,13,13,5,13,11,11,8,9,16,11,9,15,10,7,6,9,7,10,10,10,8,9,10,14,4,7,13,10,8,4,14,12,12,15,15,6,4,7,6,7,12,11,14,6,10,5,7,9,10,10,4,7,15,14,9,11,12,15,6,14,12,7,9,17,3,14
SBV134,4,4,6,7,5,3,4,4,4,2,1,2,2,2,4,2,2,6,6,2,5,3,6,2,7,5,6,3,5,4,6,3,6,2,11,3,2,1,6,3,6,2,3,2,2,3,7,4,5,7,6,5,4,4,2,2,2,5,3,3,9,7,4,5,3,8,3,7,7,4,2,6,3,3,8,4,3,6,4,5,4,4,4,6,4,4,5,6,0,5,5,5,5,2,4,5,2,6,4,5,8,4,2,6,5,5,6,6,3,6,7,9,4,5,4,8,4,4,4,5,10,2,3,2,3,2,9,6,5,3,7,6,8,10,7,4,10,13,12,13,11,6,4,4,5,8,6,10,6,10,7,8,10,9,5,10,6,7,11,5,2,6,7,8,10,7,13,11,11,7,11,9,9,6,7,14,9,7,13,8,7,4,7,7,8,10,8,6,9,8,12,2,5,11,8,6,2,12,10,10,13,13,8,4,5,6,5,10,9,12,8,8,5,5,9,8,8,4,9,13,12,9,9,10,13,8,12,10,9,7,15,5,12
SBV135,3,3,3,6,6,4,3,5,5,3,4,3,3,3,5,3,5,3,5,5,4,2,5,3,4,4,5,4,4,5,5,4,5,3,8,4,3,4,5,4,5,3,4,3,3,4,6,5,0,6,1,4,5,5,3,3,3,0,4,4,8,6,3,6,4,7,4,8,6,5,3,7,4,4,7,5,4,5,5,6,5,5,5,5,5,5,6,7,5,0,6,6,6,3,5,6,3,7,5,6,7,5,3,5,6,6,7,7,4,7,8,8,5,6,5,7,5,5,5,6,9,3,4,3,4,3,8,1,6,4,8,7,7,5,2,5,5,8,7,8,10,7,5,5,6,9,7,5,7,5,8,9,5,4,6,5,7,8,6,6,3,7,8,9,5,8,12,6,6,8,6,8,4,1,8,9,10,2,8,3,8,5,8,8,3,11,3,1,10,3,7,3,0,6,3,1,3,7,5,5,8,8,9,5,6,7,0,9,4,7,9,3,6,6,10,9,9,5,10,8,7,10,10,11,8,9,7,5,10,4,10,6,7
SBV136,5,5,7,8,6,4,5,5,5,3,4,3,3,3,5,3,5,7,7,5,6,4,7,3,8,6,7,4,6,5,7,2,7,3,12,4,3,4,7,2,7,3,2,3,3,4,8,5,6,8,7,6,5,5,3,3,3,6,4,2,10,8,5,4,2,9,2,6,8,1,3,7,4,4,9,3,4,7,3,4,1,3,3,7,3,3,6,5,5,6,0,4,6,3,5,6,3,7,5,4,9,3,3,7,6,4,7,7,4,7,6,10,5,4,5,9,3,3,3,6,11,3,4,3,4,3,10,7,6,4,6,5,9,11,8,5,11,14,13,14,12,5,3,3,6,9,7,11,5,11,6,9,11,10,6,11,5,6,12,4,3,7,6,7,11,8,14,12,12,6,12,10,10,7,8,15,10,8,14,9,6,5,8,6,9,9,9,7,8,9,13,3,6,12,9,7,3,13,11,11,14,14,7,3,6,5,6,11,10,13,7,9,4,6,8,9,9,3,8,14,13,8,10,11,14,7,13,11,8,8,16,4,13
SBV138,5,5,7,8,6,4,5,5,5,3,4,3,3,3,5,3,5,7,7,5,6,4,7,3,8,6,7,4,6,5,7,2,7,3,12,4,3,4,7,2,7,3,2,3,3,4,8,5,6,8,7,6,5,5,3,3,3,6,4,2,10,8,5,4,2,9,2,6,8,3,3,7,4,4,9,3,4,7,3,4,3,3,1,7,3,3,6,5,5,6,4,0,6,3,5,6,3,7,5,4,9,3,3,7,6,2,7,7,4,7,6,10,5,4,5,9,3,3,3,6,11,3,4,3,4,3,10,7,6,4,6,5,9,11,8,5,11,14,13,14,12,5,3,3,6,9,7,11,5,11,6,9,11,10,6,11,5,6,12,4,3,7,6,7,11,8,14,12,12,6,12,10,10,7,8,15,10,8,14,9,6,5,8,6,9,9,9,7,8,9,13,3,6,12,9,7,3,13,11,11,14,14,7,3,6,5,6,11,10,13,7,9,4,6,8,9,9,3,8,14,13,8,10,11,14,7,13,11,8,8,16,4,13
SBV139,5,5,7,8,6,4,5,5,5,3,4,3,3,3,5,3,5,7,7,5,6,4,7,3,8,6,7,4,6,5,7,4,7,3,12,4,3,4,7,4,7,3,4,3,3,4,8,5,6,8,7,6,5,5,3,3,3,6,4,4,10,8,5,6,4,9,4,8,8,5,3,7,4,4,9,5,4,7,5,6,5,5,5,7,5,5,6,7,5,6,6,6,0,3,5,6,3,7,5,6,9,5,3,7,6,6,7,7,4,7,8,10,5,6,5,9,5,5,5,6,11,3,4,3,4,3,10,7,6,4,8,7,9,11,8,5,11,14,13,14,12,7,5,5,6,9,7,11,7,11,8,9,11,10,6,11,7,8,12,6,3,7,8,9,11,8,14,12,12,8,12,10,10,7,8,15,10,8,14,9,8,5,8,8,9,11,9,7,10,9,13,3,6,12,9,7,3,13,11,11,14,14,9,5,6,7,6,11,10,13,9,9,6,6,10,9,9,5,10,14,13,10,10,11,14,9,13,11,10,8,16,6,13
SBV140,2,2,4,5,3,1,2,2,2,0,1,0,0,0,2,0,2,4,4,2,3,1,4,0,5,3,4,1,3,2,4,1,4,0,9,1,0,1,4,1,4,0,1,0,0,1,5,2,3,5,4,3,2,2,0,0,0,3,1,1,7,5,2,3,1,6,1,5,5,2,0,4,1,1,6,2,1,4,2,3,2,2,2,4,2,2,3,4,2,3,3,3,3,0,2,3,0,4,2,3,6,2,0,4,3,3,4,4,1,4,5,7,2,3,2,6,2,2,2,3,8,0,1,0,1,0,7,4,3,1,5,4,6,8,5,2,8,11,10,11,9,4,2,2,3,6,4,8,4,8,5,6,8,7,3,8,4,5,9,3,0,4,5,6,8,5,11,9,9,5,9,7,7,4,5,12,7,5,11,6,5,2,5,5,6,8,6,4,7,6,10,0,3,9,6,4,0,10,8,8,11,11,6,2,3,4,3,8,7,10,6,6,3,3,7,6,6,2,7,11,10,7,7,8,11,6,10,8,7,5,13,3,10
SBV141,4,4,6,7,5,3,4,4,4,2,3,2,2,2,4,2,4,6,6,4,5,3,6,2,7,5,6,3,5,4,6,3,6,2,11,3,2,3,6,3,6,2,3,2,2,3,7,4,5,7,6,5,4,4,2,2,2,5,3,3,9,7,4,5,3,8,3,7,7,4,2,6,3,3,8,4,3,6,4,5,4,4,4,6,4,4,5,6,4,5,5,5,5,2,0,5,2,6,4,5,8,4,2,6,5,5,6,2,3,2,7,9,4,5,0,8,4,4,4,5,10,2,3,2,3,2,9,6,5,3,7,6,8,10,7,4,10,13,12,13,11,6,4,4,1,8,6,10,6,10,7,4,10,9,1,10,6,7,11,5,2,6,7,8,10,3,13,11,11,7,11,9,9,6,3,14,9,7,13,8,7,4,7,7,8,10,8,6,9,8,12,2,5,11,8,6,2,12,10,10,13,13,8,4,5,6,5,10,9,12,8,8,5,5,9,8,8,4,9,13,12,9,9,10,13,8,12,10,9,7,15,5,12
SBV142,5,5,7,8,6,4,5,5,5,3,4,3,3,3,5,3,5,7,7,5,6,4,7,3,8,6,7,4,6,5,7,4,7,3,12,4,3,4,7,4,7,3,4,3,3,4,8,5,6,8,7,6,5,5,3,3,3,6,4,4,10,8,5,6,4,9,4,8,8,5,3,7,4,4,9,5,4,7,5,6,5,5,5,7,5,5,6,7,5,6,6,6,6,3,5,0,3,7,5,6,9,5,3,7,6,6,7,7,4,7,8,10,5,6,5,9,5,5,5,6,11,3,4,3,4,3,10,7,6,4,8,7,9,11,8,5,11,14,13,14,12,7,5,5,6,9,7,11,7,11,8,9,11,10,6,11,7,8,12,6,3,7,8,9,11,8,14,12,12,8,12,10,10,7,8,15,10,8,14,9,8,5,8,8,9,11,9,7,10,9,13,3,6,12,9,7,3,13,11,11,14,14,9,5,6,7,6,11,10,13,9,9,6,6,10,9,9,5,10,14,13,10,10,11,14,9,13,11,10,8,16,6,13
SBV143,2,2,4,5,3,1,2,2,2,0,1,0,0,0,2,0,2,4,4,2,3,1,4,0,5,3,4,1,3,2,4,1,4,0,9,1,0,1,4,1,4,0,1,0,0,1,5,2,3,5,4,3,2,2,0,0,0,3,1,1,7,5,2,3,1,6,1,5,5,2,0,4,1,1,6,2,1,4,2,3,2,2,2,4,2,2,3,4,2,3,3,3,3,0,2,3,0,4,2,3,6,2,0,4,3,3,4,4,1,4,5,7,2,3,2,6,2,2,2,3,8,0,1,0,1,0,7,4,3,1,5,4,6,8,5,2,8,11,10,11,9,4,2,2,3,6,4,8,4,8,5,6,8,7,3,8,4,5,9,3,0,4,5,6,8,5,11,9,9,5,9,7,7,4,5,12,7,5,11,6,5,2,5,5,6,8,6,4,7,6,10,0,3,9,6,4,0,10,8,8,11,11,6,2,3,4,3,8,7,10,6,6,3,3,7,6,6,2,7,11,10,7,7,8,11,6,10,8,7,5,13,3,10
SBV144,6,6,8,9,7,5,6,6,6,4,5,4,4,4,6,4,6,8,8,6,7,5,8,4,9,7,8,5,7,6,8,5,8,4,13,5,4,5,8,5,8,4,5,4,4,5,9,6,7,9,8,7,6,6,4,4,4,7,5,5,11,9,6,7,5,10,5,9,9,6,4,8,5,5,10,6,5,8,6,7,6,6,6,8,6,6,7,8,6,7,7,7,7,4,6,7,4,0,6,7,10,6,4,8,7,7,0,8,5,8,9,11,6,7,6,10,6,6,6,7,12,4,5,4,5,4,11,8,7,5,9,8,10,12,9,6,12,15,14,15,13,8,6,6,7,10,8,12,8,12,9,10,12,11,7,12,8,9,13,7,4,8,9,10,12,9,15,13,13,9,13,11,11,8,9,16,11,9,15,10,9,6,9,9,10,12,10,8,11,10,14,4,7,13,10,8,4,14,12,12,15,15,10,6,7,8,7,12,11,14,10,10,7,7,11,10,10,6,11,15,14,11,11,12,15,10,14,12,11,9,17,7,14
SBV145,4,4,6,7,5,3,4,4,4,2,3,2,2,2,4,2,4,6,6,4,5,3,6,2,7,5,6,3,5,4,6,3,6,2,11,3,2,3,6,3,6,2,3,2,2,3,7,4,5,7,6,5,4,4,2,2,2,5,3,3,9,7,4,5,3,8,3,7,7,4,2,6,3,3,8,4,3,6,4,5,4,4,4,6,4,4,5,6,4,5,5,5,5,2,4,5,2,6,0,5,8,4,2,6,5,5,6,6,3,6,7,9,4,5,4,8,4,4,4,5,10,2,3,2,3,2,9,6,5,3,7,6,8,10,7,4,10,13,12,13,11,6,4,4,5,8,6,10,6,10,7,8,10,9,5,10,6,7,11,5,2,6,7,8,10,7,13,11,11,7,11,9,9,6,7,14,9,7,13,8,7,4,7,7,8,10,8,6,9,8,12,2,5,11,8,6,2,12,10,10,13,13,8,4,5,6,5,10,9,12,8,8,5,5,9,8,8,4,9,13,12,9,9,10,13,8,12,10,9,7,15,5,12
SBV146,5,5,7,8,6,4,5,5,5,3,4,3,3,3,5,3,5,7,7,5,6,4,7,3,8,6,7,4,6,5,7,2,7,3,12,4,3,4,7,2,7,3,2,3,3,4,8,5,6,8,7,6,5,5,3,3,3,6,4,2,10,8,5,4,2,9,2,6,8,3,3,7,4,4,9,3,4,7,3,4,3,3,3,7,3,3,6,5,5,6,4,4,6,3,5,6,3,7,5,0,9,3,3,7,6,4,7,7,4,7,6,10,5,4,5,9,3,3,3,6,11,3,4,3,4,3,10,7,6,4,6,5,9,11,8,5,11,14,13,14,12,5,3,3,6,9,7,11,5,11,6,9,11,10,6,11,5,6,12,4,3,7,6,7,11,8,14,12,12,6,12,10,10,7,8,15,10,8,14,9,6,5,8,6,9,9,9,7,8,9,13,3,6,12,9,7,3,13,11,11,14,14,7,3,6,5,6,11,10,13,7,9,4,6,8,9,9,3,8,14,13,8,10,11,14,7,13,11,8,8,16,4,13
SBV147,4,4,8,7,9,7,4,8,8,6,7,6,6,6,8,6,8,8,4,8,3,5,4,6,9,3,4,7,3,8,4,7,4,6,13,7,6,7,6,7,4,6,7,6,6,7,5,8,7,5,8,5,8,8,6,6,6,7,7,7,7,3,4,9,7,4,7,11,5,8,6,10,7,7,4,8,7,2,8,9,8,8,8,2,8,8,9,10,8,7,9,9,9,6,8,9,6,10,8,9,0,8,6,2,9,9,10,10,7,10,11,7,8,9,8,6,8,8,8,9,10,6,7,6,7,6,9,8,9,7,11,10,6,12,9,8,12,15,14,15,9,10,8,8,9,12,10,12,10,12,11,12,12,11,9,12,10,11,13,9,6,10,11,12,12,11,11,13,13,11,13,7,11,8,11,16,13,9,15,10,11,8,11,11,10,14,10,8,13,10,14,6,7,13,10,8,6,14,12,12,15,15,12,8,9,10,7,8,11,14,12,10,9,9,13,12,12,8,13,15,14,13,13,14,15,12,14,12,13,9,17,9,14
SBV148,4,4,6,7,5,3,4,4,4,2,3,2,2,2,4,2,4,6,6,4,5,3,6,2,7,5,6,3,5,4,6,1,6,2,11,3,2,3,6,1,6,2,1,2,2,3,7,4,5,7,6,5,4,4,2,2,2,5,3,1,9,7,4,3,1,8,1,3,7,2,2,6,3,3,8,0,3,6,0,1,2,0,2,6,2,2,5,2,4,5,3,3,5,2,4,5,2,6,4,3,8,0,2,6,5,3,6,6,3,6,5,9,4,3,4,8,2,0,0,5,10,2,3,2,3,2,9,6,5,3,5,2,8,10,7,4,10,13,12,13,11,4,2,0,5,8,6,10,2,10,3,8,10,9,5,10,2,3,11,1,2,6,3,4,10,7,13,11,11,3,11,9,9,6,7,14,9,7,13,8,5,4,7,5,8,8,8,6,7,8,12,2,5,11,8,6,2,12,10,10,13,13,4,2,5,4,5,10,9,12,4,8,3,5,7,8,8,2,5,13,12,7,9,10,13,4,12,10,5,7,15,1,12
SBV150,2,2,4,5,3,1,2,2,2,0,1,0,0,0,2,0,2,4,4,2,3,1,4,0,5,3,4,1,3,2,4,1,4,0,9,1,0,1,4,1,4,0,1,0,0,1,5,2,3,5,4,3,2,2,0,0,0,3,1,1,7,5,2,3,1,6,1,5,5,2,0,4,1,1,6,2,1,4,2,3,2,2,2,4,2,2,3,4,2,3,3,3,3,0,2,3,0,4,2,3,6,2,0,4,3,3,4,4,1,4,5,7,2,3,2,6,2,2,2,3,8,0,1,0,1,0,7,4,3,1,5,4,6,8,5,2,8,11,10,11,9,4,2,2,3,6,4,8,4,8,5,6,8,7,3,8,4,5,9,3,0,4,5,6,8,5,11,9,9,5,9,7,7,4,5,12,7,5,11,6,5,2,5,5,6,8,6,4,7,6,10,0,3,9,6,4,0,10,8,8,11,11,6,2,3,4,3,8,7,10,6,6,3,3,7,6,6,2,7,11,10,7,7,8,11,6,10,8,7,5,13,3,10
SBV151,2,2,6,5,7,5,2,6,6,4,5,4,4,4,6,4,6,6,2,6,1,3,2,4,7,1,2,5,1,6,2,5,2,4,11,5,4,5,4,5,2,4,5,4,4,5,3,6,5,3,6,3,6,6,4,4,4,5,5,5,5,1,2,7,5,2,5,9,3,6,4,8,5,5,2,6,5,0,6,7,6,6,6,0,6,6,7,8,6,5,7,7,7,4,6,7,4,8,6,7,2,6,4,0,7,7,8,8,5,8,9,5,6,7,6,4,6,6,6,7,8,4,5,4,5,4,7,6,7,5,9,8,4,10,7,6,10,13,12,13,7,8,6,6,7,10,8,10,8,10,9,10,10,9,7,10,8,9,11,7,4,8,9,10,10,9,9,11,11,9,11,5,9,6,9,14,11,7,13,8,9,6,9,9,8,12,8,6,11,8,12,4,5,11,8,6,4,12,10,10,13,13,10,6,7,8,5,6,9,12,10,8,7,7,11,10,10,6,11,13,12,11,11,12,13,10,12,10,11,7,15,7,12
SBV152,5,5,7,8,6,4,5,5,5,3,4,3,3,3,5,3,5,7,7,5,6,4,7,3,8,6,7,4,6,5,7,4,7,3,12,4,3,4,7,4,7,3,4,3,3,4,8,5,6,8,7,6,5,5,3,3,3,6,4,4,10,8,5,6,4,9,4,8,8,5,3,7,4,4,9,5,4,7,5,6,5,5,5,7,5,5,6,7,5,6,6,6,6,3,5,6,3,7,5,6,9,5,3,7,0,6,7,7,4,7,8,10,5,6,5,9,5,5,5,6,11,3,4,3,4,3,10,7,6,4,8,7,9,11,8,5,11,14,13,14,12,7,5,5,6,9,7,11,7,11,8,9,11,10,6,11,7,8,12,6,3,7,8,9,11,8,14,12,12,8,12,10,10,7,8,15,10,8,14,9,8,5,8,8,9,11,9,7,10,9,13,3,6,12,9,7,3,13,11,11,14,14,9,5,6,7,6,11,10,13,9,9,6,6,10,9,9,5,10,14,13,10,10,11,14,9,13,11,10,8,16,6,13
SBV153,5,5,7,8,6,4,5,5,5,3,4,3,3,3,5,3,5,7,7,5,6,4,7,3,8,6,7,4,6,5,7,2,7,3,12,4,3,4,7,2,7,3,2,3,3,4,8,5,6,8,7,6,5,5,3,3,3,6,4,2,10,8,5,4,2,9,2,6,8,3,3,7,4,4,9,3,4,7,3,4,3,3,1,7,3,3,6,5,5,6,4,2,6,3,5,6,3,7,5,4,9,3,3,7,6,0,7,7,4,7,6,10,5,4,5,9,3,3,3,6,11,3,4,3,4,3,10,7,6,4,6,5,9,11,8,5,11,14,13,14,12,5,3,3,6,9,7,11,5,11,6,9,11,10,6,11,5,6,12,4,3,7,6,7,11,8,14,12,12,6,12,10,10,7,8,15,10,8,14,9,6,5,8,6,9,9,9,7,8,9,13,3,6,12,9,7,3,13,11,11,14,14,7,3,6,5,6,11,10,13,7,9,4,6,8,9,9,3,8,14,13,8,10,11,14,7,13,11,8,8,16,4,13
SBV156,6,6,8,9,7,5,6,6,6,4,5,4,4,4,6,4,6,8,8,6,7,5,8,4,9,7,8,5,7,6,8,5,8,4,13,5,4,5,8,5,8,4,5,4,4,5,9,6,7,9,8,7,6,6,4,4,4,7,5,5,11,9,6,7,5,10,5,9,9,6,4,8,5,5,10,6,5,8,6,7,6,6,6,8,6,6,7,8,6,7,7,7,7,4,6,7,4,0,6,7,10,6,4,8,7,7,0,8,5,8,9,11,6,7,6,10,6,6,6,7,12,4,5,4,5,4,11,8,7,5,9,8,10,12,9,6,12,15,14,15,13,8,6,6,7,10,8,12,8,12,9,10,12,11,7,12,8,9,13,7,4,8,9,10,12,9,15,13,13,9,13,11,11,8,9,16,11,9,15,10,9,6,9,9,10,12,10,8,11,10,14,4,7,13,10,8,4,14,12,12,15,15,10,6,7,8,7,12,11,14,10,10,7,7,11,10,10,6,11,15,14,11,11,12,15,10,14,12,11,9,17,7,14
SBV157,6,6,8,9,7,5,6,6,6,4,5,4,4,4,6,4,6,8,8,6,7,5,8,4,9,7,8,5,7,6,8,5,8,4,13,5,4,5,8,5,8,4,5,4,4,5,9,6,7,9,8,7,6,6,4,4,4,7,5,5,11,9,6,7,5,10,5,9,9,6,4,8,5,5,10,6,5,8,6,7,6,6,6,8,6,6,7,8,6,7,7,7,7,4,2,7,4,8,6,7,10,6,4,8,7,7,8,0,5,4,9,11,6,7,2,10,6,6,6,7,12,4,5,4,5,4,11,8,7,5,9,8,10,12,9,6,12,15,14,15,13,8,6,6,3,10,8,12,8,12,9,6,12,11,3,12,8,9,13,7,4,8,9,10,12,5,15,13,13,9,13,11,11,8,5,16,11,9,15,10,9,6,9,9,10,12,10,8,11,10,14,4,7,13,10,8,4,14,12,12,15,15,10,6,7,8,7,12,11,14,10,10,7,7,11,10,10,6,11,15,14,11,11,12,15,10,14,12,11,9,17,7,14
SBV158,3,3,5,6,4,2,3,3,3,1,2,1,1,1,3,1,3,5,5,3,4,2,5,1,6,4,5,2,4,3,5,2,5,1,10,2,1,2,5,2,5,1,2,1,1,2,6,3,4,6,5,4,3,3,1,1,1,4,2,2,8,6,3,4,2,7,2,6,6,3,1,5,2,2,7,3,2,5,3,4,3,3,3,5,3,3,4,5,3,4,4,4,4,1,3,4,1,5,3,4,7,3,1,5,4,4,5,5,0,5,6,8,3,4,3,7,3,3,3,4,9,1,2,1,2,1,8,5,4,2,6,5,7,9,6,3,9,12,11,12,10,5,3,3,4,7,5,9,5,9,6,7,9,8,4,9,5,6,10,4,1,5,6,7,9,6,12,10,10,6,10,8,8,5,6,13,8,6,12,7,6,3,6,6,7,9,7,5,8,7,11,1,4,10,7,5,1,11,9,9,12,12,7,3,4,5,4,9,8,11,7,7,4,4,8,7,7,3,8,12,11,8,8,9,12,7,11,9,8,6,14,4,11
SBV159,6,6,8,9,7,5,6,6,6,4,5,4,4,4,6,4,6,8,8,6,7,5,8,4,9,7,8,5,7,6,8,5,8,4,13,5,4,5,8,5,8,4,5,4,4,5,9,6,7,9,8,7,6,6,4,4,4,7,5,5,11,9,6,7,5,10,5,9,9,6,4,8,5,5,10,6,5,8,6,7,6,6,6,8,6,6,7,8,6,7,7,7,7,4,2,7,4,8,6,7,10,6,4,8,7,7,8,4,5,0,9,11,6,7,2,10,6,6,6,7,12,4,5,4,5,4,11,8,7,5,9,8,10,12,9,6,12,15,14,15,13,8,6,6,3,10,8,12,8,12,9,6,12,11,3,12,8,9,13,7,4,8,9,10,12,5,15,13,13,9,13,11,11,8,5,16,11,9,15,10,9,6,9,9,10,12,10,8,11,10,14,4,7,13,10,8,4,14,12,12,15,15,10,6,7,8,7,12,11,14,10,10,7,7,11,10,10,6,11,15,14,11,11,12,15,10,14,12,11,9,17,7,14
SBV160,7,7,9,10,8,6,7,7,7,5,6,5,5,5,7,5,7,9,9,7,8,6,9,5,10,8,9,6,8,7,9,4,9,5,14,6,5,6,9,4,9,5,4,5,5,6,10,7,8,10,9,8,7,7,5,5,5,8,6,4,12,10,7,6,4,11,4,8,10,5,5,9,6,6,11,5,6,9,5,6,5,5,5,9,5,5,8,7,7,8,6,6,8,5,7,8,5,9,7,6,11,5,5,9,8,6,9,9,6,9,0,12,7,4,7,11,5,5,5,8,13,5,6,5,6,5,12,9,8,6,8,7,11,13,10,7,13,16,15,16,14,7,3,5,8,11,9,13,7,13,8,11,13,12,8,13,7,8,14,6,5,9,8,9,13,10,16,14,14,8,14,12,12,9,10,17,12,10,16,11,8,7,10,6,11,11,11,9,6,11,15,5,8,14,11,9,5,15,13,13,16,16,9,3,8,7,8,13,12,15,9,11,4,8,6,11,11,3,10,16,15,6,12,13,16,9,15,13,10,10,18,6,15
SBV161,5,5,9,8,10,8,5,9,9,7,8,7,7,7,9,7,9,9,5,9,4,6,3,7,10,4,5,8,4,9,5,8,3,7,14,8,7,8,7,8,3,7,8,7,7,8,4,9,8,4,9,6,9,9,7,7,7,8,8,8,6,6,5,10,8,7,8,12,4,9,7,11,8,8,7,9,8,5,9,10,9,9,9,5,9,9,10,11,9,8,10,10,10,7,9,10,7,11,9,10,7,9,7,5,10,10,11,11,8,11,12,0,9,10,9,5,9,9,9,10,11,7,8,7,8,7,10,9,10,8,12,11,5,13,10,9,13,16,15,16,8,11,9,9,10,13,11,13,11,13,12,13,13,12,10,13,11,12,14,10,7,11,12,13,13,12,10,14,14,12,14,6,12,9,12,17,14,10,16,11,12,9,12,12,11,15,11,9,14,11,15,7,8,14,11,9,7,15,13,13,16,16,13,9,10,11,8,7,12,15,13,11,10,10,14,13,13,9,14,16,15,14,14,15,16,13,15,13,14,10,18,10,15
SBV162,4,4,6,7,5,3,4,4,4,2,3,2,2,2,4,2,4,6,6,4,5,3,6,2,7,5,6,3,5,4,6,3,6,2,11,3,2,3,6,3,6,2,3,2,2,3,7,4,5,7,6,5,4,4,2,2,2,5,3,3,9,7,4,5,3,8,3,7,7,4,2,6,3,3,8,4,3,6,4,5,4,4,4,6,4,4,5,6,4,5,5,5,5,2,4,5,2,6,4,5,8,4,2,6,5,5,6,6,3,6,7,9,0,5,4,8,4,4,4,5,10,2,3,2,3,2,9,6,5,3,7,6,8,10,7,4,10,13,12,13,11,6,4,4,5,8,6,10,6,10,7,8,10,9,5,10,6,7,11,5,2,6,7,8,10,7,13,11,11,7,11,9,9,6,7,14,9,7,13,8,7,4,7,7,8,10,8,6,9,8,12,2,5,11,8,6,2,12,10,10,13,13,8,4,5,6,5,10,9,12,8,8,5,5,9,8,8,4,9,13,12,9,9,10,13,8,12,10,9,7,15,5,12
SBV163,5,5,7,8,6,4,5,5,5,3,4,3,3,3,5,3,5,7,7,5,6,4,7,3,8,6,7,4,6,5,7,2,7,3,12,4,3,4,7,2,7,3,2,3,3,4,8,5,6,8,7,6,5,5,3,3,3,6,4,2,10,8,5,4,2,9,2,6,8,3,3,7,4,4,9,3,4,7,3,4,3,3,3,7,3,3,6,5,5,6,4,4,6,3,5,6,3,7,5,4,9,3,3,7,6,4,7,7,4,7,4,10,5,0,5,9,3,3,3,6,11,3,4,3,4,3,10,7,6,4,6,5,9,11,8,5,11,14,13,14,12,5,1,3,6,9,7,11,5,11,6,9,11,10,6,11,5,6,12,4,3,7,6,7,11,8,14,12,12,6,12,10,10,7,8,15,10,8,14,9,6,5,8,4,9,9,9,7,6,9,13,3,6,12,9,7,3,13,11,11,14,14,7,1,6,5,6,11,10,13,7,9,0,6,6,9,9,1,8,14,13,6,10,11,14,7,13,11,8,8,16,4,13
SBV164,4,4,6,7,5,3,4,4,4,2,3,2,2,2,4,2,4,6,6,4,5,3,6,2,7,5,6,3,5,4,6,3,6,2,11,3,2,3,6,3,6,2,3,2,2,3,7,4,5,7,6,5,4,4,2,2,2,5,3,3,9,7,4,5,3,8,3,7,7,4,2,6,3,3,8,4,3,6,4,5,4,4,4,6,4,4,5,6,4,5,5,5,5,2,0,5,2,6,4,5,8,4,2,6,5,5,6,2,3,2,7,9,4,5,0,8,4,4,4,5,10,2,3,2,3,2,9,6,5,3,7,6,8,10,7,4,10,13,12,13,11,6,4,4,1,8,6,10,6,10,7,4,10,9,1,10,6,7,11,5,2,6,7,8,10,3,13,11,11,7,11,9,9,6,3,14,9,7,13,8,7,4,7,7,8,10,8,6,9,8,12,2,5,11,8,6,2,12,10,10,13,13,8,4,5,6,5,10,9,12,8,8,5,5,9,8,8,4,9,13,12,9,9,10,13,8,12,10,9,7,15,5,12
SBV165,4,4,8,7,9,7,4,8,8,6,7,6,6,6,8,6,8,8,4,8,3,5,2,6,9,3,4,7,3,8,4,7,2,6,13,7,6,7,6,7,2,6,7,6,6,7,3,8,7,3,8,5,8,8,6,6,6,7,7,7,5,5,4,9,7,6,7,11,3,8,6,10,7,7,6,8,7,4,8,9,8,8,8,4,8,8,9,10,8,7,9,9,9,6,8,9,6,10,8,9,6,8,6,4,9,9,10,10,7,10,11,5,8,9,8,0,8,8,8,9,10,6,7,6,7,6,9,8,9,7,11,10,0,12,9,8,12,15,14,15,3,10,8,8,9,12,10,12,10,12,11,12,12,11,9,12,10,11,13,9,6,10,11,12,12,11,5,13,13,11,13,1,11,8,11,16,13,9,15,10,11,8,11,11,10,14,10,8,13,10,14,6,7,13,10,8,6,14,12,12,15,15,12,8,9,10,7,2,11,14,12,10,9,9,13,12,12,8,13,15,14,13,13,14,15,12,14,12,13,9,17,9,14
SBV166,4,4,6,7,5,3,4,4,4,2,3,2,2,2,4,2,4,6,6,4,5,3,6,2,7,5,6,3,5,4,6,1,6,2,11,3,2,3,6,1,6,2,1,2,2,3,7,4,5,7,6,5,4,4,2,2,2,5,3,1,9,7,4,3,1,8,1,5,7,2,2,6,3,3,8,2,3,6,2,3,2,2,2,6,2,2,5,4,4,5,3,3,5,2,4,5,2,6,4,3,8,2,2,6,5,3,6,6,3,6,5,9,4,3,4,8,0,2,2,5,10,2,3,2,3,2,9,6,5,3,5,4,8,10,7,4,10,13,12,13,11,4,2,2,5,8,6,10,4,10,5,8,10,9,5,10,4,5,11,3,2,6,5,6,10,7,13,11,11,5,11,9,9,6,7,14,9,7,13,8,5,4,7,5,8,8,8,6,7,8,12,2,5,11,8,6,2,12,10,10,13,13,6,2,5,4,5,10,9,12,6,8,3,5,7,8,8,2,7,13,12,7,9,10,13,6,12,10,7,7,15,3,12
SBV167,4,4,6,7,5,3,4,4,4,2,3,2,2,2,4,2,4,6,6,4,5,3,6,2,7,5,6,3,5,4,6,1,6,2,11,3,2,3,6,1,6,2,1,2,2,3,7,4,5,7,6,5,4,4,2,2,2,5,3,1,9,7,4,3,1,8,1,3,7,2,2,6,3,3,8,0,3,6,0,1,2,0,2,6,2,2,5,2,4,5,3,3,5,2,4,5,2,6,4,3,8,0,2,6,5,3,6,6,3,6,5,9,4,3,4,8,2,0,0,5,10,2,3,2,3,2,9,6,5,3,5,2,8,10,7,4,10,13,12,13,11,4,2,0,5,8,6,10,2,10,3,8,10,9,5,10,2,3,11,1,2,6,3,4,10,7,13,11,11,3,11,9,9,6,7,14,9,7,13,8,5,4,7,5,8,8,8,6,7,8,12,2,5,11,8,6,2,12,10,10,13,13,4,2,5,4,5,10,9,12,4,8,3,5,7,8,8,2,5,13,12,7,9,10,13,4,12,10,5,7,15,1,12
SBV168,4,4,6,7,5,3,4,4,4,2,3,2,2,2,4,2,4,6,6,4,5,3,6,2,7,5,6,3,5,4,6,1,6,2,11,3,2,3,6,1,6,2,1,2,2,3,7,4,5,7,6,5,4,4,2,2,2,5,3,1,9,7,4,3,1,8,1,3,7,2,2,6,3,3,8,0,3,6,0,1,2,0,2,6,2,2,5,2,4,5,3,3,5,2,4,5,2,6,4,3,8,0,2,6,5,3,6,6,3,6,5,9,4,3,4,8,2,0,0,5,10,2,3,2,3,2,9,6,5,3,5,2,8,10,7,4,10,13,12,13,11,4,2,0,5,8,6,10,2,10,3,8,10,9,5,10,2,3,11,1,2,6,3,4,10,7,13,11,11,3,11,9,9,6,7,14,9,7,13,8,5,4,7,5,8,8,8,6,7,8,12,2,5,11,8,6,2,12,10,10,13,13,4,2,5,4,5,10,9,12,4,8,3,5,7,8,8,2,5,13,12,7,9,10,13,4,12,10,5,7,15,1,12
SBV169,5,5,7,8,6,4,5,5,5,3,4,3,3,3,5,3,5,7,7,5,6,4,7,3,8,6,7,4,6,5,7,4,7,3,12,4,3,4,7,4,7,3,4,3,3,4,8,5,6,8,7,6,5,5,3,3,3,6,4,4,10,8,5,6,4,9,4,8,8,5,3,7,4,4,9,5,4,7,5,6,5,5,5,7,5,5,6,7,5,6,6,6,6,3,5,6,3,7,5,6,9,5,3,7,6,6,7,7,4,7,8,10,5,6,5,9,5,5,5,0,11,3,4,3,4,3,10,7,6,4,8,7,9,11,8,5,11,14,13,14,12,7,5,5,6,9,7,11,7,11,8,9,11,10,6,11,7,8,12,6,3,7,8,9,11,8,14,12,12,8,12,10,10,7,8,15,10,8,14,9,8,5,8,8,9,11,9,7,10,9,13,3,6,12,9,7,3,13,11,11,14,14,9,5,6,7,6,11,10,13,9,9,6,6,10,9,9,5,10,14,13,10,10,11,14,9,13,11,10,8,16,6,13
SBV170,6,6,10,9,11,9,6,10,10,8,9,8,8,8,10,8,10,10,8,10,7,7,8,8,11,7,8,9,7,10,8,9,8,8,15,9,8,9,8,9,8,8,9,8,8,9,9,10,9,9,10,7,10,10,8,8,8,9,9,9,11,9,6,11,9,10,9,13,9,10,8,12,9,9,10,10,9,8,10,11,10,10,10,8,10,10,11,12,10,9,11,11,11,8,10,11,8,12,10,11,10,10,8,8,11,11,12,12,9,12,13,11,10,11,10,10,10,10,10,11,0,8,9,8,9,8,3,10,11,9,13,12,10,14,11,10,14,17,16,17,13,12,10,10,11,14,12,14,12,14,13,14,14,13,11,14,12,13,15,11,8,12,13,14,14,13,15,15,15,13,15,11,13,10,13,18,15,11,17,12,13,10,13,13,12,16,12,10,15,12,16,8,9,15,12,10,8,16,14,14,17,17,14,10,11,12,9,12,13,16,14,12,11,11,15,14,14,10,15,17,16,15,15,16,17,14,16,14,15,11,19,11,16
SBV171,2,2,4,5,3,1,2,2,2,0,1,0,0,0,2,0,2,4,4,2,3,1,4,0,5,3,4,1,3,2,4,1,4,0,9,1,0,1,4,1,4,0,1,0,0,1,5,2,3,5,4,3,2,2,0,0,0,3,1,1,7,5,2,3,1,6,1,5,5,2,0,4,1,1,6,2,1,4,2,3,2,2,2,4,2,2,3,4,2,3,3,3,3,0,2,3,0,4,2,3,6,2,0,4,3,3,4,4,1,4,5,7,2,3,2,6,2,2,2,3,8,0,1,0,1,0,7,4,3,1,5,4,6,8,5,2,8,11,10,11,9,4,2,2,3,6,4,8,4,8,5,6,8,7,3,8,4,5,9,3,0,4,5,6,8,5,11,9,9,5,9,7,7,4,5,12,7,5,11,6,5,2,5,5,6,8,6,4,7,6,10,0,3,9,6,4,0,10,8,8,11,11,6,2,3,4,3,8,7,10,6,6,3,3,7,6,6,2,7,11,10,7,7,8,11,6,10,8,7,5,13,3,10
SBV172,3,3,5,6,4,2,3,3,3,1,2,1,1,1,3,1,3,5,5,3,4,2,5,1,6,4,5,2,4,3,5,2,5,1,10,2,1,2,5,2,5,1,2,1,1,2,6,3,4,6,5,4,3,3,1,1,1,4,2,2,8,6,3,4,2,7,2,6,6,3,1,5,2,2,7,3,2,5,3,4,3,3,3,5,3,3,4,5,3,4,4,4,4,1,3,4,1,5,3,4,7,3,1,5,4,4,5,5,2,5,6,8,3,4,3,7,3,3,3,4,9,1,0,1,2,1,8,5,4,2,6,5,7,9,6,3,9,12,11,12,10,5,3,3,4,7,5,9,5,9,6,7,9,8,4,9,5,6,10,4,1,5,6,7,9,6,12,10,10,6,10,8,8,5,6,13,8,6,12,7,6,3,6,6,7,9,7,5,8,7,11,1,4,10,7,5,1,11,9,9,12,12,7,3,4,5,4,9,8,11,7,7,4,4,8,7,7,3,8,12,11,8,8,9,12,7,11,9,8,6,14,4,11
SBV173,2,2,4,5,3,1,2,2,2,0,1,0,0,0,2,0,2,4,4,2,3,1,4,0,5,3,4,1,3,2,4,1,4,0,9,1,0,1,4,1,4,0,1,0,0,1,5,2,3,5,4,3,2,2,0,0,0,3,1,1,7,5,2,3,1,6,1,5,5,2,0,4,1,1,6,2,1,4,2,3,2,2,2,4,2,2,3,4,2,3,3,3,3,0,2,3,0,4,2,3,6,2,0,4,3,3,4,4,1,4,5,7,2,3,2,6,2,2,2,3,8,0,1,0,1,0,7,4,3,1,5,4,6,8,5,2,8,11,10,11,9,4,2,2,3,6,4,8,4,8,5,6,8,7,3,8,4,5,9,3,0,4,5,6,8,5,11,9,9,5,9,7,7,4,5,12,7,5,11,6,5,2,5,5,6,8,6,4,7,6,10,0,3,9,6,4,0,10,8,8,11,11,6,2,3,4,3,8,7,10,6,6,3,3,7,6,6,2,7,11,10,7,7,8,11,6,10,8,7,5,13,3,10
SBV174,3,3,5,6,4,2,3,3,3,1,2,1,1,1,3,1,3,5,5,3,4,2,5,1,6,4,5,2,4,3,5,2,5,1,10,2,1,2,5,2,5,1,2,1,1,2,6,3,4,6,5,4,3,3,1,1,1,4,2,2,8,6,3,4,2,7,2,6,6,3,1,5,2,2,7,3,2,5,3,4,3,3,3,5,3,3,4,5,3,4,4,4,4,1,3,4,1,5,3,4,7,3,1,5,4,4,5,5,2,5,6,8,3,4,3,7,3,3,3,4,9,1,2,1,0,1,8,5,4,2,6,5,7,9,6,3,9,12,11,12,10,5,3,3,4,7,5,9,5,9,6,7,9,8,4,9,5,6,10,4,1,5,6,7,9,6,12,10,10,6,10,8,8,5,6,13,8,6,12,7,6,3,6,6,7,9,7,5,8,7,11,1,4,10,7,5,1,11,9,9,12,12,7,3,4,5,4,9,8,11,7,7,4,4,8,7,7,3,8,12,11,8,8,9,12,7,11,9,8,6,14,4,11
SBV175,2,2,4,5,3,1,2,2,2,0,1,0,0,0,2,0,2,4,4,2,3,1,4,0,5,3,4,1,3,2,4,1,4,0,9,1,0,1,4,1,4,0,1,0,0,1,5,2,3,5,4,3,2,2,0,0,0,3,1,1,7,5,2,3,1,6,1,5,5,2,0,4,1,1,6,2,1,4,2,3,2,2,2,4,2,2,3,4,2,3,3,3,3,0,2,3,0,4,2,3,6,2,0,4,3,3,4,4,1,4,5,7,2,3,2,6,2,2,2,3,8,0,1,0,1,0,7,4,3,1,5,4,6,8,5,2,8,11,10,11,9,4,2,2,3,6,4,8,4,8,5,6,8,7,3,8,4,5,9,3,0,4,5,6,8,5,11,9,9,5,9,7,7,4,5,12,7,5,11,6,5,2,5,5,6,8,6,4,7,6,10,0,3,9,6,4,0,10,8,8,11,11,6,2,3,4,3,8,7,10,6,6,3,3,7,6,6,2,7,11,10,7,7,8,11,6,10,8,7,5,13,3,10
SBV176,5,5,9,8,10,8,5,9,9,7,8,7,7,7,9,7,9,9,7,9,6,6,7,7,10,6,7,8,6,9,7,8,7,7,14,8,7,8,7,8,7,7,8,7,7,8,8,9,8,8,9,6,9,9,7,7,7,8,8,8,10,8,5,10,8,9,8,12,8,9,7,11,8,8,9,9,8,7,9,10,9,9,9,7,9,9,10,11,9,8,10,10,10,7,9,10,7,11,9,10,9,9,7,7,10,10,11,11,8,11,12,10,9,10,9,9,9,9,9,10,3,7,8,7,8,7,0,9,10,8,12,11,9,13,10,9,13,16,15,16,12,11,9,9,10,13,11,13,11,13,12,13,13,12,10,13,11,12,14,10,7,11,12,13,13,12,14,14,14,12,14,10,12,9,12,17,14,10,16,11,12,9,12,12,11,15,11,9,14,11,15,7,8,14,11,9,7,15,13,13,16,16,13,9,10,11,8,11,12,15,13,11,10,10,14,13,13,9,14,16,15,14,14,15,16,13,15,13,14,10,18,10,15
SBV218,4,4,4,7,7,5,4,6,6,4,5,4,4,4,6,4,6,4,6,6,5,3,6,4,5,5,6,5,5,6,6,5,6,4,9,5,4,5,6,5,6,4,5,4,4,5,7,6,1,7,2,5,6,6,4,4,4,1,5,5,9,7,4,7,5,8,5,9,7,6,4,8,5,5,8,6,5,6,6,7,6,6,6,6,6,6,7,8,6,1,7,7,7,4,6,7,4,8,6,7,8,6,4,6,7,7,8,8,5,8,9,9,6,7,6,8,6,6,6,7,10,4,5,4,5,4,9,0,7,5,9,8,8,6,1,6,6,9,8,9,11,8,6,6,7,10,8,6,8,4,9,10,4,3,7,6,8,9,7,7,4,8,9,10,4,9,13,5,5,9,5,9,3,2,9,10,11,1,9,4,9,6,9,9,4,12,4,2,11,4,6,4,1,5,4,2,4,6,6,6,7,7,10,6,7,8,1,10,5,6,10,2,7,7,11,10,10,6,11,7,6,11,11,12,7,10,6,4,11,5,9,7,6
SBV234,5,5,7,8,6,4,5,5,5,3,4,3,3,3,5,3,5,7,7,5,6,4,7,3,8,6,7,4,6,5,7,4,7,3,12,4,3,4,7,4,7,3,4,3,3,4,8,5,6,8,7,6,5,5,3,3,3,6,4,4,10,8,5,6,4,9,4,8,8,5,3,7,4,4,9,5,4,7,5,6,5,5,5,7,5,5,6,7,5,6,6,6,6,3,5,6,3,7,5,6,9,5,3,7,6,6,7,7,4,7,8,10,5,6,5,9,5,5,5,6,11,3,4,3,4,3,10,7,0,4,8,7,9,11,8,5,11,14,13,14,12,7,5,5,6,9,7,11,7,11,8,9,11,10,6,11,7,8,12,6,3,7,8,9,11,8,14,12,12,8,12,10,10,7,8,15,10,8,14,9,8,5,8,8,9,11,9,7,10,9,13,3,6,12,9,7,3,13,11,11,14,14,9,5,6,7,6,11,10,13,9,9,6,6,10,9,9,5,10,14,13,10,10,11,14,9,13,11,10,8,16,6,13
SBV235,3,3,5,6,4,2,3,3,3,1,2,1,1,1,3,1,3,5,5,3,4,2,5,1,6,4,5,2,4,3,5,2,5,1,10,2,1,2,5,2,5,1,2,1,1,2,6,3,4,6,5,4,3,3,1,1,1,4,2,2,8,6,3,4,2,7,2,6,6,3,1,5,2,2,7,3,2,5,3,4,3,3,3,5,3,3,4,5,3,4,4,4,4,1,3,4,1,5,3,4,7,3,1,5,4,4,5,5,2,5,6,8,3,4,3,7,3,3,3,4,9,1,2,1,2,1,8,5,4,0,6,5,7,9,6,3,9,12,11,12,10,5,3,3,4,7,5,9,5,9,6,7,9,8,4,9,5,6,10,4,1,5,6,7,9,6,12,10,10,6,10,8,8,5,6,13,8,6,12,7,6,3,6,6,7,9,7,5,8,7,11,1,4,10,7,5,1,11,9,9,12,12,7,3,4,5,4,9,8,11,7,7,4,4,8,7,7,3,8,12,11,8,8,9,12,7,11,9,8,6,14,4,11
SBV240,7,7,9,10,8,6,7,7,7,5,6,5,5,5,7,5,7,9,9,7,8,6,9,5,10,8,9,6,8,7,9,4,9,5,14,6,5,6,9,4,9,5,4,5,5,6,10,7,8,10,9,8,7,7,5,5,5,8,6,4,12,10,7,6,4,11,4,8,10,5,5,9,6,6,11,5,6,9,5,6,5,5,5,9,5,5,8,7,7,8,6,6,8,5,7,8,5,9,7,6,11,5,5,9,8,6,9,9,6,9,8,12,7,6,7,11,5,5,5,8,13,5,6,5,6,5,12,9,8,6,0,7,11,13,10,7,13,16,15,16,14,7,5,5,8,11,9,13,7,13,8,11,13,12,8,13,7,8,14,6,5,9,8,9,13,10,16,14,14,8,14,12,12,9,10,17,12,10,16,11,8,7,10,8,11,11,11,9,10,11,15,5,8,14,11,9,5,15,13,13,16,16,9,5,8,7,8,13,12,15,9,11,6,8,10,11,11,5,10,16,15,10,12,13,16,9,15,13,10,10,18,6,15
SBV257,6,6,8,9,7,5,6,6,6,4,5,4,4,4,6,4,6,8,8,6,7,5,8,4,9,7,8,5,7,6,8,3,8,4,13,5,4,5,8,3,8,4,3,4,4,5,9,6,7,9,8,7,6,6,4,4,4,7,5,3,11,9,6,5,3,10,3,5,9,4,4,8,5,5,10,2,5,8,2,3,4,2,4,8,4,4,7,4,6,7,5,5,7,4,6,7,4,8,6,5,10,2,4,8,7,5,8,8,5,8,7,11,6,5,6,10,4,2,2,7,12,4,5,4,5,4,11,8,7,5,7,0,10,12,9,6,12,15,14,15,13,6,4,2,7,10,8,12,4,12,5,10,12,11,7,12,4,5,13,3,4,8,5,6,12,9,15,13,13,5,13,11,11,8,9,16,11,9,15,10,7,6,9,7,10,10,10,8,9,10,14,4,7,13,10,8,4,14,12,12,15,15,6,4,7,6,7,12,11,14,6,10,5,7,9,10,10,4,7,15,14,9,11,12,15,6,14,12,7,9,17,3,14
SBV269,4,4,8,7,9,7,4,8,8,6,7,6,6,6,8,6,8,8,4,8,3,5,2,6,9,3,4,7,3,8,4,7,2,6,13,7,6,7,6,7,2,6,7,6,6,7,3,8,7,3,8,5,8,8,6,6,6,7,7,7,5,5,4,9,7,6,7,11,3,8,6,10,7,7,6,8,7,4,8,9,8,8,8,4,8,8,9,10,8,7,9,9,9,6,8,9,6,10,8,9,6,8,6,4,9,9,10,10,7,10,11,5,8,9,8,0,8,8,8,9,10,6,7,6,7,6,9,8,9,7,11,10,0,12,9,8,12,15,14,15,3,10,8,8,9,12,10,12,10,12,11,12,12,11,9,12,10,11,13,9,6,10,11,12,12,11,5,13,13,11,13,1,11,8,11,16,13,9,15,10,11,8,11,11,10,14,10,8,13,10,14,6,7,13,10,8,6,14,12,12,15,15,12,8,9,10,7,2,11,14,12,10,9,9,13,12,12,8,13,15,14,13,13,14,15,12,14,12,13,9,17,9,14
SBV270,8,8,8,11,11,9,8,10,10,8,9,8,8,8,10,8,10,8,10,10,9,7,10,8,9,9,10,9,9,10,10,9,10,8,13,9,8,9,10,9,10,8,9,8,8,9,11,10,5,11,6,9,10,10,8,8,8,5,9,9,13,11,8,11,9,12,9,13,11,10,8,12,9,9,12,10,9,10,10,11,10,10,10,10,10,10,11,12,10,5,11,11,11,8,10,11,8,12,10,11,12,10,8,10,11,11,12,12,9,12,13,13,10,11,10,12,10,10,10,11,14,8,9,8,9,8,13,6,11,9,13,12,12,0,7,10,2,5,4,5,15,12,10,10,11,14,12,2,12,10,13,14,10,9,11,2,12,13,3,11,8,12,13,14,10,13,17,11,11,13,11,13,9,6,13,8,15,7,7,6,13,10,13,13,6,16,6,6,15,6,12,8,5,11,6,6,8,12,2,2,13,13,14,10,11,12,5,14,1,12,14,8,11,11,15,14,14,10,15,13,12,15,15,16,13,14,12,10,15,9,15,11,12
SBV271,5,5,5,8,8,6,5,7,7,5,6,5,5,5,7,5,7,5,7,7,6,4,7,5,6,6,7,6,6,7,7,6,7,5,10,6,5,6,7,6,7,5,6,5,5,6,8,7,2,8,3,6,7,7,5,5,5,2,6,6,10,8,5,8,6,9,6,10,8,7,5,9,6,6,9,7,6,7,7,8,7,7,7,7,7,7,8,9,7,2,8,8,8,5,7,8,5,9,7,8,9,7,5,7,8,8,9,9,6,9,10,10,7,8,7,9,7,7,7,8,11,5,6,5,6,5,10,1,8,6,10,9,9,7,0,7,7,10,9,10,12,9,7,7,8,11,9,7,9,5,10,11,5,4,8,7,9,10,8,8,5,9,10,11,5,10,14,6,6,10,6,10,4,3,10,11,12,0,10,5,10,7,10,10,5,13,5,3,12,5,7,5,2,6,5,3,5,7,7,7,8,8,11,7,8,9,2,11,6,7,11,1,8,8,12,11,11,7,12,8,7,12,12,13,8,11,7,5,12,6,10,8,7
SBV272,4,4,6,7,5,3,4,4,4,2,3,2,2,2,4,2,4,6,6,4,5,3,6,2,7,5,6,3,5,4,6,3,6,2,11,3,2,3,6,3,6,2,3,2,2,3,7,4,5,7,6,5,4,4,2,2,2,5,3,3,9,7,4,5,3,8,3,7,7,4,2,6,3,3,8,4,3,6,4,5,4,4,4,6,4,4,5,6,4,5,5,5,5,2,4,5,2,6,4,5,8,4,2,6,5,5,6,6,3,6,7,9,4,5,4,8,4,4,4,5,10,2,3,2,3,2,9,6,5,3,7,6,8,10,7,0,10,13,12,13,11,6,4,4,5,8,6,10,6,10,7,8,10,9,5,10,6,7,11,5,2,4,7,8,10,7,13,11,11,7,11,9,9,6,7,14,9,7,13,8,7,4,7,7,8,10,8,6,9,8,12,2,5,11,8,6,2,12,10,10,13,13,8,4,5,6,5,10,9,12,8,8,5,5,9,8,8,4,9,13,12,9,9,10,13,8,12,10,9,7,15,5,12
SBV273,8,8,8,11,11,9,8,10,10,8,9,8,8,8,10,8,10,8,10,10,9,7,10,8,9,9,10,9,9,10,10,9,10,8,13,9,8,9,10,9,10,8,9,8,8,9,11,10,5,11,6,9,10,10,8,8,8,5,9,9,13,11,8,11,9,12,9,13,11,10,8,12,9,9,12,10,9,10,10,11,10,10,10,10,10,10,11,12,10,5,11,11,11,8,10,11,8,12,10,11,12,10,8,10,11,11,12,12,9,12,13,13,10,11,10,12,10,10,10,11,14,8,9,8,9,8,13,6,11,9,13,12,12,2,7,10,0,3,2,3,15,12,10,10,11,14,12,0,12,10,13,14,10,9,11,2,12,13,3,11,8,12,13,14,10,13,17,11,11,13,11,13,9,6,13,8,15,7,7,6,13,10,13,13,6,16,6,6,15,6,12,8,5,11,6,6,8,12,2,0,13,13,14,10,11,12,5,14,1,12,14,8,11,11,15,14,14,10,15,13,12,15,15,16,13,14,12,10,15,9,15,11,12
SBV274,11,11,11,14,14,12,11,13,13,11,12,11,11,11,13,11,13,11,13,13,12,10,13,11,12,12,13,12,12,13,13,12,13,11,16,12,11,12,13,12,13,11,12,11,11,12,14,13,8,14,9,12,13,13,11,11,11,8,12,12,16,14,11,14,12,15,12,16,14,13,11,15,12,12,15,13,12,13,13,14,13,13,13,13,13,13,14,15,13,8,14,14,14,11,13,14,11,15,13,14,15,13,11,13,14,14,15,15,12,15,16,16,13,14,13,15,13,13,13,14,17,11,12,11,12,11,16,9,14,12,16,15,15,5,10,13,3,0,1,2,18,15,13,13,14,17,15,3,15,13,16,17,13,12,14,5,15,16,6,14,11,15,16,17,13,16,20,14,14,16,14,16,12,9,16,11,18,10,10,9,16,13,16,16,9,19,9,9,18,9,15,11,8,14,9,9,11,15,5,3,16,16,17,13,14,15,8,17,4,15,17,11,14,14,18,17,17,13,18,16,15,18,18,19,16,17,15,13,18,12,18,14,15
SBV275,10,10,10,13,13,11,10,12,12,10,11,10,10,10,12,10,12,10,12,12,11,9,12,10,11,11,12,11,11,12,12,11,12,10,15,11,10,11,12,11,12,10,11,10,10,11,13,12,7,13,8,11,12,12,10,10,10,7,11,11,15,13,10,13,11,14,11,15,13,12,10,14,11,11,14,12,11,12,12,13,12,12,12,12,12,12,13,14,12,7,13,13,13,10,12,13,10,14,12,13,14,12,10,12,13,13,14,14,11,14,15,15,12,13,12,14,12,12,12,13,16,10,11,10,11,10,15,8,13,11,15,14,14,4,9,12,2,1,0,1,17,14,12,12,13,16,14,2,14,12,15,16,12,11,13,4,14,15,5,13,10,14,15,16,12,15,19,13,13,15,13,15,11,8,15,10,17,9,9,8,15,12,15,15,8,18,8,8,17,8,14,10,7,13,8,8,10,14,4,2,15,15,16,12,13,14,7,16,3,14,16,10,13,13,17,16,16,12,17,15,14,17,17,18,15,16,14,12,17,11,17,13,14
SBV276,11,11,11,14,14,12,11,13,13,11,12,11,11,11,13,11,13,11,13,13,12,10,13,11,12,12,13,12,12,13,13,12,13,11,16,12,11,12,13,12,13,11,12,11,11,12,14,13,8,14,9,12,13,13,11,11,11,8,12,12,16,14,11,14,12,15,12,16,14,13,11,15,12,12,15,13,12,13,13,14,13,13,13,13,13,13,14,15,13,8,14,14,14,11,13,14,11,15,13,14,15,13,11,13,14,14,15,15,12,15,16,16,13,14,13,15,13,13,13,14,17,11,12,11,12,11,16,9,14,12,16,15,15,5,10,13,3,2,1,0,18,15,13,13,14,17,15,3,15,13,16,17,13,12,14,5,15,16,6,14,11,15,16,17,13,16,20,14,14,16,14,16,12,9,16,11,18,10,10,9,16,13,16,16,9,19,9,9,18,9,15,11,8,14,9,9,11,15,5,3,16,16,17,13,14,15,8,17,4,15,17,11,14,14,18,17,17,13,18,16,15,18,18,19,16,17,15,13,18,12,18,14,15
SBV277,7,7,11,10,12,10,7,11,11,9,10,9,9,9,11,9,11,11,7,11,6,8,5,9,12,6,7,10,6,11,7,10,5,9,16,10,9,10,9,10,5,9,10,9,9,10,6,11,10,6,11,8,11,11,9,9,9,10,10,10,8,8,7,12,10,9,10,14,6,11,9,13,10,10,9,11,10,7,11,12,11,11,11,7,11,11,12,13,11,10,12,12,12,9,11,12,9,13,11,12,9,11,9,7,12,12,13,13,10,13,14,8,11,12,11,3,11,11,11,12,13,9,10,9,10,9,12,11,12,10,14,13,3,15,12,11,15,18,17,18,0,13,11,11,12,15,13,15,13,15,14,15,15,14,12,15,13,14,16,12,9,13,14,15,15,14,8,16,16,14,16,4,14,11,14,19,16,12,18,13,14,11,14,14,13,17,13,11,16,13,17,9,10,16,13,11,9,17,15,15,18,18,15,11,12,13,10,5,14,17,15,13,12,12,16,15,15,11,16,18,17,16,16,17,18,15,17,15,16,12,20,12,17
SBV278,6,6,8,9,7,5,6,6,6,4,5,4,4,4,6,4,6,8,8,6,7,5,8,4,9,7,8,5,7,6,8,3,8,4,13,5,4,5,8,3,8,4,3,4,4,5,9,6,7,9,8,7,6,6,4,4,4,7,5,3,11,9,6,5,3,10,3,7,9,4,4,8,5,5,10,4,5,8,4,5,4,4,4,8,4,4,7,6,6,7,5,5,7,4,6,7,4,8,6,5,10,4,4,8,7,5,8,8,5,8,7,11,6,5,6,10,4,4,4,7,12,4,5,4,5,4,11,8,7,5,7,6,10,12,9,6,12,15,14,15,13,0,4,4,7,10,8,12,6,12,7,10,12,11,7,12,6,7,13,5,4,8,7,8,12,9,15,13,13,7,13,11,11,8,9,16,11,9,15,10,7,6,9,7,10,8,10,8,9,10,14,4,7,13,10,8,4,14,12,12,15,15,8,4,7,6,7,12,11,14,8,10,5,7,9,10,10,4,9,15,14,9,11,12,15,8,14,12,9,9,17,5,14
SBV279,4,4,6,7,5,3,4,4,4,2,3,2,2,2,4,2,4,6,6,4,5,3,6,2,7,5,6,3,5,4,6,1,6,2,11,3,2,3,6,1,6,2,1,2,2,3,7,4,5,7,6,5,4,4,2,2,2,5,3,1,9,7,4,3,1,8,1,5,7,2,2,6,3,3,8,2,3,6,2,3,2,2,2,6,2,2,5,4,4,5,3,3,5,2,4,5,2,6,4,3,8,2,2,6,5,3,6,6,3,6,3,9,4,1,4,8,2,2,2,5,10,2,3,2,3,2,9,6,5,3,5,4,8,10,7,4,10,13,12,13,11,4,0,2,5,8,6,10,4,10,5,8,10,9,5,10,4,5,11,3,2,6,5,6,10,7,13,11,11,5,11,9,9,6,7,14,9,7,13,8,5,4,7,3,8,8,8,6,5,8,12,2,5,11,8,6,2,12,10,10,13,13,6,0,5,4,5,10,9,12,6,8,1,5,5,8,8,0,7,13,12,5,9,10,13,6,12,10,7,7,15,3,12
SBV280,4,4,6,7,5,3,4,4,4,2,3,2,2,2,4,2,4,6,6,4,5,3,6,2,7,5,6,3,5,4,6,1,6,2,11,3,2,3,6,1,6,2,1,2,2,3,7,4,5,7,6,5,4,4,2,2,2,5,3,1,9,7,4,3,1,8,1,3,7,2,2,6,3,3,8,0,3,6,0,1,2,0,2,6,2,2,5,2,4,5,3,3,5,2,4,5,2,6,4,3,8,0,2,6,5,3,6,6,3,6,5,9,4,3,4,8,2,0,0,5,10,2,3,2,3,2,9,6,5,3,5,2,8,10,7,4,10,13,12,13,11,4,2,0,5,8,6,10,2,10,3,8,10,9,5,10,2,3,11,1,2,6,3,4,10,7,13,11,11,3,11,9,9,6,7,14,9,7,13,8,5,4,7,5,8,8,8,6,7,8,12,2,5,11,8,6,2,12,10,10,13,13,4,2,5,4,5,10,9,12,4,8,3,5,7,8,8,2,5,13,12,7,9,10,13,4,12,10,5,7,15,1,12
SBV281,5,5,7,8,6,4,5,5,5,3,4,3,3,3,5,3,5,7,7,5,6,4,7,3,8,6,7,4,6,5,7,4,7,3,12,4,3,4,7,4,7,3,4,3,3,4,8,5,6,8,7,6,5,5,3,3,3,6,4,4,10,8,5,6,4,9,4,8,8,5,3,7,4,4,9,5,4,7,5,6,5,5,5,7,5,5,6,7,5,6,6,6,6,3,1,6,3,7,5,6,9,5,3,7,6,6,7,3,4,3,8,10,5,6,1,9,5,5,5,6,11,3,4,3,4,3,10,7,6,4,8,7,9,11,8,5,11,14,13,14,12,7,5,5,0,9,7,11,7,11,8,3,11,10,0,11,7,8,12,6,3,7,8,9,11,2,14,12,12,8,12,10,10,7,2,15,10,8,14,9,8,5,8,8,9,11,9,7,10,9,13,3,6,12,9,7,3,13,11,11,14,14,9,5,6,7,6,11,10,13,9,9,6,6,10,9,9,5,10,14,13,10,10,11,14,9,13,11,10,8,16,6,13
SBV282,8,8,10,11,9,7,8,8,8,6,7,6,6,6,8,6,8,10,10,8,9,7,10,6,11,9,10,7,9,8,10,7,10,6,15,7,6,7,10,7,10,6,7,6,6,7,11,8,9,11,10,9,8,8,6,6,6,9,7,7,13,11,8,9,7,12,7,11,11,8,6,10,7,7,12,8,7,10,8,9,8,8,8,10,8,8,9,10,8,9,9,9,9,6,8,9,6,10,8,9,12,8,6,10,9,9,10,10,7,10,11,13,8,9,8,12,8,8,8,9,14,6,7,6,7,6,13,10,9,7,11,10,12,14,11,8,14,17,16,17,15,10,8,8,9,0,10,14,10,14,11,12,14,13,9,14,10,11,15,9,6,10,11,12,14,11,17,15,15,11,15,13,13,10,11,18,13,11,17,12,11,8,11,11,12,14,12,10,13,12,16,6,9,15,12,10,6,16,14,14,17,17,12,8,9,10,9,14,13,16,12,12,9,9,13,6,12,8,13,17,16,13,13,14,17,12,16,14,13,11,19,9,16
SBV283,6,6,8,9,7,5,6,6,6,4,5,4,4,4,6,4,6,8,8,6,7,5,8,4,9,7,8,5,7,6,8,5,8,4,13,5,4,5,8,5,8,4,5,4,4,5,9,6,7,9,8,7,6,6,4,4,4,7,5,5,11,9,6,7,5,10,5,9,9,6,4,8,5,5,10,6,5,8,6,7,6,6,6,8,6,6,7,8,6,7,7,7,7,4,6,7,4,8,6,7,10,6,4,8,7,7,8,8,5,8,9,11,6,7,6,10,6,6,6,7,12,4,5,4,5,4,11,8,7,5,9,8,10,12,9,6,12,15,14,15,13,8,6,6,7,10,0,12,8,12,9,10,12,11,7,12,8,9,13,7,4,8,9,10,12,9,15,13,13,9,13,11,11,8,9,16,11,9,15,10,9,6,9,9,10,12,10,8,11,10,14,4,7,13,10,8,4,14,12,12,15,15,10,6,7,8,7,12,11,14,10,10,7,7,11,10,10,6,11,15,14,11,11,12,15,10,14,12,11,9,17,7,14
SBV284,8,8,8,11,11,9,8,10,10,8,9,8,8,8,10,8,10,8,10,10,9,7,10,8,9,9,10,9,9,10,10,9,10,8,13,9,8,9,10,9,10,8,9,8,8,9,11,10,5,11,6,9,10,10,8,8,8,5,9,9,13,11,8,11,9,12,9,13,11,10,8,12,9,9,12,10,9,10,10,11,10,10,10,10,10,10,11,12,10,5,11,11,11,8,10,11,8,12,10,11,12,10,8,10,11,11,12,12,9,12,13,13,10,11,10,12,10,10,10,11,14,8,9,8,9,8,13,6,11,9,13,12,12,2,7,10,0,3,2,3,15,12,10,10,11,14,12,0,12,10,13,14,10,9,11,2,12,13,3,11,8,12,13,14,10,13,17,11,11,13,11,13,9,6,13,8,15,7,7,6,13,10,13,13,6,16,6,6,15,6,12,8,5,11,6,6,8,12,2,0,13,13,14,10,11,12,5,14,1,12,14,8,11,11,15,14,14,10,15,13,12,15,15,16,13,14,12,10,15,9,15,11,12
SBV285,6,6,8,9,7,5,6,6,6,4,5,4,4,4,6,4,6,8,8,6,7,5,8,4,9,7,8,5,7,6,8,3,8,4,13,5,4,5,8,3,8,4,3,4,4,5,9,6,7,9,8,7,6,6,4,4,4,7,5,3,11,9,6,5,3,10,3,5,9,4,4,8,5,5,10,2,5,8,2,3,4,2,4,8,4,4,7,4,6,7,5,5,7,4,6,7,4,8,6,5,10,2,4,8,7,5,8,8,5,8,7,11,6,5,6,10,4,2,2,7,12,4,5,4,5,4,11,8,7,5,7,4,10,12,9,6,12,15,14,15,13,6,4,2,7,10,8,12,0,12,5,10,12,11,7,12,4,3,13,3,4,8,3,6,12,9,15,13,13,3,13,11,11,8,9,16,11,9,15,10,7,6,9,7,10,10,10,8,9,10,14,4,7,13,10,8,4,14,12,12,15,15,4,4,7,6,7,12,11,14,6,10,5,7,9,10,10,4,7,15,14,9,11,12,15,6,14,12,7,9,17,3,14
SBV286,8,8,8,11,11,9,8,10,10,8,9,8,8,8,10,8,10,8,10,10,9,7,10,8,9,9,10,9,9,10,10,9,10,8,13,9,8,9,10,9,10,8,9,8,8,9,11,10,5,11,6,9,10,10,8,8,8,5,9,9,13,11,8,11,9,12,9,13,11,10,8,12,9,9,12,10,9,10,10,11,10,10,10,10,10,10,11,12,10,5,11,11,11,8,10,11,8,12,10,11,12,10,8,10,11,11,12,12,9,12,13,13,10,11,10,12,10,10,10,11,14,8,9,8,9,8,13,4,11,9,13,12,12,10,5,10,10,13,12,13,15,12,10,10,11,14,12,10,12,0,13,14,2,1,11,10,12,13,11,11,8,12,13,14,2,13,17,3,3,13,3,13,1,6,13,14,15,5,13,8,13,10,13,13,8,16,8,6,15,8,4,8,5,3,8,6,8,4,10,10,5,5,14,10,11,12,5,14,9,4,14,6,11,11,15,14,14,10,15,5,4,15,15,16,5,14,4,2,15,9,7,11,4
SBV287,7,7,9,10,8,6,7,7,7,5,6,5,5,5,7,5,7,9,9,7,8,6,9,5,10,8,9,6,8,7,9,4,9,5,14,6,5,6,9,4,9,5,4,5,5,6,10,7,8,10,9,8,7,7,5,5,5,8,6,4,12,10,7,6,4,11,4,6,10,5,5,9,6,6,11,3,6,9,3,4,5,3,5,9,5,5,8,5,7,8,6,6,8,5,7,8,5,9,7,6,11,3,5,9,8,6,9,9,6,9,8,12,7,6,7,11,5,3,3,8,13,5,6,5,6,5,12,9,8,6,8,5,11,13,10,7,13,16,15,16,14,7,5,3,8,11,9,13,5,13,0,11,13,12,8,13,5,6,14,4,5,9,6,7,13,10,16,14,14,6,14,12,12,9,10,17,12,10,16,11,8,7,10,8,11,11,11,9,10,11,15,5,8,14,11,9,5,15,13,13,16,16,7,5,8,7,8,13,12,15,7,11,6,8,10,11,11,5,8,16,15,10,12,13,16,7,15,13,8,10,18,4,15
SBV288,8,8,10,11,9,7,8,8,8,6,7,6,6,6,8,6,8,10,10,8,9,7,10,6,11,9,10,7,9,8,10,7,10,6,15,7,6,7,10,7,10,6,7,6,6,7,11,8,9,11,10,9,8,8,6,6,6,9,7,7,13,11,8,9,7,12,7,11,11,8,6,10,7,7,12,8,7,10,8,9,8,8,8,10,8,8,9,10,8,9,9,9,9,6,4,9,6,10,8,9,12,8,6,10,9,9,10,6,7,6,11,13,8,9,4,12,8,8,8,9,14,6,7,6,7,6,13,10,9,7,11,10,12,14,11,8,14,17,16,17,15,10,8,8,3,12,10,14,10,14,11,0,14,13,3,14,10,11,15,9,6,10,11,12,14,5,17,15,15,11,15,13,13,10,1,18,13,11,17,12,11,8,11,11,12,14,12,10,13,12,16,6,9,15,12,10,6,16,14,14,17,17,12,8,9,10,9,14,13,16,12,12,9,9,13,12,12,8,13,17,16,13,13,14,17,12,16,14,13,11,19,9,16
SBV289,8,8,8,11,11,9,8,10,10,8,9,8,8,8,10,8,10,8,10,10,9,7,10,8,9,9,10,9,9,10,10,9,10,8,13,9,8,9,10,9,10,8,9,8,8,9,11,10,5,11,6,9,10,10,8,8,8,5,9,9,13,11,8,11,9,12,9,13,11,10,8,12,9,9,12,10,9,10,10,11,10,10,10,10,10,10,11,12,10,5,11,11,11,8,10,11,8,12,10,11,12,10,8,10,11,11,12,12,9,12,13,13,10,11,10,12,10,10,10,11,14,8,9,8,9,8,13,4,11,9,13,12,12,10,5,10,10,13,12,13,15,12,10,10,11,14,12,10,12,2,13,14,0,1,11,10,12,13,11,11,8,12,13,14,2,13,17,3,3,13,3,13,1,6,13,14,15,5,13,8,13,10,13,13,8,16,8,6,15,8,4,8,5,1,8,6,8,4,10,10,5,5,14,10,11,12,5,14,9,4,14,6,11,11,15,14,14,10,15,5,4,15,15,16,5,14,4,2,15,9,7,11,4
SBV290,7,7,7,10,10,8,7,9,9,7,8,7,7,7,9,7,9,7,9,9,8,6,9,7,8,8,9,8,8,9,9,8,9,7,12,8,7,8,9,8,9,7,8,7,7,8,10,9,4,10,5,8,9,9,7,7,7,4,8,8,12,10,7,10,8,11,8,12,10,9,7,11,8,8,11,9,8,9,9,10,9,9,9,9,9,9,10,11,9,4,10,10,10,7,9,10,7,11,9,10,11,9,7,9,10,10,11,11,8,11,12,12,9,10,9,11,9,9,9,10,13,7,8,7,8,7,12,3,10,8,12,11,11,9,4,9,9,12,11,12,14,11,9,9,10,13,11,9,11,1,12,13,1,0,10,9,11,12,10,10,7,11,12,13,1,12,16,2,2,12,2,12,0,5,12,13,14,4,12,7,12,9,12,12,7,15,7,5,14,7,3,7,4,2,7,5,7,3,9,9,4,4,13,9,10,11,4,13,8,3,13,5,10,10,14,13,13,9,14,4,3,14,14,15,4,13,3,1,14,8,6,10,3
SBV291,5,5,7,8,6,4,5,5,5,3,4,3,3,3,5,3,5,7,7,5,6,4,7,3,8,6,7,4,6,5,7,4,7,3,12,4,3,4,7,4,7,3,4,3,3,4,8,5,6,8,7,6,5,5,3,3,3,6,4,4,10,8,5,6,4,9,4,8,8,5,3,7,4,4,9,5,4,7,5,6,5,5,5,7,5,5,6,7,5,6,6,6,6,3,1,6,3,7,5,6,9,5,3,7,6,6,7,3,4,3,8,10,5,6,1,9,5,5,5,6,11,3,4,3,4,3,10,7,6,4,8,7,9,11,8,5,11,14,13,14,12,7,5,5,0,9,7,11,7,11,8,3,11,10,0,11,7,8,12,6,3,7,8,9,11,2,14,12,12,8,12,10,10,7,2,15,10,8,14,9,8,5,8,8,9,11,9,7,10,9,13,3,6,12,9,7,3,13,11,11,14,14,9,5,6,7,6,11,10,13,9,9,6,6,10,9,9,5,10,14,13,10,10,11,14,9,13,11,10,8,16,6,13
SBV292,8,8,8,11,11,9,8,10,10,8,9,8,8,8,10,8,10,8,10,10,9,7,10,8,9,9,10,9,9,10,10,9,10,8,13,9,8,9,10,9,10,8,9,8,8,9,11,10,5,11,6,9,10,10,8,8,8,5,9,9,13,11,8,11,9,12,9,13,11,10,8,12,9,9,12,10,9,10,10,11,10,10,10,10,10,10,11,12,10,5,11,11,11,8,10,11,8,12,10,11,12,10,8,10,11,11,12,12,9,12,13,13,10,11,10,12,10,10,10,11,14,8,9,8,9,8,13,6,11,9,13,12,12,2,7,10,2,5,4,5,15,12,10,10,11,14,12,2,12,10,13,14,10,9,11,0,12,13,1,11,8,12,13,14,10,13,17,11,11,13,11,13,9,6,13,8,15,7,7,6,13,10,13,13,6,16,6,6,15,6,12,8,5,11,6,6,8,12,2,2,13,13,14,10,11,12,5,14,1,12,14,8,11,11,15,14,14,10,15,13,12,15,15,16,13,14,12,10,15,9,15,11,12
SBV293,6,6,8,9,7,5,6,6,6,4,5,4,4,4,6,4,6,8,8,6,7,5,8,4,9,7,8,5,7,6,8,3,8,4,13,5,4,5,8,3,8,4,3,4,4,5,9,6,7,9,8,7,6,6,4,4,4,7,5,3,11,9,6,5,3,10,3,5,9,4,4,8,5,5,10,2,5,8,2,3,4,2,4,8,4,4,7,4,6,7,5,5,7,4,6,7,4,8,6,5,10,2,4,8,7,5,8,8,5,8,7,11,6,5,6,10,4,2,2,7,12,4,5,4,5,4,11,8,7,5,7,4,10,12,9,6,12,15,14,15,13,6,4,2,7,10,8,12,4,12,5,10,12,11,7,12,0,5,13,3,4,8,5,6,12,9,15,13,13,5,13,11,11,8,9,16,11,9,15,10,7,6,9,7,10,10,10,8,9,10,14,4,7,13,10,8,4,14,12,12,15,15,6,4,7,6,7,12,11,14,6,10,5,7,9,10,10,4,7,15,14,9,11,12,15,6,14,12,7,9,17,3,14
SBV294,7,7,9,10,8,6,7,7,7,5,6,5,5,5,7,5,7,9,9,7,8,6,9,5,10,8,9,6,8,7,9,4,9,5,14,6,5,6,9,4,9,5,4,5,5,6,10,7,8,10,9,8,7,7,5,5,5,8,6,4,12,10,7,6,4,11,4,6,10,5,5,9,6,6,11,3,6,9,3,4,5,3,5,9,5,5,8,5,7,8,6,6,8,5,7,8,5,9,7,6,11,3,5,9,8,6,9,9,6,9,8,12,7,6,7,11,5,3,3,8,13,5,6,5,6,5,12,9,8,6,8,5,11,13,10,7,13,16,15,16,14,7,5,3,8,11,9,13,3,13,6,11,13,12,8,13,5,0,14,4,5,9,0,7,13,10,16,14,14,0,14,12,12,9,10,17,12,10,16,11,8,7,10,8,11,11,11,9,10,11,15,5,8,14,11,9,5,15,13,13,16,16,1,5,8,7,8,13,12,15,7,11,6,8,10,11,11,5,8,16,15,10,12,13,16,7,15,13,8,10,18,4,15
SBV295,9,9,9,12,12,10,9,11,11,9,10,9,9,9,11,9,11,9,11,11,10,8,11,9,10,10,11,10,10,11,11,10,11,9,14,10,9,10,11,10,11,9,10,9,9,10,12,11,6,12,7,10,11,11,9,9,9,6,10,10,14,12,9,12,10,13,10,14,12,11,9,13,10,10,13,11,10,11,11,12,11,11,11,11,11,11,12,13,11,6,12,12,12,9,11,12,9,13,11,12,13,11,9,11,12,12,13,13,10,13,14,14,11,12,11,13,11,11,11,12,15,9,10,9,10,9,14,7,12,10,14,13,13,3,8,11,3,6,5,6,16,13,11,11,12,15,13,3,13,11,14,15,11,10,12,1,13,14,0,12,9,13,14,15,11,14,18,12,12,14,12,14,10,7,14,9,16,8,8,7,14,11,14,14,7,17,7,7,16,7,13,9,6,12,7,7,9,13,3,3,14,14,15,11,12,13,6,15,2,13,15,9,12,12,16,15,15,11,16,14,13,16,16,17,14,15,13,11,16,10,16,12,13
SBV296,5,5,7,8,6,4,5,5,5,3,4,3,3,3,5,3,5,7,7,5,6,4,7,3,8,6,7,4,6,5,7,2,7,3,12,4,3,4,7,2,7,3,2,3,3,4,8,5,6,8,7,6,5,5,3,3,3,6,4,2,10,8,5,4,2,9,2,4,8,3,3,7,4,4,9,1,4,7,1,2,3,1,3,7,3,3,6,3,5,6,4,4,6,3,5,6,3,7,5,4,9,1,3,7,6,4,7,7,4,7,6,10,5,4,5,9,3,1,1,6,11,3,4,3,4,3,10,7,6,4,6,3,9,11,8,5,11,14,13,14,12,5,3,1,6,9,7,11,3,11,4,9,11,10,6,11,3,4,12,0,3,7,4,5,11,8,14,12,12,4,12,10,10,7,8,15,10,8,14,9,6,5,8,6,9,9,9,7,8,9,13,3,6,12,9,7,3,13,11,11,14,14,5,3,6,5,6,11,10,13,3,9,4,6,8,9,9,3,4,14,13,8,10,11,14,3,13,11,6,8,16,2,13
SBV297,2,2,4,5,3,1,2,2,2,0,1,0,0,0,2,0,2,4,4,2,3,1,4,0,5,3,4,1,3,2,4,1,4,0,9,1,0,1,4,1,4,0,1,0,0,1,5,2,3,5,4,3,2,2,0,0,0,3,1,1,7,5,2,3,1,6,1,5,5,2,0,4,1,1,6,2,1,4,2,3,2,2,2,4,2,2,3,4,2,3,3,3,3,0,2,3,0,4,2,3,6,2,0,4,3,3,4,4,1,4,5,7,2,3,2,6,2,2,2,3,8,0,1,0,1,0,7,4,3,1,5,4,6,8,5,2,8,11,10,11,9,4,2,2,3,6,4,8,4,8,5,6,8,7,3,8,4,5,9,3,0,4,5,6,8,5,11,9,9,5,9,7,7,4,5,12,7,5,11,6,5,2,5,5,6,8,6,4,7,6,10,0,3,9,6,4,0,10,8,8,11,11,6,2,3,4,3,8,7,10,6,6,3,3,7,6,6,2,7,11,10,7,7,8,11,6,10,8,7,5,13,3,10
SBV298,6,6,8,9,7,5,6,6,6,4,5,4,4,4,6,4,6,8,8,6,7,5,8,4,9,7,8,5,7,6,8,5,8,4,13,5,4,5,8,5,8,4,5,4,4,5,9,6,7,9,8,7,6,6,4,4,4,7,5,5,11,9,6,7,5,10,5,9,9,6,4,8,5,5,10,6,5,8,6,7,6,6,6,8,6,6,7,8,6,7,7,7,7,4,6,7,4,8,6,7,10,6,4,8,7,7,8,8,5,8,9,11,6,7,6,10,6,6,6,7,12,4,5,4,5,4,11,8,7,5,9,8,10,12,9,4,12,15,14,15,13,8,6,6,7,10,8,12,8,12,9,10,12,11,7,12,8,9,13,7,4,0,9,10,12,9,15,13,13,9,13,11,11,8,9,16,11,9,15,10,9,6,9,9,10,12,10,8,11,10,14,4,7,13,10,8,4,14,12,12,15,15,10,6,7,8,7,12,11,14,10,10,7,7,11,10,10,6,11,15,14,11,11,12,15,10,14,12,11,9,17,7,14
SBV299,7,7,9,10,8,6,7,7,7,5,6,5,5,5,7,5,7,9,9,7,8,6,9,5,10,8,9,6,8,7,9,4,9,5,14,6,5,6,9,4,9,5,4,5,5,6,10,7,8,10,9,8,7,7,5,5,5,8,6,4,12,10,7,6,4,11,4,6,10,5,5,9,6,6,11,3,6,9,3,4,5,3,5,9,5,5,8,5,7,8,6,6,8,5,7,8,5,9,7,6,11,3,5,9,8,6,9,9,6,9,8,12,7,6,7,11,5,3,3,8,13,5,6,5,6,5,12,9,8,6,8,5,11,13,10,7,13,16,15,16,14,7,5,3,8,11,9,13,3,13,6,11,13,12,8,13,5,0,14,4,5,9,0,7,13,10,16,14,14,0,14,12,12,9,10,17,12,10,16,11,8,7,10,8,11,11,11,9,10,11,15,5,8,14,11,9,5,15,13,13,16,16,1,5,8,7,8,13,12,15,7,11,6,8,10,11,11,5,8,16,15,10,12,13,16,7,15,13,8,10,18,4,15
SBV300,8,8,10,11,9,7,8,8,8,6,7,6,6,6,8,6,8,10,10,8,9,7,10,6,11,9,10,7,9,8,10,5,10,6,15,7,6,7,10,5,10,6,5,6,6,7,11,8,9,11,10,9,8,8,6,6,6,9,7,5,13,11,8,7,5,12,5,3,11,6,6,10,7,7,12,4,7,10,4,5,6,4,6,10,6,6,9,6,8,9,7,7,9,6,8,9,6,10,8,7,12,4,6,10,9,7,10,10,7,10,9,13,8,7,8,12,6,4,4,9,14,6,7,6,7,6,13,10,9,7,9,6,12,14,11,8,14,17,16,17,15,8,6,4,9,12,10,14,6,14,7,12,14,13,9,14,6,7,15,5,6,10,7,0,14,11,17,15,15,7,15,13,13,10,11,18,13,11,17,12,9,8,11,9,12,12,12,10,11,12,16,6,9,15,12,10,6,16,14,14,17,17,8,6,9,8,9,14,13,16,8,12,7,9,11,12,12,6,9,17,16,11,13,14,17,8,16,14,9,11,19,5,16
SBV301,8,8,8,11,11,9,8,10,10,8,9,8,8,8,10,8,10,8,10,10,9,7,10,8,9,9,10,9,9,10,10,9,10,8,13,9,8,9,10,9,10,8,9,8,8,9,11,10,5,11,6,9,10,10,8,8,8,5,9,9,13,11,8,11,9,12,9,13,11,10,8,12,9,9,12,10,9,10,10,11,10,10,10,10,10,10,11,12,10,5,11,11,11,8,10,11,8,12,10,11,12,10,8,10,11,11,12,12,9,12,13,13,10,11,10,12,10,10,10,11,14,8,9,8,9,8,13,4,11,9,13,12,12,10,5,10,10,13,12,13,15,12,10,10,11,14,12,10,12,2,13,14,2,1,11,10,12,13,11,11,8,12,13,14,0,13,17,3,3,13,3,13,1,6,13,14,15,5,13,8,13,10,13,13,8,16,8,6,15,8,4,8,5,3,8,6,8,4,10,10,5,5,14,10,11,12,5,14,9,4,14,6,11,11,15,14,14,10,15,5,4,15,15,16,5,14,4,2,15,9,7,11,4
SBV302,7,7,9,10,8,6,7,7,7,5,6,5,5,5,7,5,7,9,9,7,8,6,9,5,10,8,9,6,8,7,9,6,9,5,14,6,5,6,9,6,9,5,6,5,5,6,10,7,8,10,9,8,7,7,5,5,5,8,6,6,12,10,7,8,6,11,6,10,10,7,5,9,6,6,11,7,6,9,7,8,7,7,7,9,7,7,8,9,7,8,8,8,8,5,3,8,5,9,7,8,11,7,5,9,8,8,9,5,6,5,10,12,7,8,3,11,7,7,7,8,13,5,6,5,6,5,12,9,8,6,10,9,11,13,10,7,13,16,15,16,14,9,7,7,2,11,9,13,9,13,10,5,13,12,2,13,9,10,14,8,5,9,10,11,13,0,16,14,14,10,14,12,12,9,4,17,12,10,16,11,10,7,10,10,11,13,11,9,12,11,15,5,8,14,11,9,5,15,13,13,16,16,11,7,8,9,8,13,12,15,11,11,8,8,12,11,11,7,12,16,15,12,12,13,16,11,15,13,12,10,18,8,15
SBV305,9,9,13,12,14,12,9,13,13,11,12,11,11,11,13,11,13,13,9,13,8,10,7,11,14,8,9,12,8,13,9,12,7,11,18,12,11,12,11,12,7,11,12,11,11,12,8,13,12,8,13,10,13,13,11,11,11,12,12,12,10,10,9,14,12,11,12,16,8,13,11,15,12,12,11,13,12,9,13,14,13,13,13,9,13,13,14,15,13,12,14,14,14,11,13,14,11,15,13,14,11,13,11,9,14,14,15,15,12,15,16,10,13,14,13,5,13,13,13,14,15,11,12,11,12,11,14,13,14,12,16,15,5,17,14,13,17,20,19,20,8,15,13,13,14,17,15,17,15,17,16,17,17,16,14,17,15,16,18,14,11,15,16,17,17,16,0,18,18,16,18,6,16,13,16,21,18,14,20,15,16,13,16,16,15,19,15,13,18,15,19,11,12,18,15,13,11,19,17,17,20,20,17,13,14,15,12,5,16,19,17,15,14,14,18,17,17,13,18,20,19,18,18,19,20,17,19,17,18,14,22,14,19
SBV306,9,9,9,12,12,10,9,11,11,9,10,9,9,9,11,9,11,9,11,11,10,8,11,9,10,10,11,10,10,11,11,10,11,9,14,10,9,10,11,10,11,9,10,9,9,10,12,11,6,12,7,10,11,11,9,9,9,6,10,10,14,12,9,12,10,13,10,14,12,11,9,13,10,10,13,11,10,11,11,12,11,11,11,11,11,11,12,13,11,6,12,12,12,9,11,12,9,13,11,12,13,11,9,11,12,12,13,13,10,13,14,14,11,12,11,13,11,11,11,12,15,9,10,9,10,9,14,5,12,10,14,13,13,11,6,11,11,14,13,14,16,13,11,11,12,15,13,11,13,3,14,15,3,2,12,11,13,14,12,12,9,13,14,15,3,14,18,0,4,14,4,14,2,7,14,15,16,6,14,9,14,11,14,14,9,17,9,7,16,9,5,9,6,4,9,7,9,5,11,11,6,6,15,11,12,13,6,15,10,5,15,7,12,12,16,15,15,11,16,6,5,16,16,17,6,15,5,3,16,10,8,12,5
SBV307,9,9,9,12,12,10,9,11,11,9,10,9,9,9,11,9,11,9,11,11,10,8,11,9,10,10,11,10,10,11,11,10,11,9,14,10,9,10,11,10,11,9,10,9,9,10,12,11,6,12,7,10,11,11,9,9,9,6,10,10,14,12,9,12,10,13,10,14,12,11,9,13,10,10,13,11,10,11,11,12,11,11,11,11,11,11,12,13,11,6,12,12,12,9,11,12,9,13,11,12,13,11,9,11,12,12,13,13,10,13,14,14,11,12,11,13,11,11,11,12,15,9,10,9,10,9,14,5,12,10,14,13,13,11,6,11,11,14,13,14,16,13,11,11,12,15,13,11,13,3,14,15,3,2,12,11,13,14,12,12,9,13,14,15,3,14,18,4,0,14,4,14,2,7,14,15,16,6,14,9,14,11,14,14,9,17,9,7,16,9,5,9,6,4,9,7,9,5,11,11,6,6,15,11,12,13,6,15,10,5,15,7,12,12,16,15,15,11,16,6,5,16,16,17,6,15,5,3,16,10,8,12,5
SBV308,7,7,9,10,8,6,7,7,7,5,6,5,5,5,7,5,7,9,9,7,8,6,9,5,10,8,9,6,8,7,9,4,9,5,14,6,5,6,9,4,9,5,4,5,5,6,10,7,8,10,9,8,7,7,5,5,5,8,6,4,12,10,7,6,4,11,4,6,10,5,5,9,6,6,11,3,6,9,3,4,5,3,5,9,5,5,8,5,7,8,6,6,8,5,7,8,5,9,7,6,11,3,5,9,8,6,9,9,6,9,8,12,7,6,7,11,5,3,3,8,13,5,6,5,6,5,12,9,8,6,8,5,11,13,10,7,13,16,15,16,14,7,5,3,8,11,9,13,3,13,6,11,13,12,8,13,5,0,14,4,5,9,0,7,13,10,16,14,14,0,14,12,12,9,10,17,12,10,16,11,8,7,10,8,11,11,11,9,10,11,15,5,8,14,11,9,5,15,13,13,16,16,1,5,8,7,8,13,12,15,7,11,6,8,10,11,11,5,8,16,15,10,12,13,16,7,15,13,8,10,18,4,15
SBV310,9,9,9,12,12,10,9,11,11,9,10,9,9,9,11,9,11,9,11,11,10,8,11,9,10,10,11,10,10,11,11,10,11,9,14,10,9,10,11,10,11,9,10,9,9,10,12,11,6,12,7,10,11,11,9,9,9,6,10,10,14,12,9,12,10,13,10,14,12,11,9,13,10,10,13,11,10,11,11,12,11,11,11,11,11,11,12,13,11,6,12,12,12,9,11,12,9,13,11,12,13,11,9,11,12,12,13,13,10,13,14,14,11,12,11,13,11,11,11,12,15,9,10,9,10,9,14,5,12,10,14,13,13,11,6,11,11,14,13,14,16,13,11,11,12,15,13,11,13,3,14,15,3,2,12,11,13,14,12,12,9,13,14,15,3,14,18,4,4,14,0,14,2,7,14,15,16,6,14,9,14,11,14,14,9,17,9,7,16,9,5,9,6,4,9,7,9,5,11,11,6,6,15,11,12,13,6,15,10,5,15,7,12,12,16,15,15,11,16,6,5,16,16,17,6,15,5,3,16,10,8,12,5
SBV311,5,5,9,8,10,8,5,9,9,7,8,7,7,7,9,7,9,9,5,9,4,6,3,7,10,4,5,8,4,9,5,8,3,7,14,8,7,8,7,8,3,7,8,7,7,8,4,9,8,4,9,6,9,9,7,7,7,8,8,8,6,6,5,10,8,7,8,12,4,9,7,11,8,8,7,9,8,5,9,10,9,9,9,5,9,9,10,11,9,8,10,10,10,7,9,10,7,11,9,10,7,9,7,5,10,10,11,11,8,11,12,6,9,10,9,1,9,9,9,10,11,7,8,7,8,7,10,9,10,8,12,11,1,13,10,9,13,16,15,16,4,11,9,9,10,13,11,13,11,13,12,13,13,12,10,13,11,12,14,10,7,11,12,13,13,12,6,14,14,12,14,0,12,9,12,17,14,10,16,11,12,9,12,12,11,15,11,9,14,11,15,7,8,14,11,9,7,15,13,13,16,16,13,9,10,11,8,3,12,15,13,11,10,10,14,13,13,9,14,16,15,14,14,15,16,13,15,13,14,10,18,10,15
SBV312,7,7,7,10,10,8,7,9,9,7,8,7,7,7,9,7,9,7,9,9,8,6,9,7,8,8,9,8,8,9,9,8,9,7,12,8,7,8,9,8,9,7,8,7,7,8,10,9,4,10,5,8,9,9,7,7,7,4,8,8,12,10,7,10,8,11,8,12,10,9,7,11,8,8,11,9,8,9,9,10,9,9,9,9,9,9,10,11,9,4,10,10,10,7,9,10,7,11,9,10,11,9,7,9,10,10,11,11,8,11,12,12,9,10,9,11,9,9,9,10,13,7,8,7,8,7,12,3,10,8,12,11,11,9,4,9,9,12,11,12,14,11,9,9,10,13,11,9,11,1,12,13,1,0,10,9,11,12,10,10,7,11,12,13,1,12,16,2,2,12,2,12,0,5,12,13,14,4,12,7,12,9,12,12,7,15,7,5,14,7,3,7,4,2,7,5,7,3,9,9,4,4,13,9,10,11,4,13,8,3,13,5,10,10,14,13,13,9,14,4,3,14,14,15,4,13,3,1,14,8,6,10,3
SBV314,4,4,4,7,7,5,4,6,6,4,5,4,4,4,6,4,6,4,6,6,5,3,6,4,5,5,6,5,5,6,6,5,6,4,9,5,4,5,6,5,6,4,5,4,4,5,7,6,1,7,2,5,6,6,4,4,4,1,5,5,9,7,4,7,5,8,5,9,7,6,4,8,5,5,8,6,5,6,6,7,6,6,6,6,6,6,7,8,6,1,7,7,7,4,6,7,4,8,6,7,8,6,4,6,7,7,8,8,5,8,9,9,6,7,6,8,6,6,6,7,10,4,5,4,5,4,9,2,7,5,9,8,8,6,3,6,6,9,8,9,11,8,6,6,7,10,8,6,8,6,9,10,6,5,7,6,8,9,7,7,4,8,9,10,6,9,13,7,7,9,7,9,5,0,9,10,11,3,9,4,9,6,9,9,4,12,4,2,11,4,8,4,1,7,4,2,4,8,6,6,9,9,10,6,7,8,1,10,5,8,10,4,7,7,11,10,10,6,11,9,8,11,11,12,9,10,8,6,11,5,11,7,8
SBV315,7,7,9,10,8,6,7,7,7,5,6,5,5,5,7,5,7,9,9,7,8,6,9,5,10,8,9,6,8,7,9,6,9,5,14,6,5,6,9,6,9,5,6,5,5,6,10,7,8,10,9,8,7,7,5,5,5,8,6,6,12,10,7,8,6,11,6,10,10,7,5,9,6,6,11,7,6,9,7,8,7,7,7,9,7,7,8,9,7,8,8,8,8,5,3,8,5,9,7,8,11,7,5,9,8,8,9,5,6,5,10,12,7,8,3,11,7,7,7,8,13,5,6,5,6,5,12,9,8,6,10,9,11,13,10,7,13,16,15,16,14,9,7,7,2,11,9,13,9,13,10,1,13,12,2,13,9,10,14,8,5,9,10,11,13,4,16,14,14,10,14,12,12,9,0,17,12,10,16,11,10,7,10,10,11,13,11,9,12,11,15,5,8,14,11,9,5,15,13,13,16,16,11,7,8,9,8,13,12,15,11,11,8,8,12,11,11,7,12,16,15,12,12,13,16,11,15,13,12,10,18,8,15
SBV316,12,12,12,15,15,13,12,14,14,12,13,12,12,12,14,12,14,12,14,14,13,11,14,12,13,13,14,13,13,14,14,13,14,12,17,13,12,13,14,13,14,12,13,12,12,13,15,14,9,15,10,13,14,14,12,12,12,9,13,13,17,15,12,15,13,16,13,17,15,14,12,16,13,13,16,14,13,14,14,15,14,14,14,14,14,14,15,16,14,9,15,15,15,12,14,15,12,16,14,15,16,14,12,14,15,15,16,16,13,16,17,17,14,15,14,16,14,14,14,15,18,12,13,12,13,12,17,10,15,13,17,16,16,8,11,14,8,11,10,11,19,16,14,14,15,18,16,8,16,14,17,18,14,13,15,8,16,17,9,15,12,16,17,18,14,17,21,15,15,17,15,17,13,10,17,0,19,11,11,10,17,14,17,17,10,20,10,10,19,10,16,12,9,15,10,10,12,16,8,8,17,17,18,14,15,16,9,18,7,16,18,12,15,15,19,18,18,14,19,17,16,19,19,20,17,18,16,14,19,13,19,15,16
SBV317,9,9,11,12,10,8,9,9,9,7,8,7,7,7,9,7,9,11,11,9,10,8,11,7,12,10,11,8,10,9,11,8,11,7,16,8,7,8,11,8,11,7,8,7,7,8,12,9,10,12,11,10,9,9,7,7,7,10,8,8,14,12,9,10,8,13,8,12,12,9,7,11,8,8,13,9,8,11,9,10,9,9,9,11,9,9,10,11,9,10,10,10,10,7,9,10,7,11,9,10,13,9,7,11,10,10,11,11,8,11,12,14,9,10,9,13,9,9,9,10,15,7,8,7,8,7,14,11,10,8,12,11,13,15,12,9,15,18,17,18,16,11,9,9,10,13,11,15,11,15,12,13,15,14,10,15,11,12,16,10,7,11,12,13,15,12,18,16,16,12,16,14,14,11,12,19,0,12,18,13,12,9,6,12,13,15,13,11,14,13,17,7,10,16,13,11,7,17,15,15,18,18,13,9,4,11,10,15,14,17,13,13,10,6,14,13,9,9,14,18,17,14,8,3,18,13,17,15,14,12,20,10,17
SBV318,5,5,5,8,8,6,5,7,7,5,6,5,5,5,7,5,7,5,7,7,6,4,7,5,6,6,7,6,6,7,7,6,7,5,10,6,5,6,7,6,7,5,6,5,5,6,8,7,2,8,3,6,7,7,5,5,5,2,6,6,10,8,5,8,6,9,6,10,8,7,5,9,6,6,9,7,6,7,7,8,7,7,7,7,7,7,8,9,7,2,8,8,8,5,7,8,5,9,7,8,9,7,5,7,8,8,9,9,6,9,10,10,7,8,7,9,7,7,7,8,11,5,6,5,6,5,10,1,8,6,10,9,9,7,0,7,7,10,9,10,12,9,7,7,8,11,9,7,9,5,10,11,5,4,8,7,9,10,8,8,5,9,10,11,5,10,14,6,6,10,6,10,4,3,10,11,12,0,10,5,10,7,10,10,5,13,5,3,12,5,7,5,2,6,5,3,5,7,7,7,8,8,11,7,8,9,2,11,6,7,11,1,8,8,12,11,11,7,12,8,7,12,12,13,8,11,7,5,12,6,10,8,7
SBV319,11,11,11,14,14,12,11,13,13,11,12,11,11,11,13,11,13,11,13,13,12,10,13,11,12,12,13,12,12,13,13,12,13,11,16,12,11,12,13,12,13,11,12,11,11,12,14,13,8,14,9,12,13,13,11,11,11,8,12,12,16,14,11,14,12,15,12,16,14,13,11,15,12,12,15,13,12,13,13,14,13,13,13,13,13,13,14,15,13,8,14,14,14,11,13,14,11,15,13,14,15,13,11,13,14,14,15,15,12,15,16,16,13,14,13,15,13,13,13,14,17,11,12,11,12,11,16,9,14,12,16,15,15,7,10,13,7,10,9,10,18,15,13,13,14,17,15,7,15,13,16,17,13,12,14,7,15,16,8,14,11,15,16,17,13,16,20,14,14,16,14,16,12,9,16,11,18,10,0,9,16,13,16,16,9,19,9,9,18,9,15,11,8,14,9,9,11,15,7,7,16,16,17,13,14,15,8,17,6,15,17,11,14,14,18,17,17,13,18,16,15,18,18,19,16,17,15,13,18,12,18,14,15
SBV320,6,6,6,9,9,7,6,8,8,6,7,6,6,6,8,6,8,6,8,8,7,5,8,6,7,7,8,7,7,8,8,7,8,6,11,7,6,7,8,7,8,6,7,6,6,7,9,8,3,9,4,7,8,8,6,6,6,3,7,7,11,9,6,9,7,10,7,11,9,8,6,10,7,7,10,8,7,8,8,9,8,8,8,8,8,8,9,10,8,3,9,9,9,6,8,9,6,10,8,9,10,8,6,8,9,9,10,10,7,10,11,11,8,9,8,10,8,8,8,9,12,6,7,6,7,6,11,4,9,7,11,10,10,6,5,8,6,9,8,9,13,10,8,8,9,12,10,6,10,8,11,12,8,7,9,6,10,11,7,9,6,10,11,12,8,11,15,9,9,11,9,11,7,4,11,10,13,5,9,0,11,8,11,11,0,14,0,4,13,0,10,6,3,9,0,4,6,10,6,6,11,11,12,8,9,10,3,12,5,10,12,6,9,9,13,12,12,8,13,11,10,13,13,14,11,12,10,8,13,7,13,9,10
SBV321,7,7,9,10,8,6,7,7,7,5,6,5,5,5,7,5,7,9,9,7,8,6,9,5,10,8,9,6,8,7,9,4,9,5,14,6,5,6,9,4,9,5,4,5,5,6,10,7,8,10,9,8,7,7,5,5,5,8,6,4,12,10,7,6,4,11,4,8,10,5,5,9,6,6,11,5,6,9,5,6,5,5,5,9,5,5,8,7,7,8,6,6,8,5,7,8,5,9,7,6,11,5,5,9,8,6,9,9,6,9,8,12,7,6,7,11,5,5,5,8,13,5,6,5,6,5,12,9,8,6,8,7,11,13,10,7,13,16,15,16,14,7,5,5,8,11,9,13,7,13,8,11,13,12,8,13,7,8,14,6,5,9,8,9,13,10,16,14,14,8,14,12,12,9,10,17,12,10,16,11,0,7,10,8,11,11,11,9,10,11,15,5,8,14,11,9,5,15,13,13,16,16,9,5,8,3,8,13,12,15,9,11,6,8,10,11,11,5,10,16,15,10,12,13,16,9,15,13,10,10,18,6,15
SBV322,4,4,6,7,5,3,4,4,4,2,3,2,2,2,4,2,4,6,6,4,5,3,6,2,7,5,6,3,5,4,6,3,6,2,11,3,2,3,6,3,6,2,3,2,2,3,7,4,5,7,6,5,4,4,2,2,2,5,3,3,9,7,4,5,3,8,3,7,7,4,2,6,3,3,8,4,3,6,4,5,4,4,4,6,4,4,5,6,4,5,5,5,5,2,4,5,2,6,4,5,8,4,2,6,5,5,6,6,3,6,7,9,4,5,4,8,4,4,4,5,10,2,3,2,3,2,9,6,5,3,7,6,8,10,7,4,10,13,12,13,11,6,4,4,5,8,6,10,6,10,7,8,10,9,5,10,6,7,11,5,2,6,7,8,10,7,13,11,11,7,11,9,9,6,7,14,9,7,13,8,7,0,7,7,8,10,8,6,9,8,12,2,5,11,8,6,2,12,10,10,13,13,8,4,5,6,5,10,9,12,8,8,5,5,9,8,8,4,9,13,12,9,9,10,13,8,12,10,9,7,15,5,12
SBV323,7,7,9,10,8,6,7,7,7,5,6,5,5,5,7,5,7,9,9,7,8,6,9,5,10,8,9,6,8,7,9,6,9,5,14,6,5,6,9,6,9,5,6,5,5,6,10,7,8,10,9,8,7,7,5,5,5,8,6,6,12,10,7,8,6,11,6,10,10,7,5,9,6,6,11,7,6,9,7,8,7,7,7,9,7,7,8,9,7,8,8,8,8,5,7,8,5,9,7,8,11,7,5,9,8,8,9,9,6,9,10,12,7,8,7,11,7,7,7,8,13,5,6,5,6,5,12,9,8,6,10,9,11,13,10,7,13,16,15,16,14,9,7,7,8,11,9,13,9,13,10,11,13,12,8,13,9,10,14,8,5,9,10,11,13,10,16,14,14,10,14,12,12,9,10,17,6,10,16,11,10,7,0,10,11,13,11,9,12,11,15,5,8,14,11,9,5,15,13,13,16,16,11,7,2,9,8,13,12,15,11,11,8,4,12,11,7,7,12,16,15,12,6,7,16,11,15,13,12,10,18,8,15
SBV324,7,7,9,10,8,6,7,7,7,5,6,5,5,5,7,5,7,9,9,7,8,6,9,5,10,8,9,6,8,7,9,4,9,5,14,6,5,6,9,4,9,5,4,5,5,6,10,7,8,10,9,8,7,7,5,5,5,8,6,4,12,10,7,6,4,11,4,8,10,5,5,9,6,6,11,5,6,9,5,6,5,5,5,9,5,5,8,7,7,8,6,6,8,5,7,8,5,9,7,6,11,5,5,9,8,6,9,9,6,9,6,12,7,4,7,11,5,5,5,8,13,5,6,5,6,5,12,9,8,6,8,7,11,13,10,7,13,16,15,16,14,7,3,5,8,11,9,13,7,13,8,11,13,12,8,13,7,8,14,6,5,9,8,9,13,10,16,14,14,8,14,12,12,9,10,17,12,10,16,11,8,7,10,0,11,11,11,9,8,11,15,5,8,14,11,9,5,15,13,13,16,16,9,3,8,7,8,13,12,15,9,11,4,8,8,11,11,3,10,16,15,8,12,13,16,9,15,13,10,10,18,6,15
SBV325,6,6,6,9,9,7,6,8,8,6,7,6,6,6,8,6,8,6,8,8,7,5,8,6,7,7,8,7,7,8,8,7,8,6,11,7,6,7,8,7,8,6,7,6,6,7,9,8,3,9,4,7,8,8,6,6,6,3,7,7,11,9,6,9,7,10,7,11,9,8,6,10,7,7,10,8,7,8,8,9,8,8,8,8,8,8,9,10,8,3,9,9,9,6,8,9,6,10,8,9,10,8,6,8,9,9,10,10,7,10,11,11,8,9,8,10,8,8,8,9,12,6,7,6,7,6,11,4,9,7,11,10,10,6,5,8,6,9,8,9,13,10,8,8,9,12,10,6,10,8,11,12,8,7,9,6,10,11,7,9,6,10,11,12,8,11,15,9,9,11,9,11,7,4,11,10,13,5,9,0,11,8,11,11,0,14,0,4,13,0,10,6,3,9,0,4,6,10,6,6,11,11,12,8,9,10,3,12,5,10,12,6,9,9,13,12,12,8,13,11,10,13,13,14,11,12,10,8,13,7,13,9,10
SBV326,10,10,12,13,11,9,10,10,10,8,9,8,8,8,10,8,10,12,12,10,11,9,12,8,13,11,12,9,11,10,12,7,12,8,17,9,8,9,12,7,12,8,7,8,8,9,13,10,11,13,12,11,10,10,8,8,8,11,9,7,15,13,10,9,7,14,7,11,13,8,8,12,9,9,14,8,9,12,8,9,8,8,8,12,8,8,11,10,10,11,9,9,11,8,10,11,8,12,10,9,14,8,8,12,11,9,12,12,9,12,11,15,10,9,10,14,8,8,8,11,16,8,9,8,9,8,15,12,11,9,11,10,14,16,13,10,16,19,18,19,17,8,8,8,11,14,12,16,10,16,11,14,16,15,11,16,10,11,17,9,8,12,11,12,16,13,19,17,17,11,17,15,15,12,13,20,15,13,19,14,11,10,13,11,14,0,14,12,13,14,18,8,11,17,14,12,8,18,16,16,19,19,12,8,11,10,11,16,15,18,12,14,9,11,13,14,14,8,13,19,18,13,15,16,19,12,18,16,13,13,21,9,18
SBV327,6,6,6,9,9,7,6,8,8,6,7,6,6,6,8,6,8,6,8,8,7,5,8,6,7,7,8,7,7,8,8,7,8,6,11,7,6,7,8,7,8,6,7,6,6,7,9,8,3,9,4,7,8,8,6,6,6,3,7,7,11,9,6,9,7,10,7,11,9,8,6,10,7,7,10,8,7,8,8,9,8,8,8,8,8,8,9,10,8,3,9,9,9,6,8,9,6,10,8,9,10,8,6,8,9,9,10,10,7,10,11,11,8,9,8,10,8,8,8,9,12,6,7,6,7,6,11,4,9,7,11,10,10,6,5,8,6,9,8,9,13,10,8,8,9,12,10,6,10,8,11,12,8,7,9,6,10,11,7,9,6,10,11,12,8,11,15,9,9,11,9,11,7,4,11,10,13,5,9,0,11,8,11,11,0,14,0,4,13,0,10,6,3,9,0,4,6,10,6,6,11,11,12,8,9,10,3,12,5,10,12,6,9,9,13,12,12,8,13,11,10,13,13,14,11,12,10,8,13,7,13,9,10
SBV328,4,4,4,7,7,5,4,6,6,4,5,4,4,4,6,4,6,4,6,6,5,3,6,4,5,5,6,5,5,6,6,5,6,4,9,5,4,5,6,5,6,4,5,4,4,5,7,6,1,7,2,5,6,6,4,4,4,1,5,5,9,7,4,7,5,8,5,9,7,6,4,8,5,5,8,6,5,6,6,7,6,6,6,6,6,6,7,8,6,1,7,7,7,4,6,7,4,8,6,7,8,6,4,6,7,7,8,8,5,8,9,9,6,7,6,8,6,6,6,7,10,4,5,4,5,4,9,2,7,5,9,8,8,6,3,6,6,9,8,9,11,8,6,6,7,10,8,6,8,6,9,10,6,5,7,6,8,9,7,7,4,8,9,10,6,9,13,7,7,9,7,9,5,2,9,10,11,3,9,4,9,6,9,9,4,12,4,0,11,4,8,4,1,7,4,2,4,8,6,6,9,9,10,6,7,8,1,10,5,8,10,4,7,7,11,10,10,6,11,9,8,11,11,12,9,10,8,6,11,5,11,7,8
SBV329,9,9,11,12,10,8,9,9,9,7,8,7,7,7,9,7,9,11,11,9,10,8,11,7,12,10,11,8,10,9,11,6,11,7,16,8,7,8,11,6,11,7,6,7,7,8,12,9,10,12,11,10,9,9,7,7,7,10,8,6,14,12,9,8,6,13,6,10,12,7,7,11,8,8,13,7,8,11,7,8,7,7,7,11,7,7,10,9,9,10,8,8,10,7,9,10,7,11,9,8,13,7,7,11,10,8,11,11,8,11,6,14,9,6,9,13,7,7,7,10,15,7,8,7,8,7,14,11,10,8,10,9,13,15,12,9,15,18,17,18,16,9,5,7,10,13,11,15,9,15,10,13,15,14,10,15,9,10,16,8,7,11,10,11,15,12,18,16,16,10,16,14,14,11,12,19,14,12,18,13,10,9,12,8,13,13,13,11,0,13,17,7,10,16,13,11,7,17,15,15,18,18,11,5,10,9,10,15,14,17,11,13,6,10,8,13,13,5,12,18,17,8,14,15,18,11,17,15,12,12,20,8,17
SBV330,6,6,6,9,9,7,6,8,8,6,7,6,6,6,8,6,8,6,8,8,7,5,8,6,7,7,8,7,7,8,8,7,8,6,11,7,6,7,8,7,8,6,7,6,6,7,9,8,3,9,4,7,8,8,6,6,6,3,7,7,11,9,6,9,7,10,7,11,9,8,6,10,7,7,10,8,7,8,8,9,8,8,8,8,8,8,9,10,8,3,9,9,9,6,8,9,6,10,8,9,10,8,6,8,9,9,10,10,7,10,11,11,8,9,8,10,8,8,8,9,12,6,7,6,7,6,11,4,9,7,11,10,10,6,5,8,6,9,8,9,13,10,8,8,9,12,10,6,10,8,11,12,8,7,9,6,10,11,7,9,6,10,11,12,8,11,15,9,9,11,9,11,7,4,11,10,13,5,9,0,11,8,11,11,0,14,0,4,13,0,10,6,3,9,0,4,6,10,6,6,11,11,12,8,9,10,3,12,5,10,12,6,9,9,13,12,12,8,13,11,10,13,13,14,11,12,10,8,13,7,13,9,10
SBV331,10,10,10,13,13,11,10,12,12,10,11,10,10,10,12,10,12,10,12,12,11,9,12,10,11,11,12,11,11,12,12,11,12,10,15,11,10,11,12,11,12,10,11,10,10,11,13,12,7,13,8,11,12,12,10,10,10,7,11,11,15,13,10,13,11,14,11,15,13,12,10,14,11,11,14,12,11,12,12,13,12,12,12,12,12,12,13,14,12,7,13,13,13,10,12,13,10,14,12,13,14,12,10,12,13,13,14,14,11,14,15,15,12,13,12,14,12,12,12,13,16,10,11,10,11,10,15,6,13,11,15,14,14,12,7,12,12,15,14,15,17,14,12,12,13,16,14,12,14,4,15,16,4,3,13,12,14,15,13,13,10,14,15,16,4,15,19,5,5,15,5,15,3,8,15,16,17,7,15,10,15,12,15,15,10,18,10,8,17,10,0,10,7,5,10,8,10,0,12,12,1,1,16,12,13,14,7,16,11,0,16,8,13,13,17,16,16,12,17,1,0,17,17,18,1,16,0,2,17,11,7,13,6
SBV332,2,2,4,5,3,1,2,2,2,0,1,0,0,0,2,0,2,4,4,2,3,1,4,0,5,3,4,1,3,2,4,1,4,0,9,1,0,1,4,1,4,0,1,0,0,1,5,2,3,5,4,3,2,2,0,0,0,3,1,1,7,5,2,3,1,6,1,5,5,2,0,4,1,1,6,2,1,4,2,3,2,2,2,4,2,2,3,4,2,3,3,3,3,0,2,3,0,4,2,3,6,2,0,4,3,3,4,4,1,4,5,7,2,3,2,6,2,2,2,3,8,0,1,0,1,0,7,4,3,1,5,4,6,8,5,2,8,11,10,11,9,4,2,2,3,6,4,8,4,8,5,6,8,7,3,8,4,5,9,3,0,4,5,6,8,5,11,9,9,5,9,7,7,4,5,12,7,5,11,6,5,2,5,5,6,8,6,4,7,6,10,0,3,9,6,4,0,10,8,8,11,11,6,2,3,4,3,8,7,10,6,6,3,3,7,6,6,2,7,11,10,7,7,8,11,6,10,8,7,5,13,3,10
SBV333,3,3,3,6,6,4,3,5,5,3,4,3,3,3,5,3,5,3,5,5,4,2,5,3,4,4,5,4,4,5,5,4,5,3,8,4,3,4,5,4,5,3,4,3,3,4,6,5,0,6,1,4,5,5,3,3,3,0,4,4,8,6,3,6,4,7,4,8,6,5,3,7,4,4,7,5,4,5,5,6,5,5,5,5,5,5,6,7,5,0,6,6,6,3,5,6,3,7,5,6,7,5,3,5,6,6,7,7,4,7,8,8,5,6,5,7,5,5,5,6,9,3,4,3,4,3,8,1,6,4,8,7,7,5,2,5,5,8,7,8,10,7,5,5,6,9,7,5,7,5,8,9,5,4,6,5,7,8,6,6,3,7,8,9,5,8,12,6,6,8,6,8,4,1,8,9,10,2,8,3,8,5,8,8,3,11,3,1,10,3,7,3,0,6,3,1,3,7,5,5,8,8,9,5,6,7,0,9,4,7,9,3,6,6,10,9,9,5,10,8,7,10,10,11,8,9,7,5,10,4,10,6,7
SBV334,9,9,9,12,12,10,9,11,11,9,10,9,9,9,11,9,11,9,11,11,10,8,11,9,10,10,11,10,10,11,11,10,11,9,14,10,9,10,11,10,11,9,10,9,9,10,12,11,6,12,7,10,11,11,9,9,9,6,10,10,14,12,9,12,10,13,10,14,12,11,9,13,10,10,13,11,10,11,11,12,11,11,11,11,11,11,12,13,11,6,12,12,12,9,11,12,9,13,11,12,13,11,9,11,12,12,13,13,10,13,14,14,11,12,11,13,11,11,11,12,15,9,10,9,10,9,14,5,12,10,14,13,13,11,6,11,11,14,13,14,16,13,11,11,12,15,13,11,13,3,14,15,1,2,12,11,13,14,12,12,9,13,14,15,3,14,18,4,4,14,4,14,2,7,14,15,16,6,14,9,14,11,14,14,9,17,9,7,16,9,5,9,6,0,9,7,9,5,11,11,6,6,15,11,12,13,6,15,10,5,15,7,12,12,16,15,15,11,16,6,5,16,16,17,6,15,5,3,16,10,8,12,5
SBV335,6,6,6,9,9,7,6,8,8,6,7,6,6,6,8,6,8,6,8,8,7,5,8,6,7,7,8,7,7,8,8,7,8,6,11,7,6,7,8,7,8,6,7,6,6,7,9,8,3,9,4,7,8,8,6,6,6,3,7,7,11,9,6,9,7,10,7,11,9,8,6,10,7,7,10,8,7,8,8,9,8,8,8,8,8,8,9,10,8,3,9,9,9,6,8,9,6,10,8,9,10,8,6,8,9,9,10,10,7,10,11,11,8,9,8,10,8,8,8,9,12,6,7,6,7,6,11,4,9,7,11,10,10,6,5,8,6,9,8,9,13,10,8,8,9,12,10,6,10,8,11,12,8,7,9,6,10,11,7,9,6,10,11,12,8,11,15,9,9,11,9,11,7,4,11,10,13,5,9,0,11,8,11,11,0,14,0,4,13,0,10,6,3,9,0,4,6,10,6,6,11,11,12,8,9,10,3,12,5,10,12,6,9,9,13,12,12,8,13,11,10,13,13,14,11,12,10,8,13,7,13,9,10
SBV336,4,4,4,7,7,5,4,6,6,4,5,4,4,4,6,4,6,4,6,6,5,3,6,4,5,5,6,5,5,6,6,5,6,4,9,5,4,5,6,5,6,4,5,4,4,5,7,6,1,7,2,5,6,6,4,4,4,1,5,5,9,7,4,7,5,8,5,9,7,6,4,8,5,5,8,6,5,6,6,7,6,6,6,6,6,6,7,8,6,1,7,7,7,4,6,7,4,8,6,7,8,6,4,6,7,7,8,8,5,8,9,9,6,7,6,8,6,6,6,7,10,4,5,4,5,4,9,2,7,5,9,8,8,6,3,6,6,9,8,9,11,8,6,6,7,10,8,6,8,6,9,10,6,5,7,6,8,9,7,7,4,8,9,10,6,9,13,7,7,9,7,9,5,2,9,10,11,3,9,4,9,6,9,9,4,12,4,2,11,4,8,4,1,7,4,0,4,8,6,6,9,9,10,6,7,8,1,10,5,8,10,4,7,7,11,10,10,6,11,9,8,11,11,12,9,10,8,6,11,5,11,7,8
SBV337,2,2,4,5,3,1,2,2,2,0,1,0,0,0,2,0,2,4,4,2,3,1,4,0,5,3,4,1,3,2,4,1,4,0,9,1,0,1,4,1,4,0,1,0,0,1,5,2,3,5,4,3,2,2,0,0,0,3,1,1,7,5,2,3,1,6,1,5,5,2,0,4,1,1,6,2,1,4,2,3,2,2,2,4,2,2,3,4,2,3,3,3,3,0,2,3,0,4,2,3,6,2,0,4,3,3,4,4,1,4,5,7,2,3,2,6,2,2,2,3,8,0,1,0,1,0,7,4,3,1,5,4,6,8,5,2,8,11,10,11,9,4,2,2,3,6,4,8,4,8,5,6,8,7,3,8,4,5,9,3,0,4,5,6,8,5,11,9,9,5,9,7,7,4,5,12,7,5,11,6,5,2,5,5,6,8,6,4,7,6,10,0,3,9,6,4,0,10,8,8,11,11,6,2,3,4,3,8,7,10,6,6,3,3,7,6,6,2,7,11,10,7,7,8,11,6,10,8,7,5,13,3,10
SBV338,10,10,10,13,13,11,10,12,12,10,11,10,10,10,12,10,12,10,12,12,11,9,12,10,11,11,12,11,11,12,12,11,12,10,15,11,10,11,12,11,12,10,11,10,10,11,13,12,7,13,8,11,12,12,10,10,10,7,11,11,15,13,10,13,11,14,11,15,13,12,10,14,11,11,14,12,11,12,12,13,12,12,12,12,12,12,13,14,12,7,13,13,13,10,12,13,10,14,12,13,14,12,10,12,13,13,14,14,11,14,15,15,12,13,12,14,12,12,12,13,16,10,11,10,11,10,15,6,13,11,15,14,14,12,7,12,12,15,14,15,17,14,12,12,13,16,14,12,14,4,15,16,4,3,13,12,14,15,13,13,10,14,15,16,4,15,19,5,5,15,5,15,3,8,15,16,17,7,15,10,15,12,15,15,10,18,10,8,17,10,0,10,7,5,10,8,10,0,12,12,1,1,16,12,13,14,7,16,11,0,16,8,13,13,17,16,16,12,17,1,0,17,17,18,1,16,0,2,17,11,7,13,6
SBV339,8,8,8,11,11,9,8,10,10,8,9,8,8,8,10,8,10,8,10,10,9,7,10,8,9,9,10,9,9,10,10,9,10,8,13,9,8,9,10,9,10,8,9,8,8,9,11,10,5,11,6,9,10,10,8,8,8,5,9,9,13,11,8,11,9,12,9,13,11,10,8,12,9,9,12,10,9,10,10,11,10,10,10,10,10,10,11,12,10,5,11,11,11,8,10,11,8,12,10,11,12,10,8,10,11,11,12,12,9,12,13,13,10,11,10,12,10,10,10,11,14,8,9,8,9,8,13,6,11,9,13,12,12,2,7,10,2,5,4,5,15,12,10,10,11,14,12,2,12,10,13,14,10,9,11,2,12,13,3,11,8,12,13,14,10,13,17,11,11,13,11,13,9,6,13,8,15,7,7,6,13,10,13,13,6,16,6,6,15,6,12,8,5,11,6,6,8,12,0,2,13,13,14,10,11,12,5,14,1,12,14,8,11,11,15,14,14,10,15,13,12,15,15,16,13,14,12,10,15,9,15,11,12
SBV340,8,8,8,11,11,9,8,10,10,8,9,8,8,8,10,8,10,8,10,10,9,7,10,8,9,9,10,9,9,10,10,9,10,8,13,9,8,9,10,9,10,8,9,8,8,9,11,10,5,11,6,9,10,10,8,8,8,5,9,9,13,11,8,11,9,12,9,13,11,10,8,12,9,9,12,10,9,10,10,11,10,10,10,10,10,10,11,12,10,5,11,11,11,8,10,11,8,12,10,11,12,10,8,10,11,11,12,12,9,12,13,13,10,11,10,12,10,10,10,11,14,8,9,8,9,8,13,6,11,9,13,12,12,2,7,10,0,3,2,3,15,12,10,10,11,14,12,0,12,10,13,14,10,9,11,2,12,13,3,11,8,12,13,14,10,13,17,11,11,13,11,13,9,6,13,8,15,7,7,6,13,10,13,13,6,16,6,6,15,6,12,8,5,11,6,6,8,12,2,0,13,13,14,10,11,12,5,14,1,12,14,8,11,11,15,14,14,10,15,13,12,15,15,16,13,14,12,10,15,9,15,11,12
SBV341,11,11,11,14,14,12,11,13,13,11,12,11,11,11,13,11,13,11,13,13,12,10,13,11,12,12,13,12,12,13,13,12,13,11,16,12,11,12,13,12,13,11,12,11,11,12,14,13,8,14,9,12,13,13,11,11,11,8,12,12,16,14,11,14,12,15,12,16,14,13,11,15,12,12,15,13,12,13,13,14,13,13,13,13,13,13,14,15,13,8,14,14,14,11,13,14,11,15,13,14,15,13,11,13,14,14,15,15,12,15,16,16,13,14,13,15,13,13,13,14,17,11,12,11,12,11,16,7,14,12,16,15,15,13,8,13,13,16,15,16,18,15,13,13,14,17,15,13,15,5,16,17,5,4,14,13,15,16,14,14,11,15,16,17,5,16,20,6,6,16,6,16,4,9,16,17,18,8,16,11,16,13,16,16,11,19,11,9,18,11,1,11,8,6,11,9,11,1,13,13,0,2,17,13,14,15,8,17,12,1,17,9,14,14,18,17,17,13,18,2,1,18,18,19,2,17,1,3,18,12,8,14,7
SBV343,11,11,11,14,14,12,11,13,13,11,12,11,11,11,13,11,13,11,13,13,12,10,13,11,12,12,13,12,12,13,13,12,13,11,16,12,11,12,13,12,13,11,12,11,11,12,14,13,8,14,9,12,13,13,11,11,11,8,12,12,16,14,11,14,12,15,12,16,14,13,11,15,12,12,15,13,12,13,13,14,13,13,13,13,13,13,14,15,13,8,14,14,14,11,13,14,11,15,13,14,15,13,11,13,14,14,15,15,12,15,16,16,13,14,13,15,13,13,13,14,17,11,12,11,12,11,16,7,14,12,16,15,15,13,8,13,13,16,15,16,18,15,13,13,14,17,15,13,15,5,16,17,5,4,14,13,15,16,14,14,11,15,16,17,5,16,20,6,6,16,6,16,4,9,16,17,18,8,16,11,16,13,16,16,11,19,11,9,18,11,1,11,8,6,11,9,11,1,13,13,2,0,17,13,14,15,8,17,12,1,17,9,14,14,18,17,17,13,18,0,1,18,18,19,2,17,1,3,18,12,8,14,7
SBV344,8,8,10,11,9,7,8,8,8,6,7,6,6,6,8,6,8,10,10,8,9,7,10,6,11,9,10,7,9,8,10,5,10,6,15,7,6,7,10,5,10,6,5,6,6,7,11,8,9,11,10,9,8,8,6,6,6,9,7,5,13,11,8,7,5,12,5,7,11,6,6,10,7,7,12,4,7,10,4,5,6,4,6,10,6,6,9,6,8,9,7,7,9,6,8,9,6,10,8,7,12,4,6,10,9,7,10,10,7,10,9,13,8,7,8,12,6,4,4,9,14,6,7,6,7,6,13,10,9,7,9,6,12,14,11,8,14,17,16,17,15,8,6,4,9,12,10,14,4,14,7,12,14,13,9,14,6,1,15,5,6,10,1,8,14,11,17,15,15,1,15,13,13,10,11,18,13,11,17,12,9,8,11,9,12,12,12,10,11,12,16,6,9,15,12,10,6,16,14,14,17,17,0,6,9,8,9,14,13,16,8,12,7,9,11,12,12,6,9,17,16,11,13,14,17,8,16,14,9,11,19,5,16
SBV345,4,4,6,7,5,3,4,4,4,2,3,2,2,2,4,2,4,6,6,4,5,3,6,2,7,5,6,3,5,4,6,1,6,2,11,3,2,3,6,1,6,2,1,2,2,3,7,4,5,7,6,5,4,4,2,2,2,5,3,1,9,7,4,3,1,8,1,5,7,2,2,6,3,3,8,2,3,6,2,3,2,2,2,6,2,2,5,4,4,5,3,3,5,2,4,5,2,6,4,3,8,2,2,6,5,3,6,6,3,6,3,9,4,1,4,8,2,2,2,5,10,2,3,2,3,2,9,6,5,3,5,4,8,10,7,4,10,13,12,13,11,4,0,2,5,8,6,10,4,10,5,8,10,9,5,10,4,5,11,3,2,6,5,6,10,7,13,11,11,5,11,9,9,6,7,14,9,7,13,8,5,4,7,3,8,8,8,6,5,8,12,2,5,11,8,6,2,12,10,10,13,13,6,0,5,4,5,10,9,12,6,8,1,5,5,8,8,0,7,13,12,5,9,10,13,6,12,10,7,7,15,3,12
SBV347,5,5,7,8,6,4,5,5,5,3,4,3,3,3,5,3,5,7,7,5,6,4,7,3,8,6,7,4,6,5,7,4,7,3,12,4,3,4,7,4,7,3,4,3,3,4,8,5,6,8,7,6,5,5,3,3,3,6,4,4,10,8,5,6,4,9,4,8,8,5,3,7,4,4,9,5,4,7,5,6,5,5,5,7,5,5,6,7,5,6,6,6,6,3,5,6,3,7,5,6,9,5,3,7,6,6,7,7,4,7,8,10,5,6,5,9,5,5,5,6,11,3,4,3,4,3,10,7,6,4,8,7,9,11,8,5,11,14,13,14,12,7,5,5,6,9,7,11,7,11,8,9,11,10,6,11,7,8,12,6,3,7,8,9,11,8,14,12,12,8,12,10,10,7,8,15,4,8,14,9,8,5,2,8,9,11,9,7,10,9,13,3,6,12,9,7,3,13,11,11,14,14,9,5,0,7,6,11,10,13,9,9,6,2,10,9,5,5,10,14,13,10,4,5,14,9,13,11,10,8,16,6,13
SBV348,6,6,8,9,7,5,6,6,6,4,5,4,4,4,6,4,6,8,8,6,7,5,8,4,9,7,8,5,7,6,8,3,8,4,13,5,4,5,8,3,8,4,3,4,4,5,9,6,7,9,8,7,6,6,4,4,4,7,5,3,11,9,6,5,3,10,3,7,9,4,4,8,5,5,10,4,5,8,4,5,4,4,4,8,4,4,7,6,6,7,5,5,7,4,6,7,4,8,6,5,10,4,4,8,7,5,8,8,5,8,7,11,6,5,6,10,4,4,4,7,12,4,5,4,5,4,11,8,7,5,7,6,10,12,9,6,12,15,14,15,13,6,4,4,7,10,8,12,6,12,7,10,12,11,7,12,6,7,13,5,4,8,7,8,12,9,15,13,13,7,13,11,11,8,9,16,11,9,15,10,3,6,9,7,10,10,10,8,9,10,14,4,7,13,10,8,4,14,12,12,15,15,8,4,7,0,7,12,11,14,8,10,5,7,9,10,10,4,9,15,14,9,11,12,15,8,14,12,9,9,17,5,14
SBV349,3,3,3,6,6,4,3,5,5,3,4,3,3,3,5,3,5,3,5,5,4,2,5,3,4,4,5,4,4,5,5,4,5,3,8,4,3,4,5,4,5,3,4,3,3,4,6,5,0,6,1,4,5,5,3,3,3,0,4,4,8,6,3,6,4,7,4,8,6,5,3,7,4,4,7,5,4,5,5,6,5,5,5,5,5,5,6,7,5,0,6,6,6,3,5,6,3,7,5,6,7,5,3,5,6,6,7,7,4,7,8,8,5,6,5,7,5,5,5,6,9,3,4,3,4,3,8,1,6,4,8,7,7,5,2,5,5,8,7,8,10,7,5,5,6,9,7,5,7,5,8,9,5,4,6,5,7,8,6,6,3,7,8,9,5,8,12,6,6,8,6,8,4,1,8,9,10,2,8,3,8,5,8,8,3,11,3,1,10,3,7,3,0,6,3,1,3,7,5,5,8,8,9,5,6,7,0,9,4,7,9,3,6,6,10,9,9,5,10,8,7,10,10,11,8,9,7,5,10,4,10,6,7
SBV350,6,6,10,9,11,9,6,10,10,8,9,8,8,8,10,8,10,10,6,10,5,7,4,8,11,5,6,9,5,10,6,9,4,8,15,9,8,9,8,9,4,8,9,8,8,9,5,10,9,5,10,7,10,10,8,8,8,9,9,9,7,7,6,11,9,8,9,13,5,10,8,12,9,9,8,10,9,6,10,11,10,10,10,6,10,10,11,12,10,9,11,11,11,8,10,11,8,12,10,11,8,10,8,6,11,11,12,12,9,12,13,7,10,11,10,2,10,10,10,11,12,8,9,8,9,8,11,10,11,9,13,12,2,14,11,10,14,17,16,17,5,12,10,10,11,14,12,14,12,14,13,14,14,13,11,14,12,13,15,11,8,12,13,14,14,13,5,15,15,13,15,3,13,10,13,18,15,11,17,12,13,10,13,13,12,16,12,10,15,12,16,8,9,15,12,10,8,16,14,14,17,17,14,10,11,12,9,0,13,16,14,12,11,11,15,14,14,10,15,17,16,15,15,16,17,14,16,14,15,11,19,11,16
SBV351,7,7,7,10,10,8,7,9,9,7,8,7,7,7,9,7,9,7,9,9,8,6,9,7,8,8,9,8,8,9,9,8,9,7,12,8,7,8,9,8,9,7,8,7,7,8,10,9,4,10,5,8,9,9,7,7,7,4,8,8,12,10,7,10,8,11,8,12,10,9,7,11,8,8,11,9,8,9,9,10,9,9,9,9,9,9,10,11,9,4,10,10,10,7,9,10,7,11,9,10,11,9,7,9,10,10,11,11,8,11,12,12,9,10,9,11,9,9,9,10,13,7,8,7,8,7,12,5,10,8,12,11,11,1,6,9,1,4,3,4,14,11,9,9,10,13,11,1,11,9,12,13,9,8,10,1,11,12,2,10,7,11,12,13,9,12,16,10,10,12,10,12,8,5,12,7,14,6,6,5,12,9,12,12,5,15,5,5,14,5,11,7,4,10,5,5,7,11,1,1,12,12,13,9,10,11,4,13,0,11,13,7,10,10,14,13,13,9,14,12,11,14,14,15,12,13,11,9,14,8,14,10,11
SBV352,10,10,10,13,13,11,10,12,12,10,11,10,10,10,12,10,12,10,12,12,11,9,12,10,11,11,12,11,11,12,12,11,12,10,15,11,10,11,12,11,12,10,11,10,10,11,13,12,7,13,8,11,12,12,10,10,10,7,11,11,15,13,10,13,11,14,11,15,13,12,10,14,11,11,14,12,11,12,12,13,12,12,12,12,12,12,13,14,12,7,13,13,13,10,12,13,10,14,12,13,14,12,10,12,13,13,14,14,11,14,15,15,12,13,12,14,12,12,12,13,16,10,11,10,11,10,15,6,13,11,15,14,14,12,7,12,12,15,14,15,17,14,12,12,13,16,14,12,14,4,15,16,4,3,13,12,14,15,13,13,10,14,15,16,4,15,19,5,5,15,5,15,3,8,15,16,17,7,15,10,15,12,15,15,10,18,10,8,17,10,0,10,7,5,10,8,10,0,12,12,1,1,16,12,13,14,7,16,11,0,16,8,13,13,17,16,16,12,17,1,0,17,17,18,1,16,0,2,17,11,7,13,6
SBV353,8,8,10,11,9,7,8,8,8,6,7,6,6,6,8,6,8,10,10,8,9,7,10,6,11,9,10,7,9,8,10,5,10,6,15,7,6,7,10,5,10,6,5,6,6,7,11,8,9,11,10,9,8,8,6,6,6,9,7,5,13,11,8,7,5,12,5,7,11,6,6,10,7,7,12,4,7,10,4,5,6,4,6,10,6,6,9,6,8,9,7,7,9,6,8,9,6,10,8,7,12,4,6,10,9,7,10,10,7,10,9,13,8,7,8,12,6,4,4,9,14,6,7,6,7,6,13,10,9,7,9,6,12,14,11,8,14,17,16,17,15,8,6,4,9,12,10,14,6,14,7,12,14,13,9,14,6,7,15,3,6,10,7,8,14,11,17,15,15,7,15,13,13,10,11,18,13,11,17,12,9,8,11,9,12,12,12,10,11,12,16,6,9,15,12,10,6,16,14,14,17,17,8,6,9,8,9,14,13,16,0,12,7,9,11,12,12,6,1,17,16,11,13,14,17,0,16,14,9,11,19,5,16
SBV354,6,6,6,9,9,7,6,8,8,6,7,6,6,6,8,6,8,6,8,8,7,5,8,6,7,7,8,7,7,8,8,7,8,6,11,7,6,7,8,7,8,6,7,6,6,7,9,8,3,9,4,7,8,8,6,6,6,3,7,7,11,9,6,9,7,10,7,11,9,8,6,10,7,7,10,8,7,8,8,9,8,8,8,8,8,8,9,10,8,3,9,9,9,6,8,9,6,10,8,9,10,8,6,8,9,9,10,10,7,10,11,11,8,9,8,10,8,8,8,9,12,6,7,6,7,6,11,2,9,7,11,10,10,8,1,8,8,11,10,11,13,10,8,8,9,12,10,8,10,6,11,12,6,5,9,8,10,11,9,9,6,10,11,12,6,11,15,7,7,11,7,11,5,4,11,12,13,1,11,6,11,8,11,11,6,14,6,4,13,6,8,6,3,7,6,4,6,8,8,8,9,9,12,8,9,10,3,12,7,8,12,0,9,9,13,12,12,8,13,9,8,13,13,14,9,12,8,6,13,7,11,9,8
SBV355,5,5,7,8,6,4,5,5,5,3,4,3,3,3,5,3,5,7,7,5,6,4,7,3,8,6,7,4,6,5,7,2,7,3,12,4,3,4,7,2,7,3,2,3,3,4,8,5,6,8,7,6,5,5,3,3,3,6,4,2,10,8,5,4,2,9,2,6,8,3,3,7,4,4,9,3,4,7,3,4,3,3,3,7,3,3,6,5,5,6,4,4,6,3,5,6,3,7,5,4,9,3,3,7,6,4,7,7,4,7,4,10,5,0,5,9,3,3,3,6,11,3,4,3,4,3,10,7,6,4,6,5,9,11,8,5,11,14,13,14,12,5,1,3,6,9,7,11,5,11,6,9,11,10,6,11,5,6,12,4,3,7,6,7,11,8,14,12,12,6,12,10,10,7,8,15,10,8,14,9,6,5,8,4,9,9,9,7,6,9,13,3,6,12,9,7,3,13,11,11,14,14,7,1,6,5,6,11,10,13,7,9,0,6,6,9,9,1,8,14,13,6,10,11,14,7,13,11,8,8,16,4,13
SBV356,5,5,7,8,6,4,5,5,5,3,4,3,3,3,5,3,5,7,7,5,6,4,7,3,8,6,7,4,6,5,7,4,7,3,12,4,3,4,7,4,7,3,4,3,3,4,8,5,6,8,7,6,5,5,3,3,3,6,4,4,10,8,5,6,4,9,4,8,8,5,3,7,4,4,9,5,4,7,5,6,5,5,5,7,5,5,6,7,5,6,6,6,6,3,5,6,3,7,5,6,9,5,3,7,6,6,7,7,4,7,8,10,5,6,5,9,5,5,5,6,11,3,4,3,4,3,10,7,6,4,8,7,9,11,8,5,11,14,13,14,12,7,5,5,6,9,7,11,7,11,8,9,11,10,6,11,7,8,12,6,3,7,8,9,11,8,14,12,12,8,12,10,10,7,8,15,6,8,14,9,8,5,4,8,9,11,9,7,10,9,13,3,6,12,9,7,3,13,11,11,14,14,9,5,2,7,6,11,10,13,9,9,6,0,10,9,7,5,10,14,13,10,6,7,14,9,13,11,10,8,16,6,13
SBV357,9,9,11,12,10,8,9,9,9,7,8,7,7,7,9,7,9,11,11,9,10,8,11,7,12,10,11,8,10,9,11,6,11,7,16,8,7,8,11,6,11,7,6,7,7,8,12,9,10,12,11,10,9,9,7,7,7,10,8,6,14,12,9,8,6,13,6,10,12,7,7,11,8,8,13,7,8,11,7,8,7,7,7,11,7,7,10,9,9,10,8,8,10,7,9,10,7,11,9,8,13,7,7,11,10,8,11,11,8,11,6,14,9,6,9,13,7,7,7,10,15,7,8,7,8,7,14,11,10,8,10,9,13,15,12,9,15,18,17,18,16,9,5,7,10,13,11,15,9,15,10,13,15,14,10,15,9,10,16,8,7,11,10,11,15,12,18,16,16,10,16,14,14,11,12,19,14,12,18,13,10,9,12,8,13,13,13,11,8,13,17,7,10,16,13,11,7,17,15,15,18,18,11,5,10,9,10,15,14,17,11,13,6,10,0,13,13,5,12,18,17,0,14,15,18,11,17,15,12,12,20,8,17
SBV358,8,8,10,11,9,7,8,8,8,6,7,6,6,6,8,6,8,10,10,8,9,7,10,6,11,9,10,7,9,8,10,7,10,6,15,7,6,7,10,7,10,6,7,6,6,7,11,8,9,11,10,9,8,8,6,6,6,9,7,7,13,11,8,9,7,12,7,11,11,8,6,10,7,7,12,8,7,10,8,9,8,8,8,10,8,8,9,10,8,9,9,9,9,6,8,9,6,10,8,9,12,8,6,10,9,9,10,10,7,10,11,13,8,9,8,12,8,8,8,9,14,6,7,6,7,6,13,10,9,7,11,10,12,14,11,8,14,17,16,17,15,10,8,8,9,6,10,14,10,14,11,12,14,13,9,14,10,11,15,9,6,10,11,12,14,11,17,15,15,11,15,13,13,10,11,18,13,11,17,12,11,8,11,11,12,14,12,10,13,12,16,6,9,15,12,10,6,16,14,14,17,17,12,8,9,10,9,14,13,16,12,12,9,9,13,0,12,8,13,17,16,13,13,14,17,12,16,14,13,11,19,9,16
SBV359,8,8,10,11,9,7,8,8,8,6,7,6,6,6,8,6,8,10,10,8,9,7,10,6,11,9,10,7,9,8,10,7,10,6,15,7,6,7,10,7,10,6,7,6,6,7,11,8,9,11,10,9,8,8,6,6,6,9,7,7,13,11,8,9,7,12,7,11,11,8,6,10,7,7,12,8,7,10,8,9,8,8,8,10,8,8,9,10,8,9,9,9,9,6,8,9,6,10,8,9,12,8,6,10,9,9,10,10,7,10,11,13,8,9,8,12,8,8,8,9,14,6,7,6,7,6,13,10,9,7,11,10,12,14,11,8,14,17,16,17,15,10,8,8,9,12,10,14,10,14,11,12,14,13,9,14,10,11,15,9,6,10,11,12,14,11,17,15,15,11,15,13,13,10,11,18,9,11,17,12,11,8,7,11,12,14,12,10,13,12,16,6,9,15,12,10,6,16,14,14,17,17,12,8,5,10,9,14,13,16,12,12,9,7,13,12,0,8,13,17,16,13,9,10,17,12,16,14,13,11,19,9,16
SBV361,4,4,6,7,5,3,4,4,4,2,3,2,2,2,4,2,4,6,6,4,5,3,6,2,7,5,6,3,5,4,6,1,6,2,11,3,2,3,6,1,6,2,1,2,2,3,7,4,5,7,6,5,4,4,2,2,2,5,3,1,9,7,4,3,1,8,1,5,7,2,2,6,3,3,8,2,3,6,2,3,2,2,2,6,2,2,5,4,4,5,3,3,5,2,4,5,2,6,4,3,8,2,2,6,5,3,6,6,3,6,3,9,4,1,4,8,2,2,2,5,10,2,3,2,3,2,9,6,5,3,5,4,8,10,7,4,10,13,12,13,11,4,0,2,5,8,6,10,4,10,5,8,10,9,5,10,4,5,11,3,2,6,5,6,10,7,13,11,11,5,11,9,9,6,7,14,9,7,13,8,5,4,7,3,8,8,8,6,5,8,12,2,5,11,8,6,2,12,10,10,13,13,6,0,5,4,5,10,9,12,6,8,1,5,5,8,8,0,7,13,12,5,9,10,13,6,12,10,7,7,15,3,12
SBV362,9,9,11,12,10,8,9,9,9,7,8,7,7,7,9,7,9,11,11,9,10,8,11,7,12,10,11,8,10,9,11,6,11,7,16,8,7,8,11,6,11,7,6,7,7,8,12,9,10,12,11,10,9,9,7,7,7,10,8,6,14,12,9,8,6,13,6,8,12,7,7,11,8,8,13,5,8,11,5,6,7,5,7,11,7,7,10,7,9,10,8,8,10,7,9,10,7,11,9,8,13,5,7,11,10,8,11,11,8,11,10,14,9,8,9,13,7,5,5,10,15,7,8,7,8,7,14,11,10,8,10,7,13,15,12,9,15,18,17,18,16,9,7,5,10,13,11,15,7,15,8,13,15,14,10,15,7,8,16,4,7,11,8,9,15,12,18,16,16,8,16,14,14,11,12,19,14,12,18,13,10,9,12,10,13,13,13,11,12,13,17,7,10,16,13,11,7,17,15,15,18,18,9,7,10,9,10,15,14,17,1,13,8,10,12,13,13,7,0,18,17,12,14,15,18,1,17,15,10,12,20,6,17
SBV363,11,11,11,14,14,12,11,13,13,11,12,11,11,11,13,11,13,11,13,13,12,10,13,11,12,12,13,12,12,13,13,12,13,11,16,12,11,12,13,12,13,11,12,11,11,12,14,13,8,14,9,12,13,13,11,11,11,8,12,12,16,14,11,14,12,15,12,16,14,13,11,15,12,12,15,13,12,13,13,14,13,13,13,13,13,13,14,15,13,8,14,14,14,11,13,14,11,15,13,14,15,13,11,13,14,14,15,15,12,15,16,16,13,14,13,15,13,13,13,14,17,11,12,11,12,11,16,7,14,12,16,15,15,13,8,13,13,16,15,16,18,15,13,13,14,17,15,13,15,5,16,17,5,4,14,13,15,16,14,14,11,15,16,17,5,16,20,6,6,16,6,16,4,9,16,17,18,8,16,11,16,13,16,16,11,19,11,9,18,11,1,11,8,6,11,9,11,1,13,13,2,0,17,13,14,15,8,17,12,1,17,9,14,14,18,17,17,13,18,0,1,18,18,19,2,17,1,3,18,12,8,14,7
SBV364,10,10,10,13,13,11,10,12,12,10,11,10,10,10,12,10,12,10,12,12,11,9,12,10,11,11,12,11,11,12,12,11,12,10,15,11,10,11,12,11,12,10,11,10,10,11,13,12,7,13,8,11,12,12,10,10,10,7,11,11,15,13,10,13,11,14,11,15,13,12,10,14,11,11,14,12,11,12,12,13,12,12,12,12,12,12,13,14,12,7,13,13,13,10,12,13,10,14,12,13,14,12,10,12,13,13,14,14,11,14,15,15,12,13,12,14,12,12,12,13,16,10,11,10,11,10,15,6,13,11,15,14,14,12,7,12,12,15,14,15,17,14,12,12,13,16,14,12,14,4,15,16,4,3,13,12,14,15,13,13,10,14,15,16,4,15,19,5,5,15,5,15,3,8,15,16,17,7,15,10,15,12,15,15,10,18,10,8,17,10,0,10,7,5,10,8,10,0,12,12,1,1,16,12,13,14,7,16,11,0,16,8,13,13,17,16,16,12,17,1,0,17,17,18,1,16,0,2,17,11,7,13,6
SBV365,9,9,11,12,10,8,9,9,9,7,8,7,7,7,9,7,9,11,11,9,10,8,11,7,12,10,11,8,10,9,11,6,11,7,16,8,7,8,11,6,11,7,6,7,7,8,12,9,10,12,11,10,9,9,7,7,7,10,8,6,14,12,9,8,6,13,6,10,12,7,7,11,8,8,13,7,8,11,7,8,7,7,7,11,7,7,10,9,9,10,8,8,10,7,9,10,7,11,9,8,13,7,7,11,10,8,11,11,8,11,6,14,9,6,9,13,7,7,7,10,15,7,8,7,8,7,14,11,10,8,10,9,13,15,12,9,15,18,17,18,16,9,5,7,10,13,11,15,9,15,10,13,15,14,10,15,9,10,16,8,7,11,10,11,15,12,18,16,16,10,16,14,14,11,12,19,14,12,18,13,10,9,12,8,13,13,13,11,8,13,17,7,10,16,13,11,7,17,15,15,18,18,11,5,10,9,10,15,14,17,11,13,6,10,0,13,13,5,12,18,17,0,14,15,18,11,17,15,12,12,20,8,17
SBV366,9,9,11,12,10,8,9,9,9,7,8,7,7,7,9,7,9,11,11,9,10,8,11,7,12,10,11,8,10,9,11,8,11,7,16,8,7,8,11,8,11,7,8,7,7,8,12,9,10,12,11,10,9,9,7,7,7,10,8,8,14,12,9,10,8,13,8,12,12,9,7,11,8,8,13,9,8,11,9,10,9,9,9,11,9,9,10,11,9,10,10,10,10,7,9,10,7,11,9,10,13,9,7,11,10,10,11,11,8,11,12,14,9,10,9,13,9,9,9,10,15,7,8,7,8,7,14,11,10,8,12,11,13,15,12,9,15,18,17,18,16,11,9,9,10,13,11,15,11,15,12,13,15,14,10,15,11,12,16,10,7,11,12,13,15,12,18,16,16,12,16,14,14,11,12,19,8,12,18,13,12,9,6,12,13,15,13,11,14,13,17,7,10,16,13,11,7,17,15,15,18,18,13,9,4,11,10,15,14,17,13,13,10,6,14,13,9,9,14,18,17,14,0,9,18,13,17,15,14,12,20,10,17
SBV367,10,10,12,13,11,9,10,10,10,8,9,8,8,8,10,8,10,12,12,10,11,9,12,8,13,11,12,9,11,10,12,9,12,8,17,9,8,9,12,9,12,8,9,8,8,9,13,10,11,13,12,11,10,10,8,8,8,11,9,9,15,13,10,11,9,14,9,13,13,10,8,12,9,9,14,10,9,12,10,11,10,10,10,12,10,10,11,12,10,11,11,11,11,8,10,11,8,12,10,11,14,10,8,12,11,11,12,12,9,12,13,15,10,11,10,14,10,10,10,11,16,8,9,8,9,8,15,12,11,9,13,12,14,16,13,10,16,19,18,19,17,12,10,10,11,14,12,16,12,16,13,14,16,15,11,16,12,13,17,11,8,12,13,14,16,13,19,17,17,13,17,15,15,12,13,20,3,13,19,14,13,10,7,13,14,16,14,12,15,14,18,8,11,17,14,12,8,18,16,16,19,19,14,10,5,12,11,16,15,18,14,14,11,7,15,14,10,10,15,19,18,15,9,0,19,14,18,16,15,13,21,11,18
SBV368,11,11,11,14,14,12,11,13,13,11,12,11,11,11,13,11,13,11,13,13,12,10,13,11,12,12,13,12,12,13,13,12,13,11,16,12,11,12,13,12,13,11,12,11,11,12,14,13,8,14,9,12,13,13,11,11,11,8,12,12,16,14,11,14,12,15,12,16,14,13,11,15,12,12,15,13,12,13,13,14,13,13,13,13,13,13,14,15,13,8,14,14,14,11,13,14,11,15,13,14,15,13,11,13,14,14,15,15,12,15,16,16,13,14,13,15,13,13,13,14,17,11,12,11,12,11,16,7,14,12,16,15,15,13,8,13,13,16,15,16,18,15,13,13,14,17,15,13,15,5,16,17,5,4,14,13,15,16,14,14,11,15,16,17,5,16,20,6,6,16,6,16,4,9,16,17,18,8,16,11,16,13,16,16,11,19,11,9,18,11,1,11,8,6,11,9,11,1,13,13,2,2,17,13,14,15,8,17,12,1,17,9,14,14,18,17,17,13,18,2,1,18,18,19,0,17,1,3,18,12,8,14,7
SBV369,8,8,10,11,9,7,8,8,8,6,7,6,6,6,8,6,8,10,10,8,9,7,10,6,11,9,10,7,9,8,10,5,10,6,15,7,6,7,10,5,10,6,5,6,6,7,11,8,9,11,10,9,8,8,6,6,6,9,7,5,13,11,8,7,5,12,5,7,11,6,6,10,7,7,12,4,7,10,4,5,6,4,6,10,6,6,9,6,8,9,7,7,9,6,8,9,6,10,8,7,12,4,6,10,9,7,10,10,7,10,9,13,8,7,8,12,6,4,4,9,14,6,7,6,7,6,13,10,9,7,9,6,12,14,11,8,14,17,16,17,15,8,6,4,9,12,10,14,6,14,7,12,14,13,9,14,6,7,15,3,6,10,7,8,14,11,17,15,15,7,15,13,13,10,11,18,13,11,17,12,9,8,11,9,12,12,12,10,11,12,16,6,9,15,12,10,6,16,14,14,17,17,8,6,9,8,9,14,13,16,0,12,7,9,11,12,12,6,1,17,16,11,13,14,17,0,16,14,9,11,19,5,16
SBV370,10,10,10,13,13,11,10,12,12,10,11,10,10,10,12,10,12,10,12,12,11,9,12,10,11,11,12,11,11,12,12,11,12,10,15,11,10,11,12,11,12,10,11,10,10,11,13,12,7,13,8,11,12,12,10,10,10,7,11,11,15,13,10,13,11,14,11,15,13,12,10,14,11,11,14,12,11,12,12,13,12,12,12,12,12,12,13,14,12,7,13,13,13,10,12,13,10,14,12,13,14,12,10,12,13,13,14,14,11,14,15,15,12,13,12,14,12,12,12,13,16,10,11,10,11,10,15,6,13,11,15,14,14,12,7,12,12,15,14,15,17,14,12,12,13,16,14,12,14,4,15,16,4,3,13,12,14,15,13,13,10,14,15,16,4,15,19,5,5,15,5,15,3,8,15,16,17,7,15,10,15,12,15,15,10,18,10,8,17,10,0,10,7,5,10,8,10,0,12,12,1,1,16,12,13,14,7,16,11,0,16,8,13,13,17,16,16,12,17,1,0,17,17,18,1,16,0,2,17,11,7,13,6
SBV371,8,8,8,11,11,9,8,10,10,8,9,8,8,8,10,8,10,8,10,10,9,7,10,8,9,9,10,9,9,10,10,9,10,8,13,9,8,9,10,9,10,8,9,8,8,9,11,10,5,11,6,9,10,10,8,8,8,5,9,9,13,11,8,11,9,12,9,13,11,10,8,12,9,9,12,10,9,10,10,11,10,10,10,10,10,10,11,12,10,5,11,11,11,8,10,11,8,12,10,11,12,10,8,10,11,11,12,12,9,12,13,13,10,11,10,12,10,10,10,11,14,8,9,8,9,8,13,4,11,9,13,12,12,10,5,10,10,13,12,13,15,12,10,10,11,14,12,10,12,2,13,14,2,1,11,10,12,13,11,11,8,12,13,14,2,13,17,3,3,13,3,13,1,6,13,14,15,5,13,8,13,10,13,13,8,16,8,6,15,8,2,8,5,3,8,6,8,2,10,10,3,3,14,10,11,12,5,14,9,2,14,6,11,11,15,14,14,10,15,3,2,15,15,16,3,14,2,0,15,9,5,11,4
SBV372,9,9,11,12,10,8,9,9,9,7,8,7,7,7,9,7,9,11,11,9,10,8,11,7,12,10,11,8,10,9,11,6,11,7,16,8,7,8,11,6,11,7,6,7,7,8,12,9,10,12,11,10,9,9,7,7,7,10,8,6,14,12,9,8,6,13,6,8,12,7,7,11,8,8,13,5,8,11,5,6,7,5,7,11,7,7,10,7,9,10,8,8,10,7,9,10,7,11,9,8,13,5,7,11,10,8,11,11,8,11,10,14,9,8,9,13,7,5,5,10,15,7,8,7,8,7,14,11,10,8,10,7,13,15,12,9,15,18,17,18,16,9,7,5,10,13,11,15,7,15,8,13,15,14,10,15,7,8,16,6,7,11,8,9,15,12,18,16,16,8,16,14,14,11,12,19,14,12,18,13,10,9,12,10,13,13,13,11,12,13,17,7,10,16,13,11,7,17,15,15,18,18,9,7,10,9,10,15,14,17,9,13,8,10,12,13,13,7,10,18,17,12,14,15,18,9,17,15,0,12,20,6,17
SBV373,5,5,5,8,8,6,5,7,7,5,6,5,5,5,7,5,7,5,7,7,6,4,7,5,2,6,7,6,6,7,7,6,7,5,10,6,5,6,7,6,7,5,6,5,5,6,8,7,4,8,5,6,7,7,5,5,5,4,6,6,10,8,5,8,6,9,6,10,8,7,5,9,6,6,9,7,6,7,7,8,7,7,7,7,7,7,8,9,7,4,8,8,8,5,7,8,5,9,7,8,9,7,5,7,8,8,9,9,6,9,10,10,7,8,7,9,7,7,7,8,11,5,6,5,6,5,10,5,8,6,10,9,9,9,6,7,9,12,11,12,12,9,7,7,8,11,9,9,9,9,10,11,9,8,8,9,9,10,10,8,5,9,10,11,9,10,14,10,10,10,10,10,8,5,10,13,12,6,12,7,10,7,10,10,7,13,7,5,12,7,11,5,4,10,7,5,5,11,9,9,12,12,11,7,8,9,4,11,8,11,11,7,8,8,12,11,11,7,12,12,11,12,12,13,12,11,11,9,12,0,14,8,11
SBV374,13,13,13,16,16,14,13,15,15,13,14,13,13,13,15,13,15,13,15,15,14,12,15,13,14,14,15,14,14,15,15,14,15,13,18,14,13,14,15,14,15,13,14,13,13,14,16,15,10,16,11,14,15,15,13,13,13,10,14,14,18,16,13,16,14,17,14,18,16,15,13,17,14,14,17,15,14,15,15,16,15,15,15,15,15,15,16,17,15,10,16,16,16,13,15,16,13,17,15,16,17,15,13,15,16,16,17,17,14,17,18,18,15,16,15,17,15,15,15,16,19,13,14,13,14,13,18,9,16,14,18,17,17,15,10,15,15,18,17,18,20,17,15,15,16,19,17,15,17,7,18,19,7,6,16,15,17,18,16,16,13,17,18,19,7,18,22,8,8,18,8,18,6,11,18,19,20,10,18,13,18,15,18,18,13,21,13,11,20,13,7,13,10,8,13,11,13,7,15,15,8,8,19,15,16,17,10,19,14,7,19,11,16,16,20,19,19,15,20,8,7,20,20,21,8,19,7,5,20,14,0,16,9
SBV375,5,5,7,8,6,4,5,5,5,3,4,3,3,3,5,3,5,7,7,5,6,4,7,3,8,6,7,4,6,5,7,2,7,3,12,4,3,4,7,2,7,3,2,3,3,4,8,5,6,8,7,6,5,5,3,3,3,6,4,2,10,8,5,4,2,9,2,4,8,3,3,7,4,4,9,1,4,7,1,2,3,1,3,7,3,3,6,3,5,6,4,4,6,3,5,6,3,7,5,4,9,1,3,7,6,4,7,7,4,7,6,10,5,4,5,9,3,1,1,6,11,3,4,3,4,3,10,7,6,4,6,3,9,11,8,5,11,14,13,14,12,5,3,1,6,9,7,11,3,11,4,9,11,10,6,11,3,4,12,2,3,7,4,5,11,8,14,12,12,4,12,10,10,7,8,15,10,8,14,9,6,5,8,6,9,9,9,7,8,9,13,3,6,12,9,7,3,13,11,11,14,14,5,3,6,5,6,11,10,13,5,9,4,6,8,9,9,3,6,14,13,8,10,11,14,5,13,11,6,8,16,0,13
SBV376,10,10,10,13,13,11,10,12,12,10,11,10,10,10,12,10,12,10,12,12,11,9,12,10,11,11,12,11,11,12,12,11,12,10,15,11,10,11,12,11,12,10,11,10,10,11,13,12,7,13,8,11,12,12,10,10,10,7,11,11,15,13,10,13,11,14,11,15,13,12,10,14,11,11,14,12,11,12,12,13,12,12,12,12,12,12,13,14,12,7,13,13,13,10,12,13,10,14,12,13,14,12,10,12,13,13,14,14,11,14,15,15,12,13,12,14,12,12,12,13,16,10,11,10,11,10,15,6,13,11,15,14,14,12,7,12,12,15,14,15,17,14,12,12,13,16,14,12,14,4,15,16,4,3,13,12,14,15,13,13,10,14,15,16,4,15,19,5,5,15,5,15,3,8,15,16,17,7,15,10,15,12,15,15,10,18,10,8,17,10,6,10,7,5,10,8,10,6,12,12,7,7,16,12,13,14,7,16,11,6,16,8,13,13,17,16,16,12,17,7,6,17,17,18,7,16,6,4,17,11,9,13,0
