snp-dists 0.8.2,SBV005,SBV007,SBV010,SBV011,SBV019,SBV021,SBV022,SBV023,SBV024,SBV025,SBV027,SBV029,SBV030,SBV032,SBV033,SBV035,SBV036,SBV037,SBV038,SBV039,SBV041,SBV042,SBV043,SBV044,SBV045,SBV046,SBV047,SBV048,SBV049,SBV050,SBV051,SBV052,SBV053,SBV054,SBV055,SBV056,SBV057,SBV058,SBV059,SBV060,SBV061,SBV062,SBV063,SBV064,SBV067,SBV068,SBV069,SBV070,SBV071,SBV072,SBV075,SBV076,SBV077,SBV078,SBV079,SBV080,SBV081,SBV082,SBV083,SBV084,SBV087,SBV088,SBV089,SBV090,SBV091,SBV092,SBV093,SBV094,SBV095,SBV096,SBV097,SBV098,SBV099,SBV100,SBV101,SBV102,SBV103,SBV104,SBV105,SBV106,SBV107,SBV108,SBV109,SBV110,SBV111,SBV112,SBV113,SBV114,SBV115,SBV116,SBV117,SBV118,SBV119,SBV121,SBV122,SBV123,SBV124,SBV125,SBV127,SBV128,SBV130,SBV132,SBV133,SBV134,SBV135,SBV136,SBV138,SBV139,SBV140,SBV141,SBV142,SBV143,SBV144,SBV145,SBV146,SBV147,SBV148,SBV150,SBV151,SBV152,SBV153,SBV156,SBV157,SBV158,SBV159,SBV160,SBV161,SBV162,SBV163,SBV164,SBV165,SBV166,SBV167,SBV168,SBV169,SBV170,SBV171,SBV172,SBV173,SBV174,SBV175,SBV176,SBV218,SBV234,SBV235,SBV240,SBV257,SBV269,SBV270,SBV271,SBV272,SBV273,SBV274,SBV275,SBV276,SBV277,SBV278,SBV279,SBV280,SBV281,SBV282,SBV283,SBV284,SBV285,SBV286,SBV287,SBV288,SBV289,SBV290,SBV291,SBV292,SBV293,SBV294,SBV295,SBV296,SBV297,SBV298,SBV299,SBV300,SBV301,SBV302,SBV305,SBV306,SBV307,SBV308,SBV310,SBV311,SBV312,SBV313,SBV314,SBV315,SBV316,SBV317,SBV318,SBV319,SBV320,SBV321,SBV322,SBV323,SBV324,SBV325,SBV326,SBV327,SBV328,SBV329,SBV330,SBV331,SBV332,SBV333,SBV334,SBV335,SBV336,SBV337,SBV338,SBV339,SBV340,SBV341,SBV343,SBV344,SBV345,SBV347,SBV348,SBV349,SBV350,SBV351,SBV352,SBV353,SBV354,SBV355,SBV356,SBV357,SBV358,SBV359,SBV361,SBV362,SBV363,SBV364,SBV365,SBV366,SBV367,SBV368,SBV369,SBV370,SBV371,SBV372,SBV373,SBV374,SBV375,SBV376
SBV005,0,37,49,71,56,55,30,36,56,32,34,60,37,60,36,36,36,36,39,39,37,36,38,38,36,37,36,36,36,38,36,38,36,38,38,37,35,38,36,37,37,38,37,37,38,38,37,38,36,41,37,36,37,38,37,38,36,37,36,36,37,39,38,35,39,36,37,38,38,36,36,36,35,37,37,41,39,36,39,37,40,37,41,39,38,36,40,37,37,40,38,37,38,38,39,38,38,38,38,38,38,39,40,38,35,39,39,39,36,38,39,36,40,38,39,40,38,36,38,39,39,40,40,37,40,41,41,38,39,38,40,38,38,38,39,42,36,37,36,37,36,41,36,39,37,41,40,40,40,37,38,40,43,42,43,43,40,38,38,39,42,40,40,40,40,41,42,40,39,39,40,40,41,41,39,36,40,41,42,40,41,45,41,41,41,41,41,39,61,36,41,44,43,37,43,38,41,38,41,41,38,44,38,36,43,38,42,36,35,41,38,36,36,42,40,40,43,43,42,38,39,40,35,42,39,42,42,38,39,39,43,42,42,38,43,43,42,43,43,44,43,42,42,40,43,37,45,39,42
SBV007,37,0,62,84,69,68,15,3,69,5,3,73,6,73,5,1,1,5,4,6,4,1,5,5,3,4,3,3,3,5,3,5,5,3,5,2,2,3,3,6,2,3,4,2,5,3,4,3,3,10,4,3,4,3,4,3,3,4,3,3,4,4,5,4,4,5,2,5,5,3,3,3,4,4,4,6,4,1,6,4,5,4,8,4,5,3,7,4,4,5,5,4,3,5,6,5,5,5,3,5,5,6,7,5,4,6,6,6,3,5,6,3,7,5,6,5,5,3,3,6,6,7,7,4,7,8,6,5,6,5,5,5,5,5,6,7,3,4,3,4,3,6,5,6,4,8,7,5,9,6,5,9,12,11,12,8,7,5,5,6,9,7,9,7,9,8,9,9,8,6,9,7,8,10,6,3,7,8,9,9,8,10,10,10,8,10,6,8,74,5,8,13,10,6,12,7,8,5,8,8,7,11,7,5,10,7,11,3,4,10,7,5,3,11,9,9,12,12,9,5,6,7,4,7,8,11,9,7,6,6,10,9,9,5,10,12,11,10,10,11,12,9,11,9,10,6,14,6,11
SBV010,49,62,0,64,31,44,55,61,31,57,59,35,62,35,61,61,61,61,64,64,62,61,63,63,61,62,61,61,61,63,61,63,61,63,63,62,60,63,61,62,62,63,62,62,63,63,62,63,61,66,62,61,62,63,62,63,61,62,61,61,62,64,63,60,64,61,62,63,63,61,61,61,60,62,62,66,64,61,64,62,65,62,66,64,63,61,65,62,62,65,63,62,63,63,64,63,63,63,63,63,63,64,65,63,60,64,64,64,61,63,64,61,65,63,64,65,63,61,63,64,64,65,65,62,65,66,66,63,64,63,65,63,63,63,64,67,61,62,61,62,61,66,61,64,62,66,65,65,65,62,63,65,68,67,68,68,65,63,63,64,67,65,65,65,65,66,67,65,64,64,65,65,66,66,64,61,65,66,67,65,66,70,66,66,66,66,66,64,36,61,66,69,68,62,68,63,66,63,66,66,63,69,63,61,68,63,67,61,60,66,63,61,61,67,65,65,68,68,67,63,64,65,60,67,64,67,67,63,64,64,68,67,67,63,68,68,67,68,68,69,68,67,67,65,68,62,70,64,67
SBV011,71,84,64,0,71,70,77,83,71,79,81,75,84,75,83,83,83,83,86,86,84,83,85,85,83,84,83,83,83,85,83,85,83,85,85,84,82,85,83,84,84,85,84,84,85,85,84,85,83,88,84,83,84,85,84,85,83,84,83,83,84,86,85,82,86,83,84,85,85,83,83,83,82,84,84,88,86,83,86,84,87,84,88,86,85,83,87,84,84,87,85,84,85,85,86,85,85,85,85,85,85,86,87,85,82,86,86,86,83,85,86,83,87,85,86,87,85,83,85,86,86,87,87,84,87,88,88,85,86,85,87,85,85,85,86,89,83,84,83,84,83,88,83,86,84,88,87,87,87,84,85,87,90,89,90,90,87,85,85,86,89,87,87,87,87,88,89,87,86,86,87,87,88,88,86,83,87,88,89,87,88,92,88,88,88,88,88,86,76,83,88,91,90,84,90,85,88,85,88,88,85,91,85,83,90,85,89,83,82,88,85,83,83,89,87,87,90,90,89,85,86,87,82,89,86,89,89,85,86,86,90,89,89,85,90,90,89,90,90,91,90,89,89,87,90,84,92,86,89
SBV019,56,69,31,71,0,51,62,68,2,64,66,34,69,34,68,68,68,68,71,71,69,68,70,70,68,69,68,68,68,70,68,70,68,70,70,69,67,70,68,69,69,70,69,69,70,70,69,70,68,73,69,68,69,70,69,70,68,69,68,68,69,71,70,67,71,68,69,70,70,68,68,68,67,69,69,73,71,68,71,69,72,69,73,71,70,68,72,69,69,72,70,69,70,70,71,70,70,70,70,70,70,71,72,70,67,71,71,71,68,70,71,68,72,70,71,72,70,68,70,71,71,72,72,69,72,73,73,70,71,70,72,70,70,70,71,74,68,69,68,69,68,73,68,71,69,73,72,72,72,69,70,72,75,74,75,75,72,70,70,71,74,72,72,72,72,73,74,72,71,71,72,72,73,73,71,68,72,73,74,72,73,77,73,73,73,73,73,71,35,68,73,76,75,69,75,70,73,70,73,73,70,76,70,68,75,70,74,68,67,73,70,68,68,74,72,72,75,75,74,70,71,72,67,74,71,74,74,70,71,71,75,74,74,70,75,75,74,75,75,76,75,74,74,72,75,69,77,71,74
SBV021,55,68,44,70,51,0,61,67,51,63,65,55,68,55,67,67,67,67,70,70,68,67,69,69,67,68,67,67,67,69,67,69,67,69,69,68,66,69,67,68,68,69,68,68,69,69,68,69,67,72,68,67,68,69,68,69,67,68,67,67,68,70,69,66,70,67,68,69,69,67,67,67,66,68,68,72,70,67,70,68,71,68,72,70,69,67,71,68,68,71,69,68,69,69,70,69,69,69,69,69,69,70,71,69,66,70,70,70,67,69,70,67,71,69,70,71,69,67,69,70,70,71,71,68,71,72,72,69,70,69,71,69,69,69,70,73,67,68,67,68,67,72,67,70,68,72,71,71,71,68,69,71,74,73,74,74,71,69,69,70,73,71,71,71,71,72,73,71,70,70,71,71,72,72,70,67,71,72,73,71,72,76,72,72,72,72,72,70,56,67,72,75,74,68,74,69,72,69,72,72,69,75,69,67,74,69,73,67,66,72,69,67,67,73,71,71,74,74,73,69,70,71,66,73,70,73,73,69,70,70,74,73,73,69,74,74,73,74,74,75,74,73,73,71,74,68,76,70,73
SBV022,30,15,55,77,62,61,0,14,62,10,12,66,15,66,14,14,14,14,17,17,15,14,16,16,14,15,14,14,14,16,14,16,14,16,16,15,13,16,14,15,15,16,15,15,16,16,15,16,14,19,15,14,15,16,15,16,14,15,14,14,15,17,16,13,17,14,15,16,16,14,14,14,13,15,15,19,17,14,17,15,18,15,19,17,16,14,18,15,15,18,16,15,16,16,17,16,16,16,16,16,16,17,18,16,13,17,17,17,14,16,17,14,18,16,17,18,16,14,16,17,17,18,18,15,18,19,19,16,17,16,18,16,16,16,17,20,14,15,14,15,14,19,14,17,15,19,18,18,18,15,16,18,21,20,21,21,18,16,16,17,20,18,18,18,18,19,20,18,17,17,18,18,19,19,17,14,18,19,20,18,19,23,19,19,19,19,19,17,67,14,19,22,21,15,21,16,19,16,19,19,16,22,16,14,21,16,20,14,13,19,16,14,14,20,18,18,21,21,20,16,17,18,13,20,17,20,20,16,17,17,21,20,20,16,21,21,20,21,21,22,21,20,20,18,21,15,23,17,20
SBV023,36,3,61,83,68,67,14,0,68,4,2,72,5,72,4,2,2,4,5,3,1,2,2,2,0,1,0,0,0,2,0,2,4,4,2,3,1,4,0,5,3,4,1,3,2,4,1,4,0,9,1,0,1,4,1,4,0,1,0,0,1,5,2,3,5,4,3,2,2,0,0,0,3,1,1,7,5,2,3,1,6,1,5,5,2,0,4,1,1,6,2,1,4,2,3,2,2,2,4,2,2,3,4,2,3,3,3,3,0,2,3,0,4,2,3,6,2,0,4,3,3,4,4,1,4,5,7,2,3,2,6,2,2,2,3,8,0,1,0,1,0,7,4,3,1,5,4,6,8,5,2,8,11,10,11,9,4,2,2,3,6,4,8,4,8,5,6,8,7,3,8,4,5,9,3,0,4,5,6,8,5,11,9,9,5,9,7,7,73,4,5,12,7,5,11,6,5,2,5,5,6,8,6,4,7,6,10,0,3,9,6,4,0,10,8,8,11,11,6,2,3,4,3,8,7,10,6,6,3,3,7,6,6,2,7,11,10,7,7,8,11,6,10,8,7,5,13,3,10
SBV024,56,69,31,71,2,51,62,68,0,64,66,34,69,34,68,68,68,68,71,71,69,68,70,70,68,69,68,68,68,70,68,70,68,70,70,69,67,70,68,69,69,70,69,69,70,70,69,70,68,73,69,68,69,70,69,70,68,69,68,68,69,71,70,67,71,68,69,70,70,68,68,68,67,69,69,73,71,68,71,69,72,69,73,71,70,68,72,69,69,72,70,69,70,70,71,70,70,70,70,70,70,71,72,70,67,71,71,71,68,70,71,68,72,70,71,72,70,68,70,71,71,72,72,69,72,73,73,70,71,70,72,70,70,70,71,74,68,69,68,69,68,73,68,71,69,73,72,72,72,69,70,72,75,74,75,75,72,70,70,71,74,72,72,72,72,73,74,72,71,71,72,72,73,73,71,68,72,73,74,72,73,77,73,73,73,73,73,71,35,68,73,76,75,69,75,70,73,70,73,73,70,76,70,68,75,70,74,68,67,73,70,68,68,74,72,72,75,75,74,70,71,72,67,74,71,74,74,70,71,71,75,74,74,70,75,75,74,75,75,76,75,74,74,72,75,69,77,71,74
SBV025,32,5,57,79,64,63,10,4,64,0,2,68,5,68,4,4,4,4,7,7,5,4,6,6,4,5,4,4,4,6,4,6,4,6,6,5,3,6,4,5,5,6,5,5,6,6,5,6,4,9,5,4,5,6,5,6,4,5,4,4,5,7,6,3,7,4,5,6,6,4,4,4,3,5,5,9,7,4,7,5,8,5,9,7,6,4,8,5,5,8,6,5,6,6,7,6,6,6,6,6,6,7,8,6,3,7,7,7,4,6,7,4,8,6,7,8,6,4,6,7,7,8,8,5,8,9,9,6,7,6,8,6,6,6,7,10,4,5,4,5,4,9,4,7,5,9,8,8,8,5,6,8,11,10,11,11,8,6,6,7,10,8,8,8,8,9,10,8,7,7,8,8,9,9,7,4,8,9,10,8,9,13,9,9,9,9,9,7,69,4,9,12,11,5,11,6,9,6,9,9,6,12,6,4,11,6,10,4,3,9,6,4,4,10,8,8,11,11,10,6,7,8,3,10,7,10,10,6,7,7,11,10,10,6,11,11,10,11,11,12,11,10,10,8,11,5,13,7,10
SBV027,34,3,59,81,66,65,12,2,66,2,0,70,3,70,2,2,2,2,5,5,3,2,4,4,2,3,2,2,2,4,2,4,2,4,4,3,1,4,2,3,3,4,3,3,4,4,3,4,2,7,3,2,3,4,3,4,2,3,2,2,3,5,4,1,5,2,3,4,4,2,2,2,1,3,3,7,5,2,5,3,6,3,7,5,4,2,6,3,3,6,4,3,4,4,5,4,4,4,4,4,4,5,6,4,1,5,5,5,2,4,5,2,6,4,5,6,4,2,4,5,5,6,6,3,6,7,7,4,5,4,6,4,4,4,5,8,2,3,2,3,2,7,2,5,3,7,6,6,6,3,4,6,9,8,9,9,6,4,4,5,8,6,6,6,6,7,8,6,5,5,6,6,7,7,5,2,6,7,8,6,7,11,7,7,7,7,7,5,71,2,7,10,9,3,9,4,7,4,7,7,4,10,4,2,9,4,8,2,1,7,4,2,2,8,6,6,9,9,8,4,5,6,1,8,5,8,8,4,5,5,9,8,8,4,9,9,8,9,9,10,9,8,8,6,9,3,11,5,8
SBV029,60,73,35,75,34,55,66,72,34,68,70,0,73,2,72,72,72,72,75,75,73,72,74,74,72,73,72,72,72,74,72,74,72,74,74,73,71,74,72,73,73,74,73,73,74,74,73,74,72,77,73,72,73,74,73,74,72,73,72,72,73,75,74,71,75,72,73,74,74,72,72,72,71,73,73,77,75,72,75,73,76,73,77,75,74,72,76,73,73,76,74,73,74,74,75,74,74,74,74,74,74,75,76,74,71,75,75,75,72,74,75,72,76,74,75,76,74,72,74,75,75,76,76,73,76,77,77,74,75,74,76,74,74,74,75,78,72,73,72,73,72,77,72,75,73,77,76,76,76,73,74,76,79,78,79,79,76,74,74,75,78,76,76,76,76,77,78,76,75,75,76,76,77,77,75,72,76,77,78,76,77,81,77,77,77,77,77,75,13,72,77,80,79,73,79,74,77,74,77,77,74,80,74,72,79,74,78,72,71,77,74,72,72,78,76,76,79,79,78,74,75,76,71,78,75,78,78,74,75,75,79,78,78,74,79,79,78,79,79,80,79,78,78,76,79,73,81,75,78
SBV030,37,6,62,84,69,68,15,5,69,5,3,73,0,73,5,5,5,5,8,8,6,5,7,7,5,6,5,5,5,7,5,7,5,7,7,6,4,7,5,6,6,7,6,6,7,7,6,7,5,8,6,5,6,7,6,7,5,6,5,5,6,8,7,4,8,5,6,7,7,5,5,5,4,6,6,10,8,5,8,6,9,6,10,8,7,5,9,6,6,9,7,6,7,7,8,7,7,7,7,7,7,8,9,7,4,8,8,8,5,7,8,5,9,7,8,9,7,5,7,8,8,9,9,6,9,10,10,7,8,7,9,7,7,7,8,11,5,6,5,6,5,10,5,8,6,10,9,9,9,6,7,9,12,11,12,12,9,7,7,8,11,9,9,9,9,10,11,9,8,8,9,9,10,10,8,5,9,10,11,9,10,14,10,10,10,10,10,8,74,5,10,13,12,6,12,7,10,7,10,10,7,13,7,5,12,7,11,5,4,10,7,5,5,11,9,9,12,12,11,7,8,9,4,11,8,11,11,7,8,8,12,11,11,7,12,12,11,12,12,13,12,11,11,9,12,6,14,8,11
SBV032,60,73,35,75,34,55,66,72,34,68,70,2,73,0,72,72,72,72,75,75,73,72,74,74,72,73,72,72,72,74,72,74,72,74,74,73,71,74,72,73,73,74,73,73,74,74,73,74,72,77,73,72,73,74,73,74,72,73,72,72,73,75,74,71,75,72,73,74,74,72,72,72,71,73,73,77,75,72,75,73,76,73,77,75,74,72,76,73,73,76,74,73,74,74,75,74,74,74,74,74,74,75,76,74,71,75,75,75,72,74,75,72,76,74,75,76,74,72,74,75,75,76,76,73,76,77,77,74,75,74,76,74,74,74,75,78,72,73,72,73,72,77,72,75,73,77,76,76,76,73,74,76,79,78,79,79,76,74,74,75,78,76,76,76,76,77,78,76,75,75,76,76,77,77,75,72,76,77,78,76,77,81,77,77,77,77,77,75,13,72,77,80,79,73,79,74,77,74,77,77,74,80,74,72,79,74,78,72,71,77,74,72,72,78,76,76,79,79,78,74,75,76,71,78,75,78,78,74,75,75,79,78,78,74,79,79,78,79,79,80,79,78,78,76,79,73,81,75,78
SBV033,36,5,61,83,68,67,14,4,68,4,2,72,5,72,0,4,4,4,7,7,5,4,6,6,4,5,4,4,4,6,4,6,4,6,6,5,3,6,4,5,5,6,5,5,6,6,5,6,4,9,5,4,5,6,5,6,4,5,4,4,5,7,6,3,7,4,5,6,6,4,4,4,3,5,5,9,7,4,7,5,8,5,9,7,6,4,8,5,5,8,6,5,6,6,7,6,6,6,6,6,6,7,8,6,3,7,7,7,4,6,7,4,8,6,7,8,6,4,6,7,7,8,8,5,8,9,9,6,7,6,8,6,6,6,7,10,4,5,4,5,4,9,4,7,5,9,8,8,8,5,6,8,11,10,11,11,8,6,6,7,10,8,8,8,8,9,10,8,7,7,8,8,9,9,7,4,8,9,10,8,9,13,9,9,9,9,9,7,73,4,9,12,11,5,11,6,9,6,9,9,6,12,6,4,11,6,10,4,3,9,6,4,4,10,8,8,11,11,10,6,7,8,3,10,7,10,10,6,7,7,11,10,10,6,11,11,10,11,11,12,11,10,10,8,11,5,13,7,10
SBV035,36,1,61,83,68,67,14,2,68,4,2,72,5,72,4,0,0,4,3,5,3,0,4,4,2,3,2,2,2,4,2,4,4,2,4,1,1,2,2,5,1,2,3,1,4,2,3,2,2,9,3,2,3,2,3,2,2,3,2,2,3,3,4,3,3,4,1,4,4,2,2,2,3,3,3,5,3,0,5,3,4,3,7,3,4,2,6,3,3,4,4,3,2,4,5,4,4,4,2,4,4,5,6,4,3,5,5,5,2,4,5,2,6,4,5,4,4,2,2,5,5,6,6,3,6,7,5,4,5,4,4,4,4,4,5,6,2,3,2,3,2,5,4,5,3,7,6,4,8,5,4,8,11,10,11,7,6,4,4,5,8,6,8,6,8,7,8,8,7,5,8,6,7,9,5,2,6,7,8,8,7,9,9,9,7,9,5,7,73,4,7,12,9,5,11,6,7,4,7,7,6,10,6,4,9,6,10,2,3,9,6,4,2,10,8,8,11,11,8,4,5,6,3,6,7,10,8,6,5,5,9,8,8,4,9,11,10,9,9,10,11,8,10,8,9,5,13,5,10
SBV036,36,1,61,83,68,67,14,2,68,4,2,72,5,72,4,0,0,4,3,5,3,0,4,4,2,3,2,2,2,4,2,4,4,2,4,1,1,2,2,5,1,2,3,1,4,2,3,2,2,9,3,2,3,2,3,2,2,3,2,2,3,3,4,3,3,4,1,4,4,2,2,2,3,3,3,5,3,0,5,3,4,3,7,3,4,2,6,3,3,4,4,3,2,4,5,4,4,4,2,4,4,5,6,4,3,5,5,5,2,4,5,2,6,4,5,4,4,2,2,5,5,6,6,3,6,7,5,4,5,4,4,4,4,4,5,6,2,3,2,3,2,5,4,5,3,7,6,4,8,5,4,8,11,10,11,7,6,4,4,5,8,6,8,6,8,7,8,8,7,5,8,6,7,9,5,2,6,7,8,8,7,9,9,9,7,9,5,7,73,4,7,12,9,5,11,6,7,4,7,7,6,10,6,4,9,6,10,2,3,9,6,4,2,10,8,8,11,11,8,4,5,6,3,6,7,10,8,6,5,5,9,8,8,4,9,11,10,9,9,10,11,8,10,8,9,5,13,5,10
SBV037,36,5,61,83,68,67,14,4,68,4,2,72,5,72,4,4,4,0,7,7,5,4,6,6,4,5,4,4,4,6,4,6,4,6,6,5,3,6,4,5,5,6,5,5,6,6,5,6,4,9,5,4,5,6,5,6,4,5,4,4,5,7,6,3,7,4,5,6,6,4,4,4,3,5,5,9,7,4,7,5,8,5,9,7,6,4,8,5,5,8,6,5,6,6,7,6,6,6,6,6,6,7,8,6,3,7,7,7,4,6,7,4,8,6,7,8,6,4,6,7,7,8,8,5,8,9,9,6,7,6,8,6,6,6,7,10,4,5,4,5,4,9,4,7,5,9,8,8,8,5,6,8,11,10,11,11,8,6,6,7,10,8,8,8,8,9,10,8,7,7,8,8,9,9,7,4,8,9,10,8,9,13,9,9,9,9,9,7,73,4,9,12,11,5,11,6,9,6,9,9,6,12,6,4,11,6,10,4,3,9,6,4,4,10,8,8,11,11,10,6,7,8,3,10,7,10,10,6,7,7,11,10,10,6,11,11,10,11,11,12,11,10,10,8,11,5,13,7,10
SBV038,39,4,64,86,71,70,17,5,71,7,5,75,8,75,7,3,3,7,0,8,6,3,7,7,5,6,5,5,5,7,5,7,7,5,7,4,4,5,5,8,4,5,6,4,7,5,6,5,5,12,6,5,6,5,6,5,5,6,5,5,6,6,7,6,6,7,4,7,7,5,5,5,6,6,6,8,6,3,8,6,7,6,10,6,7,5,9,6,6,7,7,6,5,7,8,7,7,7,5,7,7,8,9,7,6,8,8,8,5,7,8,5,9,7,8,7,7,5,5,8,8,9,9,6,9,10,8,7,8,7,7,7,7,7,8,9,5,6,5,6,5,8,7,8,6,10,9,7,11,8,7,11,14,13,14,10,9,7,7,8,11,9,11,9,11,10,11,11,10,8,11,9,10,12,8,5,9,10,11,11,10,12,12,12,10,12,8,10,76,7,10,15,12,8,14,9,10,7,10,10,9,13,9,7,12,9,13,5,6,12,9,7,5,13,11,11,14,14,11,7,8,9,6,9,10,13,11,9,8,8,12,11,11,7,12,14,13,12,12,13,14,11,13,11,12,8,16,8,13
SBV039,39,6,64,86,71,70,17,3,71,7,5,75,8,75,7,5,5,7,8,0,4,5,5,5,3,4,3,3,3,5,3,5,7,7,5,6,4,7,3,8,6,7,4,6,3,7,4,7,3,12,4,3,4,7,4,7,3,4,3,3,4,8,5,6,8,7,6,5,5,3,3,3,6,4,4,10,8,5,6,4,9,4,8,8,5,3,7,4,4,9,5,4,7,5,6,5,5,5,7,5,5,6,7,5,6,6,6,6,3,5,6,3,7,5,6,9,5,3,7,6,6,7,7,4,7,8,10,5,6,5,9,5,5,5,6,11,3,4,3,4,3,10,7,6,4,8,7,9,11,8,5,11,14,13,14,12,7,5,5,6,9,7,11,7,11,8,9,11,10,6,11,7,8,12,6,3,7,8,9,11,8,14,12,12,8,12,10,10,76,7,8,15,10,8,14,9,8,5,8,8,9,11,9,7,10,9,13,3,6,12,9,7,3,13,11,11,14,14,9,5,6,7,6,11,10,13,9,9,6,6,10,9,9,5,10,14,13,10,10,11,14,9,13,11,10,8,16,6,13
SBV041,37,4,62,84,69,68,15,1,69,5,3,73,6,73,5,3,3,5,6,4,0,3,3,3,1,2,1,1,1,3,1,3,5,5,3,4,2,5,1,6,4,5,2,4,3,5,2,5,1,10,2,1,2,5,2,5,1,2,1,1,2,6,3,4,6,5,4,3,3,1,1,1,4,2,2,8,6,3,4,2,7,2,6,6,3,1,5,2,2,7,3,2,5,3,4,3,3,3,5,3,3,4,5,3,4,4,4,4,1,3,4,1,5,3,4,7,3,1,5,4,4,5,5,2,5,6,8,3,4,3,7,3,3,3,4,9,1,2,1,2,1,8,5,4,2,6,5,7,9,6,3,9,12,11,12,10,5,3,3,4,7,5,9,5,9,6,7,9,8,4,9,5,6,10,4,1,5,6,7,9,6,12,10,10,6,10,8,8,74,5,6,13,8,6,12,7,6,3,6,6,7,9,7,5,8,7,11,1,4,10,7,5,1,11,9,9,12,12,7,3,4,5,4,9,8,11,7,7,4,4,8,7,7,3,8,12,11,8,8,9,12,7,11,9,8,6,14,4,11
SBV042,36,1,61,83,68,67,14,2,68,4,2,72,5,72,4,0,0,4,3,5,3,0,4,4,2,3,2,2,2,4,2,4,4,2,4,1,1,2,2,5,1,2,3,1,4,2,3,2,2,9,3,2,3,2,3,2,2,3,2,2,3,3,4,3,3,4,1,4,4,2,2,2,3,3,3,5,3,0,5,3,4,3,7,3,4,2,6,3,3,4,4,3,2,4,5,4,4,4,2,4,4,5,6,4,3,5,5,5,2,4,5,2,6,4,5,4,4,2,2,5,5,6,6,3,6,7,5,4,5,4,4,4,4,4,5,6,2,3,2,3,2,5,4,5,3,7,6,4,8,5,4,8,11,10,11,7,6,4,4,5,8,6,8,6,8,7,8,8,7,5,8,6,7,9,5,2,6,7,8,8,7,9,9,9,7,9,5,7,73,4,7,12,9,5,11,6,7,4,7,7,6,10,6,4,9,6,10,2,3,9,6,4,2,10,8,8,11,11,8,4,5,6,3,6,7,10,8,6,5,5,9,8,8,4,9,11,10,9,9,10,11,8,10,8,9,5,13,5,10
SBV043,38,5,63,85,70,69,16,2,70,6,4,74,7,74,6,4,4,6,7,5,3,4,0,4,2,3,2,2,2,4,2,4,6,6,4,5,3,6,2,7,5,6,3,5,4,6,3,6,2,11,3,2,3,6,3,6,2,3,2,2,3,7,4,5,7,6,5,4,4,2,2,2,5,3,3,9,7,4,5,3,8,3,7,7,4,2,6,3,3,8,4,3,6,4,5,4,4,4,6,4,4,5,6,4,5,5,5,5,2,4,5,2,6,4,5,8,4,2,6,5,5,6,6,3,6,7,9,4,5,4,8,4,4,4,5,10,2,3,2,3,2,9,6,5,3,7,6,8,10,7,4,10,13,12,13,11,6,4,4,5,8,6,10,6,10,7,8,10,9,5,10,6,7,11,5,2,6,7,8,10,7,13,11,11,7,11,9,9,75,6,7,14,9,7,13,8,7,4,7,7,8,10,8,6,9,8,12,2,5,11,8,6,2,12,10,10,13,13,8,4,5,6,5,10,9,12,8,8,5,5,9,8,8,4,9,13,12,9,9,10,13,8,12,10,9,7,15,5,12
SBV044,38,5,63,85,70,69,16,2,70,6,4,74,7,74,6,4,4,6,7,5,3,4,4,0,2,3,2,2,2,4,2,4,6,6,4,5,3,6,2,7,5,6,3,5,4,6,3,6,2,11,3,2,3,6,3,6,2,3,2,2,3,7,4,5,7,6,5,4,4,2,2,2,5,3,3,9,7,4,5,3,8,3,7,7,4,2,6,3,3,8,4,3,6,4,5,4,4,4,6,4,4,5,6,4,5,5,5,5,2,4,5,2,6,4,5,8,4,2,6,5,5,6,6,3,6,7,9,4,5,4,8,4,4,4,5,10,2,3,2,3,2,9,6,5,3,7,6,8,10,7,4,10,13,12,13,11,6,4,4,5,8,6,10,6,10,7,8,10,9,5,10,6,7,11,5,2,6,7,8,10,7,13,11,11,7,11,9,9,75,6,7,14,9,7,13,8,7,4,7,7,8,10,8,6,9,8,12,2,5,11,8,6,2,12,10,10,13,13,8,4,5,6,5,10,9,12,8,8,5,5,9,8,8,4,9,13,12,9,9,10,13,8,12,10,9,7,15,5,12
SBV045,36,3,61,83,68,67,14,0,68,4,2,72,5,72,4,2,2,4,5,3,1,2,2,2,0,1,0,0,0,2,0,2,4,4,2,3,1,4,0,5,3,4,1,3,2,4,1,4,0,9,1,0,1,4,1,4,0,1,0,0,1,5,2,3,5,4,3,2,2,0,0,0,3,1,1,7,5,2,3,1,6,1,5,5,2,0,4,1,1,6,2,1,4,2,3,2,2,2,4,2,2,3,4,2,3,3,3,3,0,2,3,0,4,2,3,6,2,0,4,3,3,4,4,1,4,5,7,2,3,2,6,2,2,2,3,8,0,1,0,1,0,7,4,3,1,5,4,6,8,5,2,8,11,10,11,9,4,2,2,3,6,4,8,4,8,5,6,8,7,3,8,4,5,9,3,0,4,5,6,8,5,11,9,9,5,9,7,7,73,4,5,12,7,5,11,6,5,2,5,5,6,8,6,4,7,6,10,0,3,9,6,4,0,10,8,8,11,11,6,2,3,4,3,8,7,10,6,6,3,3,7,6,6,2,7,11,10,7,7,8,11,6,10,8,7,5,13,3,10
SBV046,37,4,62,84,69,68,15,1,69,5,3,73,6,73,5,3,3,5,6,4,2,3,3,3,1,0,1,1,1,3,1,1,5,5,1,4,2,5,1,6,4,5,2,4,3,5,2,5,1,10,2,1,0,5,2,5,1,2,1,1,2,6,3,4,6,5,4,3,3,1,1,1,4,2,2,8,6,3,4,2,7,2,6,6,3,1,5,2,2,7,3,2,5,3,4,3,3,3,5,3,3,4,5,1,4,4,4,4,1,3,4,1,5,3,4,7,3,1,5,4,4,5,5,2,5,6,8,3,4,3,7,3,3,3,4,9,1,2,1,2,1,8,5,4,2,6,5,7,9,6,3,9,12,11,12,10,5,3,3,4,7,5,9,5,9,6,7,9,8,4,9,5,6,10,4,1,5,6,7,9,6,12,10,10,6,10,8,8,74,5,6,13,8,6,12,7,6,3,6,6,7,9,7,5,8,7,11,1,4,10,7,5,1,11,9,9,12,12,7,3,4,5,4,9,8,11,7,7,4,4,8,7,7,3,8,12,11,8,8,9,12,7,11,9,8,6,14,4,11
SBV047,36,3,61,83,68,67,14,0,68,4,2,72,5,72,4,2,2,4,5,3,1,2,2,2,0,1,0,0,0,2,0,2,4,4,2,3,1,4,0,5,3,4,1,3,2,4,1,4,0,9,1,0,1,4,1,4,0,1,0,0,1,5,2,3,5,4,3,2,2,0,0,0,3,1,1,7,5,2,3,1,6,1,5,5,2,0,4,1,1,6,2,1,4,2,3,2,2,2,4,2,2,3,4,2,3,3,3,3,0,2,3,0,4,2,3,6,2,0,4,3,3,4,4,1,4,5,7,2,3,2,6,2,2,2,3,8,0,1,0,1,0,7,4,3,1,5,4,6,8,5,2,8,11,10,11,9,4,2,2,3,6,4,8,4,8,5,6,8,7,3,8,4,5,9,3,0,4,5,6,8,5,11,9,9,5,9,7,7,73,4,5,12,7,5,11,6,5,2,5,5,6,8,6,4,7,6,10,0,3,9,6,4,0,10,8,8,11,11,6,2,3,4,3,8,7,10,6,6,3,3,7,6,6,2,7,11,10,7,7,8,11,6,10,8,7,5,13,3,10
SBV048,36,3,61,83,68,67,14,0,68,4,2,72,5,72,4,2,2,4,5,3,1,2,2,2,0,1,0,0,0,2,0,2,4,4,2,3,1,4,0,5,3,4,1,3,2,4,1,4,0,9,1,0,1,4,1,4,0,1,0,0,1,5,2,3,5,4,3,2,2,0,0,0,3,1,1,7,5,2,3,1,6,1,5,5,2,0,4,1,1,6,2,1,4,2,3,2,2,2,4,2,2,3,4,2,3,3,3,3,0,2,3,0,4,2,3,6,2,0,4,3,3,4,4,1,4,5,7,2,3,2,6,2,2,2,3,8,0,1,0,1,0,7,4,3,1,5,4,6,8,5,2,8,11,10,11,9,4,2,2,3,6,4,8,4,8,5,6,8,7,3,8,4,5,9,3,0,4,5,6,8,5,11,9,9,5,9,7,7,73,4,5,12,7,5,11,6,5,2,5,5,6,8,6,4,7,6,10,0,3,9,6,4,0,10,8,8,11,11,6,2,3,4,3,8,7,10,6,6,3,3,7,6,6,2,7,11,10,7,7,8,11,6,10,8,7,5,13,3,10
SBV049,36,3,61,83,68,67,14,0,68,4,2,72,5,72,4,2,2,4,5,3,1,2,2,2,0,1,0,0,0,2,0,2,4,4,2,3,1,4,0,5,3,4,1,3,2,4,1,4,0,9,1,0,1,4,1,4,0,1,0,0,1,5,2,3,5,4,3,2,2,0,0,0,3,1,1,7,5,2,3,1,6,1,5,5,2,0,4,1,1,6,2,1,4,2,3,2,2,2,4,2,2,3,4,2,3,3,3,3,0,2,3,0,4,2,3,6,2,0,4,3,3,4,4,1,4,5,7,2,3,2,6,2,2,2,3,8,0,1,0,1,0,7,4,3,1,5,4,6,8,5,2,8,11,10,11,9,4,2,2,3,6,4,8,4,8,5,6,8,7,3,8,4,5,9,3,0,4,5,6,8,5,11,9,9,5,9,7,7,73,4,5,12,7,5,11,6,5,2,5,5,6,8,6,4,7,6,10,0,3,9,6,4,0,10,8,8,11,11,6,2,3,4,3,8,7,10,6,6,3,3,7,6,6,2,7,11,10,7,7,8,11,6,10,8,7,5,13,3,10
SBV050,38,5,63,85,70,69,16,2,70,6,4,74,7,74,6,4,4,6,7,5,3,4,4,4,2,3,2,2,2,0,2,4,6,6,4,5,3,6,2,7,5,6,3,5,4,6,3,6,2,11,3,2,3,6,3,6,2,3,2,2,3,7,4,5,7,6,5,4,2,2,2,2,5,3,3,9,7,4,5,3,8,3,7,7,4,2,6,3,3,8,4,3,6,4,5,4,4,4,6,4,4,5,6,4,5,5,5,5,2,4,5,2,6,4,5,8,4,2,6,5,5,6,6,3,6,7,9,4,5,4,8,4,4,4,5,10,2,3,2,3,2,9,6,5,3,7,6,8,10,7,4,10,13,12,13,11,6,4,4,5,8,6,10,6,10,7,8,10,9,5,10,6,7,11,5,2,6,7,8,10,7,13,11,11,7,11,9,9,75,6,7,14,9,7,13,8,7,4,7,7,8,10,8,6,9,8,12,2,5,11,8,6,2,12,10,10,13,13,8,4,5,6,5,10,9,12,8,8,5,5,9,8,8,4,9,13,12,9,9,10,13,8,12,10,9,7,15,5,12
SBV051,36,3,61,83,68,67,14,0,68,4,2,72,5,72,4,2,2,4,5,3,1,2,2,2,0,1,0,0,0,2,0,2,4,4,2,3,1,4,0,5,3,4,1,3,2,4,1,4,0,9,1,0,1,4,1,4,0,1,0,0,1,5,2,3,5,4,3,2,2,0,0,0,3,1,1,7,5,2,3,1,6,1,5,5,2,0,4,1,1,6,2,1,4,2,3,2,2,2,4,2,2,3,4,2,3,3,3,3,0,2,3,0,4,2,3,6,2,0,4,3,3,4,4,1,4,5,7,2,3,2,6,2,2,2,3,8,0,1,0,1,0,7,4,3,1,5,4,6,8,5,2,8,11,10,11,9,4,2,2,3,6,4,8,4,8,5,6,8,7,3,8,4,5,9,3,0,4,5,6,8,5,11,9,9,5,9,7,7,73,4,5,12,7,5,11,6,5,2,5,5,6,8,6,4,7,6,10,0,3,9,6,4,0,10,8,8,11,11,6,2,3,4,3,8,7,10,6,6,3,3,7,6,6,2,7,11,10,7,7,8,11,6,10,8,7,5,13,3,10
SBV052,38,5,63,85,70,69,16,2,70,6,4,74,7,74,6,4,4,6,7,5,3,4,4,4,2,1,2,2,2,4,2,0,6,6,0,5,3,6,2,7,5,6,3,5,4,6,3,6,2,11,3,2,1,6,3,6,2,3,2,2,3,7,4,5,7,6,5,4,4,2,2,2,5,3,3,9,7,4,5,3,8,3,7,7,4,2,6,3,3,8,4,3,6,4,5,4,4,4,6,4,4,5,6,2,5,5,5,5,2,4,5,2,6,4,5,8,4,2,6,5,5,6,6,3,6,7,9,4,5,4,8,4,4,4,5,10,2,3,2,3,2,9,6,5,3,7,6,8,10,7,4,10,13,12,13,11,6,4,4,5,8,6,10,6,10,7,8,10,9,5,10,6,7,11,5,2,6,7,8,10,7,13,11,11,7,11,9,9,75,6,7,14,9,7,13,8,7,4,7,7,8,10,8,6,9,8,12,2,5,11,8,6,2,12,10,10,13,13,8,4,5,6,5,10,9,12,8,8,5,5,9,8,8,4,9,13,12,9,9,10,13,8,12,10,9,7,15,5,12
SBV053,36,5,61,83,68,67,14,4,68,4,2,72,5,72,4,4,4,4,7,7,5,4,6,6,4,5,4,4,4,6,4,6,0,6,6,5,3,6,4,5,5,6,5,5,6,6,5,6,4,9,5,4,5,6,5,6,4,5,4,4,5,7,6,3,7,4,5,6,6,4,4,4,3,5,5,9,7,4,7,5,8,5,9,7,6,4,8,5,5,8,6,5,6,6,7,6,6,6,6,6,6,7,8,6,3,7,7,7,4,6,7,4,8,6,7,8,6,4,6,7,7,8,8,5,8,9,9,6,7,6,8,6,6,6,7,10,4,5,4,5,4,9,4,7,5,9,8,8,8,5,6,8,11,10,11,11,8,6,6,7,10,8,8,8,8,9,10,8,7,7,8,8,9,9,7,4,8,9,10,8,9,13,9,9,9,9,9,7,73,4,9,12,11,5,11,6,9,6,9,9,6,12,6,4,11,6,10,4,3,9,6,4,4,10,8,8,11,11,10,6,7,8,3,10,7,10,10,6,7,7,11,10,10,6,11,11,10,11,11,12,11,10,10,8,11,5,13,7,10
SBV054,38,3,63,85,70,69,16,4,70,6,4,74,7,74,6,2,2,6,5,7,5,2,6,6,4,5,4,4,4,6,4,6,6,0,6,1,3,2,4,7,1,2,5,1,6,2,5,2,4,11,5,4,5,4,5,2,4,5,4,4,5,3,6,5,3,6,3,6,6,4,4,4,5,5,5,5,3,2,7,5,4,5,9,3,6,4,8,5,5,4,6,5,2,6,7,6,6,6,2,6,6,7,8,6,5,7,7,7,4,6,7,4,8,6,7,4,6,4,2,7,7,8,8,5,8,9,5,6,7,6,4,6,6,6,7,8,4,5,4,5,4,7,6,7,5,9,8,4,10,7,6,10,13,12,13,7,8,6,6,7,10,8,10,8,10,9,10,10,9,7,10,8,9,11,7,4,8,9,10,10,9,9,11,11,9,11,5,9,75,6,9,14,11,7,13,8,9,6,9,9,8,12,8,6,11,8,12,4,5,11,8,6,4,12,10,10,13,13,10,6,7,8,5,6,9,12,10,8,7,7,11,10,10,6,11,13,12,11,11,12,13,10,12,10,11,7,15,7,12
SBV055,38,5,63,85,70,69,16,2,70,6,4,74,7,74,6,4,4,6,7,5,3,4,4,4,2,1,2,2,2,4,2,0,6,6,0,5,3,6,2,7,5,6,3,5,4,6,3,6,2,11,3,2,1,6,3,6,2,3,2,2,3,7,4,5,7,6,5,4,4,2,2,2,5,3,3,9,7,4,5,3,8,3,7,7,4,2,6,3,3,8,4,3,6,4,5,4,4,4,6,4,4,5,6,2,5,5,5,5,2,4,5,2,6,4,5,8,4,2,6,5,5,6,6,3,6,7,9,4,5,4,8,4,4,4,5,10,2,3,2,3,2,9,6,5,3,7,6,8,10,7,4,10,13,12,13,11,6,4,4,5,8,6,10,6,10,7,8,10,9,5,10,6,7,11,5,2,6,7,8,10,7,13,11,11,7,11,9,9,75,6,7,14,9,7,13,8,7,4,7,7,8,10,8,6,9,8,12,2,5,11,8,6,2,12,10,10,13,13,8,4,5,6,5,10,9,12,8,8,5,5,9,8,8,4,9,13,12,9,9,10,13,8,12,10,9,7,15,5,12
SBV056,37,2,62,84,69,68,15,3,69,5,3,73,6,73,5,1,1,5,4,6,4,1,5,5,3,4,3,3,3,5,3,5,5,1,5,0,2,1,3,6,0,1,4,0,5,1,4,1,3,10,4,3,4,3,4,1,3,4,3,3,4,2,5,4,2,5,2,5,5,3,3,3,4,4,4,4,2,1,6,4,3,4,8,2,5,3,7,4,4,3,5,4,1,5,6,5,5,5,1,5,5,6,7,5,4,6,6,6,3,5,6,3,7,5,6,3,5,3,1,6,6,7,7,4,7,8,4,5,6,5,3,5,5,5,6,7,3,4,3,4,3,6,5,6,4,8,7,3,9,6,5,9,12,11,12,6,7,5,5,6,9,7,9,7,9,8,9,9,8,6,9,7,8,10,6,3,7,8,9,9,8,8,10,10,8,10,4,8,74,5,8,13,10,6,12,7,8,5,8,8,7,11,7,5,10,7,11,3,4,10,7,5,3,11,9,9,12,12,9,5,6,7,4,5,8,11,9,7,6,6,10,9,9,5,10,12,11,10,10,11,12,9,11,9,10,6,14,6,11
SBV057,35,2,60,82,67,66,13,1,67,3,1,71,4,71,3,1,1,3,4,4,2,1,3,3,1,2,1,1,1,3,1,3,3,3,3,2,0,3,1,4,2,3,2,2,3,3,2,3,1,8,2,1,2,3,2,3,1,2,1,1,2,4,3,2,4,3,2,3,3,1,1,1,2,2,2,6,4,1,4,2,5,2,6,4,3,1,5,2,2,5,3,2,3,3,4,3,3,3,3,3,3,4,5,3,2,4,4,4,1,3,4,1,5,3,4,5,3,1,3,4,4,5,5,2,5,6,6,3,4,3,5,3,3,3,4,7,1,2,1,2,1,6,3,4,2,6,5,5,7,4,3,7,10,9,10,8,5,3,3,4,7,5,7,5,7,6,7,7,6,4,7,5,6,8,4,1,5,6,7,7,6,10,8,8,6,8,6,6,72,3,6,11,8,4,10,5,6,3,6,6,5,9,5,3,8,5,9,1,2,8,5,3,1,9,7,7,10,10,7,3,4,5,2,7,6,9,7,5,4,4,8,7,7,3,8,10,9,8,8,9,10,7,9,7,8,4,12,4,9
SBV058,38,3,63,85,70,69,16,4,70,6,4,74,7,74,6,2,2,6,5,7,5,2,6,6,4,5,4,4,4,6,4,6,6,2,6,1,3,0,4,7,1,2,5,1,6,2,5,0,4,11,5,4,5,4,5,0,4,5,4,4,5,1,6,5,1,6,3,6,6,4,4,4,5,5,5,3,3,2,7,5,4,5,9,1,6,4,8,5,5,4,6,5,2,6,7,6,6,6,2,6,6,7,8,6,5,7,7,7,4,6,7,4,8,6,7,4,6,4,2,7,7,8,8,5,8,9,3,6,7,6,2,6,6,6,7,8,4,5,4,5,4,7,6,7,5,9,8,2,10,7,6,10,13,12,13,5,8,6,6,7,10,8,10,8,10,9,10,10,9,7,10,8,9,11,7,4,8,9,10,10,9,7,11,11,9,11,3,9,75,6,9,14,11,7,13,8,9,6,9,9,8,12,8,6,11,8,12,4,5,11,8,6,4,12,10,10,13,13,10,6,7,8,5,4,9,12,10,8,7,7,11,10,10,6,11,13,12,11,11,12,13,10,12,10,11,7,15,7,12
SBV059,36,3,61,83,68,67,14,0,68,4,2,72,5,72,4,2,2,4,5,3,1,2,2,2,0,1,0,0,0,2,0,2,4,4,2,3,1,4,0,5,3,4,1,3,2,4,1,4,0,9,1,0,1,4,1,4,0,1,0,0,1,5,2,3,5,4,3,2,2,0,0,0,3,1,1,7,5,2,3,1,6,1,5,5,2,0,4,1,1,6,2,1,4,2,3,2,2,2,4,2,2,3,4,2,3,3,3,3,0,2,3,0,4,2,3,6,2,0,4,3,3,4,4,1,4,5,7,2,3,2,6,2,2,2,3,8,0,1,0,1,0,7,4,3,1,5,4,6,8,5,2,8,11,10,11,9,4,2,2,3,6,4,8,4,8,5,6,8,7,3,8,4,5,9,3,0,4,5,6,8,5,11,9,9,5,9,7,7,73,4,5,12,7,5,11,6,5,2,5,5,6,8,6,4,7,6,10,0,3,9,6,4,0,10,8,8,11,11,6,2,3,4,3,8,7,10,6,6,3,3,7,6,6,2,7,11,10,7,7,8,11,6,10,8,7,5,13,3,10
SBV060,37,6,62,84,69,68,15,5,69,5,3,73,6,73,5,5,5,5,8,8,6,5,7,7,5,6,5,5,5,7,5,7,5,7,7,6,4,7,5,0,6,7,6,6,7,7,6,7,5,10,6,5,6,7,6,7,5,6,5,5,6,8,7,4,8,5,6,7,7,5,5,5,4,6,6,10,8,5,8,6,9,6,10,8,7,5,9,6,6,9,7,6,7,7,8,7,7,7,7,7,7,8,9,7,4,8,8,8,5,7,8,5,9,7,8,9,7,5,7,8,8,9,9,6,9,10,10,7,8,7,9,7,7,7,8,11,5,6,5,6,5,10,5,8,6,10,9,9,9,6,7,9,12,11,12,12,9,7,7,8,11,9,9,9,9,10,11,9,8,8,9,9,10,10,8,5,9,10,11,9,10,14,10,10,10,10,10,8,74,5,10,13,12,6,12,7,10,7,10,10,7,13,7,5,12,7,11,5,4,10,7,5,5,11,9,9,12,12,11,7,8,9,4,11,8,11,11,7,8,8,12,11,11,7,12,12,11,12,12,13,12,11,11,9,12,2,14,8,11
SBV061,37,2,62,84,69,68,15,3,69,5,3,73,6,73,5,1,1,5,4,6,4,1,5,5,3,4,3,3,3,5,3,5,5,1,5,0,2,1,3,6,0,1,4,0,5,1,4,1,3,10,4,3,4,3,4,1,3,4,3,3,4,2,5,4,2,5,2,5,5,3,3,3,4,4,4,4,2,1,6,4,3,4,8,2,5,3,7,4,4,3,5,4,1,5,6,5,5,5,1,5,5,6,7,5,4,6,6,6,3,5,6,3,7,5,6,3,5,3,1,6,6,7,7,4,7,8,4,5,6,5,3,5,5,5,6,7,3,4,3,4,3,6,5,6,4,8,7,3,9,6,5,9,12,11,12,6,7,5,5,6,9,7,9,7,9,8,9,9,8,6,9,7,8,10,6,3,7,8,9,9,8,8,10,10,8,10,4,8,74,5,8,13,10,6,12,7,8,5,8,8,7,11,7,5,10,7,11,3,4,10,7,5,3,11,9,9,12,12,9,5,6,7,4,5,8,11,9,7,6,6,10,9,9,5,10,12,11,10,10,11,12,9,11,9,10,6,14,6,11
SBV062,38,3,63,85,70,69,16,4,70,6,4,74,7,74,6,2,2,6,5,7,5,2,6,6,4,5,4,4,4,6,4,6,6,2,6,1,3,2,4,7,1,0,5,1,6,2,5,2,4,11,5,4,5,4,5,2,4,5,4,4,5,3,6,5,3,6,3,6,6,4,4,4,5,5,5,5,3,2,7,5,4,5,9,3,6,4,8,5,5,4,6,5,2,6,7,6,6,6,2,6,6,7,8,6,5,7,7,7,4,6,7,4,8,6,7,4,6,4,2,7,7,8,8,5,8,9,5,6,7,6,4,6,6,6,7,8,4,5,4,5,4,7,6,7,5,9,8,4,10,7,6,10,13,12,13,7,8,6,6,7,10,8,10,8,10,9,10,10,9,7,10,8,9,11,7,4,8,9,10,10,9,9,11,11,9,11,5,9,75,6,9,14,11,7,13,8,9,6,9,9,8,12,8,6,11,8,12,4,5,11,8,6,4,12,10,10,13,13,10,6,7,8,5,6,9,12,10,8,7,7,11,10,10,6,11,13,12,11,11,12,13,10,12,10,11,7,15,7,12
SBV063,37,4,62,84,69,68,15,1,69,5,3,73,6,73,5,3,3,5,6,4,2,3,3,3,1,2,1,1,1,3,1,3,5,5,3,4,2,5,1,6,4,5,0,4,3,5,2,5,1,10,2,1,2,5,2,5,1,2,1,1,2,6,3,4,6,5,4,3,3,1,1,1,4,2,2,8,6,3,4,2,7,2,6,6,3,1,5,2,2,7,3,2,5,3,4,3,3,3,5,3,3,4,5,3,4,4,4,4,1,3,4,1,5,3,4,7,3,1,5,4,4,5,5,2,5,6,8,3,4,3,7,3,3,3,4,9,1,2,1,2,1,8,5,4,2,6,5,7,9,6,3,9,12,11,12,10,5,3,3,4,7,5,9,5,9,6,7,9,8,4,9,5,6,10,4,1,5,6,7,9,6,12,10,10,6,10,8,8,74,5,6,13,8,6,12,7,6,3,6,6,7,9,7,5,8,7,11,1,4,10,7,5,1,11,9,9,12,12,7,3,4,5,4,9,8,11,7,7,4,4,8,7,7,3,8,12,11,8,8,9,12,7,11,9,8,6,14,4,11
SBV064,37,2,62,84,69,68,15,3,69,5,3,73,6,73,5,1,1,5,4,6,4,1,5,5,3,4,3,3,3,5,3,5,5,1,5,0,2,1,3,6,0,1,4,0,5,1,4,1,3,10,4,3,4,3,4,1,3,4,3,3,4,2,5,4,2,5,2,5,5,3,3,3,4,4,4,4,2,1,6,4,3,4,8,2,5,3,7,4,4,3,5,4,1,5,6,5,5,5,1,5,5,6,7,5,4,6,6,6,3,5,6,3,7,5,6,3,5,3,1,6,6,7,7,4,7,8,4,5,6,5,3,5,5,5,6,7,3,4,3,4,3,6,5,6,4,8,7,3,9,6,5,9,12,11,12,6,7,5,5,6,9,7,9,7,9,8,9,9,8,6,9,7,8,10,6,3,7,8,9,9,8,8,10,10,8,10,4,8,74,5,8,13,10,6,12,7,8,5,8,8,7,11,7,5,10,7,11,3,4,10,7,5,3,11,9,9,12,12,9,5,6,7,4,5,8,11,9,7,6,6,10,9,9,5,10,12,11,10,10,11,12,9,11,9,10,6,14,6,11
SBV067,38,5,63,85,70,69,16,2,70,6,4,74,7,74,6,4,4,6,7,3,3,4,4,4,2,3,2,2,2,4,2,4,6,6,4,5,3,6,2,7,5,6,3,5,0,6,3,6,2,11,3,2,3,6,3,6,2,3,2,2,3,7,4,5,7,6,5,4,4,2,2,2,5,3,3,9,7,4,5,3,8,3,7,7,4,2,6,3,3,8,4,3,6,4,5,4,4,4,6,4,4,5,6,4,5,5,5,5,2,4,5,2,6,4,5,8,4,2,6,5,5,6,6,3,6,7,9,4,5,4,8,4,4,4,5,10,2,3,2,3,2,9,6,5,3,7,6,8,10,7,4,10,13,12,13,11,6,4,4,5,8,6,10,6,10,7,8,10,9,5,10,6,7,11,5,2,6,7,8,10,7,13,11,11,7,11,9,9,75,6,7,14,9,7,13,8,7,4,7,7,8,10,8,6,9,8,12,2,5,11,8,6,2,12,10,10,13,13,8,4,5,6,5,10,9,12,8,8,5,5,9,8,8,4,9,13,12,9,9,10,13,8,12,10,9,7,15,5,12
SBV068,38,3,63,85,70,69,16,4,70,6,4,74,7,74,6,2,2,6,5,7,5,2,6,6,4,5,4,4,4,6,4,6,6,2,6,1,3,2,4,7,1,2,5,1,6,0,5,2,4,11,5,4,5,4,5,2,4,5,4,4,5,3,6,5,3,6,3,6,6,4,4,4,5,5,5,5,3,2,7,5,4,5,9,3,6,4,8,5,5,4,6,5,2,6,7,6,6,6,2,6,6,7,8,6,5,7,7,7,4,6,7,4,8,6,7,4,6,4,2,7,7,8,8,5,8,9,5,6,7,6,4,6,6,6,7,8,4,5,4,5,4,7,6,7,5,9,8,4,10,7,6,10,13,12,13,7,8,6,6,7,10,8,10,8,10,9,10,10,9,7,10,8,9,11,7,4,8,9,10,10,9,9,11,11,9,11,5,9,75,6,9,14,11,7,13,8,9,6,9,9,8,12,8,6,11,8,12,4,5,11,8,6,4,12,10,10,13,13,10,6,7,8,5,6,9,12,10,8,7,7,11,10,10,6,11,13,12,11,11,12,13,10,12,10,11,7,15,7,12
SBV069,37,4,62,84,69,68,15,1,69,5,3,73,6,73,5,3,3,5,6,4,2,3,3,3,1,2,1,1,1,3,1,3,5,5,3,4,2,5,1,6,4,5,2,4,3,5,0,5,1,10,2,1,2,5,0,5,1,0,1,1,2,6,3,4,6,5,4,3,3,1,1,1,4,2,0,8,6,3,2,0,7,0,4,6,1,1,5,2,2,7,1,2,5,1,2,1,1,1,5,1,1,4,3,3,4,2,2,4,1,3,4,1,5,3,2,7,1,1,5,4,2,5,5,2,5,4,8,3,2,3,7,1,1,1,4,9,1,2,1,2,1,8,5,4,2,4,3,7,9,6,3,9,12,11,12,10,3,1,1,4,7,5,9,3,9,4,7,9,8,4,9,3,4,10,2,1,5,4,5,9,6,12,10,10,4,10,8,8,74,5,6,13,8,6,12,7,4,3,6,4,7,7,7,5,6,7,11,1,4,10,7,5,1,11,9,9,12,12,5,1,4,3,4,9,8,11,5,7,2,4,6,7,7,1,6,12,11,6,8,9,12,5,11,9,6,6,14,2,11
SBV070,38,3,63,85,70,69,16,4,70,6,4,74,7,74,6,2,2,6,5,7,5,2,6,6,4,5,4,4,4,6,4,6,6,2,6,1,3,0,4,7,1,2,5,1,6,2,5,0,4,11,5,4,5,4,5,0,4,5,4,4,5,1,6,5,1,6,3,6,6,4,4,4,5,5,5,3,3,2,7,5,4,5,9,1,6,4,8,5,5,4,6,5,2,6,7,6,6,6,2,6,6,7,8,6,5,7,7,7,4,6,7,4,8,6,7,4,6,4,2,7,7,8,8,5,8,9,3,6,7,6,2,6,6,6,7,8,4,5,4,5,4,7,6,7,5,9,8,2,10,7,6,10,13,12,13,5,8,6,6,7,10,8,10,8,10,9,10,10,9,7,10,8,9,11,7,4,8,9,10,10,9,7,11,11,9,11,3,9,75,6,9,14,11,7,13,8,9,6,9,9,8,12,8,6,11,8,12,4,5,11,8,6,4,12,10,10,13,13,10,6,7,8,5,4,9,12,10,8,7,7,11,10,10,6,11,13,12,11,11,12,13,10,12,10,11,7,15,7,12
SBV071,36,3,61,83,68,67,14,0,68,4,2,72,5,72,4,2,2,4,5,3,1,2,2,2,0,1,0,0,0,2,0,2,4,4,2,3,1,4,0,5,3,4,1,3,2,4,1,4,0,9,1,0,1,4,1,4,0,1,0,0,1,5,2,3,5,4,3,2,2,0,0,0,3,1,1,7,5,2,3,1,6,1,5,5,2,0,4,1,1,6,2,1,4,2,3,2,2,2,4,2,2,3,4,2,3,3,3,3,0,2,3,0,4,2,3,6,2,0,4,3,3,4,4,1,4,5,7,2,3,2,6,2,2,2,3,8,0,1,0,1,0,7,4,3,1,5,4,6,8,5,2,8,11,10,11,9,4,2,2,3,6,4,8,4,8,5,6,8,7,3,8,4,5,9,3,0,4,5,6,8,5,11,9,9,5,9,7,7,73,4,5,12,7,5,11,6,5,2,5,5,6,8,6,4,7,6,10,0,3,9,6,4,0,10,8,8,11,11,6,2,3,4,3,8,7,10,6,6,3,3,7,6,6,2,7,11,10,7,7,8,11,6,10,8,7,5,13,3,10
SBV072,41,10,66,88,73,72,19,9,73,9,7,77,8,77,9,9,9,9,12,12,10,9,11,11,9,10,9,9,9,11,9,11,9,11,11,10,8,11,9,10,10,11,10,10,11,11,10,11,9,0,10,9,10,11,10,11,9,10,9,9,10,12,11,8,12,9,10,11,11,9,9,9,8,10,10,14,12,9,12,10,13,10,14,12,11,9,13,10,10,13,11,10,11,11,12,11,11,11,11,11,11,12,13,11,8,12,12,12,9,11,12,9,13,11,12,13,11,9,11,12,12,13,13,10,13,14,14,11,12,11,13,11,11,11,12,15,9,10,9,10,9,14,9,12,10,14,13,13,13,10,11,13,16,15,16,16,13,11,11,12,15,13,13,13,13,14,15,13,12,12,13,13,14,14,12,9,13,14,15,13,14,18,14,14,14,14,14,12,78,9,14,17,16,10,16,11,14,11,14,14,11,17,11,9,16,11,15,9,8,14,11,9,9,15,13,13,16,16,15,11,12,13,8,15,12,15,15,11,12,12,16,15,15,11,16,16,15,16,16,17,16,15,15,13,16,10,18,12,15
SBV075,37,4,62,84,69,68,15,1,69,5,3,73,6,73,5,3,3,5,6,4,2,3,3,3,1,2,1,1,1,3,1,3,5,5,3,4,2,5,1,6,4,5,2,4,3,5,2,5,1,10,0,1,2,5,2,5,1,2,1,1,2,6,3,4,6,5,4,3,3,1,1,1,4,2,2,8,6,3,4,2,7,2,6,6,3,1,5,2,2,7,3,2,5,3,4,3,3,3,5,3,3,4,5,3,4,4,4,4,1,3,4,1,5,3,4,7,3,1,5,4,4,5,5,2,5,6,8,3,4,3,7,3,3,3,4,9,1,2,1,2,1,8,5,4,2,6,5,7,9,6,3,9,12,11,12,10,5,3,3,4,7,5,9,5,9,6,7,9,8,4,9,5,6,10,4,1,5,6,7,9,6,12,10,10,6,10,8,8,74,5,6,13,8,6,12,7,6,3,6,6,7,9,7,5,8,7,11,1,4,10,7,5,1,11,9,9,12,12,7,3,4,5,4,9,8,11,7,7,4,4,8,7,7,3,8,12,11,8,8,9,12,7,11,9,8,6,14,4,11
SBV076,36,3,61,83,68,67,14,0,68,4,2,72,5,72,4,2,2,4,5,3,1,2,2,2,0,1,0,0,0,2,0,2,4,4,2,3,1,4,0,5,3,4,1,3,2,4,1,4,0,9,1,0,1,4,1,4,0,1,0,0,1,5,2,3,5,4,3,2,2,0,0,0,3,1,1,7,5,2,3,1,6,1,5,5,2,0,4,1,1,6,2,1,4,2,3,2,2,2,4,2,2,3,4,2,3,3,3,3,0,2,3,0,4,2,3,6,2,0,4,3,3,4,4,1,4,5,7,2,3,2,6,2,2,2,3,8,0,1,0,1,0,7,4,3,1,5,4,6,8,5,2,8,11,10,11,9,4,2,2,3,6,4,8,4,8,5,6,8,7,3,8,4,5,9,3,0,4,5,6,8,5,11,9,9,5,9,7,7,73,4,5,12,7,5,11,6,5,2,5,5,6,8,6,4,7,6,10,0,3,9,6,4,0,10,8,8,11,11,6,2,3,4,3,8,7,10,6,6,3,3,7,6,6,2,7,11,10,7,7,8,11,6,10,8,7,5,13,3,10
SBV077,37,4,62,84,69,68,15,1,69,5,3,73,6,73,5,3,3,5,6,4,2,3,3,3,1,0,1,1,1,3,1,1,5,5,1,4,2,5,1,6,4,5,2,4,3,5,2,5,1,10,2,1,0,5,2,5,1,2,1,1,2,6,3,4,6,5,4,3,3,1,1,1,4,2,2,8,6,3,4,2,7,2,6,6,3,1,5,2,2,7,3,2,5,3,4,3,3,3,5,3,3,4,5,1,4,4,4,4,1,3,4,1,5,3,4,7,3,1,5,4,4,5,5,2,5,6,8,3,4,3,7,3,3,3,4,9,1,2,1,2,1,8,5,4,2,6,5,7,9,6,3,9,12,11,12,10,5,3,3,4,7,5,9,5,9,6,7,9,8,4,9,5,6,10,4,1,5,6,7,9,6,12,10,10,6,10,8,8,74,5,6,13,8,6,12,7,6,3,6,6,7,9,7,5,8,7,11,1,4,10,7,5,1,11,9,9,12,12,7,3,4,5,4,9,8,11,7,7,4,4,8,7,7,3,8,12,11,8,8,9,12,7,11,9,8,6,14,4,11
SBV078,38,3,63,85,70,69,16,4,70,6,4,74,7,74,6,2,2,6,5,7,5,2,6,6,4,5,4,4,4,6,4,6,6,4,6,3,3,4,4,7,3,4,5,3,6,4,5,4,4,11,5,4,5,0,5,4,4,5,4,4,5,5,6,5,5,6,3,6,6,4,4,4,5,5,5,7,5,2,7,5,6,5,9,5,6,4,8,5,5,6,6,5,4,6,7,6,6,6,4,6,6,7,8,6,5,7,7,7,4,6,7,4,8,6,7,6,6,4,4,7,7,8,8,5,8,9,7,6,7,6,6,6,6,6,7,8,4,5,4,5,4,7,6,7,5,9,8,6,10,7,6,10,13,12,13,9,8,6,6,7,10,8,10,8,10,9,10,10,9,7,10,8,9,11,7,4,8,9,10,10,9,11,11,11,9,11,7,9,75,6,9,14,11,7,13,8,9,6,9,9,8,12,8,6,11,8,12,4,5,11,8,6,4,12,10,10,13,13,10,6,7,8,5,8,9,12,10,8,7,7,11,10,10,6,11,13,12,11,11,12,13,10,12,10,11,7,15,7,12
SBV079,37,4,62,84,69,68,15,1,69,5,3,73,6,73,5,3,3,5,6,4,2,3,3,3,1,2,1,1,1,3,1,3,5,5,3,4,2,5,1,6,4,5,2,4,3,5,0,5,1,10,2,1,2,5,0,5,1,0,1,1,2,6,3,4,6,5,4,3,3,1,1,1,4,2,0,8,6,3,2,0,7,0,4,6,1,1,5,2,2,7,1,2,5,1,2,1,1,1,5,1,1,4,3,3,4,2,2,4,1,3,4,1,5,3,2,7,1,1,5,4,2,5,5,2,5,4,8,3,2,3,7,1,1,1,4,9,1,2,1,2,1,8,5,4,2,4,3,7,9,6,3,9,12,11,12,10,3,1,1,4,7,5,9,3,9,4,7,9,8,4,9,3,4,10,2,1,5,4,5,9,6,12,10,10,4,10,8,8,74,5,6,13,8,6,12,7,4,3,6,4,7,7,7,5,6,7,11,1,4,10,7,5,1,11,9,9,12,12,5,1,4,3,4,9,8,11,5,7,2,4,6,7,7,1,6,12,11,6,8,9,12,5,11,9,6,6,14,2,11
SBV080,38,3,63,85,70,69,16,4,70,6,4,74,7,74,6,2,2,6,5,7,5,2,6,6,4,5,4,4,4,6,4,6,6,2,6,1,3,0,4,7,1,2,5,1,6,2,5,0,4,11,5,4,5,4,5,0,4,5,4,4,5,1,6,5,1,6,3,6,6,4,4,4,5,5,5,3,3,2,7,5,4,5,9,1,6,4,8,5,5,4,6,5,2,6,7,6,6,6,2,6,6,7,8,6,5,7,7,7,4,6,7,4,8,6,7,4,6,4,2,7,7,8,8,5,8,9,3,6,7,6,2,6,6,6,7,8,4,5,4,5,4,7,6,7,5,9,8,2,10,7,6,10,13,12,13,5,8,6,6,7,10,8,10,8,10,9,10,10,9,7,10,8,9,11,7,4,8,9,10,10,9,7,11,11,9,11,3,9,75,6,9,14,11,7,13,8,9,6,9,9,8,12,8,6,11,8,12,4,5,11,8,6,4,12,10,10,13,13,10,6,7,8,5,4,9,12,10,8,7,7,11,10,10,6,11,13,12,11,11,12,13,10,12,10,11,7,15,7,12
SBV081,36,3,61,83,68,67,14,0,68,4,2,72,5,72,4,2,2,4,5,3,1,2,2,2,0,1,0,0,0,2,0,2,4,4,2,3,1,4,0,5,3,4,1,3,2,4,1,4,0,9,1,0,1,4,1,4,0,1,0,0,1,5,2,3,5,4,3,2,2,0,0,0,3,1,1,7,5,2,3,1,6,1,5,5,2,0,4,1,1,6,2,1,4,2,3,2,2,2,4,2,2,3,4,2,3,3,3,3,0,2,3,0,4,2,3,6,2,0,4,3,3,4,4,1,4,5,7,2,3,2,6,2,2,2,3,8,0,1,0,1,0,7,4,3,1,5,4,6,8,5,2,8,11,10,11,9,4,2,2,3,6,4,8,4,8,5,6,8,7,3,8,4,5,9,3,0,4,5,6,8,5,11,9,9,5,9,7,7,73,4,5,12,7,5,11,6,5,2,5,5,6,8,6,4,7,6,10,0,3,9,6,4,0,10,8,8,11,11,6,2,3,4,3,8,7,10,6,6,3,3,7,6,6,2,7,11,10,7,7,8,11,6,10,8,7,5,13,3,10
SBV082,37,4,62,84,69,68,15,1,69,5,3,73,6,73,5,3,3,5,6,4,2,3,3,3,1,2,1,1,1,3,1,3,5,5,3,4,2,5,1,6,4,5,2,4,3,5,0,5,1,10,2,1,2,5,0,5,1,0,1,1,2,6,3,4,6,5,4,3,3,1,1,1,4,2,0,8,6,3,2,0,7,0,4,6,1,1,5,2,2,7,1,2,5,1,2,1,1,1,5,1,1,4,3,3,4,2,2,4,1,3,4,1,5,3,2,7,1,1,5,4,2,5,5,2,5,4,8,3,2,3,7,1,1,1,4,9,1,2,1,2,1,8,5,4,2,4,3,7,9,6,3,9,12,11,12,10,3,1,1,4,7,5,9,3,9,4,7,9,8,4,9,3,4,10,2,1,5,4,5,9,6,12,10,10,4,10,8,8,74,5,6,13,8,6,12,7,4,3,6,4,7,7,7,5,6,7,11,1,4,10,7,5,1,11,9,9,12,12,5,1,4,3,4,9,8,11,5,7,2,4,6,7,7,1,6,12,11,6,8,9,12,5,11,9,6,6,14,2,11
SBV083,36,3,61,83,68,67,14,0,68,4,2,72,5,72,4,2,2,4,5,3,1,2,2,2,0,1,0,0,0,2,0,2,4,4,2,3,1,4,0,5,3,4,1,3,2,4,1,4,0,9,1,0,1,4,1,4,0,1,0,0,1,5,2,3,5,4,3,2,2,0,0,0,3,1,1,7,5,2,3,1,6,1,5,5,2,0,4,1,1,6,2,1,4,2,3,2,2,2,4,2,2,3,4,2,3,3,3,3,0,2,3,0,4,2,3,6,2,0,4,3,3,4,4,1,4,5,7,2,3,2,6,2,2,2,3,8,0,1,0,1,0,7,4,3,1,5,4,6,8,5,2,8,11,10,11,9,4,2,2,3,6,4,8,4,8,5,6,8,7,3,8,4,5,9,3,0,4,5,6,8,5,11,9,9,5,9,7,7,73,4,5,12,7,5,11,6,5,2,5,5,6,8,6,4,7,6,10,0,3,9,6,4,0,10,8,8,11,11,6,2,3,4,3,8,7,10,6,6,3,3,7,6,6,2,7,11,10,7,7,8,11,6,10,8,7,5,13,3,10
SBV084,36,3,61,83,68,67,14,0,68,4,2,72,5,72,4,2,2,4,5,3,1,2,2,2,0,1,0,0,0,2,0,2,4,4,2,3,1,4,0,5,3,4,1,3,2,4,1,4,0,9,1,0,1,4,1,4,0,1,0,0,1,5,2,3,5,4,3,2,2,0,0,0,3,1,1,7,5,2,3,1,6,1,5,5,2,0,4,1,1,6,2,1,4,2,3,2,2,2,4,2,2,3,4,2,3,3,3,3,0,2,3,0,4,2,3,6,2,0,4,3,3,4,4,1,4,5,7,2,3,2,6,2,2,2,3,8,0,1,0,1,0,7,4,3,1,5,4,6,8,5,2,8,11,10,11,9,4,2,2,3,6,4,8,4,8,5,6,8,7,3,8,4,5,9,3,0,4,5,6,8,5,11,9,9,5,9,7,7,73,4,5,12,7,5,11,6,5,2,5,5,6,8,6,4,7,6,10,0,3,9,6,4,0,10,8,8,11,11,6,2,3,4,3,8,7,10,6,6,3,3,7,6,6,2,7,11,10,7,7,8,11,6,10,8,7,5,13,3,10
SBV087,37,4,62,84,69,68,15,1,69,5,3,73,6,73,5,3,3,5,6,4,2,3,3,3,1,2,1,1,1,3,1,3,5,5,3,4,2,5,1,6,4,5,2,4,3,5,2,5,1,10,2,1,2,5,2,5,1,2,1,1,0,6,3,4,6,5,4,3,3,1,1,1,4,2,2,8,6,3,4,2,7,2,6,6,3,1,5,2,2,7,3,2,5,3,4,3,3,3,5,3,3,4,5,3,4,4,4,4,1,3,4,1,5,3,4,7,3,1,5,4,4,5,5,2,5,6,8,3,4,3,7,3,3,3,4,9,1,2,1,2,1,8,5,4,2,6,5,7,9,6,3,9,12,11,12,10,5,3,3,4,7,5,9,5,9,6,7,9,8,4,9,5,6,10,4,1,5,6,7,9,6,12,10,10,6,10,8,8,74,5,6,13,8,6,12,7,6,3,6,6,7,9,7,5,8,7,11,1,4,10,7,5,1,11,9,9,12,12,7,3,4,5,4,9,8,11,7,7,4,4,8,7,7,3,8,12,11,8,8,9,12,7,11,9,8,6,14,4,11
SBV088,39,4,64,86,71,70,17,5,71,7,5,75,8,75,7,3,3,7,6,8,6,3,7,7,5,6,5,5,5,7,5,7,7,3,7,2,4,1,5,8,2,3,6,2,7,3,6,1,5,12,6,5,6,5,6,1,5,6,5,5,6,0,7,6,0,7,4,7,7,5,5,5,6,6,6,4,4,3,8,6,5,6,10,2,7,5,9,6,6,5,7,6,3,7,8,7,7,7,3,7,7,8,9,7,6,8,8,8,5,7,8,5,9,7,8,5,7,5,3,8,8,9,9,6,9,10,4,7,8,7,3,7,7,7,8,9,5,6,5,6,5,8,7,8,6,10,9,3,11,8,7,11,14,13,14,6,9,7,7,8,11,9,11,9,11,10,11,11,10,8,11,9,10,12,8,5,9,10,11,11,10,8,12,12,10,12,4,10,76,7,10,15,12,8,14,9,10,7,10,10,9,13,9,7,12,9,13,5,6,12,9,7,5,13,11,11,14,14,11,7,8,9,6,5,10,13,11,9,8,8,12,11,11,7,12,14,13,12,12,13,14,11,13,11,12,8,16,8,13
SBV089,38,5,63,85,70,69,16,2,70,6,4,74,7,74,6,4,4,6,7,5,3,4,4,4,2,3,2,2,2,4,2,4,6,6,4,5,3,6,2,7,5,6,3,5,4,6,3,6,2,11,3,2,3,6,3,6,2,3,2,2,3,7,0,5,7,6,5,4,4,2,2,2,5,3,3,9,7,4,5,3,8,3,7,7,4,2,6,3,3,8,4,3,6,4,5,4,4,4,6,4,4,5,6,4,5,5,5,5,2,4,5,2,6,4,5,8,4,2,6,5,5,6,6,3,6,7,9,4,5,4,8,4,4,4,5,10,2,3,2,3,2,9,6,5,3,7,6,8,10,7,4,10,13,12,13,11,6,4,4,5,8,6,10,6,10,7,8,10,9,5,10,6,7,11,5,2,6,7,8,10,7,13,11,11,7,11,9,9,75,6,7,14,9,7,13,8,7,4,7,7,8,10,8,6,9,8,12,2,5,11,8,6,2,12,10,10,13,13,8,4,5,6,5,10,9,12,8,8,5,5,9,8,8,4,9,13,12,9,9,10,13,8,12,10,9,7,15,5,12
SBV090,35,4,60,82,67,66,13,3,67,3,1,71,4,71,3,3,3,3,6,6,4,3,5,5,3,4,3,3,3,5,3,5,3,5,5,4,2,5,3,4,4,5,4,4,5,5,4,5,3,8,4,3,4,5,4,5,3,4,3,3,4,6,5,0,6,1,4,5,5,3,3,3,0,4,4,8,6,3,6,4,7,4,8,6,5,3,7,4,4,7,5,4,5,5,6,5,5,5,5,5,5,6,7,5,0,6,6,6,3,5,6,3,7,5,6,7,5,3,5,6,6,7,7,4,7,8,8,5,6,5,7,5,5,5,6,9,3,4,3,4,3,8,1,6,4,8,7,7,5,2,5,5,8,7,8,10,7,5,5,6,9,7,5,7,5,8,9,5,4,6,5,7,8,6,6,3,7,8,9,5,8,12,6,6,8,6,8,4,72,1,8,9,10,2,8,3,8,5,8,8,3,11,3,1,10,3,7,3,0,6,3,1,3,7,5,5,8,8,9,5,6,7,0,9,4,7,9,3,6,6,10,9,9,5,10,8,7,10,10,11,8,9,7,5,10,4,10,6,7
SBV091,39,4,64,86,71,70,17,5,71,7,5,75,8,75,7,3,3,7,6,8,6,3,7,7,5,6,5,5,5,7,5,7,7,3,7,2,4,1,5,8,2,3,6,2,7,3,6,1,5,12,6,5,6,5,6,1,5,6,5,5,6,0,7,6,0,7,4,7,7,5,5,5,6,6,6,4,4,3,8,6,5,6,10,2,7,5,9,6,6,5,7,6,3,7,8,7,7,7,3,7,7,8,9,7,6,8,8,8,5,7,8,5,9,7,8,5,7,5,3,8,8,9,9,6,9,10,4,7,8,7,3,7,7,7,8,9,5,6,5,6,5,8,7,8,6,10,9,3,11,8,7,11,14,13,14,6,9,7,7,8,11,9,11,9,11,10,11,11,10,8,11,9,10,12,8,5,9,10,11,11,10,8,12,12,10,12,4,10,76,7,10,15,12,8,14,9,10,7,10,10,9,13,9,7,12,9,13,5,6,12,9,7,5,13,11,11,14,14,11,7,8,9,6,5,10,13,11,9,8,8,12,11,11,7,12,14,13,12,12,13,14,11,13,11,12,8,16,8,13
SBV092,36,5,61,83,68,67,14,4,68,4,2,72,5,72,4,4,4,4,7,7,5,4,6,6,4,5,4,4,4,6,4,6,4,6,6,5,3,6,4,5,5,6,5,5,6,6,5,6,4,9,5,4,5,6,5,6,4,5,4,4,5,7,6,1,7,0,5,6,6,4,4,4,1,5,5,9,7,4,7,5,8,5,9,7,6,4,8,5,5,8,6,5,6,6,7,6,6,6,6,6,6,7,8,6,1,7,7,7,4,6,7,4,8,6,7,8,6,4,6,7,7,8,8,5,8,9,9,6,7,6,8,6,6,6,7,10,4,5,4,5,4,9,2,7,5,9,8,8,6,3,6,6,9,8,9,11,8,6,6,7,10,8,6,8,6,9,10,6,5,7,6,8,9,7,7,4,8,9,10,6,9,13,7,7,9,7,9,5,73,2,9,10,11,3,9,4,9,6,9,9,4,12,4,2,11,4,8,4,1,7,4,2,4,8,6,6,9,9,10,6,7,8,1,10,5,8,10,4,7,7,11,10,10,6,11,9,8,11,11,12,9,10,8,6,11,5,11,7,8
SBV093,37,2,62,84,69,68,15,3,69,5,3,73,6,73,5,1,1,5,4,6,4,1,5,5,3,4,3,3,3,5,3,5,5,3,5,2,2,3,3,6,2,3,4,2,5,3,4,3,3,10,4,3,4,3,4,3,3,4,3,3,4,4,5,4,4,5,0,5,5,3,3,3,4,4,4,6,4,1,6,4,5,4,8,4,5,3,7,4,4,5,5,4,3,5,6,5,5,5,3,5,5,6,7,5,4,6,6,6,3,5,6,3,7,5,6,5,5,3,3,6,6,7,7,4,7,8,6,5,6,5,5,5,5,5,6,7,3,4,3,4,3,6,5,6,4,8,7,5,9,6,5,9,12,11,12,8,7,5,5,6,9,7,9,7,9,8,9,9,8,6,9,7,8,10,6,3,7,8,9,9,8,10,10,10,8,10,6,8,74,5,8,13,10,6,12,7,8,5,8,8,7,11,7,5,10,7,11,3,4,10,7,5,3,11,9,9,12,12,9,5,6,7,4,7,8,11,9,7,6,6,10,9,9,5,10,12,11,10,10,11,12,9,11,9,10,6,14,6,11
SBV094,38,5,63,85,70,69,16,2,70,6,4,74,7,74,6,4,4,6,7,5,3,4,4,4,2,3,2,2,2,4,2,4,6,6,4,5,3,6,2,7,5,6,3,5,4,6,3,6,2,11,3,2,3,6,3,6,2,3,2,2,3,7,4,5,7,6,5,0,4,2,2,2,5,3,3,9,7,4,5,3,8,3,7,7,4,2,6,3,3,8,4,3,6,4,5,4,4,4,6,4,4,5,6,4,5,5,5,5,2,4,5,2,6,4,5,8,4,2,6,5,5,6,6,3,6,7,9,4,5,4,8,4,4,4,5,10,2,3,2,3,2,9,6,5,3,7,6,8,10,7,4,10,13,12,13,11,6,4,4,5,8,6,10,6,10,7,8,10,9,5,10,6,7,11,5,2,6,7,8,10,7,13,11,11,7,11,9,9,75,6,7,14,9,7,13,8,7,4,7,7,8,10,8,6,9,8,12,2,5,11,8,6,2,12,10,10,13,13,8,4,5,6,5,10,9,12,8,8,5,5,9,8,8,4,9,13,12,9,9,10,13,8,12,10,9,7,15,5,12
SBV095,38,5,63,85,70,69,16,2,70,6,4,74,7,74,6,4,4,6,7,5,3,4,4,4,2,3,2,2,2,2,2,4,6,6,4,5,3,6,2,7,5,6,3,5,4,6,3,6,2,11,3,2,3,6,3,6,2,3,2,2,3,7,4,5,7,6,5,4,0,2,2,2,5,3,3,9,7,4,5,3,8,3,7,7,4,2,6,3,3,8,4,3,6,4,5,4,4,4,6,4,4,5,6,4,5,5,5,5,2,4,5,2,6,4,5,8,4,2,6,5,5,6,6,3,6,7,9,4,5,4,8,4,4,4,5,10,2,3,2,3,2,9,6,5,3,7,6,8,10,7,4,10,13,12,13,11,6,4,4,5,8,6,10,6,10,7,8,10,9,5,10,6,7,11,5,2,6,7,8,10,7,13,11,11,7,11,9,9,75,6,7,14,9,7,13,8,7,4,7,7,8,10,8,6,9,8,12,2,5,11,8,6,2,12,10,10,13,13,8,4,5,6,5,10,9,12,8,8,5,5,9,8,8,4,9,13,12,9,9,10,13,8,12,10,9,7,15,5,12
SBV096,36,3,61,83,68,67,14,0,68,4,2,72,5,72,4,2,2,4,5,3,1,2,2,2,0,1,0,0,0,2,0,2,4,4,2,3,1,4,0,5,3,4,1,3,2,4,1,4,0,9,1,0,1,4,1,4,0,1,0,0,1,5,2,3,5,4,3,2,2,0,0,0,3,1,1,7,5,2,3,1,6,1,5,5,2,0,4,1,1,6,2,1,4,2,3,2,2,2,4,2,2,3,4,2,3,3,3,3,0,2,3,0,4,2,3,6,2,0,4,3,3,4,4,1,4,5,7,2,3,2,6,2,2,2,3,8,0,1,0,1,0,7,4,3,1,5,4,6,8,5,2,8,11,10,11,9,4,2,2,3,6,4,8,4,8,5,6,8,7,3,8,4,5,9,3,0,4,5,6,8,5,11,9,9,5,9,7,7,73,4,5,12,7,5,11,6,5,2,5,5,6,8,6,4,7,6,10,0,3,9,6,4,0,10,8,8,11,11,6,2,3,4,3,8,7,10,6,6,3,3,7,6,6,2,7,11,10,7,7,8,11,6,10,8,7,5,13,3,10
SBV097,36,3,61,83,68,67,14,0,68,4,2,72,5,72,4,2,2,4,5,3,1,2,2,2,0,1,0,0,0,2,0,2,4,4,2,3,1,4,0,5,3,4,1,3,2,4,1,4,0,9,1,0,1,4,1,4,0,1,0,0,1,5,2,3,5,4,3,2,2,0,0,0,3,1,1,7,5,2,3,1,6,1,5,5,2,0,4,1,1,6,2,1,4,2,3,2,2,2,4,2,2,3,4,2,3,3,3,3,0,2,3,0,4,2,3,6,2,0,4,3,3,4,4,1,4,5,7,2,3,2,6,2,2,2,3,8,0,1,0,1,0,7,4,3,1,5,4,6,8,5,2,8,11,10,11,9,4,2,2,3,6,4,8,4,8,5,6,8,7,3,8,4,5,9,3,0,4,5,6,8,5,11,9,9,5,9,7,7,73,4,5,12,7,5,11,6,5,2,5,5,6,8,6,4,7,6,10,0,3,9,6,4,0,10,8,8,11,11,6,2,3,4,3,8,7,10,6,6,3,3,7,6,6,2,7,11,10,7,7,8,11,6,10,8,7,5,13,3,10
SBV098,36,3,61,83,68,67,14,0,68,4,2,72,5,72,4,2,2,4,5,3,1,2,2,2,0,1,0,0,0,2,0,2,4,4,2,3,1,4,0,5,3,4,1,3,2,4,1,4,0,9,1,0,1,4,1,4,0,1,0,0,1,5,2,3,5,4,3,2,2,0,0,0,3,1,1,7,5,2,3,1,6,1,5,5,2,0,4,1,1,6,2,1,4,2,3,2,2,2,4,2,2,3,4,2,3,3,3,3,0,2,3,0,4,2,3,6,2,0,4,3,3,4,4,1,4,5,7,2,3,2,6,2,2,2,3,8,0,1,0,1,0,7,4,3,1,5,4,6,8,5,2,8,11,10,11,9,4,2,2,3,6,4,8,4,8,5,6,8,7,3,8,4,5,9,3,0,4,5,6,8,5,11,9,9,5,9,7,7,73,4,5,12,7,5,11,6,5,2,5,5,6,8,6,4,7,6,10,0,3,9,6,4,0,10,8,8,11,11,6,2,3,4,3,8,7,10,6,6,3,3,7,6,6,2,7,11,10,7,7,8,11,6,10,8,7,5,13,3,10
SBV099,35,4,60,82,67,66,13,3,67,3,1,71,4,71,3,3,3,3,6,6,4,3,5,5,3,4,3,3,3,5,3,5,3,5,5,4,2,5,3,4,4,5,4,4,5,5,4,5,3,8,4,3,4,5,4,5,3,4,3,3,4,6,5,0,6,1,4,5,5,3,3,3,0,4,4,8,6,3,6,4,7,4,8,6,5,3,7,4,4,7,5,4,5,5,6,5,5,5,5,5,5,6,7,5,0,6,6,6,3,5,6,3,7,5,6,7,5,3,5,6,6,7,7,4,7,8,8,5,6,5,7,5,5,5,6,9,3,4,3,4,3,8,1,6,4,8,7,7,5,2,5,5,8,7,8,10,7,5,5,6,9,7,5,7,5,8,9,5,4,6,5,7,8,6,6,3,7,8,9,5,8,12,6,6,8,6,8,4,72,1,8,9,10,2,8,3,8,5,8,8,3,11,3,1,10,3,7,3,0,6,3,1,3,7,5,5,8,8,9,5,6,7,0,9,4,7,9,3,6,6,10,9,9,5,10,8,7,10,10,11,8,9,7,5,10,4,10,6,7
SBV100,37,4,62,84,69,68,15,1,69,5,3,73,6,73,5,3,3,5,6,4,2,3,3,3,1,2,1,1,1,3,1,3,5,5,3,4,2,5,1,6,4,5,2,4,3,5,2,5,1,10,2,1,2,5,2,5,1,2,1,1,2,6,3,4,6,5,4,3,3,1,1,1,4,0,2,8,6,3,4,2,7,2,6,6,3,1,5,2,2,7,3,2,5,3,4,3,3,3,5,3,3,4,5,3,4,4,4,4,1,3,4,1,5,3,4,7,3,1,5,4,4,5,5,2,5,6,8,3,4,3,7,3,3,3,4,9,1,2,1,2,1,8,5,4,2,6,5,7,9,6,3,9,12,11,12,10,5,3,3,4,7,5,9,5,9,6,7,9,8,4,9,5,6,10,4,1,5,6,7,9,6,12,10,10,6,10,8,8,74,5,6,13,8,6,12,7,6,3,6,6,7,9,7,5,8,7,11,1,4,10,7,5,1,11,9,9,12,12,7,3,4,5,4,9,8,11,7,7,4,4,8,7,7,3,8,12,11,8,8,9,12,7,11,9,8,6,14,4,11
SBV101,37,4,62,84,69,68,15,1,69,5,3,73,6,73,5,3,3,5,6,4,2,3,3,3,1,2,1,1,1,3,1,3,5,5,3,4,2,5,1,6,4,5,2,4,3,5,0,5,1,10,2,1,2,5,0,5,1,0,1,1,2,6,3,4,6,5,4,3,3,1,1,1,4,2,0,8,6,3,2,0,7,0,4,6,1,1,5,2,2,7,1,2,5,1,2,1,1,1,5,1,1,4,3,3,4,2,2,4,1,3,4,1,5,3,2,7,1,1,5,4,2,5,5,2,5,4,8,3,2,3,7,1,1,1,4,9,1,2,1,2,1,8,5,4,2,4,3,7,9,6,3,9,12,11,12,10,3,1,1,4,7,5,9,3,9,4,7,9,8,4,9,3,4,10,2,1,5,4,5,9,6,12,10,10,4,10,8,8,74,5,6,13,8,6,12,7,4,3,6,4,7,7,7,5,6,7,11,1,4,10,7,5,1,11,9,9,12,12,5,1,4,3,4,9,8,11,5,7,2,4,6,7,7,1,6,12,11,6,8,9,12,5,11,9,6,6,14,2,11
SBV102,41,6,66,88,73,72,19,7,73,9,7,77,10,77,9,5,5,9,8,10,8,5,9,9,7,8,7,7,7,9,7,9,9,5,9,4,6,3,7,10,4,5,8,4,9,5,8,3,7,14,8,7,8,7,8,3,7,8,7,7,8,4,9,8,4,9,6,9,9,7,7,7,8,8,8,0,6,5,10,8,7,8,12,2,9,7,11,8,8,7,9,8,5,9,10,9,9,9,5,9,9,10,11,9,8,10,10,10,7,9,10,7,11,9,10,7,9,7,5,10,10,11,11,8,11,12,6,9,10,9,5,9,9,9,10,11,7,8,7,8,7,10,9,10,8,12,11,5,13,10,9,13,16,15,16,8,11,9,9,10,13,11,13,11,13,12,13,13,12,10,13,11,12,14,10,7,11,12,13,13,12,10,14,14,12,14,6,12,78,9,12,17,14,10,16,11,12,9,12,12,11,15,11,9,14,11,15,7,8,14,11,9,7,15,13,13,16,16,13,9,10,11,8,7,12,15,13,11,10,10,14,13,13,9,14,16,15,14,14,15,16,13,15,13,14,10,18,10,15
SBV103,39,4,64,86,71,70,17,5,71,7,5,75,8,75,7,3,3,7,6,8,6,3,7,7,5,6,5,5,5,7,5,7,7,3,7,2,4,3,5,8,2,3,6,2,7,3,6,3,5,12,6,5,6,5,6,3,5,6,5,5,6,4,7,6,4,7,4,7,7,5,5,5,6,6,6,6,0,3,8,6,3,6,10,4,7,5,9,6,6,3,7,6,1,7,8,7,7,7,1,7,7,8,9,7,6,8,8,8,5,7,8,5,9,7,8,3,7,5,1,8,8,9,9,6,9,10,6,7,8,7,5,7,7,7,8,9,5,6,5,6,5,8,7,8,6,10,9,5,11,8,7,11,14,13,14,8,9,7,7,8,11,9,11,9,11,10,11,11,10,8,11,9,10,12,8,5,9,10,11,11,10,10,12,12,10,12,6,10,76,7,10,15,12,8,14,9,10,7,10,10,9,13,9,7,12,9,13,5,6,12,9,7,5,13,11,11,14,14,11,7,8,9,6,7,10,13,11,9,8,8,12,11,11,7,12,14,13,12,12,13,14,11,13,11,12,8,16,8,13
SBV104,36,1,61,83,68,67,14,2,68,4,2,72,5,72,4,0,0,4,3,5,3,0,4,4,2,3,2,2,2,4,2,4,4,2,4,1,1,2,2,5,1,2,3,1,4,2,3,2,2,9,3,2,3,2,3,2,2,3,2,2,3,3,4,3,3,4,1,4,4,2,2,2,3,3,3,5,3,0,5,3,4,3,7,3,4,2,6,3,3,4,4,3,2,4,5,4,4,4,2,4,4,5,6,4,3,5,5,5,2,4,5,2,6,4,5,4,4,2,2,5,5,6,6,3,6,7,5,4,5,4,4,4,4,4,5,6,2,3,2,3,2,5,4,5,3,7,6,4,8,5,4,8,11,10,11,7,6,4,4,5,8,6,8,6,8,7,8,8,7,5,8,6,7,9,5,2,6,7,8,8,7,9,9,9,7,9,5,7,73,4,7,12,9,5,11,6,7,4,7,7,6,10,6,4,9,6,10,2,3,9,6,4,2,10,8,8,11,11,8,4,5,6,3,6,7,10,8,6,5,5,9,8,8,4,9,11,10,9,9,10,11,8,10,8,9,5,13,5,10
SBV105,39,6,64,86,71,70,17,3,71,7,5,75,8,75,7,5,5,7,8,6,4,5,5,5,3,4,3,3,3,5,3,5,7,7,5,6,4,7,3,8,6,7,4,6,5,7,2,7,3,12,4,3,4,7,2,7,3,2,3,3,4,8,5,6,8,7,6,5,5,3,3,3,6,4,2,10,8,5,0,2,9,2,6,8,3,3,7,4,4,9,3,4,7,3,4,3,3,3,7,3,3,6,5,5,6,4,4,6,3,5,6,3,7,5,4,9,3,3,7,6,4,7,7,4,7,6,10,5,4,5,9,3,3,3,6,11,3,4,3,4,3,10,7,6,4,6,5,9,11,8,5,11,14,13,14,12,5,3,3,6,9,7,11,5,11,6,9,11,10,6,11,5,6,12,4,3,7,6,7,11,8,14,12,12,6,12,10,10,76,7,8,15,10,8,14,9,6,5,8,6,9,9,9,7,8,9,13,3,6,12,9,7,3,13,11,11,14,14,7,3,6,5,6,11,10,13,7,9,4,6,8,9,9,3,8,14,13,8,10,11,14,7,13,11,8,8,16,4,13
SBV106,37,4,62,84,69,68,15,1,69,5,3,73,6,73,5,3,3,5,6,4,2,3,3,3,1,2,1,1,1,3,1,3,5,5,3,4,2,5,1,6,4,5,2,4,3,5,0,5,1,10,2,1,2,5,0,5,1,0,1,1,2,6,3,4,6,5,4,3,3,1,1,1,4,2,0,8,6,3,2,0,7,0,4,6,1,1,5,2,2,7,1,2,5,1,2,1,1,1,5,1,1,4,3,3,4,2,2,4,1,3,4,1,5,3,2,7,1,1,5,4,2,5,5,2,5,4,8,3,2,3,7,1,1,1,4,9,1,2,1,2,1,8,5,4,2,4,3,7,9,6,3,9,12,11,12,10,3,1,1,4,7,5,9,3,9,4,7,9,8,4,9,3,4,10,2,1,5,4,5,9,6,12,10,10,4,10,8,8,74,5,6,13,8,6,12,7,4,3,6,4,7,7,7,5,6,7,11,1,4,10,7,5,1,11,9,9,12,12,5,1,4,3,4,9,8,11,5,7,2,4,6,7,7,1,6,12,11,6,8,9,12,5,11,9,6,6,14,2,11
SBV107,40,5,65,87,72,71,18,6,72,8,6,76,9,76,8,4,4,8,7,9,7,4,8,8,6,7,6,6,6,8,6,8,8,4,8,3,5,4,6,9,3,4,7,3,8,4,7,4,6,13,7,6,7,6,7,4,6,7,6,6,7,5,8,7,5,8,5,8,8,6,6,6,7,7,7,7,3,4,9,7,0,7,11,5,8,6,10,7,7,2,8,7,2,8,9,8,8,8,2,8,8,9,10,8,7,9,9,9,6,8,9,6,10,8,9,4,8,6,2,9,9,10,10,7,10,11,7,8,9,8,6,8,8,8,9,10,6,7,6,7,6,9,8,9,7,11,10,6,12,9,8,12,15,14,15,9,10,8,8,9,12,10,12,10,12,11,12,12,11,9,12,10,11,13,9,6,10,11,12,12,11,11,13,13,11,13,7,11,77,8,11,16,13,9,15,10,11,8,11,11,10,14,10,8,13,10,14,6,7,13,10,8,6,14,12,12,15,15,12,8,9,10,7,8,11,14,12,10,9,9,13,12,12,8,13,15,14,13,13,14,15,12,14,12,13,9,17,9,14
SBV108,37,4,62,84,69,68,15,1,69,5,3,73,6,73,5,3,3,5,6,4,2,3,3,3,1,2,1,1,1,3,1,3,5,5,3,4,2,5,1,6,4,5,2,4,3,5,0,5,1,10,2,1,2,5,0,5,1,0,1,1,2,6,3,4,6,5,4,3,3,1,1,1,4,2,0,8,6,3,2,0,7,0,4,6,1,1,5,2,2,7,1,2,5,1,2,1,1,1,5,1,1,4,3,3,4,2,2,4,1,3,4,1,5,3,2,7,1,1,5,4,2,5,5,2,5,4,8,3,2,3,7,1,1,1,4,9,1,2,1,2,1,8,5,4,2,4,3,7,9,6,3,9,12,11,12,10,3,1,1,4,7,5,9,3,9,4,7,9,8,4,9,3,4,10,2,1,5,4,5,9,6,12,10,10,4,10,8,8,74,5,6,13,8,6,12,7,4,3,6,4,7,7,7,5,6,7,11,1,4,10,7,5,1,11,9,9,12,12,5,1,4,3,4,9,8,11,5,7,2,4,6,7,7,1,6,12,11,6,8,9,12,5,11,9,6,6,14,2,11
SBV109,41,8,66,88,73,72,19,5,73,9,7,77,10,77,9,7,7,9,10,8,6,7,7,7,5,6,5,5,5,7,5,7,9,9,7,8,6,9,5,10,8,9,6,8,7,9,4,9,5,14,6,5,6,9,4,9,5,4,5,5,6,10,7,8,10,9,8,7,7,5,5,5,8,6,4,12,10,7,6,4,11,4,0,10,5,5,9,6,6,11,3,6,9,3,4,5,3,5,9,5,5,8,5,7,8,6,6,8,5,7,8,5,9,7,6,11,3,5,9,8,6,9,9,6,9,8,12,7,6,7,11,5,3,3,8,13,5,6,5,6,5,12,9,8,6,8,5,11,13,10,7,13,16,15,16,14,7,5,3,8,11,9,13,5,13,6,11,13,12,8,13,5,6,14,4,5,9,6,3,13,10,16,14,14,6,14,12,12,78,9,10,17,12,10,16,11,8,7,10,8,11,11,11,9,10,11,15,5,8,14,11,9,5,15,13,13,16,16,7,5,8,7,8,13,12,15,7,11,6,8,10,11,11,5,8,16,15,10,12,13,16,7,15,13,8,10,18,4,15
SBV110,39,4,64,86,71,70,17,5,71,7,5,75,8,75,7,3,3,7,6,8,6,3,7,7,5,6,5,5,5,7,5,7,7,3,7,2,4,1,5,8,2,3,6,2,7,3,6,1,5,12,6,5,6,5,6,1,5,6,5,5,6,2,7,6,2,7,4,7,7,5,5,5,6,6,6,2,4,3,8,6,5,6,10,0,7,5,9,6,6,5,7,6,3,7,8,7,7,7,3,7,7,8,9,7,6,8,8,8,5,7,8,5,9,7,8,5,7,5,3,8,8,9,9,6,9,10,4,7,8,7,3,7,7,7,8,9,5,6,5,6,5,8,7,8,6,10,9,3,11,8,7,11,14,13,14,6,9,7,7,8,11,9,11,9,11,10,11,11,10,8,11,9,10,12,8,5,9,10,11,11,10,8,12,12,10,12,4,10,76,7,10,15,12,8,14,9,10,7,10,10,9,13,9,7,12,9,13,5,6,12,9,7,5,13,11,11,14,14,11,7,8,9,6,5,10,13,11,9,8,8,12,11,11,7,12,14,13,12,12,13,14,11,13,11,12,8,16,8,13
SBV111,38,5,63,85,70,69,16,2,70,6,4,74,7,74,6,4,4,6,7,5,3,4,4,4,2,3,2,2,2,4,2,4,6,6,4,5,3,6,2,7,5,6,3,5,4,6,1,6,2,11,3,2,3,6,1,6,2,1,2,2,3,7,4,5,7,6,5,4,4,2,2,2,5,3,1,9,7,4,3,1,8,1,5,7,0,2,6,3,3,8,2,3,6,2,3,0,2,2,6,2,2,5,4,4,5,1,3,5,2,4,5,2,6,4,3,8,2,2,6,5,3,6,6,3,6,5,9,4,3,4,8,2,2,2,5,10,2,3,2,3,2,9,6,5,3,5,4,8,10,7,4,10,13,12,13,11,4,2,2,5,8,6,10,4,10,5,8,10,9,5,10,4,5,11,3,2,6,5,6,10,7,13,11,11,5,11,9,9,75,6,7,14,9,7,13,8,5,4,7,5,8,8,8,6,7,8,12,2,5,11,8,6,2,12,10,10,13,13,6,2,5,4,5,10,9,12,6,8,3,5,7,8,8,2,7,13,12,7,9,10,13,6,12,10,7,7,15,3,12
SBV112,36,3,61,83,68,67,14,0,68,4,2,72,5,72,4,2,2,4,5,3,1,2,2,2,0,1,0,0,0,2,0,2,4,4,2,3,1,4,0,5,3,4,1,3,2,4,1,4,0,9,1,0,1,4,1,4,0,1,0,0,1,5,2,3,5,4,3,2,2,0,0,0,3,1,1,7,5,2,3,1,6,1,5,5,2,0,4,1,1,6,2,1,4,2,3,2,2,2,4,2,2,3,4,2,3,3,3,3,0,2,3,0,4,2,3,6,2,0,4,3,3,4,4,1,4,5,7,2,3,2,6,2,2,2,3,8,0,1,0,1,0,7,4,3,1,5,4,6,8,5,2,8,11,10,11,9,4,2,2,3,6,4,8,4,8,5,6,8,7,3,8,4,5,9,3,0,4,5,6,8,5,11,9,9,5,9,7,7,73,4,5,12,7,5,11,6,5,2,5,5,6,8,6,4,7,6,10,0,3,9,6,4,0,10,8,8,11,11,6,2,3,4,3,8,7,10,6,6,3,3,7,6,6,2,7,11,10,7,7,8,11,6,10,8,7,5,13,3,10
SBV113,40,7,65,87,72,71,18,4,72,8,6,76,9,76,8,6,6,8,9,7,5,6,6,6,4,5,4,4,4,6,4,6,8,8,6,7,5,8,4,9,7,8,5,7,6,8,5,8,4,13,5,4,5,8,5,8,4,5,4,4,5,9,6,7,9,8,7,6,6,4,4,4,7,5,5,11,9,6,7,5,10,5,9,9,6,4,0,5,5,10,6,5,8,6,7,6,6,6,8,6,6,7,8,6,7,7,7,7,4,6,7,4,8,6,7,10,6,4,8,7,7,8,8,5,8,9,11,6,7,6,10,6,6,6,7,12,4,5,4,5,4,11,8,7,5,9,8,10,12,9,6,12,15,14,15,13,8,6,6,7,10,8,12,8,12,9,10,12,11,7,12,8,9,13,7,4,8,9,10,12,9,15,13,13,9,13,11,11,77,8,9,16,11,9,15,10,9,6,9,9,10,12,10,8,11,10,14,4,7,13,10,8,4,14,12,12,15,15,10,6,7,8,7,12,11,14,10,10,7,7,11,10,10,6,11,15,14,11,11,12,15,10,14,12,11,9,17,7,14
SBV114,37,4,62,84,69,68,15,1,69,5,3,73,6,73,5,3,3,5,6,4,2,3,3,3,1,2,1,1,1,3,1,3,5,5,3,4,2,5,1,6,4,5,2,4,3,5,2,5,1,10,2,1,2,5,2,5,1,2,1,1,2,6,3,4,6,5,4,3,3,1,1,1,4,2,2,8,6,3,4,2,7,2,6,6,3,1,5,0,2,7,3,2,5,3,4,3,3,3,5,3,3,4,5,3,4,4,4,4,1,3,4,1,5,3,4,7,3,1,5,4,4,5,5,2,5,6,8,3,4,3,7,3,3,3,4,9,1,2,1,2,1,8,5,4,2,6,5,7,9,6,3,9,12,11,12,10,5,3,3,4,7,5,9,5,9,6,7,9,8,4,9,5,6,10,4,1,5,6,7,9,6,12,10,10,6,10,8,8,74,5,6,13,8,6,12,7,6,3,6,6,7,9,7,5,8,7,11,1,4,10,7,5,1,11,9,9,12,12,7,3,4,5,4,9,8,11,7,7,4,4,8,7,7,3,8,12,11,8,8,9,12,7,11,9,8,6,14,4,11
SBV115,37,4,62,84,69,68,15,1,69,5,3,73,6,73,5,3,3,5,6,4,2,3,3,3,1,2,1,1,1,3,1,3,5,5,3,4,2,5,1,6,4,5,2,4,3,5,2,5,1,10,2,1,2,5,2,5,1,2,1,1,2,6,3,4,6,5,4,3,3,1,1,1,4,2,2,8,6,3,4,2,7,2,6,6,3,1,5,2,0,7,3,2,5,3,4,3,3,3,5,3,3,4,5,3,4,4,4,4,1,3,4,1,5,3,4,7,3,1,5,4,4,5,5,2,5,6,8,3,4,3,7,3,3,3,4,9,1,2,1,2,1,8,5,4,2,6,5,7,9,6,3,9,12,11,12,10,5,3,3,4,7,5,9,5,9,6,7,9,8,4,9,5,6,10,4,1,5,6,7,9,6,12,10,10,6,10,8,8,74,5,6,13,8,6,12,7,6,3,6,6,7,9,7,5,8,7,11,1,4,10,7,5,1,11,9,9,12,12,7,3,4,5,4,9,8,11,7,7,4,4,8,7,7,3,8,12,11,8,8,9,12,7,11,9,8,6,14,4,11
SBV116,40,5,65,87,72,71,18,6,72,8,6,76,9,76,8,4,4,8,7,9,7,4,8,8,6,7,6,6,6,8,6,8,8,4,8,3,5,4,6,9,3,4,7,3,8,4,7,4,6,13,7,6,7,6,7,4,6,7,6,6,7,5,8,7,5,8,5,8,8,6,6,6,7,7,7,7,3,4,9,7,2,7,11,5,8,6,10,7,7,0,8,7,2,8,9,8,8,8,2,8,8,9,10,8,7,9,9,9,6,8,9,6,10,8,9,4,8,6,2,9,9,10,10,7,10,11,7,8,9,8,6,8,8,8,9,10,6,7,6,7,6,9,8,9,7,11,10,6,12,9,8,12,15,14,15,9,10,8,8,9,12,10,12,10,12,11,12,12,11,9,12,10,11,13,9,6,10,11,12,12,11,11,13,13,11,13,7,11,77,8,11,16,13,9,15,10,11,8,11,11,10,14,10,8,13,10,14,6,7,13,10,8,6,14,12,12,15,15,12,8,9,10,7,8,11,14,12,10,9,9,13,12,12,8,13,15,14,13,13,14,15,12,14,12,13,9,17,9,14
SBV117,38,5,63,85,70,69,16,2,70,6,4,74,7,74,6,4,4,6,7,5,3,4,4,4,2,3,2,2,2,4,2,4,6,6,4,5,3,6,2,7,5,6,3,5,4,6,1,6,2,11,3,2,3,6,1,6,2,1,2,2,3,7,4,5,7,6,5,4,4,2,2,2,5,3,1,9,7,4,3,1,8,1,3,7,2,2,6,3,3,8,0,3,6,0,1,2,0,2,6,2,2,5,2,4,5,3,3,5,2,4,5,2,6,4,3,8,0,2,6,5,3,6,6,3,6,5,9,4,3,4,8,2,0,0,5,10,2,3,2,3,2,9,6,5,3,5,2,8,10,7,4,10,13,12,13,11,4,2,0,5,8,6,10,2,10,3,8,10,9,5,10,2,3,11,1,2,6,3,4,10,7,13,11,11,3,11,9,9,75,6,7,14,9,7,13,8,5,4,7,5,8,8,8,6,7,8,12,2,5,11,8,6,2,12,10,10,13,13,4,2,5,4,5,10,9,12,4,8,3,5,7,8,8,2,5,13,12,7,9,10,13,4,12,10,5,7,15,1,12
SBV118,37,4,62,84,69,68,15,1,69,5,3,73,6,73,5,3,3,5,6,4,2,3,3,3,1,2,1,1,1,3,1,3,5,5,3,4,2,5,1,6,4,5,2,4,3,5,2,5,1,10,2,1,2,5,2,5,1,2,1,1,2,6,3,4,6,5,4,3,3,1,1,1,4,2,2,8,6,3,4,2,7,2,6,6,3,1,5,2,2,7,3,0,5,3,4,3,3,3,5,3,3,4,5,3,4,4,4,4,1,3,4,1,5,3,4,7,3,1,5,4,4,5,5,2,5,6,8,3,4,3,7,3,3,3,4,9,1,2,1,2,1,8,5,4,2,6,5,7,9,6,3,9,12,11,12,10,5,3,3,4,7,5,9,5,9,6,7,9,8,4,9,5,6,10,4,1,5,6,7,9,6,12,10,10,6,10,8,8,74,5,6,13,8,6,12,7,6,3,6,6,7,9,7,5,8,7,11,1,4,10,7,5,1,11,9,9,12,12,7,3,4,5,4,9,8,11,7,7,4,4,8,7,7,3,8,12,11,8,8,9,12,7,11,9,8,6,14,4,11
SBV119,38,3,63,85,70,69,16,4,70,6,4,74,7,74,6,2,2,6,5,7,5,2,6,6,4,5,4,4,4,6,4,6,6,2,6,1,3,2,4,7,1,2,5,1,6,2,5,2,4,11,5,4,5,4,5,2,4,5,4,4,5,3,6,5,3,6,3,6,6,4,4,4,5,5,5,5,1,2,7,5,2,5,9,3,6,4,8,5,5,2,6,5,0,6,7,6,6,6,0,6,6,7,8,6,5,7,7,7,4,6,7,4,8,6,7,2,6,4,0,7,7,8,8,5,8,9,5,6,7,6,4,6,6,6,7,8,4,5,4,5,4,7,6,7,5,9,8,4,10,7,6,10,13,12,13,7,8,6,6,7,10,8,10,8,10,9,10,10,9,7,10,8,9,11,7,4,8,9,10,10,9,9,11,11,9,11,5,9,75,6,9,14,11,7,13,8,9,6,9,9,8,12,8,6,11,8,12,4,5,11,8,6,4,12,10,10,13,13,10,6,7,8,5,6,9,12,10,8,7,7,11,10,10,6,11,13,12,11,11,12,13,10,12,10,11,7,15,7,12
SBV121,38,5,63,85,70,69,16,2,70,6,4,74,7,74,6,4,4,6,7,5,3,4,4,4,2,3,2,2,2,4,2,4,6,6,4,5,3,6,2,7,5,6,3,5,4,6,1,6,2,11,3,2,3,6,1,6,2,1,2,2,3,7,4,5,7,6,5,4,4,2,2,2,5,3,1,9,7,4,3,1,8,1,3,7,2,2,6,3,3,8,0,3,6,0,1,2,0,2,6,2,2,5,2,4,5,3,3,5,2,4,5,2,6,4,3,8,0,2,6,5,3,6,6,3,6,5,9,4,3,4,8,2,0,0,5,10,2,3,2,3,2,9,6,5,3,5,2,8,10,7,4,10,13,12,13,11,4,2,0,5,8,6,10,2,10,3,8,10,9,5,10,2,3,11,1,2,6,3,4,10,7,13,11,11,3,11,9,9,75,6,7,14,9,7,13,8,5,4,7,5,8,8,8,6,7,8,12,2,5,11,8,6,2,12,10,10,13,13,4,2,5,4,5,10,9,12,4,8,3,5,7,8,8,2,5,13,12,7,9,10,13,4,12,10,5,7,15,1,12
SBV122,39,6,64,86,71,70,17,3,71,7,5,75,8,75,7,5,5,7,8,6,4,5,5,5,3,4,3,3,3,5,3,5,7,7,5,6,4,7,3,8,6,7,4,6,5,7,2,7,3,12,4,3,4,7,2,7,3,2,3,3,4,8,5,6,8,7,6,5,5,3,3,3,6,4,2,10,8,5,4,2,9,2,4,8,3,3,7,4,4,9,1,4,7,1,0,3,1,3,7,3,3,6,3,5,6,4,4,6,3,5,6,3,7,5,4,9,1,3,7,6,4,7,7,4,7,6,10,5,4,5,9,3,1,1,6,11,3,4,3,4,3,10,7,6,4,6,3,9,11,8,5,11,14,13,14,12,5,3,1,6,9,7,11,3,11,4,9,11,10,6,11,3,4,12,2,3,7,4,5,11,8,14,12,12,4,12,10,10,76,7,8,15,10,8,14,9,6,5,8,6,9,9,9,7,8,9,13,3,6,12,9,7,3,13,11,11,14,14,5,3,6,5,6,11,10,13,5,9,4,6,8,9,9,3,6,14,13,8,10,11,14,5,13,11,6,8,16,2,13
SBV123,38,5,63,85,70,69,16,2,70,6,4,74,7,74,6,4,4,6,7,5,3,4,4,4,2,3,2,2,2,4,2,4,6,6,4,5,3,6,2,7,5,6,3,5,4,6,1,6,2,11,3,2,3,6,1,6,2,1,2,2,3,7,4,5,7,6,5,4,4,2,2,2,5,3,1,9,7,4,3,1,8,1,5,7,0,2,6,3,3,8,2,3,6,2,3,0,2,2,6,2,2,5,4,4,5,1,3,5,2,4,5,2,6,4,3,8,2,2,6,5,3,6,6,3,6,5,9,4,3,4,8,2,2,2,5,10,2,3,2,3,2,9,6,5,3,5,4,8,10,7,4,10,13,12,13,11,4,2,2,5,8,6,10,4,10,5,8,10,9,5,10,4,5,11,3,2,6,5,6,10,7,13,11,11,5,11,9,9,75,6,7,14,9,7,13,8,5,4,7,5,8,8,8,6,7,8,12,2,5,11,8,6,2,12,10,10,13,13,6,2,5,4,5,10,9,12,6,8,3,5,7,8,8,2,7,13,12,7,9,10,13,6,12,10,7,7,15,3,12
SBV124,38,5,63,85,70,69,16,2,70,6,4,74,7,74,6,4,4,6,7,5,3,4,4,4,2,3,2,2,2,4,2,4,6,6,4,5,3,6,2,7,5,6,3,5,4,6,1,6,2,11,3,2,3,6,1,6,2,1,2,2,3,7,4,5,7,6,5,4,4,2,2,2,5,3,1,9,7,4,3,1,8,1,3,7,2,2,6,3,3,8,0,3,6,0,1,2,0,2,6,2,2,5,2,4,5,3,3,5,2,4,5,2,6,4,3,8,0,2,6,5,3,6,6,3,6,5,9,4,3,4,8,2,0,0,5,10,2,3,2,3,2,9,6,5,3,5,2,8,10,7,4,10,13,12,13,11,4,2,0,5,8,6,10,2,10,3,8,10,9,5,10,2,3,11,1,2,6,3,4,10,7,13,11,11,3,11,9,9,75,6,7,14,9,7,13,8,5,4,7,5,8,8,8,6,7,8,12,2,5,11,8,6,2,12,10,10,13,13,4,2,5,4,5,10,9,12,4,8,3,5,7,8,8,2,5,13,12,7,9,10,13,4,12,10,5,7,15,1,12
SBV125,38,5,63,85,70,69,16,2,70,6,4,74,7,74,6,4,4,6,7,5,3,4,4,4,2,3,2,2,2,4,2,4,6,6,4,5,3,6,2,7,5,6,3,5,4,6,1,6,2,11,3,2,3,6,1,6,2,1,2,2,3,7,4,5,7,6,5,4,4,2,2,2,5,3,1,9,7,4,3,1,8,1,5,7,2,2,6,3,3,8,2,3,6,2,3,2,2,0,6,2,2,5,4,4,5,3,1,5,2,4,5,2,6,4,3,8,2,2,6,5,1,6,6,3,6,5,9,4,3,4,8,2,2,2,5,10,2,3,2,3,2,9,6,5,3,5,4,8,10,7,4,10,13,12,13,11,4,2,2,5,8,6,10,4,10,5,8,10,9,5,10,4,5,11,3,2,6,5,6,10,7,13,11,11,5,11,9,9,75,6,7,14,9,7,13,8,5,4,7,5,8,8,8,6,7,8,12,2,5,11,8,6,2,12,10,10,13,13,6,2,5,4,5,10,9,12,6,8,3,5,7,8,8,2,7,13,12,7,9,10,13,6,12,10,7,7,15,3,12
SBV127,38,3,63,85,70,69,16,4,70,6,4,74,7,74,6,2,2,6,5,7,5,2,6,6,4,5,4,4,4,6,4,6,6,2,6,1,3,2,4,7,1,2,5,1,6,2,5,2,4,11,5,4,5,4,5,2,4,5,4,4,5,3,6,5,3,6,3,6,6,4,4,4,5,5,5,5,1,2,7,5,2,5,9,3,6,4,8,5,5,2,6,5,0,6,7,6,6,6,0,6,6,7,8,6,5,7,7,7,4,6,7,4,8,6,7,2,6,4,0,7,7,8,8,5,8,9,5,6,7,6,4,6,6,6,7,8,4,5,4,5,4,7,6,7,5,9,8,4,10,7,6,10,13,12,13,7,8,6,6,7,10,8,10,8,10,9,10,10,9,7,10,8,9,11,7,4,8,9,10,10,9,9,11,11,9,11,5,9,75,6,9,14,11,7,13,8,9,6,9,9,8,12,8,6,11,8,12,4,5,11,8,6,4,12,10,10,13,13,10,6,7,8,5,6,9,12,10,8,7,7,11,10,10,6,11,13,12,11,11,12,13,10,12,10,11,7,15,7,12
SBV128,38,5,63,85,70,69,16,2,70,6,4,74,7,74,6,4,4,6,7,5,3,4,4,4,2,3,2,2,2,4,2,4,6,6,4,5,3,6,2,7,5,6,3,5,4,6,1,6,2,11,3,2,3,6,1,6,2,1,2,2,3,7,4,5,7,6,5,4,4,2,2,2,5,3,1,9,7,4,3,1,8,1,5,7,2,2,6,3,3,8,2,3,6,2,3,2,2,2,6,0,2,5,4,4,5,3,3,5,2,4,5,2,6,4,3,8,2,2,6,5,3,6,6,3,6,5,9,4,3,4,8,2,2,2,5,10,2,3,2,3,2,9,6,5,3,5,4,8,10,7,4,10,13,12,13,11,4,2,2,5,8,6,10,4,10,5,8,10,9,5,10,4,5,11,3,2,6,5,6,10,7,13,11,11,5,11,9,9,75,6,7,14,9,7,13,8,5,4,7,5,8,8,8,6,7,8,12,2,5,11,8,6,2,12,10,10,13,13,6,2,5,4,5,10,9,12,6,8,3,5,7,8,8,2,7,13,12,7,9,10,13,6,12,10,7,7,15,3,12
SBV130,38,5,63,85,70,69,16,2,70,6,4,74,7,74,6,4,4,6,7,5,3,4,4,4,2,3,2,2,2,4,2,4,6,6,4,5,3,6,2,7,5,6,3,5,4,6,1,6,2,11,3,2,3,6,1,6,2,1,2,2,3,7,4,5,7,6,5,4,4,2,2,2,5,3,1,9,7,4,3,1,8,1,5,7,2,2,6,3,3,8,2,3,6,2,3,2,2,2,6,2,0,5,4,4,5,3,3,5,2,4,5,2,6,4,3,8,2,2,6,5,3,6,6,3,6,5,9,4,3,4,8,2,2,2,5,10,2,3,2,3,2,9,6,5,3,5,4,8,10,7,4,10,13,12,13,11,4,2,2,5,8,6,10,4,10,5,8,10,9,5,10,4,5,11,3,2,6,5,6,10,7,13,11,11,5,11,9,9,75,6,7,14,9,7,13,8,5,4,7,5,8,8,8,6,7,8,12,2,5,11,8,6,2,12,10,10,13,13,6,2,5,4,5,10,9,12,6,8,3,5,7,8,8,2,7,13,12,7,9,10,13,6,12,10,7,7,15,3,12
SBV132,39,6,64,86,71,70,17,3,71,7,5,75,8,75,7,5,5,7,8,6,4,5,5,5,3,4,3,3,3,5,3,5,7,7,5,6,4,7,3,8,6,7,4,6,5,7,4,7,3,12,4,3,4,7,4,7,3,4,3,3,4,8,5,6,8,7,6,5,5,3,3,3,6,4,4,10,8,5,6,4,9,4,8,8,5,3,7,4,4,9,5,4,7,5,6,5,5,5,7,5,5,0,7,5,6,6,6,6,3,5,6,3,7,5,6,9,5,3,7,6,6,7,7,4,7,8,10,5,6,5,9,5,5,5,6,11,3,4,3,4,3,10,7,6,4,8,7,9,11,8,5,11,14,13,14,12,7,5,5,6,9,7,11,7,11,8,9,11,10,6,11,7,8,12,6,3,7,8,9,11,8,14,12,12,8,12,10,10,76,7,8,15,10,8,14,9,8,5,8,8,9,11,9,7,10,9,13,3,6,12,9,7,3,13,11,11,14,14,9,5,6,7,6,11,10,13,9,9,6,6,10,9,9,5,10,14,13,10,10,11,14,9,13,11,10,8,16,6,13
SBV133,40,7,65,87,72,71,18,4,72,8,6,76,9,76,8,6,6,8,9,7,5,6,6,6,4,5,4,4,4,6,4,6,8,8,6,7,5,8,4,9,7,8,5,7,6,8,3,8,4,13,5,4,5,8,3,8,4,3,4,4,5,9,6,7,9,8,7,6,6,4,4,4,7,5,3,11,9,6,5,3,10,3,5,9,4,4,8,5,5,10,2,5,8,2,3,4,2,4,8,4,4,7,0,6,7,5,5,7,4,6,7,4,8,6,5,10,2,4,8,7,5,8,8,5,8,7,11,6,5,6,10,4,2,2,7,12,4,5,4,5,4,11,8,7,5,7,4,10,12,9,6,12,15,14,15,13,6,4,2,7,10,8,12,4,12,5,10,12,11,7,12,4,5,13,3,4,8,5,6,12,9,15,13,13,5,13,11,11,77,8,9,16,11,9,15,10,7,6,9,7,10,10,10,8,9,10,14,4,7,13,10,8,4,14,12,12,15,15,6,4,7,6,7,12,11,14,6,10,5,7,9,10,10,4,7,15,14,9,11,12,15,6,14,12,7,9,17,3,14
SBV134,38,5,63,85,70,69,16,2,70,6,4,74,7,74,6,4,4,6,7,5,3,4,4,4,2,1,2,2,2,4,2,2,6,6,2,5,3,6,2,7,5,6,3,5,4,6,3,6,2,11,3,2,1,6,3,6,2,3,2,2,3,7,4,5,7,6,5,4,4,2,2,2,5,3,3,9,7,4,5,3,8,3,7,7,4,2,6,3,3,8,4,3,6,4,5,4,4,4,6,4,4,5,6,0,5,5,5,5,2,4,5,2,6,4,5,8,4,2,6,5,5,6,6,3,6,7,9,4,5,4,8,4,4,4,5,10,2,3,2,3,2,9,6,5,3,7,6,8,10,7,4,10,13,12,13,11,6,4,4,5,8,6,10,6,10,7,8,10,9,5,10,6,7,11,5,2,6,7,8,10,7,13,11,11,7,11,9,9,75,6,7,14,9,7,13,8,7,4,7,7,8,10,8,6,9,8,12,2,5,11,8,6,2,12,10,10,13,13,8,4,5,6,5,10,9,12,8,8,5,5,9,8,8,4,9,13,12,9,9,10,13,8,12,10,9,7,15,5,12
SBV135,35,4,60,82,67,66,13,3,67,3,1,71,4,71,3,3,3,3,6,6,4,3,5,5,3,4,3,3,3,5,3,5,3,5,5,4,2,5,3,4,4,5,4,4,5,5,4,5,3,8,4,3,4,5,4,5,3,4,3,3,4,6,5,0,6,1,4,5,5,3,3,3,0,4,4,8,6,3,6,4,7,4,8,6,5,3,7,4,4,7,5,4,5,5,6,5,5,5,5,5,5,6,7,5,0,6,6,6,3,5,6,3,7,5,6,7,5,3,5,6,6,7,7,4,7,8,8,5,6,5,7,5,5,5,6,9,3,4,3,4,3,8,1,6,4,8,7,7,5,2,5,5,8,7,8,10,7,5,5,6,9,7,5,7,5,8,9,5,4,6,5,7,8,6,6,3,7,8,9,5,8,12,6,6,8,6,8,4,72,1,8,9,10,2,8,3,8,5,8,8,3,11,3,1,10,3,7,3,0,6,3,1,3,7,5,5,8,8,9,5,6,7,0,9,4,7,9,3,6,6,10,9,9,5,10,8,7,10,10,11,8,9,7,5,10,4,10,6,7
SBV136,39,6,64,86,71,70,17,3,71,7,5,75,8,75,7,5,5,7,8,6,4,5,5,5,3,4,3,3,3,5,3,5,7,7,5,6,4,7,3,8,6,7,4,6,5,7,2,7,3,12,4,3,4,7,2,7,3,2,3,3,4,8,5,6,8,7,6,5,5,3,3,3,6,4,2,10,8,5,4,2,9,2,6,8,1,3,7,4,4,9,3,4,7,3,4,1,3,3,7,3,3,6,5,5,6,0,4,6,3,5,6,3,7,5,4,9,3,3,7,6,4,7,7,4,7,6,10,5,4,5,9,3,3,3,6,11,3,4,3,4,3,10,7,6,4,6,5,9,11,8,5,11,14,13,14,12,5,3,3,6,9,7,11,5,11,6,9,11,10,6,11,5,6,12,4,3,7,6,7,11,8,14,12,12,6,12,10,10,76,7,8,15,10,8,14,9,6,5,8,6,9,9,9,7,8,9,13,3,6,12,9,7,3,13,11,11,14,14,7,3,6,5,6,11,10,13,7,9,4,6,8,9,9,3,8,14,13,8,10,11,14,7,13,11,8,8,16,4,13
SBV138,39,6,64,86,71,70,17,3,71,7,5,75,8,75,7,5,5,7,8,6,4,5,5,5,3,4,3,3,3,5,3,5,7,7,5,6,4,7,3,8,6,7,4,6,5,7,2,7,3,12,4,3,4,7,2,7,3,2,3,3,4,8,5,6,8,7,6,5,5,3,3,3,6,4,2,10,8,5,4,2,9,2,6,8,3,3,7,4,4,9,3,4,7,3,4,3,3,1,7,3,3,6,5,5,6,4,0,6,3,5,6,3,7,5,4,9,3,3,7,6,2,7,7,4,7,6,10,5,4,5,9,3,3,3,6,11,3,4,3,4,3,10,7,6,4,6,5,9,11,8,5,11,14,13,14,12,5,3,3,6,9,7,11,5,11,6,9,11,10,6,11,5,6,12,4,3,7,6,7,11,8,14,12,12,6,12,10,10,76,7,8,15,10,8,14,9,6,5,8,6,9,9,9,7,8,9,13,3,6,12,9,7,3,13,11,11,14,14,7,3,6,5,6,11,10,13,7,9,4,6,8,9,9,3,8,14,13,8,10,11,14,7,13,11,8,8,16,4,13
SBV139,39,6,64,86,71,70,17,3,71,7,5,75,8,75,7,5,5,7,8,6,4,5,5,5,3,4,3,3,3,5,3,5,7,7,5,6,4,7,3,8,6,7,4,6,5,7,4,7,3,12,4,3,4,7,4,7,3,4,3,3,4,8,5,6,8,7,6,5,5,3,3,3,6,4,4,10,8,5,6,4,9,4,8,8,5,3,7,4,4,9,5,4,7,5,6,5,5,5,7,5,5,6,7,5,6,6,6,0,3,5,6,3,7,5,6,9,5,3,7,6,6,7,7,4,7,8,10,5,6,5,9,5,5,5,6,11,3,4,3,4,3,10,7,6,4,8,7,9,11,8,5,11,14,13,14,12,7,5,5,6,9,7,11,7,11,8,9,11,10,6,11,7,8,12,6,3,7,8,9,11,8,14,12,12,8,12,10,10,76,7,8,15,10,8,14,9,8,5,8,8,9,11,9,7,10,9,13,3,6,12,9,7,3,13,11,11,14,14,9,5,6,7,6,11,10,13,9,9,6,6,10,9,9,5,10,14,13,10,10,11,14,9,13,11,10,8,16,6,13
SBV140,36,3,61,83,68,67,14,0,68,4,2,72,5,72,4,2,2,4,5,3,1,2,2,2,0,1,0,0,0,2,0,2,4,4,2,3,1,4,0,5,3,4,1,3,2,4,1,4,0,9,1,0,1,4,1,4,0,1,0,0,1,5,2,3,5,4,3,2,2,0,0,0,3,1,1,7,5,2,3,1,6,1,5,5,2,0,4,1,1,6,2,1,4,2,3,2,2,2,4,2,2,3,4,2,3,3,3,3,0,2,3,0,4,2,3,6,2,0,4,3,3,4,4,1,4,5,7,2,3,2,6,2,2,2,3,8,0,1,0,1,0,7,4,3,1,5,4,6,8,5,2,8,11,10,11,9,4,2,2,3,6,4,8,4,8,5,6,8,7,3,8,4,5,9,3,0,4,5,6,8,5,11,9,9,5,9,7,7,73,4,5,12,7,5,11,6,5,2,5,5,6,8,6,4,7,6,10,0,3,9,6,4,0,10,8,8,11,11,6,2,3,4,3,8,7,10,6,6,3,3,7,6,6,2,7,11,10,7,7,8,11,6,10,8,7,5,13,3,10
SBV141,38,5,63,85,70,69,16,2,70,6,4,74,7,74,6,4,4,6,7,5,3,4,4,4,2,3,2,2,2,4,2,4,6,6,4,5,3,6,2,7,5,6,3,5,4,6,3,6,2,11,3,2,3,6,3,6,2,3,2,2,3,7,4,5,7,6,5,4,4,2,2,2,5,3,3,9,7,4,5,3,8,3,7,7,4,2,6,3,3,8,4,3,6,4,5,4,4,4,6,4,4,5,6,4,5,5,5,5,2,0,5,2,6,4,5,8,4,2,6,5,5,6,2,3,2,7,9,4,5,0,8,4,4,4,5,10,2,3,2,3,2,9,6,5,3,7,6,8,10,7,4,10,13,12,13,11,6,4,4,1,8,6,10,6,10,7,4,10,9,1,10,6,7,11,5,2,6,7,8,10,3,13,11,11,7,11,9,9,75,6,3,14,9,7,13,8,7,4,7,7,8,10,8,6,9,8,12,2,5,11,8,6,2,12,10,10,13,13,8,4,5,6,5,10,9,12,8,8,5,5,9,8,8,4,9,13,12,9,9,10,13,8,12,10,9,7,15,5,12
SBV142,39,6,64,86,71,70,17,3,71,7,5,75,8,75,7,5,5,7,8,6,4,5,5,5,3,4,3,3,3,5,3,5,7,7,5,6,4,7,3,8,6,7,4,6,5,7,4,7,3,12,4,3,4,7,4,7,3,4,3,3,4,8,5,6,8,7,6,5,5,3,3,3,6,4,4,10,8,5,6,4,9,4,8,8,5,3,7,4,4,9,5,4,7,5,6,5,5,5,7,5,5,6,7,5,6,6,6,6,3,5,0,3,7,5,6,9,5,3,7,6,6,7,7,4,7,8,10,5,6,5,9,5,5,5,6,11,3,4,3,4,3,10,7,6,4,8,7,9,11,8,5,11,14,13,14,12,7,5,5,6,9,7,11,7,11,8,9,11,10,6,11,7,8,12,6,3,7,8,9,11,8,14,12,12,8,12,10,10,76,7,8,15,10,8,14,9,8,5,8,8,9,11,9,7,10,9,13,3,6,12,9,7,3,13,11,11,14,14,9,5,6,7,6,11,10,13,9,9,6,6,10,9,9,5,10,14,13,10,10,11,14,9,13,11,10,8,16,6,13
SBV143,36,3,61,83,68,67,14,0,68,4,2,72,5,72,4,2,2,4,5,3,1,2,2,2,0,1,0,0,0,2,0,2,4,4,2,3,1,4,0,5,3,4,1,3,2,4,1,4,0,9,1,0,1,4,1,4,0,1,0,0,1,5,2,3,5,4,3,2,2,0,0,0,3,1,1,7,5,2,3,1,6,1,5,5,2,0,4,1,1,6,2,1,4,2,3,2,2,2,4,2,2,3,4,2,3,3,3,3,0,2,3,0,4,2,3,6,2,0,4,3,3,4,4,1,4,5,7,2,3,2,6,2,2,2,3,8,0,1,0,1,0,7,4,3,1,5,4,6,8,5,2,8,11,10,11,9,4,2,2,3,6,4,8,4,8,5,6,8,7,3,8,4,5,9,3,0,4,5,6,8,5,11,9,9,5,9,7,7,73,4,5,12,7,5,11,6,5,2,5,5,6,8,6,4,7,6,10,0,3,9,6,4,0,10,8,8,11,11,6,2,3,4,3,8,7,10,6,6,3,3,7,6,6,2,7,11,10,7,7,8,11,6,10,8,7,5,13,3,10
SBV144,40,7,65,87,72,71,18,4,72,8,6,76,9,76,8,6,6,8,9,7,5,6,6,6,4,5,4,4,4,6,4,6,8,8,6,7,5,8,4,9,7,8,5,7,6,8,5,8,4,13,5,4,5,8,5,8,4,5,4,4,5,9,6,7,9,8,7,6,6,4,4,4,7,5,5,11,9,6,7,5,10,5,9,9,6,4,8,5,5,10,6,5,8,6,7,6,6,6,8,6,6,7,8,6,7,7,7,7,4,6,7,4,0,6,7,10,6,4,8,7,7,0,8,5,8,9,11,6,7,6,10,6,6,6,7,12,4,5,4,5,4,11,8,7,5,9,8,10,12,9,6,12,15,14,15,13,8,6,6,7,10,8,12,8,12,9,10,12,11,7,12,8,9,13,7,4,8,9,10,12,9,15,13,13,9,13,11,11,77,8,9,16,11,9,15,10,9,6,9,9,10,12,10,8,11,10,14,4,7,13,10,8,4,14,12,12,15,15,10,6,7,8,7,12,11,14,10,10,7,7,11,10,10,6,11,15,14,11,11,12,15,10,14,12,11,9,17,7,14
SBV145,38,5,63,85,70,69,16,2,70,6,4,74,7,74,6,4,4,6,7,5,3,4,4,4,2,3,2,2,2,4,2,4,6,6,4,5,3,6,2,7,5,6,3,5,4,6,3,6,2,11,3,2,3,6,3,6,2,3,2,2,3,7,4,5,7,6,5,4,4,2,2,2,5,3,3,9,7,4,5,3,8,3,7,7,4,2,6,3,3,8,4,3,6,4,5,4,4,4,6,4,4,5,6,4,5,5,5,5,2,4,5,2,6,0,5,8,4,2,6,5,5,6,6,3,6,7,9,4,5,4,8,4,4,4,5,10,2,3,2,3,2,9,6,5,3,7,6,8,10,7,4,10,13,12,13,11,6,4,4,5,8,6,10,6,10,7,8,10,9,5,10,6,7,11,5,2,6,7,8,10,7,13,11,11,7,11,9,9,75,6,7,14,9,7,13,8,7,4,7,7,8,10,8,6,9,8,12,2,5,11,8,6,2,12,10,10,13,13,8,4,5,6,5,10,9,12,8,8,5,5,9,8,8,4,9,13,12,9,9,10,13,8,12,10,9,7,15,5,12
SBV146,39,6,64,86,71,70,17,3,71,7,5,75,8,75,7,5,5,7,8,6,4,5,5,5,3,4,3,3,3,5,3,5,7,7,5,6,4,7,3,8,6,7,4,6,5,7,2,7,3,12,4,3,4,7,2,7,3,2,3,3,4,8,5,6,8,7,6,5,5,3,3,3,6,4,2,10,8,5,4,2,9,2,6,8,3,3,7,4,4,9,3,4,7,3,4,3,3,3,7,3,3,6,5,5,6,4,4,6,3,5,6,3,7,5,0,9,3,3,7,6,4,7,7,4,7,6,10,5,4,5,9,3,3,3,6,11,3,4,3,4,3,10,7,6,4,6,5,9,11,8,5,11,14,13,14,12,5,3,3,6,9,7,11,5,11,6,9,11,10,6,11,5,6,12,4,3,7,6,7,11,8,14,12,12,6,12,10,10,76,7,8,15,10,8,14,9,6,5,8,6,9,9,9,7,8,9,13,3,6,12,9,7,3,13,11,11,14,14,7,3,6,5,6,11,10,13,7,9,4,6,8,9,9,3,8,14,13,8,10,11,14,7,13,11,8,8,16,4,13
SBV147,40,5,65,87,72,71,18,6,72,8,6,76,9,76,8,4,4,8,7,9,7,4,8,8,6,7,6,6,6,8,6,8,8,4,8,3,5,4,6,9,3,4,7,3,8,4,7,4,6,13,7,6,7,6,7,4,6,7,6,6,7,5,8,7,5,8,5,8,8,6,6,6,7,7,7,7,3,4,9,7,4,7,11,5,8,6,10,7,7,4,8,7,2,8,9,8,8,8,2,8,8,9,10,8,7,9,9,9,6,8,9,6,10,8,9,0,8,6,2,9,9,10,10,7,10,11,7,8,9,8,6,8,8,8,9,10,6,7,6,7,6,9,8,9,7,11,10,6,12,9,8,12,15,14,15,9,10,8,8,9,12,10,12,10,12,11,12,12,11,9,12,10,11,13,9,6,10,11,12,12,11,11,13,13,11,13,7,11,77,8,11,16,13,9,15,10,11,8,11,11,10,14,10,8,13,10,14,6,7,13,10,8,6,14,12,12,15,15,12,8,9,10,7,8,11,14,12,10,9,9,13,12,12,8,13,15,14,13,13,14,15,12,14,12,13,9,17,9,14
SBV148,38,5,63,85,70,69,16,2,70,6,4,74,7,74,6,4,4,6,7,5,3,4,4,4,2,3,2,2,2,4,2,4,6,6,4,5,3,6,2,7,5,6,3,5,4,6,1,6,2,11,3,2,3,6,1,6,2,1,2,2,3,7,4,5,7,6,5,4,4,2,2,2,5,3,1,9,7,4,3,1,8,1,3,7,2,2,6,3,3,8,0,3,6,0,1,2,0,2,6,2,2,5,2,4,5,3,3,5,2,4,5,2,6,4,3,8,0,2,6,5,3,6,6,3,6,5,9,4,3,4,8,2,0,0,5,10,2,3,2,3,2,9,6,5,3,5,2,8,10,7,4,10,13,12,13,11,4,2,0,5,8,6,10,2,10,3,8,10,9,5,10,2,3,11,1,2,6,3,4,10,7,13,11,11,3,11,9,9,75,6,7,14,9,7,13,8,5,4,7,5,8,8,8,6,7,8,12,2,5,11,8,6,2,12,10,10,13,13,4,2,5,4,5,10,9,12,4,8,3,5,7,8,8,2,5,13,12,7,9,10,13,4,12,10,5,7,15,1,12
SBV150,36,3,61,83,68,67,14,0,68,4,2,72,5,72,4,2,2,4,5,3,1,2,2,2,0,1,0,0,0,2,0,2,4,4,2,3,1,4,0,5,3,4,1,3,2,4,1,4,0,9,1,0,1,4,1,4,0,1,0,0,1,5,2,3,5,4,3,2,2,0,0,0,3,1,1,7,5,2,3,1,6,1,5,5,2,0,4,1,1,6,2,1,4,2,3,2,2,2,4,2,2,3,4,2,3,3,3,3,0,2,3,0,4,2,3,6,2,0,4,3,3,4,4,1,4,5,7,2,3,2,6,2,2,2,3,8,0,1,0,1,0,7,4,3,1,5,4,6,8,5,2,8,11,10,11,9,4,2,2,3,6,4,8,4,8,5,6,8,7,3,8,4,5,9,3,0,4,5,6,8,5,11,9,9,5,9,7,7,73,4,5,12,7,5,11,6,5,2,5,5,6,8,6,4,7,6,10,0,3,9,6,4,0,10,8,8,11,11,6,2,3,4,3,8,7,10,6,6,3,3,7,6,6,2,7,11,10,7,7,8,11,6,10,8,7,5,13,3,10
SBV151,38,3,63,85,70,69,16,4,70,6,4,74,7,74,6,2,2,6,5,7,5,2,6,6,4,5,4,4,4,6,4,6,6,2,6,1,3,2,4,7,1,2,5,1,6,2,5,2,4,11,5,4,5,4,5,2,4,5,4,4,5,3,6,5,3,6,3,6,6,4,4,4,5,5,5,5,1,2,7,5,2,5,9,3,6,4,8,5,5,2,6,5,0,6,7,6,6,6,0,6,6,7,8,6,5,7,7,7,4,6,7,4,8,6,7,2,6,4,0,7,7,8,8,5,8,9,5,6,7,6,4,6,6,6,7,8,4,5,4,5,4,7,6,7,5,9,8,4,10,7,6,10,13,12,13,7,8,6,6,7,10,8,10,8,10,9,10,10,9,7,10,8,9,11,7,4,8,9,10,10,9,9,11,11,9,11,5,9,75,6,9,14,11,7,13,8,9,6,9,9,8,12,8,6,11,8,12,4,5,11,8,6,4,12,10,10,13,13,10,6,7,8,5,6,9,12,10,8,7,7,11,10,10,6,11,13,12,11,11,12,13,10,12,10,11,7,15,7,12
SBV152,39,6,64,86,71,70,17,3,71,7,5,75,8,75,7,5,5,7,8,6,4,5,5,5,3,4,3,3,3,5,3,5,7,7,5,6,4,7,3,8,6,7,4,6,5,7,4,7,3,12,4,3,4,7,4,7,3,4,3,3,4,8,5,6,8,7,6,5,5,3,3,3,6,4,4,10,8,5,6,4,9,4,8,8,5,3,7,4,4,9,5,4,7,5,6,5,5,5,7,5,5,6,7,5,6,6,6,6,3,5,6,3,7,5,6,9,5,3,7,0,6,7,7,4,7,8,10,5,6,5,9,5,5,5,6,11,3,4,3,4,3,10,7,6,4,8,7,9,11,8,5,11,14,13,14,12,7,5,5,6,9,7,11,7,11,8,9,11,10,6,11,7,8,12,6,3,7,8,9,11,8,14,12,12,8,12,10,10,76,7,8,15,10,8,14,9,8,5,8,8,9,11,9,7,10,9,13,3,6,12,9,7,3,13,11,11,14,14,9,5,6,7,6,11,10,13,9,9,6,6,10,9,9,5,10,14,13,10,10,11,14,9,13,11,10,8,16,6,13
SBV153,39,6,64,86,71,70,17,3,71,7,5,75,8,75,7,5,5,7,8,6,4,5,5,5,3,4,3,3,3,5,3,5,7,7,5,6,4,7,3,8,6,7,4,6,5,7,2,7,3,12,4,3,4,7,2,7,3,2,3,3,4,8,5,6,8,7,6,5,5,3,3,3,6,4,2,10,8,5,4,2,9,2,6,8,3,3,7,4,4,9,3,4,7,3,4,3,3,1,7,3,3,6,5,5,6,4,2,6,3,5,6,3,7,5,4,9,3,3,7,6,0,7,7,4,7,6,10,5,4,5,9,3,3,3,6,11,3,4,3,4,3,10,7,6,4,6,5,9,11,8,5,11,14,13,14,12,5,3,3,6,9,7,11,5,11,6,9,11,10,6,11,5,6,12,4,3,7,6,7,11,8,14,12,12,6,12,10,10,76,7,8,15,10,8,14,9,6,5,8,6,9,9,9,7,8,9,13,3,6,12,9,7,3,13,11,11,14,14,7,3,6,5,6,11,10,13,7,9,4,6,8,9,9,3,8,14,13,8,10,11,14,7,13,11,8,8,16,4,13
SBV156,40,7,65,87,72,71,18,4,72,8,6,76,9,76,8,6,6,8,9,7,5,6,6,6,4,5,4,4,4,6,4,6,8,8,6,7,5,8,4,9,7,8,5,7,6,8,5,8,4,13,5,4,5,8,5,8,4,5,4,4,5,9,6,7,9,8,7,6,6,4,4,4,7,5,5,11,9,6,7,5,10,5,9,9,6,4,8,5,5,10,6,5,8,6,7,6,6,6,8,6,6,7,8,6,7,7,7,7,4,6,7,4,0,6,7,10,6,4,8,7,7,0,8,5,8,9,11,6,7,6,10,6,6,6,7,12,4,5,4,5,4,11,8,7,5,9,8,10,12,9,6,12,15,14,15,13,8,6,6,7,10,8,12,8,12,9,10,12,11,7,12,8,9,13,7,4,8,9,10,12,9,15,13,13,9,13,11,11,77,8,9,16,11,9,15,10,9,6,9,9,10,12,10,8,11,10,14,4,7,13,10,8,4,14,12,12,15,15,10,6,7,8,7,12,11,14,10,10,7,7,11,10,10,6,11,15,14,11,11,12,15,10,14,12,11,9,17,7,14
SBV157,40,7,65,87,72,71,18,4,72,8,6,76,9,76,8,6,6,8,9,7,5,6,6,6,4,5,4,4,4,6,4,6,8,8,6,7,5,8,4,9,7,8,5,7,6,8,5,8,4,13,5,4,5,8,5,8,4,5,4,4,5,9,6,7,9,8,7,6,6,4,4,4,7,5,5,11,9,6,7,5,10,5,9,9,6,4,8,5,5,10,6,5,8,6,7,6,6,6,8,6,6,7,8,6,7,7,7,7,4,2,7,4,8,6,7,10,6,4,8,7,7,8,0,5,4,9,11,6,7,2,10,6,6,6,7,12,4,5,4,5,4,11,8,7,5,9,8,10,12,9,6,12,15,14,15,13,8,6,6,3,10,8,12,8,12,9,6,12,11,3,12,8,9,13,7,4,8,9,10,12,5,15,13,13,9,13,11,11,77,8,5,16,11,9,15,10,9,6,9,9,10,12,10,8,11,10,14,4,7,13,10,8,4,14,12,12,15,15,10,6,7,8,7,12,11,14,10,10,7,7,11,10,10,6,11,15,14,11,11,12,15,10,14,12,11,9,17,7,14
SBV158,37,4,62,84,69,68,15,1,69,5,3,73,6,73,5,3,3,5,6,4,2,3,3,3,1,2,1,1,1,3,1,3,5,5,3,4,2,5,1,6,4,5,2,4,3,5,2,5,1,10,2,1,2,5,2,5,1,2,1,1,2,6,3,4,6,5,4,3,3,1,1,1,4,2,2,8,6,3,4,2,7,2,6,6,3,1,5,2,2,7,3,2,5,3,4,3,3,3,5,3,3,4,5,3,4,4,4,4,1,3,4,1,5,3,4,7,3,1,5,4,4,5,5,0,5,6,8,3,4,3,7,3,3,3,4,9,1,2,1,2,1,8,5,4,2,6,5,7,9,6,3,9,12,11,12,10,5,3,3,4,7,5,9,5,9,6,7,9,8,4,9,5,6,10,4,1,5,6,7,9,6,12,10,10,6,10,8,8,74,5,6,13,8,6,12,7,6,3,6,6,7,9,7,5,8,7,11,1,4,10,7,5,1,11,9,9,12,12,7,3,4,5,4,9,8,11,7,7,4,4,8,7,7,3,8,12,11,8,8,9,12,7,11,9,8,6,14,4,11
SBV159,40,7,65,87,72,71,18,4,72,8,6,76,9,76,8,6,6,8,9,7,5,6,6,6,4,5,4,4,4,6,4,6,8,8,6,7,5,8,4,9,7,8,5,7,6,8,5,8,4,13,5,4,5,8,5,8,4,5,4,4,5,9,6,7,9,8,7,6,6,4,4,4,7,5,5,11,9,6,7,5,10,5,9,9,6,4,8,5,5,10,6,5,8,6,7,6,6,6,8,6,6,7,8,6,7,7,7,7,4,2,7,4,8,6,7,10,6,4,8,7,7,8,4,5,0,9,11,6,7,2,10,6,6,6,7,12,4,5,4,5,4,11,8,7,5,9,8,10,12,9,6,12,15,14,15,13,8,6,6,3,10,8,12,8,12,9,6,12,11,3,12,8,9,13,7,4,8,9,10,12,5,15,13,13,9,13,11,11,77,8,5,16,11,9,15,10,9,6,9,9,10,12,10,8,11,10,14,4,7,13,10,8,4,14,12,12,15,15,10,6,7,8,7,12,11,14,10,10,7,7,11,10,10,6,11,15,14,11,11,12,15,10,14,12,11,9,17,7,14
SBV160,41,8,66,88,73,72,19,5,73,9,7,77,10,77,9,7,7,9,10,8,6,7,7,7,5,6,5,5,5,7,5,7,9,9,7,8,6,9,5,10,8,9,6,8,7,9,4,9,5,14,6,5,6,9,4,9,5,4,5,5,6,10,7,8,10,9,8,7,7,5,5,5,8,6,4,12,10,7,6,4,11,4,8,10,5,5,9,6,6,11,5,6,9,5,6,5,5,5,9,5,5,8,7,7,8,6,6,8,5,7,8,5,9,7,6,11,5,5,9,8,6,9,9,6,9,0,12,7,4,7,11,5,5,5,8,13,5,6,5,6,5,12,9,8,6,8,7,11,13,10,7,13,16,15,16,14,7,3,5,8,11,9,13,7,13,8,11,13,12,8,13,7,8,14,6,5,9,8,9,13,10,16,14,14,8,14,12,12,78,9,10,17,12,10,16,11,8,7,10,6,11,11,11,9,6,11,15,5,8,14,11,9,5,15,13,13,16,16,9,3,8,7,8,13,12,15,9,11,4,8,6,11,11,3,10,16,15,6,12,13,16,9,15,13,10,10,18,6,15
SBV161,41,6,66,88,73,72,19,7,73,9,7,77,10,77,9,5,5,9,8,10,8,5,9,9,7,8,7,7,7,9,7,9,9,5,9,4,6,3,7,10,4,5,8,4,9,5,8,3,7,14,8,7,8,7,8,3,7,8,7,7,8,4,9,8,4,9,6,9,9,7,7,7,8,8,8,6,6,5,10,8,7,8,12,4,9,7,11,8,8,7,9,8,5,9,10,9,9,9,5,9,9,10,11,9,8,10,10,10,7,9,10,7,11,9,10,7,9,7,5,10,10,11,11,8,11,12,0,9,10,9,5,9,9,9,10,11,7,8,7,8,7,10,9,10,8,12,11,5,13,10,9,13,16,15,16,8,11,9,9,10,13,11,13,11,13,12,13,13,12,10,13,11,12,14,10,7,11,12,13,13,12,10,14,14,12,14,6,12,78,9,12,17,14,10,16,11,12,9,12,12,11,15,11,9,14,11,15,7,8,14,11,9,7,15,13,13,16,16,13,9,10,11,8,7,12,15,13,11,10,10,14,13,13,9,14,16,15,14,14,15,16,13,15,13,14,10,18,10,15
SBV162,38,5,63,85,70,69,16,2,70,6,4,74,7,74,6,4,4,6,7,5,3,4,4,4,2,3,2,2,2,4,2,4,6,6,4,5,3,6,2,7,5,6,3,5,4,6,3,6,2,11,3,2,3,6,3,6,2,3,2,2,3,7,4,5,7,6,5,4,4,2,2,2,5,3,3,9,7,4,5,3,8,3,7,7,4,2,6,3,3,8,4,3,6,4,5,4,4,4,6,4,4,5,6,4,5,5,5,5,2,4,5,2,6,4,5,8,4,2,6,5,5,6,6,3,6,7,9,0,5,4,8,4,4,4,5,10,2,3,2,3,2,9,6,5,3,7,6,8,10,7,4,10,13,12,13,11,6,4,4,5,8,6,10,6,10,7,8,10,9,5,10,6,7,11,5,2,6,7,8,10,7,13,11,11,7,11,9,9,75,6,7,14,9,7,13,8,7,4,7,7,8,10,8,6,9,8,12,2,5,11,8,6,2,12,10,10,13,13,8,4,5,6,5,10,9,12,8,8,5,5,9,8,8,4,9,13,12,9,9,10,13,8,12,10,9,7,15,5,12
SBV163,39,6,64,86,71,70,17,3,71,7,5,75,8,75,7,5,5,7,8,6,4,5,5,5,3,4,3,3,3,5,3,5,7,7,5,6,4,7,3,8,6,7,4,6,5,7,2,7,3,12,4,3,4,7,2,7,3,2,3,3,4,8,5,6,8,7,6,5,5,3,3,3,6,4,2,10,8,5,4,2,9,2,6,8,3,3,7,4,4,9,3,4,7,3,4,3,3,3,7,3,3,6,5,5,6,4,4,6,3,5,6,3,7,5,4,9,3,3,7,6,4,7,7,4,7,4,10,5,0,5,9,3,3,3,6,11,3,4,3,4,3,10,7,6,4,6,5,9,11,8,5,11,14,13,14,12,5,1,3,6,9,7,11,5,11,6,9,11,10,6,11,5,6,12,4,3,7,6,7,11,8,14,12,12,6,12,10,10,76,7,8,15,10,8,14,9,6,5,8,4,9,9,9,7,6,9,13,3,6,12,9,7,3,13,11,11,14,14,7,1,6,5,6,11,10,13,7,9,0,6,6,9,9,1,8,14,13,6,10,11,14,7,13,11,8,8,16,4,13
SBV164,38,5,63,85,70,69,16,2,70,6,4,74,7,74,6,4,4,6,7,5,3,4,4,4,2,3,2,2,2,4,2,4,6,6,4,5,3,6,2,7,5,6,3,5,4,6,3,6,2,11,3,2,3,6,3,6,2,3,2,2,3,7,4,5,7,6,5,4,4,2,2,2,5,3,3,9,7,4,5,3,8,3,7,7,4,2,6,3,3,8,4,3,6,4,5,4,4,4,6,4,4,5,6,4,5,5,5,5,2,0,5,2,6,4,5,8,4,2,6,5,5,6,2,3,2,7,9,4,5,0,8,4,4,4,5,10,2,3,2,3,2,9,6,5,3,7,6,8,10,7,4,10,13,12,13,11,6,4,4,1,8,6,10,6,10,7,4,10,9,1,10,6,7,11,5,2,6,7,8,10,3,13,11,11,7,11,9,9,75,6,3,14,9,7,13,8,7,4,7,7,8,10,8,6,9,8,12,2,5,11,8,6,2,12,10,10,13,13,8,4,5,6,5,10,9,12,8,8,5,5,9,8,8,4,9,13,12,9,9,10,13,8,12,10,9,7,15,5,12
SBV165,40,5,65,87,72,71,18,6,72,8,6,76,9,76,8,4,4,8,7,9,7,4,8,8,6,7,6,6,6,8,6,8,8,4,8,3,5,2,6,9,3,4,7,3,8,4,7,2,6,13,7,6,7,6,7,2,6,7,6,6,7,3,8,7,3,8,5,8,8,6,6,6,7,7,7,5,5,4,9,7,6,7,11,3,8,6,10,7,7,6,8,7,4,8,9,8,8,8,4,8,8,9,10,8,7,9,9,9,6,8,9,6,10,8,9,6,8,6,4,9,9,10,10,7,10,11,5,8,9,8,0,8,8,8,9,10,6,7,6,7,6,9,8,9,7,11,10,0,12,9,8,12,15,14,15,3,10,8,8,9,12,10,12,10,12,11,12,12,11,9,12,10,11,13,9,6,10,11,12,12,11,5,13,13,11,13,1,11,77,8,11,16,13,9,15,10,11,8,11,11,10,14,10,8,13,10,14,6,7,13,10,8,6,14,12,12,15,15,12,8,9,10,7,2,11,14,12,10,9,9,13,12,12,8,13,15,14,13,13,14,15,12,14,12,13,9,17,9,14
SBV166,38,5,63,85,70,69,16,2,70,6,4,74,7,74,6,4,4,6,7,5,3,4,4,4,2,3,2,2,2,4,2,4,6,6,4,5,3,6,2,7,5,6,3,5,4,6,1,6,2,11,3,2,3,6,1,6,2,1,2,2,3,7,4,5,7,6,5,4,4,2,2,2,5,3,1,9,7,4,3,1,8,1,5,7,2,2,6,3,3,8,2,3,6,2,3,2,2,2,6,2,2,5,4,4,5,3,3,5,2,4,5,2,6,4,3,8,2,2,6,5,3,6,6,3,6,5,9,4,3,4,8,0,2,2,5,10,2,3,2,3,2,9,6,5,3,5,4,8,10,7,4,10,13,12,13,11,4,2,2,5,8,6,10,4,10,5,8,10,9,5,10,4,5,11,3,2,6,5,6,10,7,13,11,11,5,11,9,9,75,6,7,14,9,7,13,8,5,4,7,5,8,8,8,6,7,8,12,2,5,11,8,6,2,12,10,10,13,13,6,2,5,4,5,10,9,12,6,8,3,5,7,8,8,2,7,13,12,7,9,10,13,6,12,10,7,7,15,3,12
SBV167,38,5,63,85,70,69,16,2,70,6,4,74,7,74,6,4,4,6,7,5,3,4,4,4,2,3,2,2,2,4,2,4,6,6,4,5,3,6,2,7,5,6,3,5,4,6,1,6,2,11,3,2,3,6,1,6,2,1,2,2,3,7,4,5,7,6,5,4,4,2,2,2,5,3,1,9,7,4,3,1,8,1,3,7,2,2,6,3,3,8,0,3,6,0,1,2,0,2,6,2,2,5,2,4,5,3,3,5,2,4,5,2,6,4,3,8,0,2,6,5,3,6,6,3,6,5,9,4,3,4,8,2,0,0,5,10,2,3,2,3,2,9,6,5,3,5,2,8,10,7,4,10,13,12,13,11,4,2,0,5,8,6,10,2,10,3,8,10,9,5,10,2,3,11,1,2,6,3,4,10,7,13,11,11,3,11,9,9,75,6,7,14,9,7,13,8,5,4,7,5,8,8,8,6,7,8,12,2,5,11,8,6,2,12,10,10,13,13,4,2,5,4,5,10,9,12,4,8,3,5,7,8,8,2,5,13,12,7,9,10,13,4,12,10,5,7,15,1,12
SBV168,38,5,63,85,70,69,16,2,70,6,4,74,7,74,6,4,4,6,7,5,3,4,4,4,2,3,2,2,2,4,2,4,6,6,4,5,3,6,2,7,5,6,3,5,4,6,1,6,2,11,3,2,3,6,1,6,2,1,2,2,3,7,4,5,7,6,5,4,4,2,2,2,5,3,1,9,7,4,3,1,8,1,3,7,2,2,6,3,3,8,0,3,6,0,1,2,0,2,6,2,2,5,2,4,5,3,3,5,2,4,5,2,6,4,3,8,0,2,6,5,3,6,6,3,6,5,9,4,3,4,8,2,0,0,5,10,2,3,2,3,2,9,6,5,3,5,2,8,10,7,4,10,13,12,13,11,4,2,0,5,8,6,10,2,10,3,8,10,9,5,10,2,3,11,1,2,6,3,4,10,7,13,11,11,3,11,9,9,75,6,7,14,9,7,13,8,5,4,7,5,8,8,8,6,7,8,12,2,5,11,8,6,2,12,10,10,13,13,4,2,5,4,5,10,9,12,4,8,3,5,7,8,8,2,5,13,12,7,9,10,13,4,12,10,5,7,15,1,12
SBV169,39,6,64,86,71,70,17,3,71,7,5,75,8,75,7,5,5,7,8,6,4,5,5,5,3,4,3,3,3,5,3,5,7,7,5,6,4,7,3,8,6,7,4,6,5,7,4,7,3,12,4,3,4,7,4,7,3,4,3,3,4,8,5,6,8,7,6,5,5,3,3,3,6,4,4,10,8,5,6,4,9,4,8,8,5,3,7,4,4,9,5,4,7,5,6,5,5,5,7,5,5,6,7,5,6,6,6,6,3,5,6,3,7,5,6,9,5,3,7,6,6,7,7,4,7,8,10,5,6,5,9,5,5,5,0,11,3,4,3,4,3,10,7,6,4,8,7,9,11,8,5,11,14,13,14,12,7,5,5,6,9,7,11,7,11,8,9,11,10,6,11,7,8,12,6,3,7,8,9,11,8,14,12,12,8,12,10,10,76,7,8,15,10,8,14,9,8,5,8,8,9,11,9,7,10,9,13,3,6,12,9,7,3,13,11,11,14,14,9,5,6,7,6,11,10,13,9,9,6,6,10,9,9,5,10,14,13,10,10,11,14,9,13,11,10,8,16,6,13
SBV170,42,7,67,89,74,73,20,8,74,10,8,78,11,78,10,6,6,10,9,11,9,6,10,10,8,9,8,8,8,10,8,10,10,8,10,7,7,8,8,11,7,8,9,7,10,8,9,8,8,15,9,8,9,8,9,8,8,9,8,8,9,9,10,9,9,10,7,10,10,8,8,8,9,9,9,11,9,6,11,9,10,9,13,9,10,8,12,9,9,10,10,9,8,10,11,10,10,10,8,10,10,11,12,10,9,11,11,11,8,10,11,8,12,10,11,10,10,8,8,11,11,12,12,9,12,13,11,10,11,10,10,10,10,10,11,0,8,9,8,9,8,3,10,11,9,13,12,10,14,11,10,14,17,16,17,13,12,10,10,11,14,12,14,12,14,13,14,14,13,11,14,12,13,15,11,8,12,13,14,14,13,15,15,15,13,15,11,13,79,10,13,18,15,11,17,12,13,10,13,13,12,16,12,10,15,12,16,8,9,15,12,10,8,16,14,14,17,17,14,10,11,12,9,12,13,16,14,12,11,11,15,14,14,10,15,17,16,15,15,16,17,14,16,14,15,11,19,11,16
SBV171,36,3,61,83,68,67,14,0,68,4,2,72,5,72,4,2,2,4,5,3,1,2,2,2,0,1,0,0,0,2,0,2,4,4,2,3,1,4,0,5,3,4,1,3,2,4,1,4,0,9,1,0,1,4,1,4,0,1,0,0,1,5,2,3,5,4,3,2,2,0,0,0,3,1,1,7,5,2,3,1,6,1,5,5,2,0,4,1,1,6,2,1,4,2,3,2,2,2,4,2,2,3,4,2,3,3,3,3,0,2,3,0,4,2,3,6,2,0,4,3,3,4,4,1,4,5,7,2,3,2,6,2,2,2,3,8,0,1,0,1,0,7,4,3,1,5,4,6,8,5,2,8,11,10,11,9,4,2,2,3,6,4,8,4,8,5,6,8,7,3,8,4,5,9,3,0,4,5,6,8,5,11,9,9,5,9,7,7,73,4,5,12,7,5,11,6,5,2,5,5,6,8,6,4,7,6,10,0,3,9,6,4,0,10,8,8,11,11,6,2,3,4,3,8,7,10,6,6,3,3,7,6,6,2,7,11,10,7,7,8,11,6,10,8,7,5,13,3,10
SBV172,37,4,62,84,69,68,15,1,69,5,3,73,6,73,5,3,3,5,6,4,2,3,3,3,1,2,1,1,1,3,1,3,5,5,3,4,2,5,1,6,4,5,2,4,3,5,2,5,1,10,2,1,2,5,2,5,1,2,1,1,2,6,3,4,6,5,4,3,3,1,1,1,4,2,2,8,6,3,4,2,7,2,6,6,3,1,5,2,2,7,3,2,5,3,4,3,3,3,5,3,3,4,5,3,4,4,4,4,1,3,4,1,5,3,4,7,3,1,5,4,4,5,5,2,5,6,8,3,4,3,7,3,3,3,4,9,1,0,1,2,1,8,5,4,2,6,5,7,9,6,3,9,12,11,12,10,5,3,3,4,7,5,9,5,9,6,7,9,8,4,9,5,6,10,4,1,5,6,7,9,6,12,10,10,6,10,8,8,74,5,6,13,8,6,12,7,6,3,6,6,7,9,7,5,8,7,11,1,4,10,7,5,1,11,9,9,12,12,7,3,4,5,4,9,8,11,7,7,4,4,8,7,7,3,8,12,11,8,8,9,12,7,11,9,8,6,14,4,11
SBV173,36,3,61,83,68,67,14,0,68,4,2,72,5,72,4,2,2,4,5,3,1,2,2,2,0,1,0,0,0,2,0,2,4,4,2,3,1,4,0,5,3,4,1,3,2,4,1,4,0,9,1,0,1,4,1,4,0,1,0,0,1,5,2,3,5,4,3,2,2,0,0,0,3,1,1,7,5,2,3,1,6,1,5,5,2,0,4,1,1,6,2,1,4,2,3,2,2,2,4,2,2,3,4,2,3,3,3,3,0,2,3,0,4,2,3,6,2,0,4,3,3,4,4,1,4,5,7,2,3,2,6,2,2,2,3,8,0,1,0,1,0,7,4,3,1,5,4,6,8,5,2,8,11,10,11,9,4,2,2,3,6,4,8,4,8,5,6,8,7,3,8,4,5,9,3,0,4,5,6,8,5,11,9,9,5,9,7,7,73,4,5,12,7,5,11,6,5,2,5,5,6,8,6,4,7,6,10,0,3,9,6,4,0,10,8,8,11,11,6,2,3,4,3,8,7,10,6,6,3,3,7,6,6,2,7,11,10,7,7,8,11,6,10,8,7,5,13,3,10
SBV174,37,4,62,84,69,68,15,1,69,5,3,73,6,73,5,3,3,5,6,4,2,3,3,3,1,2,1,1,1,3,1,3,5,5,3,4,2,5,1,6,4,5,2,4,3,5,2,5,1,10,2,1,2,5,2,5,1,2,1,1,2,6,3,4,6,5,4,3,3,1,1,1,4,2,2,8,6,3,4,2,7,2,6,6,3,1,5,2,2,7,3,2,5,3,4,3,3,3,5,3,3,4,5,3,4,4,4,4,1,3,4,1,5,3,4,7,3,1,5,4,4,5,5,2,5,6,8,3,4,3,7,3,3,3,4,9,1,2,1,0,1,8,5,4,2,6,5,7,9,6,3,9,12,11,12,10,5,3,3,4,7,5,9,5,9,6,7,9,8,4,9,5,6,10,4,1,5,6,7,9,6,12,10,10,6,10,8,8,74,5,6,13,8,6,12,7,6,3,6,6,7,9,7,5,8,7,11,1,4,10,7,5,1,11,9,9,12,12,7,3,4,5,4,9,8,11,7,7,4,4,8,7,7,3,8,12,11,8,8,9,12,7,11,9,8,6,14,4,11
SBV175,36,3,61,83,68,67,14,0,68,4,2,72,5,72,4,2,2,4,5,3,1,2,2,2,0,1,0,0,0,2,0,2,4,4,2,3,1,4,0,5,3,4,1,3,2,4,1,4,0,9,1,0,1,4,1,4,0,1,0,0,1,5,2,3,5,4,3,2,2,0,0,0,3,1,1,7,5,2,3,1,6,1,5,5,2,0,4,1,1,6,2,1,4,2,3,2,2,2,4,2,2,3,4,2,3,3,3,3,0,2,3,0,4,2,3,6,2,0,4,3,3,4,4,1,4,5,7,2,3,2,6,2,2,2,3,8,0,1,0,1,0,7,4,3,1,5,4,6,8,5,2,8,11,10,11,9,4,2,2,3,6,4,8,4,8,5,6,8,7,3,8,4,5,9,3,0,4,5,6,8,5,11,9,9,5,9,7,7,73,4,5,12,7,5,11,6,5,2,5,5,6,8,6,4,7,6,10,0,3,9,6,4,0,10,8,8,11,11,6,2,3,4,3,8,7,10,6,6,3,3,7,6,6,2,7,11,10,7,7,8,11,6,10,8,7,5,13,3,10
SBV176,41,6,66,88,73,72,19,7,73,9,7,77,10,77,9,5,5,9,8,10,8,5,9,9,7,8,7,7,7,9,7,9,9,7,9,6,6,7,7,10,6,7,8,6,9,7,8,7,7,14,8,7,8,7,8,7,7,8,7,7,8,8,9,8,8,9,6,9,9,7,7,7,8,8,8,10,8,5,10,8,9,8,12,8,9,7,11,8,8,9,9,8,7,9,10,9,9,9,7,9,9,10,11,9,8,10,10,10,7,9,10,7,11,9,10,9,9,7,7,10,10,11,11,8,11,12,10,9,10,9,9,9,9,9,10,3,7,8,7,8,7,0,9,10,8,12,11,9,13,10,9,13,16,15,16,12,11,9,9,10,13,11,13,11,13,12,13,13,12,10,13,11,12,14,10,7,11,12,13,13,12,14,14,14,12,14,10,12,78,9,12,17,14,10,16,11,12,9,12,12,11,15,11,9,14,11,15,7,8,14,11,9,7,15,13,13,16,16,13,9,10,11,8,11,12,15,13,11,10,10,14,13,13,9,14,16,15,14,14,15,16,13,15,13,14,10,18,10,15
SBV218,36,5,61,83,68,67,14,4,68,4,2,72,5,72,4,4,4,4,7,7,5,4,6,6,4,5,4,4,4,6,4,6,4,6,6,5,3,6,4,5,5,6,5,5,6,6,5,6,4,9,5,4,5,6,5,6,4,5,4,4,5,7,6,1,7,2,5,6,6,4,4,4,1,5,5,9,7,4,7,5,8,5,9,7,6,4,8,5,5,8,6,5,6,6,7,6,6,6,6,6,6,7,8,6,1,7,7,7,4,6,7,4,8,6,7,8,6,4,6,7,7,8,8,5,8,9,9,6,7,6,8,6,6,6,7,10,4,5,4,5,4,9,0,7,5,9,8,8,6,1,6,6,9,8,9,11,8,6,6,7,10,8,6,8,4,9,10,4,3,7,6,8,9,7,7,4,8,9,10,4,9,13,5,5,9,5,9,3,73,2,9,10,11,1,9,4,9,6,9,9,4,12,4,2,11,4,6,4,1,5,4,2,4,6,6,6,7,7,10,6,7,8,1,10,5,6,10,2,7,7,11,10,10,6,11,7,6,11,11,12,7,10,6,4,11,5,9,7,6
SBV234,39,6,64,86,71,70,17,3,71,7,5,75,8,75,7,5,5,7,8,6,4,5,5,5,3,4,3,3,3,5,3,5,7,7,5,6,4,7,3,8,6,7,4,6,5,7,4,7,3,12,4,3,4,7,4,7,3,4,3,3,4,8,5,6,8,7,6,5,5,3,3,3,6,4,4,10,8,5,6,4,9,4,8,8,5,3,7,4,4,9,5,4,7,5,6,5,5,5,7,5,5,6,7,5,6,6,6,6,3,5,6,3,7,5,6,9,5,3,7,6,6,7,7,4,7,8,10,5,6,5,9,5,5,5,6,11,3,4,3,4,3,10,7,0,4,8,7,9,11,8,5,11,14,13,14,12,7,5,5,6,9,7,11,7,11,8,9,11,10,6,11,7,8,12,6,3,7,8,9,11,8,14,12,12,8,12,10,10,76,7,8,15,10,8,14,9,8,5,8,8,9,11,9,7,10,9,13,3,6,12,9,7,3,13,11,11,14,14,9,5,6,7,6,11,10,13,9,9,6,6,10,9,9,5,10,14,13,10,10,11,14,9,13,11,10,8,16,6,13
SBV235,37,4,62,84,69,68,15,1,69,5,3,73,6,73,5,3,3,5,6,4,2,3,3,3,1,2,1,1,1,3,1,3,5,5,3,4,2,5,1,6,4,5,2,4,3,5,2,5,1,10,2,1,2,5,2,5,1,2,1,1,2,6,3,4,6,5,4,3,3,1,1,1,4,2,2,8,6,3,4,2,7,2,6,6,3,1,5,2,2,7,3,2,5,3,4,3,3,3,5,3,3,4,5,3,4,4,4,4,1,3,4,1,5,3,4,7,3,1,5,4,4,5,5,2,5,6,8,3,4,3,7,3,3,3,4,9,1,2,1,2,1,8,5,4,0,6,5,7,9,6,3,9,12,11,12,10,5,3,3,4,7,5,9,5,9,6,7,9,8,4,9,5,6,10,4,1,5,6,7,9,6,12,10,10,6,10,8,8,74,5,6,13,8,6,12,7,6,3,6,6,7,9,7,5,8,7,11,1,4,10,7,5,1,11,9,9,12,12,7,3,4,5,4,9,8,11,7,7,4,4,8,7,7,3,8,12,11,8,8,9,12,7,11,9,8,6,14,4,11
SBV240,41,8,66,88,73,72,19,5,73,9,7,77,10,77,9,7,7,9,10,8,6,7,7,7,5,6,5,5,5,7,5,7,9,9,7,8,6,9,5,10,8,9,6,8,7,9,4,9,5,14,6,5,6,9,4,9,5,4,5,5,6,10,7,8,10,9,8,7,7,5,5,5,8,6,4,12,10,7,6,4,11,4,8,10,5,5,9,6,6,11,5,6,9,5,6,5,5,5,9,5,5,8,7,7,8,6,6,8,5,7,8,5,9,7,6,11,5,5,9,8,6,9,9,6,9,8,12,7,6,7,11,5,5,5,8,13,5,6,5,6,5,12,9,8,6,0,7,11,13,10,7,13,16,15,16,14,7,5,5,8,11,9,13,7,13,8,11,13,12,8,13,7,8,14,6,5,9,8,9,13,10,16,14,14,8,14,12,12,78,9,10,17,12,10,16,11,8,7,10,8,11,11,11,9,10,11,15,5,8,14,11,9,5,15,13,13,16,16,9,5,8,7,8,13,12,15,9,11,6,8,10,11,11,5,10,16,15,10,12,13,16,9,15,13,10,10,18,6,15
SBV257,40,7,65,87,72,71,18,4,72,8,6,76,9,76,8,6,6,8,9,7,5,6,6,6,4,5,4,4,4,6,4,6,8,8,6,7,5,8,4,9,7,8,5,7,6,8,3,8,4,13,5,4,5,8,3,8,4,3,4,4,5,9,6,7,9,8,7,6,6,4,4,4,7,5,3,11,9,6,5,3,10,3,5,9,4,4,8,5,5,10,2,5,8,2,3,4,2,4,8,4,4,7,4,6,7,5,5,7,4,6,7,4,8,6,5,10,2,4,8,7,5,8,8,5,8,7,11,6,5,6,10,4,2,2,7,12,4,5,4,5,4,11,8,7,5,7,0,10,12,9,6,12,15,14,15,13,6,4,2,7,10,8,12,4,12,5,10,12,11,7,12,4,5,13,3,4,8,5,6,12,9,15,13,13,5,13,11,11,77,8,9,16,11,9,15,10,7,6,9,7,10,10,10,8,9,10,14,4,7,13,10,8,4,14,12,12,15,15,6,4,7,6,7,12,11,14,6,10,5,7,9,10,10,4,7,15,14,9,11,12,15,6,14,12,7,9,17,3,14
SBV269,40,5,65,87,72,71,18,6,72,8,6,76,9,76,8,4,4,8,7,9,7,4,8,8,6,7,6,6,6,8,6,8,8,4,8,3,5,2,6,9,3,4,7,3,8,4,7,2,6,13,7,6,7,6,7,2,6,7,6,6,7,3,8,7,3,8,5,8,8,6,6,6,7,7,7,5,5,4,9,7,6,7,11,3,8,6,10,7,7,6,8,7,4,8,9,8,8,8,4,8,8,9,10,8,7,9,9,9,6,8,9,6,10,8,9,6,8,6,4,9,9,10,10,7,10,11,5,8,9,8,0,8,8,8,9,10,6,7,6,7,6,9,8,9,7,11,10,0,12,9,8,12,15,14,15,3,10,8,8,9,12,10,12,10,12,11,12,12,11,9,12,10,11,13,9,6,10,11,12,12,11,5,13,13,11,13,1,11,77,8,11,16,13,9,15,10,11,8,11,11,10,14,10,8,13,10,14,6,7,13,10,8,6,14,12,12,15,15,12,8,9,10,7,2,11,14,12,10,9,9,13,12,12,8,13,15,14,13,13,14,15,12,14,12,13,9,17,9,14
SBV270,40,9,65,87,72,71,18,8,72,8,6,76,9,76,8,8,8,8,11,11,9,8,10,10,8,9,8,8,8,10,8,10,8,10,10,9,7,10,8,9,9,10,9,9,10,10,9,10,8,13,9,8,9,10,9,10,8,9,8,8,9,11,10,5,11,6,9,10,10,8,8,8,5,9,9,13,11,8,11,9,12,9,13,11,10,8,12,9,9,12,10,9,10,10,11,10,10,10,10,10,10,11,12,10,5,11,11,11,8,10,11,8,12,10,11,12,10,8,10,11,11,12,12,9,12,13,13,10,11,10,12,10,10,10,11,14,8,9,8,9,8,13,6,11,9,13,12,12,0,7,10,2,5,4,5,15,12,10,10,11,14,12,2,12,10,13,14,10,9,11,2,12,13,3,11,8,12,13,14,10,13,17,11,11,13,11,13,9,77,6,13,8,15,7,7,6,13,10,13,13,6,16,6,6,15,6,12,8,5,11,6,6,8,12,2,2,13,13,14,10,11,12,5,14,1,12,14,8,11,11,15,14,14,10,15,13,12,15,15,16,13,14,12,10,15,9,15,11,12
SBV271,37,6,62,84,69,68,15,5,69,5,3,73,6,73,5,5,5,5,8,8,6,5,7,7,5,6,5,5,5,7,5,7,5,7,7,6,4,7,5,6,6,7,6,6,7,7,6,7,5,10,6,5,6,7,6,7,5,6,5,5,6,8,7,2,8,3,6,7,7,5,5,5,2,6,6,10,8,5,8,6,9,6,10,8,7,5,9,6,6,9,7,6,7,7,8,7,7,7,7,7,7,8,9,7,2,8,8,8,5,7,8,5,9,7,8,9,7,5,7,8,8,9,9,6,9,10,10,7,8,7,9,7,7,7,8,11,5,6,5,6,5,10,1,8,6,10,9,9,7,0,7,7,10,9,10,12,9,7,7,8,11,9,7,9,5,10,11,5,4,8,7,9,10,8,8,5,9,10,11,5,10,14,6,6,10,6,10,4,74,3,10,11,12,0,10,5,10,7,10,10,5,13,5,3,12,5,7,5,2,6,5,3,5,7,7,7,8,8,11,7,8,9,2,11,6,7,11,1,8,8,12,11,11,7,12,8,7,12,12,13,8,11,7,5,12,6,10,8,7
SBV272,38,5,63,85,70,69,16,2,70,6,4,74,7,74,6,4,4,6,7,5,3,4,4,4,2,3,2,2,2,4,2,4,6,6,4,5,3,6,2,7,5,6,3,5,4,6,3,6,2,11,3,2,3,6,3,6,2,3,2,2,3,7,4,5,7,6,5,4,4,2,2,2,5,3,3,9,7,4,5,3,8,3,7,7,4,2,6,3,3,8,4,3,6,4,5,4,4,4,6,4,4,5,6,4,5,5,5,5,2,4,5,2,6,4,5,8,4,2,6,5,5,6,6,3,6,7,9,4,5,4,8,4,4,4,5,10,2,3,2,3,2,9,6,5,3,7,6,8,10,7,0,10,13,12,13,11,6,4,4,5,8,6,10,6,10,7,8,10,9,5,10,6,7,11,5,2,4,7,8,10,7,13,11,11,7,11,9,9,75,6,7,14,9,7,13,8,7,4,7,7,8,10,8,6,9,8,12,2,5,11,8,6,2,12,10,10,13,13,8,4,5,6,5,10,9,12,8,8,5,5,9,8,8,4,9,13,12,9,9,10,13,8,12,10,9,7,15,5,12
SBV273,40,9,65,87,72,71,18,8,72,8,6,76,9,76,8,8,8,8,11,11,9,8,10,10,8,9,8,8,8,10,8,10,8,10,10,9,7,10,8,9,9,10,9,9,10,10,9,10,8,13,9,8,9,10,9,10,8,9,8,8,9,11,10,5,11,6,9,10,10,8,8,8,5,9,9,13,11,8,11,9,12,9,13,11,10,8,12,9,9,12,10,9,10,10,11,10,10,10,10,10,10,11,12,10,5,11,11,11,8,10,11,8,12,10,11,12,10,8,10,11,11,12,12,9,12,13,13,10,11,10,12,10,10,10,11,14,8,9,8,9,8,13,6,11,9,13,12,12,2,7,10,0,3,2,3,15,12,10,10,11,14,12,0,12,10,13,14,10,9,11,2,12,13,3,11,8,12,13,14,10,13,17,11,11,13,11,13,9,77,6,13,8,15,7,7,6,13,10,13,13,6,16,6,6,15,6,12,8,5,11,6,6,8,12,2,0,13,13,14,10,11,12,5,14,1,12,14,8,11,11,15,14,14,10,15,13,12,15,15,16,13,14,12,10,15,9,15,11,12
SBV274,43,12,68,90,75,74,21,11,75,11,9,79,12,79,11,11,11,11,14,14,12,11,13,13,11,12,11,11,11,13,11,13,11,13,13,12,10,13,11,12,12,13,12,12,13,13,12,13,11,16,12,11,12,13,12,13,11,12,11,11,12,14,13,8,14,9,12,13,13,11,11,11,8,12,12,16,14,11,14,12,15,12,16,14,13,11,15,12,12,15,13,12,13,13,14,13,13,13,13,13,13,14,15,13,8,14,14,14,11,13,14,11,15,13,14,15,13,11,13,14,14,15,15,12,15,16,16,13,14,13,15,13,13,13,14,17,11,12,11,12,11,16,9,14,12,16,15,15,5,10,13,3,0,1,2,18,15,13,13,14,17,15,3,15,13,16,17,13,12,14,5,15,16,6,14,11,15,16,17,13,16,20,14,14,16,14,16,12,80,9,16,11,18,10,10,9,16,13,16,16,9,19,9,9,18,9,15,11,8,14,9,9,11,15,5,3,16,16,17,13,14,15,8,17,4,15,17,11,14,14,18,17,17,13,18,16,15,18,18,19,16,17,15,13,18,12,18,14,15
SBV275,42,11,67,89,74,73,20,10,74,10,8,78,11,78,10,10,10,10,13,13,11,10,12,12,10,11,10,10,10,12,10,12,10,12,12,11,9,12,10,11,11,12,11,11,12,12,11,12,10,15,11,10,11,12,11,12,10,11,10,10,11,13,12,7,13,8,11,12,12,10,10,10,7,11,11,15,13,10,13,11,14,11,15,13,12,10,14,11,11,14,12,11,12,12,13,12,12,12,12,12,12,13,14,12,7,13,13,13,10,12,13,10,14,12,13,14,12,10,12,13,13,14,14,11,14,15,15,12,13,12,14,12,12,12,13,16,10,11,10,11,10,15,8,13,11,15,14,14,4,9,12,2,1,0,1,17,14,12,12,13,16,14,2,14,12,15,16,12,11,13,4,14,15,5,13,10,14,15,16,12,15,19,13,13,15,13,15,11,79,8,15,10,17,9,9,8,15,12,15,15,8,18,8,8,17,8,14,10,7,13,8,8,10,14,4,2,15,15,16,12,13,14,7,16,3,14,16,10,13,13,17,16,16,12,17,15,14,17,17,18,15,16,14,12,17,11,17,13,14
SBV276,43,12,68,90,75,74,21,11,75,11,9,79,12,79,11,11,11,11,14,14,12,11,13,13,11,12,11,11,11,13,11,13,11,13,13,12,10,13,11,12,12,13,12,12,13,13,12,13,11,16,12,11,12,13,12,13,11,12,11,11,12,14,13,8,14,9,12,13,13,11,11,11,8,12,12,16,14,11,14,12,15,12,16,14,13,11,15,12,12,15,13,12,13,13,14,13,13,13,13,13,13,14,15,13,8,14,14,14,11,13,14,11,15,13,14,15,13,11,13,14,14,15,15,12,15,16,16,13,14,13,15,13,13,13,14,17,11,12,11,12,11,16,9,14,12,16,15,15,5,10,13,3,2,1,0,18,15,13,13,14,17,15,3,15,13,16,17,13,12,14,5,15,16,6,14,11,15,16,17,13,16,20,14,14,16,14,16,12,80,9,16,11,18,10,10,9,16,13,16,16,9,19,9,9,18,9,15,11,8,14,9,9,11,15,5,3,16,16,17,13,14,15,8,17,4,15,17,11,14,14,18,17,17,13,18,16,15,18,18,19,16,17,15,13,18,12,18,14,15
SBV277,43,8,68,90,75,74,21,9,75,11,9,79,12,79,11,7,7,11,10,12,10,7,11,11,9,10,9,9,9,11,9,11,11,7,11,6,8,5,9,12,6,7,10,6,11,7,10,5,9,16,10,9,10,9,10,5,9,10,9,9,10,6,11,10,6,11,8,11,11,9,9,9,10,10,10,8,8,7,12,10,9,10,14,6,11,9,13,10,10,9,11,10,7,11,12,11,11,11,7,11,11,12,13,11,10,12,12,12,9,11,12,9,13,11,12,9,11,9,7,12,12,13,13,10,13,14,8,11,12,11,3,11,11,11,12,13,9,10,9,10,9,12,11,12,10,14,13,3,15,12,11,15,18,17,18,0,13,11,11,12,15,13,15,13,15,14,15,15,14,12,15,13,14,16,12,9,13,14,15,15,14,8,16,16,14,16,4,14,80,11,14,19,16,12,18,13,14,11,14,14,13,17,13,11,16,13,17,9,10,16,13,11,9,17,15,15,18,18,15,11,12,13,10,5,14,17,15,13,12,12,16,15,15,11,16,18,17,16,16,17,18,15,17,15,16,12,20,12,17
SBV278,40,7,65,87,72,71,18,4,72,8,6,76,9,76,8,6,6,8,9,7,5,6,6,6,4,5,4,4,4,6,4,6,8,8,6,7,5,8,4,9,7,8,5,7,6,8,3,8,4,13,5,4,5,8,3,8,4,3,4,4,5,9,6,7,9,8,7,6,6,4,4,4,7,5,3,11,9,6,5,3,10,3,7,9,4,4,8,5,5,10,4,5,8,4,5,4,4,4,8,4,4,7,6,6,7,5,5,7,4,6,7,4,8,6,5,10,4,4,8,7,5,8,8,5,8,7,11,6,5,6,10,4,4,4,7,12,4,5,4,5,4,11,8,7,5,7,6,10,12,9,6,12,15,14,15,13,0,4,4,7,10,8,12,6,12,7,10,12,11,7,12,6,7,13,5,4,8,7,8,12,9,15,13,13,7,13,11,11,77,8,9,16,11,9,15,10,7,6,9,7,10,8,10,8,9,10,14,4,7,13,10,8,4,14,12,12,15,15,8,4,7,6,7,12,11,14,8,10,5,7,9,10,10,4,9,15,14,9,11,12,15,8,14,12,9,9,17,5,14
SBV279,38,5,63,85,70,69,16,2,70,6,4,74,7,74,6,4,4,6,7,5,3,4,4,4,2,3,2,2,2,4,2,4,6,6,4,5,3,6,2,7,5,6,3,5,4,6,1,6,2,11,3,2,3,6,1,6,2,1,2,2,3,7,4,5,7,6,5,4,4,2,2,2,5,3,1,9,7,4,3,1,8,1,5,7,2,2,6,3,3,8,2,3,6,2,3,2,2,2,6,2,2,5,4,4,5,3,3,5,2,4,5,2,6,4,3,8,2,2,6,5,3,6,6,3,6,3,9,4,1,4,8,2,2,2,5,10,2,3,2,3,2,9,6,5,3,5,4,8,10,7,4,10,13,12,13,11,4,0,2,5,8,6,10,4,10,5,8,10,9,5,10,4,5,11,3,2,6,5,6,10,7,13,11,11,5,11,9,9,75,6,7,14,9,7,13,8,5,4,7,3,8,8,8,6,5,8,12,2,5,11,8,6,2,12,10,10,13,13,6,0,5,4,5,10,9,12,6,8,1,5,5,8,8,0,7,13,12,5,9,10,13,6,12,10,7,7,15,3,12
SBV280,38,5,63,85,70,69,16,2,70,6,4,74,7,74,6,4,4,6,7,5,3,4,4,4,2,3,2,2,2,4,2,4,6,6,4,5,3,6,2,7,5,6,3,5,4,6,1,6,2,11,3,2,3,6,1,6,2,1,2,2,3,7,4,5,7,6,5,4,4,2,2,2,5,3,1,9,7,4,3,1,8,1,3,7,2,2,6,3,3,8,0,3,6,0,1,2,0,2,6,2,2,5,2,4,5,3,3,5,2,4,5,2,6,4,3,8,0,2,6,5,3,6,6,3,6,5,9,4,3,4,8,2,0,0,5,10,2,3,2,3,2,9,6,5,3,5,2,8,10,7,4,10,13,12,13,11,4,2,0,5,8,6,10,2,10,3,8,10,9,5,10,2,3,11,1,2,6,3,4,10,7,13,11,11,3,11,9,9,75,6,7,14,9,7,13,8,5,4,7,5,8,8,8,6,7,8,12,2,5,11,8,6,2,12,10,10,13,13,4,2,5,4,5,10,9,12,4,8,3,5,7,8,8,2,5,13,12,7,9,10,13,4,12,10,5,7,15,1,12
SBV281,39,6,64,86,71,70,17,3,71,7,5,75,8,75,7,5,5,7,8,6,4,5,5,5,3,4,3,3,3,5,3,5,7,7,5,6,4,7,3,8,6,7,4,6,5,7,4,7,3,12,4,3,4,7,4,7,3,4,3,3,4,8,5,6,8,7,6,5,5,3,3,3,6,4,4,10,8,5,6,4,9,4,8,8,5,3,7,4,4,9,5,4,7,5,6,5,5,5,7,5,5,6,7,5,6,6,6,6,3,1,6,3,7,5,6,9,5,3,7,6,6,7,3,4,3,8,10,5,6,1,9,5,5,5,6,11,3,4,3,4,3,10,7,6,4,8,7,9,11,8,5,11,14,13,14,12,7,5,5,0,9,7,11,7,11,8,3,11,10,0,11,7,8,12,6,3,7,8,9,11,2,14,12,12,8,12,10,10,76,7,2,15,10,8,14,9,8,5,8,8,9,11,9,7,10,9,13,3,6,12,9,7,3,13,11,11,14,14,9,5,6,7,6,11,10,13,9,9,6,6,10,9,9,5,10,14,13,10,10,11,14,9,13,11,10,8,16,6,13
SBV282,42,9,67,89,74,73,20,6,74,10,8,78,11,78,10,8,8,10,11,9,7,8,8,8,6,7,6,6,6,8,6,8,10,10,8,9,7,10,6,11,9,10,7,9,8,10,7,10,6,15,7,6,7,10,7,10,6,7,6,6,7,11,8,9,11,10,9,8,8,6,6,6,9,7,7,13,11,8,9,7,12,7,11,11,8,6,10,7,7,12,8,7,10,8,9,8,8,8,10,8,8,9,10,8,9,9,9,9,6,8,9,6,10,8,9,12,8,6,10,9,9,10,10,7,10,11,13,8,9,8,12,8,8,8,9,14,6,7,6,7,6,13,10,9,7,11,10,12,14,11,8,14,17,16,17,15,10,8,8,9,0,10,14,10,14,11,12,14,13,9,14,10,11,15,9,6,10,11,12,14,11,17,15,15,11,15,13,13,79,10,11,18,13,11,17,12,11,8,11,11,12,14,12,10,13,12,16,6,9,15,12,10,6,16,14,14,17,17,12,8,9,10,9,14,13,16,12,12,9,9,13,6,12,8,13,17,16,13,13,14,17,12,16,14,13,11,19,9,16
SBV283,40,7,65,87,72,71,18,4,72,8,6,76,9,76,8,6,6,8,9,7,5,6,6,6,4,5,4,4,4,6,4,6,8,8,6,7,5,8,4,9,7,8,5,7,6,8,5,8,4,13,5,4,5,8,5,8,4,5,4,4,5,9,6,7,9,8,7,6,6,4,4,4,7,5,5,11,9,6,7,5,10,5,9,9,6,4,8,5,5,10,6,5,8,6,7,6,6,6,8,6,6,7,8,6,7,7,7,7,4,6,7,4,8,6,7,10,6,4,8,7,7,8,8,5,8,9,11,6,7,6,10,6,6,6,7,12,4,5,4,5,4,11,8,7,5,9,8,10,12,9,6,12,15,14,15,13,8,6,6,7,10,0,12,8,12,9,10,12,11,7,12,8,9,13,7,4,8,9,10,12,9,15,13,13,9,13,11,11,77,8,9,16,11,9,15,10,9,6,9,9,10,12,10,8,11,10,14,4,7,13,10,8,4,14,12,12,15,15,10,6,7,8,7,12,11,14,10,10,7,7,11,10,10,6,11,15,14,11,11,12,15,10,14,12,11,9,17,7,14
SBV284,40,9,65,87,72,71,18,8,72,8,6,76,9,76,8,8,8,8,11,11,9,8,10,10,8,9,8,8,8,10,8,10,8,10,10,9,7,10,8,9,9,10,9,9,10,10,9,10,8,13,9,8,9,10,9,10,8,9,8,8,9,11,10,5,11,6,9,10,10,8,8,8,5,9,9,13,11,8,11,9,12,9,13,11,10,8,12,9,9,12,10,9,10,10,11,10,10,10,10,10,10,11,12,10,5,11,11,11,8,10,11,8,12,10,11,12,10,8,10,11,11,12,12,9,12,13,13,10,11,10,12,10,10,10,11,14,8,9,8,9,8,13,6,11,9,13,12,12,2,7,10,0,3,2,3,15,12,10,10,11,14,12,0,12,10,13,14,10,9,11,2,12,13,3,11,8,12,13,14,10,13,17,11,11,13,11,13,9,77,6,13,8,15,7,7,6,13,10,13,13,6,16,6,6,15,6,12,8,5,11,6,6,8,12,2,0,13,13,14,10,11,12,5,14,1,12,14,8,11,11,15,14,14,10,15,13,12,15,15,16,13,14,12,10,15,9,15,11,12
SBV285,40,7,65,87,72,71,18,4,72,8,6,76,9,76,8,6,6,8,9,7,5,6,6,6,4,5,4,4,4,6,4,6,8,8,6,7,5,8,4,9,7,8,5,7,6,8,3,8,4,13,5,4,5,8,3,8,4,3,4,4,5,9,6,7,9,8,7,6,6,4,4,4,7,5,3,11,9,6,5,3,10,3,5,9,4,4,8,5,5,10,2,5,8,2,3,4,2,4,8,4,4,7,4,6,7,5,5,7,4,6,7,4,8,6,5,10,2,4,8,7,5,8,8,5,8,7,11,6,5,6,10,4,2,2,7,12,4,5,4,5,4,11,8,7,5,7,4,10,12,9,6,12,15,14,15,13,6,4,2,7,10,8,12,0,12,5,10,12,11,7,12,4,3,13,3,4,8,3,6,12,9,15,13,13,3,13,11,11,77,8,9,16,11,9,15,10,7,6,9,7,10,10,10,8,9,10,14,4,7,13,10,8,4,14,12,12,15,15,4,4,7,6,7,12,11,14,6,10,5,7,9,10,10,4,7,15,14,9,11,12,15,6,14,12,7,9,17,3,14
SBV286,40,9,65,87,72,71,18,8,72,8,6,76,9,76,8,8,8,8,11,11,9,8,10,10,8,9,8,8,8,10,8,10,8,10,10,9,7,10,8,9,9,10,9,9,10,10,9,10,8,13,9,8,9,10,9,10,8,9,8,8,9,11,10,5,11,6,9,10,10,8,8,8,5,9,9,13,11,8,11,9,12,9,13,11,10,8,12,9,9,12,10,9,10,10,11,10,10,10,10,10,10,11,12,10,5,11,11,11,8,10,11,8,12,10,11,12,10,8,10,11,11,12,12,9,12,13,13,10,11,10,12,10,10,10,11,14,8,9,8,9,8,13,4,11,9,13,12,12,10,5,10,10,13,12,13,15,12,10,10,11,14,12,10,12,0,13,14,2,1,11,10,12,13,11,11,8,12,13,14,2,13,17,3,3,13,3,13,1,77,6,13,14,15,5,13,8,13,10,13,13,8,16,8,6,15,8,4,8,5,3,8,6,8,4,10,10,5,5,14,10,11,12,5,14,9,4,14,6,11,11,15,14,14,10,15,5,4,15,15,16,5,14,4,2,15,9,7,11,4
SBV287,41,8,66,88,73,72,19,5,73,9,7,77,10,77,9,7,7,9,10,8,6,7,7,7,5,6,5,5,5,7,5,7,9,9,7,8,6,9,5,10,8,9,6,8,7,9,4,9,5,14,6,5,6,9,4,9,5,4,5,5,6,10,7,8,10,9,8,7,7,5,5,5,8,6,4,12,10,7,6,4,11,4,6,10,5,5,9,6,6,11,3,6,9,3,4,5,3,5,9,5,5,8,5,7,8,6,6,8,5,7,8,5,9,7,6,11,3,5,9,8,6,9,9,6,9,8,12,7,6,7,11,5,3,3,8,13,5,6,5,6,5,12,9,8,6,8,5,11,13,10,7,13,16,15,16,14,7,5,3,8,11,9,13,5,13,0,11,13,12,8,13,5,6,14,4,5,9,6,7,13,10,16,14,14,6,14,12,12,78,9,10,17,12,10,16,11,8,7,10,8,11,11,11,9,10,11,15,5,8,14,11,9,5,15,13,13,16,16,7,5,8,7,8,13,12,15,7,11,6,8,10,11,11,5,8,16,15,10,12,13,16,7,15,13,8,10,18,4,15
SBV288,42,9,67,89,74,73,20,6,74,10,8,78,11,78,10,8,8,10,11,9,7,8,8,8,6,7,6,6,6,8,6,8,10,10,8,9,7,10,6,11,9,10,7,9,8,10,7,10,6,15,7,6,7,10,7,10,6,7,6,6,7,11,8,9,11,10,9,8,8,6,6,6,9,7,7,13,11,8,9,7,12,7,11,11,8,6,10,7,7,12,8,7,10,8,9,8,8,8,10,8,8,9,10,8,9,9,9,9,6,4,9,6,10,8,9,12,8,6,10,9,9,10,6,7,6,11,13,8,9,4,12,8,8,8,9,14,6,7,6,7,6,13,10,9,7,11,10,12,14,11,8,14,17,16,17,15,10,8,8,3,12,10,14,10,14,11,0,14,13,3,14,10,11,15,9,6,10,11,12,14,5,17,15,15,11,15,13,13,79,10,1,18,13,11,17,12,11,8,11,11,12,14,12,10,13,12,16,6,9,15,12,10,6,16,14,14,17,17,12,8,9,10,9,14,13,16,12,12,9,9,13,12,12,8,13,17,16,13,13,14,17,12,16,14,13,11,19,9,16
SBV289,40,9,65,87,72,71,18,8,72,8,6,76,9,76,8,8,8,8,11,11,9,8,10,10,8,9,8,8,8,10,8,10,8,10,10,9,7,10,8,9,9,10,9,9,10,10,9,10,8,13,9,8,9,10,9,10,8,9,8,8,9,11,10,5,11,6,9,10,10,8,8,8,5,9,9,13,11,8,11,9,12,9,13,11,10,8,12,9,9,12,10,9,10,10,11,10,10,10,10,10,10,11,12,10,5,11,11,11,8,10,11,8,12,10,11,12,10,8,10,11,11,12,12,9,12,13,13,10,11,10,12,10,10,10,11,14,8,9,8,9,8,13,4,11,9,13,12,12,10,5,10,10,13,12,13,15,12,10,10,11,14,12,10,12,2,13,14,0,1,11,10,12,13,11,11,8,12,13,14,2,13,17,3,3,13,3,13,1,77,6,13,14,15,5,13,8,13,10,13,13,8,16,8,6,15,8,4,8,5,1,8,6,8,4,10,10,5,5,14,10,11,12,5,14,9,4,14,6,11,11,15,14,14,10,15,5,4,15,15,16,5,14,4,2,15,9,7,11,4
SBV290,39,8,64,86,71,70,17,7,71,7,5,75,8,75,7,7,7,7,10,10,8,7,9,9,7,8,7,7,7,9,7,9,7,9,9,8,6,9,7,8,8,9,8,8,9,9,8,9,7,12,8,7,8,9,8,9,7,8,7,7,8,10,9,4,10,5,8,9,9,7,7,7,4,8,8,12,10,7,10,8,11,8,12,10,9,7,11,8,8,11,9,8,9,9,10,9,9,9,9,9,9,10,11,9,4,10,10,10,7,9,10,7,11,9,10,11,9,7,9,10,10,11,11,8,11,12,12,9,10,9,11,9,9,9,10,13,7,8,7,8,7,12,3,10,8,12,11,11,9,4,9,9,12,11,12,14,11,9,9,10,13,11,9,11,1,12,13,1,0,10,9,11,12,10,10,7,11,12,13,1,12,16,2,2,12,2,12,0,76,5,12,13,14,4,12,7,12,9,12,12,7,15,7,5,14,7,3,7,4,2,7,5,7,3,9,9,4,4,13,9,10,11,4,13,8,3,13,5,10,10,14,13,13,9,14,4,3,14,14,15,4,13,3,1,14,8,6,10,3
SBV291,39,6,64,86,71,70,17,3,71,7,5,75,8,75,7,5,5,7,8,6,4,5,5,5,3,4,3,3,3,5,3,5,7,7,5,6,4,7,3,8,6,7,4,6,5,7,4,7,3,12,4,3,4,7,4,7,3,4,3,3,4,8,5,6,8,7,6,5,5,3,3,3,6,4,4,10,8,5,6,4,9,4,8,8,5,3,7,4,4,9,5,4,7,5,6,5,5,5,7,5,5,6,7,5,6,6,6,6,3,1,6,3,7,5,6,9,5,3,7,6,6,7,3,4,3,8,10,5,6,1,9,5,5,5,6,11,3,4,3,4,3,10,7,6,4,8,7,9,11,8,5,11,14,13,14,12,7,5,5,0,9,7,11,7,11,8,3,11,10,0,11,7,8,12,6,3,7,8,9,11,2,14,12,12,8,12,10,10,76,7,2,15,10,8,14,9,8,5,8,8,9,11,9,7,10,9,13,3,6,12,9,7,3,13,11,11,14,14,9,5,6,7,6,11,10,13,9,9,6,6,10,9,9,5,10,14,13,10,10,11,14,9,13,11,10,8,16,6,13
SBV292,40,9,65,87,72,71,18,8,72,8,6,76,9,76,8,8,8,8,11,11,9,8,10,10,8,9,8,8,8,10,8,10,8,10,10,9,7,10,8,9,9,10,9,9,10,10,9,10,8,13,9,8,9,10,9,10,8,9,8,8,9,11,10,5,11,6,9,10,10,8,8,8,5,9,9,13,11,8,11,9,12,9,13,11,10,8,12,9,9,12,10,9,10,10,11,10,10,10,10,10,10,11,12,10,5,11,11,11,8,10,11,8,12,10,11,12,10,8,10,11,11,12,12,9,12,13,13,10,11,10,12,10,10,10,11,14,8,9,8,9,8,13,6,11,9,13,12,12,2,7,10,2,5,4,5,15,12,10,10,11,14,12,2,12,10,13,14,10,9,11,0,12,13,1,11,8,12,13,14,10,13,17,11,11,13,11,13,9,77,6,13,8,15,7,7,6,13,10,13,13,6,16,6,6,15,6,12,8,5,11,6,6,8,12,2,2,13,13,14,10,11,12,5,14,1,12,14,8,11,11,15,14,14,10,15,13,12,15,15,16,13,14,12,10,15,9,15,11,12
SBV293,40,7,65,87,72,71,18,4,72,8,6,76,9,76,8,6,6,8,9,7,5,6,6,6,4,5,4,4,4,6,4,6,8,8,6,7,5,8,4,9,7,8,5,7,6,8,3,8,4,13,5,4,5,8,3,8,4,3,4,4,5,9,6,7,9,8,7,6,6,4,4,4,7,5,3,11,9,6,5,3,10,3,5,9,4,4,8,5,5,10,2,5,8,2,3,4,2,4,8,4,4,7,4,6,7,5,5,7,4,6,7,4,8,6,5,10,2,4,8,7,5,8,8,5,8,7,11,6,5,6,10,4,2,2,7,12,4,5,4,5,4,11,8,7,5,7,4,10,12,9,6,12,15,14,15,13,6,4,2,7,10,8,12,4,12,5,10,12,11,7,12,0,5,13,3,4,8,5,6,12,9,15,13,13,5,13,11,11,77,8,9,16,11,9,15,10,7,6,9,7,10,10,10,8,9,10,14,4,7,13,10,8,4,14,12,12,15,15,6,4,7,6,7,12,11,14,6,10,5,7,9,10,10,4,7,15,14,9,11,12,15,6,14,12,7,9,17,3,14
SBV294,41,8,66,88,73,72,19,5,73,9,7,77,10,77,9,7,7,9,10,8,6,7,7,7,5,6,5,5,5,7,5,7,9,9,7,8,6,9,5,10,8,9,6,8,7,9,4,9,5,14,6,5,6,9,4,9,5,4,5,5,6,10,7,8,10,9,8,7,7,5,5,5,8,6,4,12,10,7,6,4,11,4,6,10,5,5,9,6,6,11,3,6,9,3,4,5,3,5,9,5,5,8,5,7,8,6,6,8,5,7,8,5,9,7,6,11,3,5,9,8,6,9,9,6,9,8,12,7,6,7,11,5,3,3,8,13,5,6,5,6,5,12,9,8,6,8,5,11,13,10,7,13,16,15,16,14,7,5,3,8,11,9,13,3,13,6,11,13,12,8,13,5,0,14,4,5,9,0,7,13,10,16,14,14,0,14,12,12,78,9,10,17,12,10,16,11,8,7,10,8,11,11,11,9,10,11,15,5,8,14,11,9,5,15,13,13,16,16,1,5,8,7,8,13,12,15,7,11,6,8,10,11,11,5,8,16,15,10,12,13,16,7,15,13,8,10,18,4,15
SBV295,41,10,66,88,73,72,19,9,73,9,7,77,10,77,9,9,9,9,12,12,10,9,11,11,9,10,9,9,9,11,9,11,9,11,11,10,8,11,9,10,10,11,10,10,11,11,10,11,9,14,10,9,10,11,10,11,9,10,9,9,10,12,11,6,12,7,10,11,11,9,9,9,6,10,10,14,12,9,12,10,13,10,14,12,11,9,13,10,10,13,11,10,11,11,12,11,11,11,11,11,11,12,13,11,6,12,12,12,9,11,12,9,13,11,12,13,11,9,11,12,12,13,13,10,13,14,14,11,12,11,13,11,11,11,12,15,9,10,9,10,9,14,7,12,10,14,13,13,3,8,11,3,6,5,6,16,13,11,11,12,15,13,3,13,11,14,15,11,10,12,1,13,14,0,12,9,13,14,15,11,14,18,12,12,14,12,14,10,78,7,14,9,16,8,8,7,14,11,14,14,7,17,7,7,16,7,13,9,6,12,7,7,9,13,3,3,14,14,15,11,12,13,6,15,2,13,15,9,12,12,16,15,15,11,16,14,13,16,16,17,14,15,13,11,16,10,16,12,13
SBV296,39,6,64,86,71,70,17,3,71,7,5,75,8,75,7,5,5,7,8,6,4,5,5,5,3,4,3,3,3,5,3,5,7,7,5,6,4,7,3,8,6,7,4,6,5,7,2,7,3,12,4,3,4,7,2,7,3,2,3,3,4,8,5,6,8,7,6,5,5,3,3,3,6,4,2,10,8,5,4,2,9,2,4,8,3,3,7,4,4,9,1,4,7,1,2,3,1,3,7,3,3,6,3,5,6,4,4,6,3,5,6,3,7,5,4,9,1,3,7,6,4,7,7,4,7,6,10,5,4,5,9,3,1,1,6,11,3,4,3,4,3,10,7,6,4,6,3,9,11,8,5,11,14,13,14,12,5,3,1,6,9,7,11,3,11,4,9,11,10,6,11,3,4,12,0,3,7,4,5,11,8,14,12,12,4,12,10,10,76,7,8,15,10,8,14,9,6,5,8,6,9,9,9,7,8,9,13,3,6,12,9,7,3,13,11,11,14,14,5,3,6,5,6,11,10,13,3,9,4,6,8,9,9,3,4,14,13,8,10,11,14,3,13,11,6,8,16,2,13
SBV297,36,3,61,83,68,67,14,0,68,4,2,72,5,72,4,2,2,4,5,3,1,2,2,2,0,1,0,0,0,2,0,2,4,4,2,3,1,4,0,5,3,4,1,3,2,4,1,4,0,9,1,0,1,4,1,4,0,1,0,0,1,5,2,3,5,4,3,2,2,0,0,0,3,1,1,7,5,2,3,1,6,1,5,5,2,0,4,1,1,6,2,1,4,2,3,2,2,2,4,2,2,3,4,2,3,3,3,3,0,2,3,0,4,2,3,6,2,0,4,3,3,4,4,1,4,5,7,2,3,2,6,2,2,2,3,8,0,1,0,1,0,7,4,3,1,5,4,6,8,5,2,8,11,10,11,9,4,2,2,3,6,4,8,4,8,5,6,8,7,3,8,4,5,9,3,0,4,5,6,8,5,11,9,9,5,9,7,7,73,4,5,12,7,5,11,6,5,2,5,5,6,8,6,4,7,6,10,0,3,9,6,4,0,10,8,8,11,11,6,2,3,4,3,8,7,10,6,6,3,3,7,6,6,2,7,11,10,7,7,8,11,6,10,8,7,5,13,3,10
SBV298,40,7,65,87,72,71,18,4,72,8,6,76,9,76,8,6,6,8,9,7,5,6,6,6,4,5,4,4,4,6,4,6,8,8,6,7,5,8,4,9,7,8,5,7,6,8,5,8,4,13,5,4,5,8,5,8,4,5,4,4,5,9,6,7,9,8,7,6,6,4,4,4,7,5,5,11,9,6,7,5,10,5,9,9,6,4,8,5,5,10,6,5,8,6,7,6,6,6,8,6,6,7,8,6,7,7,7,7,4,6,7,4,8,6,7,10,6,4,8,7,7,8,8,5,8,9,11,6,7,6,10,6,6,6,7,12,4,5,4,5,4,11,8,7,5,9,8,10,12,9,4,12,15,14,15,13,8,6,6,7,10,8,12,8,12,9,10,12,11,7,12,8,9,13,7,4,0,9,10,12,9,15,13,13,9,13,11,11,77,8,9,16,11,9,15,10,9,6,9,9,10,12,10,8,11,10,14,4,7,13,10,8,4,14,12,12,15,15,10,6,7,8,7,12,11,14,10,10,7,7,11,10,10,6,11,15,14,11,11,12,15,10,14,12,11,9,17,7,14
SBV299,41,8,66,88,73,72,19,5,73,9,7,77,10,77,9,7,7,9,10,8,6,7,7,7,5,6,5,5,5,7,5,7,9,9,7,8,6,9,5,10,8,9,6,8,7,9,4,9,5,14,6,5,6,9,4,9,5,4,5,5,6,10,7,8,10,9,8,7,7,5,5,5,8,6,4,12,10,7,6,4,11,4,6,10,5,5,9,6,6,11,3,6,9,3,4,5,3,5,9,5,5,8,5,7,8,6,6,8,5,7,8,5,9,7,6,11,3,5,9,8,6,9,9,6,9,8,12,7,6,7,11,5,3,3,8,13,5,6,5,6,5,12,9,8,6,8,5,11,13,10,7,13,16,15,16,14,7,5,3,8,11,9,13,3,13,6,11,13,12,8,13,5,0,14,4,5,9,0,7,13,10,16,14,14,0,14,12,12,78,9,10,17,12,10,16,11,8,7,10,8,11,11,11,9,10,11,15,5,8,14,11,9,5,15,13,13,16,16,1,5,8,7,8,13,12,15,7,11,6,8,10,11,11,5,8,16,15,10,12,13,16,7,15,13,8,10,18,4,15
SBV300,42,9,67,89,74,73,20,6,74,10,8,78,11,78,10,8,8,10,11,9,7,8,8,8,6,7,6,6,6,8,6,8,10,10,8,9,7,10,6,11,9,10,7,9,8,10,5,10,6,15,7,6,7,10,5,10,6,5,6,6,7,11,8,9,11,10,9,8,8,6,6,6,9,7,5,13,11,8,7,5,12,5,3,11,6,6,10,7,7,12,4,7,10,4,5,6,4,6,10,6,6,9,6,8,9,7,7,9,6,8,9,6,10,8,7,12,4,6,10,9,7,10,10,7,10,9,13,8,7,8,12,6,4,4,9,14,6,7,6,7,6,13,10,9,7,9,6,12,14,11,8,14,17,16,17,15,8,6,4,9,12,10,14,6,14,7,12,14,13,9,14,6,7,15,5,6,10,7,0,14,11,17,15,15,7,15,13,13,79,10,11,18,13,11,17,12,9,8,11,9,12,12,12,10,11,12,16,6,9,15,12,10,6,16,14,14,17,17,8,6,9,8,9,14,13,16,8,12,7,9,11,12,12,6,9,17,16,11,13,14,17,8,16,14,9,11,19,5,16
SBV301,40,9,65,87,72,71,18,8,72,8,6,76,9,76,8,8,8,8,11,11,9,8,10,10,8,9,8,8,8,10,8,10,8,10,10,9,7,10,8,9,9,10,9,9,10,10,9,10,8,13,9,8,9,10,9,10,8,9,8,8,9,11,10,5,11,6,9,10,10,8,8,8,5,9,9,13,11,8,11,9,12,9,13,11,10,8,12,9,9,12,10,9,10,10,11,10,10,10,10,10,10,11,12,10,5,11,11,11,8,10,11,8,12,10,11,12,10,8,10,11,11,12,12,9,12,13,13,10,11,10,12,10,10,10,11,14,8,9,8,9,8,13,4,11,9,13,12,12,10,5,10,10,13,12,13,15,12,10,10,11,14,12,10,12,2,13,14,2,1,11,10,12,13,11,11,8,12,13,14,0,13,17,3,3,13,3,13,1,77,6,13,14,15,5,13,8,13,10,13,13,8,16,8,6,15,8,4,8,5,3,8,6,8,4,10,10,5,5,14,10,11,12,5,14,9,4,14,6,11,11,15,14,14,10,15,5,4,15,15,16,5,14,4,2,15,9,7,11,4
SBV302,41,8,66,88,73,72,19,5,73,9,7,77,10,77,9,7,7,9,10,8,6,7,7,7,5,6,5,5,5,7,5,7,9,9,7,8,6,9,5,10,8,9,6,8,7,9,6,9,5,14,6,5,6,9,6,9,5,6,5,5,6,10,7,8,10,9,8,7,7,5,5,5,8,6,6,12,10,7,8,6,11,6,10,10,7,5,9,6,6,11,7,6,9,7,8,7,7,7,9,7,7,8,9,7,8,8,8,8,5,3,8,5,9,7,8,11,7,5,9,8,8,9,5,6,5,10,12,7,8,3,11,7,7,7,8,13,5,6,5,6,5,12,9,8,6,10,9,11,13,10,7,13,16,15,16,14,9,7,7,2,11,9,13,9,13,10,5,13,12,2,13,9,10,14,8,5,9,10,11,13,0,16,14,14,10,14,12,12,78,9,4,17,12,10,16,11,10,7,10,10,11,13,11,9,12,11,15,5,8,14,11,9,5,15,13,13,16,16,11,7,8,9,8,13,12,15,11,11,8,8,12,11,11,7,12,16,15,12,12,13,16,11,15,13,12,10,18,8,15
SBV305,45,10,70,92,77,76,23,11,77,13,11,81,14,81,13,9,9,13,12,14,12,9,13,13,11,12,11,11,11,13,11,13,13,9,13,8,10,7,11,14,8,9,12,8,13,9,12,7,11,18,12,11,12,11,12,7,11,12,11,11,12,8,13,12,8,13,10,13,13,11,11,11,12,12,12,10,10,9,14,12,11,12,16,8,13,11,15,12,12,11,13,12,9,13,14,13,13,13,9,13,13,14,15,13,12,14,14,14,11,13,14,11,15,13,14,11,13,11,9,14,14,15,15,12,15,16,10,13,14,13,5,13,13,13,14,15,11,12,11,12,11,14,13,14,12,16,15,5,17,14,13,17,20,19,20,8,15,13,13,14,17,15,17,15,17,16,17,17,16,14,17,15,16,18,14,11,15,16,17,17,16,0,18,18,16,18,6,16,82,13,16,21,18,14,20,15,16,13,16,16,15,19,15,13,18,15,19,11,12,18,15,13,11,19,17,17,20,20,17,13,14,15,12,5,16,19,17,15,14,14,18,17,17,13,18,20,19,18,18,19,20,17,19,17,18,14,22,14,19
SBV306,41,10,66,88,73,72,19,9,73,9,7,77,10,77,9,9,9,9,12,12,10,9,11,11,9,10,9,9,9,11,9,11,9,11,11,10,8,11,9,10,10,11,10,10,11,11,10,11,9,14,10,9,10,11,10,11,9,10,9,9,10,12,11,6,12,7,10,11,11,9,9,9,6,10,10,14,12,9,12,10,13,10,14,12,11,9,13,10,10,13,11,10,11,11,12,11,11,11,11,11,11,12,13,11,6,12,12,12,9,11,12,9,13,11,12,13,11,9,11,12,12,13,13,10,13,14,14,11,12,11,13,11,11,11,12,15,9,10,9,10,9,14,5,12,10,14,13,13,11,6,11,11,14,13,14,16,13,11,11,12,15,13,11,13,3,14,15,3,2,12,11,13,14,12,12,9,13,14,15,3,14,18,0,4,14,4,14,2,78,7,14,15,16,6,14,9,14,11,14,14,9,17,9,7,16,9,5,9,6,4,9,7,9,5,11,11,6,6,15,11,12,13,6,15,10,5,15,7,12,12,16,15,15,11,16,6,5,16,16,17,6,15,5,3,16,10,8,12,5
SBV307,41,10,66,88,73,72,19,9,73,9,7,77,10,77,9,9,9,9,12,12,10,9,11,11,9,10,9,9,9,11,9,11,9,11,11,10,8,11,9,10,10,11,10,10,11,11,10,11,9,14,10,9,10,11,10,11,9,10,9,9,10,12,11,6,12,7,10,11,11,9,9,9,6,10,10,14,12,9,12,10,13,10,14,12,11,9,13,10,10,13,11,10,11,11,12,11,11,11,11,11,11,12,13,11,6,12,12,12,9,11,12,9,13,11,12,13,11,9,11,12,12,13,13,10,13,14,14,11,12,11,13,11,11,11,12,15,9,10,9,10,9,14,5,12,10,14,13,13,11,6,11,11,14,13,14,16,13,11,11,12,15,13,11,13,3,14,15,3,2,12,11,13,14,12,12,9,13,14,15,3,14,18,4,0,14,4,14,2,78,7,14,15,16,6,14,9,14,11,14,14,9,17,9,7,16,9,5,9,6,4,9,7,9,5,11,11,6,6,15,11,12,13,6,15,10,5,15,7,12,12,16,15,15,11,16,6,5,16,16,17,6,15,5,3,16,10,8,12,5
SBV308,41,8,66,88,73,72,19,5,73,9,7,77,10,77,9,7,7,9,10,8,6,7,7,7,5,6,5,5,5,7,5,7,9,9,7,8,6,9,5,10,8,9,6,8,7,9,4,9,5,14,6,5,6,9,4,9,5,4,5,5,6,10,7,8,10,9,8,7,7,5,5,5,8,6,4,12,10,7,6,4,11,4,6,10,5,5,9,6,6,11,3,6,9,3,4,5,3,5,9,5,5,8,5,7,8,6,6,8,5,7,8,5,9,7,6,11,3,5,9,8,6,9,9,6,9,8,12,7,6,7,11,5,3,3,8,13,5,6,5,6,5,12,9,8,6,8,5,11,13,10,7,13,16,15,16,14,7,5,3,8,11,9,13,3,13,6,11,13,12,8,13,5,0,14,4,5,9,0,7,13,10,16,14,14,0,14,12,12,78,9,10,17,12,10,16,11,8,7,10,8,11,11,11,9,10,11,15,5,8,14,11,9,5,15,13,13,16,16,1,5,8,7,8,13,12,15,7,11,6,8,10,11,11,5,8,16,15,10,12,13,16,7,15,13,8,10,18,4,15
SBV310,41,10,66,88,73,72,19,9,73,9,7,77,10,77,9,9,9,9,12,12,10,9,11,11,9,10,9,9,9,11,9,11,9,11,11,10,8,11,9,10,10,11,10,10,11,11,10,11,9,14,10,9,10,11,10,11,9,10,9,9,10,12,11,6,12,7,10,11,11,9,9,9,6,10,10,14,12,9,12,10,13,10,14,12,11,9,13,10,10,13,11,10,11,11,12,11,11,11,11,11,11,12,13,11,6,12,12,12,9,11,12,9,13,11,12,13,11,9,11,12,12,13,13,10,13,14,14,11,12,11,13,11,11,11,12,15,9,10,9,10,9,14,5,12,10,14,13,13,11,6,11,11,14,13,14,16,13,11,11,12,15,13,11,13,3,14,15,3,2,12,11,13,14,12,12,9,13,14,15,3,14,18,4,4,14,0,14,2,78,7,14,15,16,6,14,9,14,11,14,14,9,17,9,7,16,9,5,9,6,4,9,7,9,5,11,11,6,6,15,11,12,13,6,15,10,5,15,7,12,12,16,15,15,11,16,6,5,16,16,17,6,15,5,3,16,10,8,12,5
SBV311,41,6,66,88,73,72,19,7,73,9,7,77,10,77,9,5,5,9,8,10,8,5,9,9,7,8,7,7,7,9,7,9,9,5,9,4,6,3,7,10,4,5,8,4,9,5,8,3,7,14,8,7,8,7,8,3,7,8,7,7,8,4,9,8,4,9,6,9,9,7,7,7,8,8,8,6,6,5,10,8,7,8,12,4,9,7,11,8,8,7,9,8,5,9,10,9,9,9,5,9,9,10,11,9,8,10,10,10,7,9,10,7,11,9,10,7,9,7,5,10,10,11,11,8,11,12,6,9,10,9,1,9,9,9,10,11,7,8,7,8,7,10,9,10,8,12,11,1,13,10,9,13,16,15,16,4,11,9,9,10,13,11,13,11,13,12,13,13,12,10,13,11,12,14,10,7,11,12,13,13,12,6,14,14,12,14,0,12,78,9,12,17,14,10,16,11,12,9,12,12,11,15,11,9,14,11,15,7,8,14,11,9,7,15,13,13,16,16,13,9,10,11,8,3,12,15,13,11,10,10,14,13,13,9,14,16,15,14,14,15,16,13,15,13,14,10,18,10,15
SBV312,39,8,64,86,71,70,17,7,71,7,5,75,8,75,7,7,7,7,10,10,8,7,9,9,7,8,7,7,7,9,7,9,7,9,9,8,6,9,7,8,8,9,8,8,9,9,8,9,7,12,8,7,8,9,8,9,7,8,7,7,8,10,9,4,10,5,8,9,9,7,7,7,4,8,8,12,10,7,10,8,11,8,12,10,9,7,11,8,8,11,9,8,9,9,10,9,9,9,9,9,9,10,11,9,4,10,10,10,7,9,10,7,11,9,10,11,9,7,9,10,10,11,11,8,11,12,12,9,10,9,11,9,9,9,10,13,7,8,7,8,7,12,3,10,8,12,11,11,9,4,9,9,12,11,12,14,11,9,9,10,13,11,9,11,1,12,13,1,0,10,9,11,12,10,10,7,11,12,13,1,12,16,2,2,12,2,12,0,76,5,12,13,14,4,12,7,12,9,12,12,7,15,7,5,14,7,3,7,4,2,7,5,7,3,9,9,4,4,13,9,10,11,4,13,8,3,13,5,10,10,14,13,13,9,14,4,3,14,14,15,4,13,3,1,14,8,6,10,3
SBV313,61,74,36,76,35,56,67,73,35,69,71,13,74,13,73,73,73,73,76,76,74,73,75,75,73,74,73,73,73,75,73,75,73,75,75,74,72,75,73,74,74,75,74,74,75,75,74,75,73,78,74,73,74,75,74,75,73,74,73,73,74,76,75,72,76,73,74,75,75,73,73,73,72,74,74,78,76,73,76,74,77,74,78,76,75,73,77,74,74,77,75,74,75,75,76,75,75,75,75,75,75,76,77,75,72,76,76,76,73,75,76,73,77,75,76,77,75,73,75,76,76,77,77,74,77,78,78,75,76,75,77,75,75,75,76,79,73,74,73,74,73,78,73,76,74,78,77,77,77,74,75,77,80,79,80,80,77,75,75,76,79,77,77,77,77,78,79,77,76,76,77,77,78,78,76,73,77,78,79,77,78,82,78,78,78,78,78,76,0,73,78,81,80,74,80,75,78,75,78,78,75,81,75,73,80,75,79,73,72,78,75,73,73,79,77,77,80,80,79,75,76,77,72,79,76,79,79,75,76,76,80,79,79,75,80,80,79,80,80,81,80,79,79,77,80,74,82,76,79
SBV314,36,5,61,83,68,67,14,4,68,4,2,72,5,72,4,4,4,4,7,7,5,4,6,6,4,5,4,4,4,6,4,6,4,6,6,5,3,6,4,5,5,6,5,5,6,6,5,6,4,9,5,4,5,6,5,6,4,5,4,4,5,7,6,1,7,2,5,6,6,4,4,4,1,5,5,9,7,4,7,5,8,5,9,7,6,4,8,5,5,8,6,5,6,6,7,6,6,6,6,6,6,7,8,6,1,7,7,7,4,6,7,4,8,6,7,8,6,4,6,7,7,8,8,5,8,9,9,6,7,6,8,6,6,6,7,10,4,5,4,5,4,9,2,7,5,9,8,8,6,3,6,6,9,8,9,11,8,6,6,7,10,8,6,8,6,9,10,6,5,7,6,8,9,7,7,4,8,9,10,6,9,13,7,7,9,7,9,5,73,0,9,10,11,3,9,4,9,6,9,9,4,12,4,2,11,4,8,4,1,7,4,2,4,8,6,6,9,9,10,6,7,8,1,10,5,8,10,4,7,7,11,10,10,6,11,9,8,11,11,12,9,10,8,6,11,5,11,7,8
SBV315,41,8,66,88,73,72,19,5,73,9,7,77,10,77,9,7,7,9,10,8,6,7,7,7,5,6,5,5,5,7,5,7,9,9,7,8,6,9,5,10,8,9,6,8,7,9,6,9,5,14,6,5,6,9,6,9,5,6,5,5,6,10,7,8,10,9,8,7,7,5,5,5,8,6,6,12,10,7,8,6,11,6,10,10,7,5,9,6,6,11,7,6,9,7,8,7,7,7,9,7,7,8,9,7,8,8,8,8,5,3,8,5,9,7,8,11,7,5,9,8,8,9,5,6,5,10,12,7,8,3,11,7,7,7,8,13,5,6,5,6,5,12,9,8,6,10,9,11,13,10,7,13,16,15,16,14,9,7,7,2,11,9,13,9,13,10,1,13,12,2,13,9,10,14,8,5,9,10,11,13,4,16,14,14,10,14,12,12,78,9,0,17,12,10,16,11,10,7,10,10,11,13,11,9,12,11,15,5,8,14,11,9,5,15,13,13,16,16,11,7,8,9,8,13,12,15,11,11,8,8,12,11,11,7,12,16,15,12,12,13,16,11,15,13,12,10,18,8,15
SBV316,44,13,69,91,76,75,22,12,76,12,10,80,13,80,12,12,12,12,15,15,13,12,14,14,12,13,12,12,12,14,12,14,12,14,14,13,11,14,12,13,13,14,13,13,14,14,13,14,12,17,13,12,13,14,13,14,12,13,12,12,13,15,14,9,15,10,13,14,14,12,12,12,9,13,13,17,15,12,15,13,16,13,17,15,14,12,16,13,13,16,14,13,14,14,15,14,14,14,14,14,14,15,16,14,9,15,15,15,12,14,15,12,16,14,15,16,14,12,14,15,15,16,16,13,16,17,17,14,15,14,16,14,14,14,15,18,12,13,12,13,12,17,10,15,13,17,16,16,8,11,14,8,11,10,11,19,16,14,14,15,18,16,8,16,14,17,18,14,13,15,8,16,17,9,15,12,16,17,18,14,17,21,15,15,17,15,17,13,81,10,17,0,19,11,11,10,17,14,17,17,10,20,10,10,19,10,16,12,9,15,10,10,12,16,8,8,17,17,18,14,15,16,9,18,7,16,18,12,15,15,19,18,18,14,19,17,16,19,19,20,17,18,16,14,19,13,19,15,16
SBV317,43,10,68,90,75,74,21,7,75,11,9,79,12,79,11,9,9,11,12,10,8,9,9,9,7,8,7,7,7,9,7,9,11,11,9,10,8,11,7,12,10,11,8,10,9,11,8,11,7,16,8,7,8,11,8,11,7,8,7,7,8,12,9,10,12,11,10,9,9,7,7,7,10,8,8,14,12,9,10,8,13,8,12,12,9,7,11,8,8,13,9,8,11,9,10,9,9,9,11,9,9,10,11,9,10,10,10,10,7,9,10,7,11,9,10,13,9,7,11,10,10,11,11,8,11,12,14,9,10,9,13,9,9,9,10,15,7,8,7,8,7,14,11,10,8,12,11,13,15,12,9,15,18,17,18,16,11,9,9,10,13,11,15,11,15,12,13,15,14,10,15,11,12,16,10,7,11,12,13,15,12,18,16,16,12,16,14,14,80,11,12,19,0,12,18,13,12,9,6,12,13,15,13,11,14,13,17,7,10,16,13,11,7,17,15,15,18,18,13,9,4,11,10,15,14,17,13,13,10,6,14,13,9,9,14,18,17,14,8,3,18,13,17,15,14,12,20,10,17
SBV318,37,6,62,84,69,68,15,5,69,5,3,73,6,73,5,5,5,5,8,8,6,5,7,7,5,6,5,5,5,7,5,7,5,7,7,6,4,7,5,6,6,7,6,6,7,7,6,7,5,10,6,5,6,7,6,7,5,6,5,5,6,8,7,2,8,3,6,7,7,5,5,5,2,6,6,10,8,5,8,6,9,6,10,8,7,5,9,6,6,9,7,6,7,7,8,7,7,7,7,7,7,8,9,7,2,8,8,8,5,7,8,5,9,7,8,9,7,5,7,8,8,9,9,6,9,10,10,7,8,7,9,7,7,7,8,11,5,6,5,6,5,10,1,8,6,10,9,9,7,0,7,7,10,9,10,12,9,7,7,8,11,9,7,9,5,10,11,5,4,8,7,9,10,8,8,5,9,10,11,5,10,14,6,6,10,6,10,4,74,3,10,11,12,0,10,5,10,7,10,10,5,13,5,3,12,5,7,5,2,6,5,3,5,7,7,7,8,8,11,7,8,9,2,11,6,7,11,1,8,8,12,11,11,7,12,8,7,12,12,13,8,11,7,5,12,6,10,8,7
SBV319,43,12,68,90,75,74,21,11,75,11,9,79,12,79,11,11,11,11,14,14,12,11,13,13,11,12,11,11,11,13,11,13,11,13,13,12,10,13,11,12,12,13,12,12,13,13,12,13,11,16,12,11,12,13,12,13,11,12,11,11,12,14,13,8,14,9,12,13,13,11,11,11,8,12,12,16,14,11,14,12,15,12,16,14,13,11,15,12,12,15,13,12,13,13,14,13,13,13,13,13,13,14,15,13,8,14,14,14,11,13,14,11,15,13,14,15,13,11,13,14,14,15,15,12,15,16,16,13,14,13,15,13,13,13,14,17,11,12,11,12,11,16,9,14,12,16,15,15,7,10,13,7,10,9,10,18,15,13,13,14,17,15,7,15,13,16,17,13,12,14,7,15,16,8,14,11,15,16,17,13,16,20,14,14,16,14,16,12,80,9,16,11,18,10,0,9,16,13,16,16,9,19,9,9,18,9,15,11,8,14,9,9,11,15,7,7,16,16,17,13,14,15,8,17,6,15,17,11,14,14,18,17,17,13,18,16,15,18,18,19,16,17,15,13,18,12,18,14,15
SBV320,38,7,63,85,70,69,16,6,70,6,4,74,7,74,6,6,6,6,9,9,7,6,8,8,6,7,6,6,6,8,6,8,6,8,8,7,5,8,6,7,7,8,7,7,8,8,7,8,6,11,7,6,7,8,7,8,6,7,6,6,7,9,8,3,9,4,7,8,8,6,6,6,3,7,7,11,9,6,9,7,10,7,11,9,8,6,10,7,7,10,8,7,8,8,9,8,8,8,8,8,8,9,10,8,3,9,9,9,6,8,9,6,10,8,9,10,8,6,8,9,9,10,10,7,10,11,11,8,9,8,10,8,8,8,9,12,6,7,6,7,6,11,4,9,7,11,10,10,6,5,8,6,9,8,9,13,10,8,8,9,12,10,6,10,8,11,12,8,7,9,6,10,11,7,9,6,10,11,12,8,11,15,9,9,11,9,11,7,75,4,11,10,13,5,9,0,11,8,11,11,0,14,0,4,13,0,10,6,3,9,0,4,6,10,6,6,11,11,12,8,9,10,3,12,5,10,12,6,9,9,13,12,12,8,13,11,10,13,13,14,11,12,10,8,13,7,13,9,10
SBV321,41,8,66,88,73,72,19,5,73,9,7,77,10,77,9,7,7,9,10,8,6,7,7,7,5,6,5,5,5,7,5,7,9,9,7,8,6,9,5,10,8,9,6,8,7,9,4,9,5,14,6,5,6,9,4,9,5,4,5,5,6,10,7,8,10,9,8,7,7,5,5,5,8,6,4,12,10,7,6,4,11,4,8,10,5,5,9,6,6,11,5,6,9,5,6,5,5,5,9,5,5,8,7,7,8,6,6,8,5,7,8,5,9,7,6,11,5,5,9,8,6,9,9,6,9,8,12,7,6,7,11,5,5,5,8,13,5,6,5,6,5,12,9,8,6,8,7,11,13,10,7,13,16,15,16,14,7,5,5,8,11,9,13,7,13,8,11,13,12,8,13,7,8,14,6,5,9,8,9,13,10,16,14,14,8,14,12,12,78,9,10,17,12,10,16,11,0,7,10,8,11,11,11,9,10,11,15,5,8,14,11,9,5,15,13,13,16,16,9,5,8,3,8,13,12,15,9,11,6,8,10,11,11,5,10,16,15,10,12,13,16,9,15,13,10,10,18,6,15
SBV322,38,5,63,85,70,69,16,2,70,6,4,74,7,74,6,4,4,6,7,5,3,4,4,4,2,3,2,2,2,4,2,4,6,6,4,5,3,6,2,7,5,6,3,5,4,6,3,6,2,11,3,2,3,6,3,6,2,3,2,2,3,7,4,5,7,6,5,4,4,2,2,2,5,3,3,9,7,4,5,3,8,3,7,7,4,2,6,3,3,8,4,3,6,4,5,4,4,4,6,4,4,5,6,4,5,5,5,5,2,4,5,2,6,4,5,8,4,2,6,5,5,6,6,3,6,7,9,4,5,4,8,4,4,4,5,10,2,3,2,3,2,9,6,5,3,7,6,8,10,7,4,10,13,12,13,11,6,4,4,5,8,6,10,6,10,7,8,10,9,5,10,6,7,11,5,2,6,7,8,10,7,13,11,11,7,11,9,9,75,6,7,14,9,7,13,8,7,0,7,7,8,10,8,6,9,8,12,2,5,11,8,6,2,12,10,10,13,13,8,4,5,6,5,10,9,12,8,8,5,5,9,8,8,4,9,13,12,9,9,10,13,8,12,10,9,7,15,5,12
SBV323,41,8,66,88,73,72,19,5,73,9,7,77,10,77,9,7,7,9,10,8,6,7,7,7,5,6,5,5,5,7,5,7,9,9,7,8,6,9,5,10,8,9,6,8,7,9,6,9,5,14,6,5,6,9,6,9,5,6,5,5,6,10,7,8,10,9,8,7,7,5,5,5,8,6,6,12,10,7,8,6,11,6,10,10,7,5,9,6,6,11,7,6,9,7,8,7,7,7,9,7,7,8,9,7,8,8,8,8,5,7,8,5,9,7,8,11,7,5,9,8,8,9,9,6,9,10,12,7,8,7,11,7,7,7,8,13,5,6,5,6,5,12,9,8,6,10,9,11,13,10,7,13,16,15,16,14,9,7,7,8,11,9,13,9,13,10,11,13,12,8,13,9,10,14,8,5,9,10,11,13,10,16,14,14,10,14,12,12,78,9,10,17,6,10,16,11,10,7,0,10,11,13,11,9,12,11,15,5,8,14,11,9,5,15,13,13,16,16,11,7,2,9,8,13,12,15,11,11,8,4,12,11,7,7,12,16,15,12,6,7,16,11,15,13,12,10,18,8,15
SBV324,41,8,66,88,73,72,19,5,73,9,7,77,10,77,9,7,7,9,10,8,6,7,7,7,5,6,5,5,5,7,5,7,9,9,7,8,6,9,5,10,8,9,6,8,7,9,4,9,5,14,6,5,6,9,4,9,5,4,5,5,6,10,7,8,10,9,8,7,7,5,5,5,8,6,4,12,10,7,6,4,11,4,8,10,5,5,9,6,6,11,5,6,9,5,6,5,5,5,9,5,5,8,7,7,8,6,6,8,5,7,8,5,9,7,6,11,5,5,9,8,6,9,9,6,9,6,12,7,4,7,11,5,5,5,8,13,5,6,5,6,5,12,9,8,6,8,7,11,13,10,7,13,16,15,16,14,7,3,5,8,11,9,13,7,13,8,11,13,12,8,13,7,8,14,6,5,9,8,9,13,10,16,14,14,8,14,12,12,78,9,10,17,12,10,16,11,8,7,10,0,11,11,11,9,8,11,15,5,8,14,11,9,5,15,13,13,16,16,9,3,8,7,8,13,12,15,9,11,4,8,8,11,11,3,10,16,15,8,12,13,16,9,15,13,10,10,18,6,15
SBV325,38,7,63,85,70,69,16,6,70,6,4,74,7,74,6,6,6,6,9,9,7,6,8,8,6,7,6,6,6,8,6,8,6,8,8,7,5,8,6,7,7,8,7,7,8,8,7,8,6,11,7,6,7,8,7,8,6,7,6,6,7,9,8,3,9,4,7,8,8,6,6,6,3,7,7,11,9,6,9,7,10,7,11,9,8,6,10,7,7,10,8,7,8,8,9,8,8,8,8,8,8,9,10,8,3,9,9,9,6,8,9,6,10,8,9,10,8,6,8,9,9,10,10,7,10,11,11,8,9,8,10,8,8,8,9,12,6,7,6,7,6,11,4,9,7,11,10,10,6,5,8,6,9,8,9,13,10,8,8,9,12,10,6,10,8,11,12,8,7,9,6,10,11,7,9,6,10,11,12,8,11,15,9,9,11,9,11,7,75,4,11,10,13,5,9,0,11,8,11,11,0,14,0,4,13,0,10,6,3,9,0,4,6,10,6,6,11,11,12,8,9,10,3,12,5,10,12,6,9,9,13,12,12,8,13,11,10,13,13,14,11,12,10,8,13,7,13,9,10
SBV326,44,11,69,91,76,75,22,8,76,12,10,80,13,80,12,10,10,12,13,11,9,10,10,10,8,9,8,8,8,10,8,10,12,12,10,11,9,12,8,13,11,12,9,11,10,12,7,12,8,17,9,8,9,12,7,12,8,7,8,8,9,13,10,11,13,12,11,10,10,8,8,8,11,9,7,15,13,10,9,7,14,7,11,13,8,8,12,9,9,14,8,9,12,8,9,8,8,8,12,8,8,11,10,10,11,9,9,11,8,10,11,8,12,10,9,14,8,8,12,11,9,12,12,9,12,11,15,10,9,10,14,8,8,8,11,16,8,9,8,9,8,15,12,11,9,11,10,14,16,13,10,16,19,18,19,17,8,8,8,11,14,12,16,10,16,11,14,16,15,11,16,10,11,17,9,8,12,11,12,16,13,19,17,17,11,17,15,15,81,12,13,20,15,13,19,14,11,10,13,11,14,0,14,12,13,14,18,8,11,17,14,12,8,18,16,16,19,19,12,8,11,10,11,16,15,18,12,14,9,11,13,14,14,8,13,19,18,13,15,16,19,12,18,16,13,13,21,9,18
SBV327,38,7,63,85,70,69,16,6,70,6,4,74,7,74,6,6,6,6,9,9,7,6,8,8,6,7,6,6,6,8,6,8,6,8,8,7,5,8,6,7,7,8,7,7,8,8,7,8,6,11,7,6,7,8,7,8,6,7,6,6,7,9,8,3,9,4,7,8,8,6,6,6,3,7,7,11,9,6,9,7,10,7,11,9,8,6,10,7,7,10,8,7,8,8,9,8,8,8,8,8,8,9,10,8,3,9,9,9,6,8,9,6,10,8,9,10,8,6,8,9,9,10,10,7,10,11,11,8,9,8,10,8,8,8,9,12,6,7,6,7,6,11,4,9,7,11,10,10,6,5,8,6,9,8,9,13,10,8,8,9,12,10,6,10,8,11,12,8,7,9,6,10,11,7,9,6,10,11,12,8,11,15,9,9,11,9,11,7,75,4,11,10,13,5,9,0,11,8,11,11,0,14,0,4,13,0,10,6,3,9,0,4,6,10,6,6,11,11,12,8,9,10,3,12,5,10,12,6,9,9,13,12,12,8,13,11,10,13,13,14,11,12,10,8,13,7,13,9,10
SBV328,36,5,61,83,68,67,14,4,68,4,2,72,5,72,4,4,4,4,7,7,5,4,6,6,4,5,4,4,4,6,4,6,4,6,6,5,3,6,4,5,5,6,5,5,6,6,5,6,4,9,5,4,5,6,5,6,4,5,4,4,5,7,6,1,7,2,5,6,6,4,4,4,1,5,5,9,7,4,7,5,8,5,9,7,6,4,8,5,5,8,6,5,6,6,7,6,6,6,6,6,6,7,8,6,1,7,7,7,4,6,7,4,8,6,7,8,6,4,6,7,7,8,8,5,8,9,9,6,7,6,8,6,6,6,7,10,4,5,4,5,4,9,2,7,5,9,8,8,6,3,6,6,9,8,9,11,8,6,6,7,10,8,6,8,6,9,10,6,5,7,6,8,9,7,7,4,8,9,10,6,9,13,7,7,9,7,9,5,73,2,9,10,11,3,9,4,9,6,9,9,4,12,4,0,11,4,8,4,1,7,4,2,4,8,6,6,9,9,10,6,7,8,1,10,5,8,10,4,7,7,11,10,10,6,11,9,8,11,11,12,9,10,8,6,11,5,11,7,8
SBV329,43,10,68,90,75,74,21,7,75,11,9,79,12,79,11,9,9,11,12,10,8,9,9,9,7,8,7,7,7,9,7,9,11,11,9,10,8,11,7,12,10,11,8,10,9,11,6,11,7,16,8,7,8,11,6,11,7,6,7,7,8,12,9,10,12,11,10,9,9,7,7,7,10,8,6,14,12,9,8,6,13,6,10,12,7,7,11,8,8,13,7,8,11,7,8,7,7,7,11,7,7,10,9,9,10,8,8,10,7,9,10,7,11,9,8,13,7,7,11,10,8,11,11,8,11,6,14,9,6,9,13,7,7,7,10,15,7,8,7,8,7,14,11,10,8,10,9,13,15,12,9,15,18,17,18,16,9,5,7,10,13,11,15,9,15,10,13,15,14,10,15,9,10,16,8,7,11,10,11,15,12,18,16,16,10,16,14,14,80,11,12,19,14,12,18,13,10,9,12,8,13,13,13,11,0,13,17,7,10,16,13,11,7,17,15,15,18,18,11,5,10,9,10,15,14,17,11,13,6,10,8,13,13,5,12,18,17,8,14,15,18,11,17,15,12,12,20,8,17
SBV330,38,7,63,85,70,69,16,6,70,6,4,74,7,74,6,6,6,6,9,9,7,6,8,8,6,7,6,6,6,8,6,8,6,8,8,7,5,8,6,7,7,8,7,7,8,8,7,8,6,11,7,6,7,8,7,8,6,7,6,6,7,9,8,3,9,4,7,8,8,6,6,6,3,7,7,11,9,6,9,7,10,7,11,9,8,6,10,7,7,10,8,7,8,8,9,8,8,8,8,8,8,9,10,8,3,9,9,9,6,8,9,6,10,8,9,10,8,6,8,9,9,10,10,7,10,11,11,8,9,8,10,8,8,8,9,12,6,7,6,7,6,11,4,9,7,11,10,10,6,5,8,6,9,8,9,13,10,8,8,9,12,10,6,10,8,11,12,8,7,9,6,10,11,7,9,6,10,11,12,8,11,15,9,9,11,9,11,7,75,4,11,10,13,5,9,0,11,8,11,11,0,14,0,4,13,0,10,6,3,9,0,4,6,10,6,6,11,11,12,8,9,10,3,12,5,10,12,6,9,9,13,12,12,8,13,11,10,13,13,14,11,12,10,8,13,7,13,9,10
SBV331,42,11,67,89,74,73,20,10,74,10,8,78,11,78,10,10,10,10,13,13,11,10,12,12,10,11,10,10,10,12,10,12,10,12,12,11,9,12,10,11,11,12,11,11,12,12,11,12,10,15,11,10,11,12,11,12,10,11,10,10,11,13,12,7,13,8,11,12,12,10,10,10,7,11,11,15,13,10,13,11,14,11,15,13,12,10,14,11,11,14,12,11,12,12,13,12,12,12,12,12,12,13,14,12,7,13,13,13,10,12,13,10,14,12,13,14,12,10,12,13,13,14,14,11,14,15,15,12,13,12,14,12,12,12,13,16,10,11,10,11,10,15,6,13,11,15,14,14,12,7,12,12,15,14,15,17,14,12,12,13,16,14,12,14,4,15,16,4,3,13,12,14,15,13,13,10,14,15,16,4,15,19,5,5,15,5,15,3,79,8,15,16,17,7,15,10,15,12,15,15,10,18,10,8,17,10,0,10,7,5,10,8,10,0,12,12,1,1,16,12,13,14,7,16,11,0,16,8,13,13,17,16,16,12,17,1,0,17,17,18,1,16,0,2,17,11,7,13,6
SBV332,36,3,61,83,68,67,14,0,68,4,2,72,5,72,4,2,2,4,5,3,1,2,2,2,0,1,0,0,0,2,0,2,4,4,2,3,1,4,0,5,3,4,1,3,2,4,1,4,0,9,1,0,1,4,1,4,0,1,0,0,1,5,2,3,5,4,3,2,2,0,0,0,3,1,1,7,5,2,3,1,6,1,5,5,2,0,4,1,1,6,2,1,4,2,3,2,2,2,4,2,2,3,4,2,3,3,3,3,0,2,3,0,4,2,3,6,2,0,4,3,3,4,4,1,4,5,7,2,3,2,6,2,2,2,3,8,0,1,0,1,0,7,4,3,1,5,4,6,8,5,2,8,11,10,11,9,4,2,2,3,6,4,8,4,8,5,6,8,7,3,8,4,5,9,3,0,4,5,6,8,5,11,9,9,5,9,7,7,73,4,5,12,7,5,11,6,5,2,5,5,6,8,6,4,7,6,10,0,3,9,6,4,0,10,8,8,11,11,6,2,3,4,3,8,7,10,6,6,3,3,7,6,6,2,7,11,10,7,7,8,11,6,10,8,7,5,13,3,10
SBV333,35,4,60,82,67,66,13,3,67,3,1,71,4,71,3,3,3,3,6,6,4,3,5,5,3,4,3,3,3,5,3,5,3,5,5,4,2,5,3,4,4,5,4,4,5,5,4,5,3,8,4,3,4,5,4,5,3,4,3,3,4,6,5,0,6,1,4,5,5,3,3,3,0,4,4,8,6,3,6,4,7,4,8,6,5,3,7,4,4,7,5,4,5,5,6,5,5,5,5,5,5,6,7,5,0,6,6,6,3,5,6,3,7,5,6,7,5,3,5,6,6,7,7,4,7,8,8,5,6,5,7,5,5,5,6,9,3,4,3,4,3,8,1,6,4,8,7,7,5,2,5,5,8,7,8,10,7,5,5,6,9,7,5,7,5,8,9,5,4,6,5,7,8,6,6,3,7,8,9,5,8,12,6,6,8,6,8,4,72,1,8,9,10,2,8,3,8,5,8,8,3,11,3,1,10,3,7,3,0,6,3,1,3,7,5,5,8,8,9,5,6,7,0,9,4,7,9,3,6,6,10,9,9,5,10,8,7,10,10,11,8,9,7,5,10,4,10,6,7
SBV334,41,10,66,88,73,72,19,9,73,9,7,77,10,77,9,9,9,9,12,12,10,9,11,11,9,10,9,9,9,11,9,11,9,11,11,10,8,11,9,10,10,11,10,10,11,11,10,11,9,14,10,9,10,11,10,11,9,10,9,9,10,12,11,6,12,7,10,11,11,9,9,9,6,10,10,14,12,9,12,10,13,10,14,12,11,9,13,10,10,13,11,10,11,11,12,11,11,11,11,11,11,12,13,11,6,12,12,12,9,11,12,9,13,11,12,13,11,9,11,12,12,13,13,10,13,14,14,11,12,11,13,11,11,11,12,15,9,10,9,10,9,14,5,12,10,14,13,13,11,6,11,11,14,13,14,16,13,11,11,12,15,13,11,13,3,14,15,1,2,12,11,13,14,12,12,9,13,14,15,3,14,18,4,4,14,4,14,2,78,7,14,15,16,6,14,9,14,11,14,14,9,17,9,7,16,9,5,9,6,0,9,7,9,5,11,11,6,6,15,11,12,13,6,15,10,5,15,7,12,12,16,15,15,11,16,6,5,16,16,17,6,15,5,3,16,10,8,12,5
SBV335,38,7,63,85,70,69,16,6,70,6,4,74,7,74,6,6,6,6,9,9,7,6,8,8,6,7,6,6,6,8,6,8,6,8,8,7,5,8,6,7,7,8,7,7,8,8,7,8,6,11,7,6,7,8,7,8,6,7,6,6,7,9,8,3,9,4,7,8,8,6,6,6,3,7,7,11,9,6,9,7,10,7,11,9,8,6,10,7,7,10,8,7,8,8,9,8,8,8,8,8,8,9,10,8,3,9,9,9,6,8,9,6,10,8,9,10,8,6,8,9,9,10,10,7,10,11,11,8,9,8,10,8,8,8,9,12,6,7,6,7,6,11,4,9,7,11,10,10,6,5,8,6,9,8,9,13,10,8,8,9,12,10,6,10,8,11,12,8,7,9,6,10,11,7,9,6,10,11,12,8,11,15,9,9,11,9,11,7,75,4,11,10,13,5,9,0,11,8,11,11,0,14,0,4,13,0,10,6,3,9,0,4,6,10,6,6,11,11,12,8,9,10,3,12,5,10,12,6,9,9,13,12,12,8,13,11,10,13,13,14,11,12,10,8,13,7,13,9,10
SBV336,36,5,61,83,68,67,14,4,68,4,2,72,5,72,4,4,4,4,7,7,5,4,6,6,4,5,4,4,4,6,4,6,4,6,6,5,3,6,4,5,5,6,5,5,6,6,5,6,4,9,5,4,5,6,5,6,4,5,4,4,5,7,6,1,7,2,5,6,6,4,4,4,1,5,5,9,7,4,7,5,8,5,9,7,6,4,8,5,5,8,6,5,6,6,7,6,6,6,6,6,6,7,8,6,1,7,7,7,4,6,7,4,8,6,7,8,6,4,6,7,7,8,8,5,8,9,9,6,7,6,8,6,6,6,7,10,4,5,4,5,4,9,2,7,5,9,8,8,6,3,6,6,9,8,9,11,8,6,6,7,10,8,6,8,6,9,10,6,5,7,6,8,9,7,7,4,8,9,10,6,9,13,7,7,9,7,9,5,73,2,9,10,11,3,9,4,9,6,9,9,4,12,4,2,11,4,8,4,1,7,4,0,4,8,6,6,9,9,10,6,7,8,1,10,5,8,10,4,7,7,11,10,10,6,11,9,8,11,11,12,9,10,8,6,11,5,11,7,8
SBV337,36,3,61,83,68,67,14,0,68,4,2,72,5,72,4,2,2,4,5,3,1,2,2,2,0,1,0,0,0,2,0,2,4,4,2,3,1,4,0,5,3,4,1,3,2,4,1,4,0,9,1,0,1,4,1,4,0,1,0,0,1,5,2,3,5,4,3,2,2,0,0,0,3,1,1,7,5,2,3,1,6,1,5,5,2,0,4,1,1,6,2,1,4,2,3,2,2,2,4,2,2,3,4,2,3,3,3,3,0,2,3,0,4,2,3,6,2,0,4,3,3,4,4,1,4,5,7,2,3,2,6,2,2,2,3,8,0,1,0,1,0,7,4,3,1,5,4,6,8,5,2,8,11,10,11,9,4,2,2,3,6,4,8,4,8,5,6,8,7,3,8,4,5,9,3,0,4,5,6,8,5,11,9,9,5,9,7,7,73,4,5,12,7,5,11,6,5,2,5,5,6,8,6,4,7,6,10,0,3,9,6,4,0,10,8,8,11,11,6,2,3,4,3,8,7,10,6,6,3,3,7,6,6,2,7,11,10,7,7,8,11,6,10,8,7,5,13,3,10
SBV338,42,11,67,89,74,73,20,10,74,10,8,78,11,78,10,10,10,10,13,13,11,10,12,12,10,11,10,10,10,12,10,12,10,12,12,11,9,12,10,11,11,12,11,11,12,12,11,12,10,15,11,10,11,12,11,12,10,11,10,10,11,13,12,7,13,8,11,12,12,10,10,10,7,11,11,15,13,10,13,11,14,11,15,13,12,10,14,11,11,14,12,11,12,12,13,12,12,12,12,12,12,13,14,12,7,13,13,13,10,12,13,10,14,12,13,14,12,10,12,13,13,14,14,11,14,15,15,12,13,12,14,12,12,12,13,16,10,11,10,11,10,15,6,13,11,15,14,14,12,7,12,12,15,14,15,17,14,12,12,13,16,14,12,14,4,15,16,4,3,13,12,14,15,13,13,10,14,15,16,4,15,19,5,5,15,5,15,3,79,8,15,16,17,7,15,10,15,12,15,15,10,18,10,8,17,10,0,10,7,5,10,8,10,0,12,12,1,1,16,12,13,14,7,16,11,0,16,8,13,13,17,16,16,12,17,1,0,17,17,18,1,16,0,2,17,11,7,13,6
SBV339,40,9,65,87,72,71,18,8,72,8,6,76,9,76,8,8,8,8,11,11,9,8,10,10,8,9,8,8,8,10,8,10,8,10,10,9,7,10,8,9,9,10,9,9,10,10,9,10,8,13,9,8,9,10,9,10,8,9,8,8,9,11,10,5,11,6,9,10,10,8,8,8,5,9,9,13,11,8,11,9,12,9,13,11,10,8,12,9,9,12,10,9,10,10,11,10,10,10,10,10,10,11,12,10,5,11,11,11,8,10,11,8,12,10,11,12,10,8,10,11,11,12,12,9,12,13,13,10,11,10,12,10,10,10,11,14,8,9,8,9,8,13,6,11,9,13,12,12,2,7,10,2,5,4,5,15,12,10,10,11,14,12,2,12,10,13,14,10,9,11,2,12,13,3,11,8,12,13,14,10,13,17,11,11,13,11,13,9,77,6,13,8,15,7,7,6,13,10,13,13,6,16,6,6,15,6,12,8,5,11,6,6,8,12,0,2,13,13,14,10,11,12,5,14,1,12,14,8,11,11,15,14,14,10,15,13,12,15,15,16,13,14,12,10,15,9,15,11,12
SBV340,40,9,65,87,72,71,18,8,72,8,6,76,9,76,8,8,8,8,11,11,9,8,10,10,8,9,8,8,8,10,8,10,8,10,10,9,7,10,8,9,9,10,9,9,10,10,9,10,8,13,9,8,9,10,9,10,8,9,8,8,9,11,10,5,11,6,9,10,10,8,8,8,5,9,9,13,11,8,11,9,12,9,13,11,10,8,12,9,9,12,10,9,10,10,11,10,10,10,10,10,10,11,12,10,5,11,11,11,8,10,11,8,12,10,11,12,10,8,10,11,11,12,12,9,12,13,13,10,11,10,12,10,10,10,11,14,8,9,8,9,8,13,6,11,9,13,12,12,2,7,10,0,3,2,3,15,12,10,10,11,14,12,0,12,10,13,14,10,9,11,2,12,13,3,11,8,12,13,14,10,13,17,11,11,13,11,13,9,77,6,13,8,15,7,7,6,13,10,13,13,6,16,6,6,15,6,12,8,5,11,6,6,8,12,2,0,13,13,14,10,11,12,5,14,1,12,14,8,11,11,15,14,14,10,15,13,12,15,15,16,13,14,12,10,15,9,15,11,12
SBV341,43,12,68,90,75,74,21,11,75,11,9,79,12,79,11,11,11,11,14,14,12,11,13,13,11,12,11,11,11,13,11,13,11,13,13,12,10,13,11,12,12,13,12,12,13,13,12,13,11,16,12,11,12,13,12,13,11,12,11,11,12,14,13,8,14,9,12,13,13,11,11,11,8,12,12,16,14,11,14,12,15,12,16,14,13,11,15,12,12,15,13,12,13,13,14,13,13,13,13,13,13,14,15,13,8,14,14,14,11,13,14,11,15,13,14,15,13,11,13,14,14,15,15,12,15,16,16,13,14,13,15,13,13,13,14,17,11,12,11,12,11,16,7,14,12,16,15,15,13,8,13,13,16,15,16,18,15,13,13,14,17,15,13,15,5,16,17,5,4,14,13,15,16,14,14,11,15,16,17,5,16,20,6,6,16,6,16,4,80,9,16,17,18,8,16,11,16,13,16,16,11,19,11,9,18,11,1,11,8,6,11,9,11,1,13,13,0,2,17,13,14,15,8,17,12,1,17,9,14,14,18,17,17,13,18,2,1,18,18,19,2,17,1,3,18,12,8,14,7
SBV343,43,12,68,90,75,74,21,11,75,11,9,79,12,79,11,11,11,11,14,14,12,11,13,13,11,12,11,11,11,13,11,13,11,13,13,12,10,13,11,12,12,13,12,12,13,13,12,13,11,16,12,11,12,13,12,13,11,12,11,11,12,14,13,8,14,9,12,13,13,11,11,11,8,12,12,16,14,11,14,12,15,12,16,14,13,11,15,12,12,15,13,12,13,13,14,13,13,13,13,13,13,14,15,13,8,14,14,14,11,13,14,11,15,13,14,15,13,11,13,14,14,15,15,12,15,16,16,13,14,13,15,13,13,13,14,17,11,12,11,12,11,16,7,14,12,16,15,15,13,8,13,13,16,15,16,18,15,13,13,14,17,15,13,15,5,16,17,5,4,14,13,15,16,14,14,11,15,16,17,5,16,20,6,6,16,6,16,4,80,9,16,17,18,8,16,11,16,13,16,16,11,19,11,9,18,11,1,11,8,6,11,9,11,1,13,13,2,0,17,13,14,15,8,17,12,1,17,9,14,14,18,17,17,13,18,0,1,18,18,19,2,17,1,3,18,12,8,14,7
SBV344,42,9,67,89,74,73,20,6,74,10,8,78,11,78,10,8,8,10,11,9,7,8,8,8,6,7,6,6,6,8,6,8,10,10,8,9,7,10,6,11,9,10,7,9,8,10,5,10,6,15,7,6,7,10,5,10,6,5,6,6,7,11,8,9,11,10,9,8,8,6,6,6,9,7,5,13,11,8,7,5,12,5,7,11,6,6,10,7,7,12,4,7,10,4,5,6,4,6,10,6,6,9,6,8,9,7,7,9,6,8,9,6,10,8,7,12,4,6,10,9,7,10,10,7,10,9,13,8,7,8,12,6,4,4,9,14,6,7,6,7,6,13,10,9,7,9,6,12,14,11,8,14,17,16,17,15,8,6,4,9,12,10,14,4,14,7,12,14,13,9,14,6,1,15,5,6,10,1,8,14,11,17,15,15,1,15,13,13,79,10,11,18,13,11,17,12,9,8,11,9,12,12,12,10,11,12,16,6,9,15,12,10,6,16,14,14,17,17,0,6,9,8,9,14,13,16,8,12,7,9,11,12,12,6,9,17,16,11,13,14,17,8,16,14,9,11,19,5,16
SBV345,38,5,63,85,70,69,16,2,70,6,4,74,7,74,6,4,4,6,7,5,3,4,4,4,2,3,2,2,2,4,2,4,6,6,4,5,3,6,2,7,5,6,3,5,4,6,1,6,2,11,3,2,3,6,1,6,2,1,2,2,3,7,4,5,7,6,5,4,4,2,2,2,5,3,1,9,7,4,3,1,8,1,5,7,2,2,6,3,3,8,2,3,6,2,3,2,2,2,6,2,2,5,4,4,5,3,3,5,2,4,5,2,6,4,3,8,2,2,6,5,3,6,6,3,6,3,9,4,1,4,8,2,2,2,5,10,2,3,2,3,2,9,6,5,3,5,4,8,10,7,4,10,13,12,13,11,4,0,2,5,8,6,10,4,10,5,8,10,9,5,10,4,5,11,3,2,6,5,6,10,7,13,11,11,5,11,9,9,75,6,7,14,9,7,13,8,5,4,7,3,8,8,8,6,5,8,12,2,5,11,8,6,2,12,10,10,13,13,6,0,5,4,5,10,9,12,6,8,1,5,5,8,8,0,7,13,12,5,9,10,13,6,12,10,7,7,15,3,12
SBV347,39,6,64,86,71,70,17,3,71,7,5,75,8,75,7,5,5,7,8,6,4,5,5,5,3,4,3,3,3,5,3,5,7,7,5,6,4,7,3,8,6,7,4,6,5,7,4,7,3,12,4,3,4,7,4,7,3,4,3,3,4,8,5,6,8,7,6,5,5,3,3,3,6,4,4,10,8,5,6,4,9,4,8,8,5,3,7,4,4,9,5,4,7,5,6,5,5,5,7,5,5,6,7,5,6,6,6,6,3,5,6,3,7,5,6,9,5,3,7,6,6,7,7,4,7,8,10,5,6,5,9,5,5,5,6,11,3,4,3,4,3,10,7,6,4,8,7,9,11,8,5,11,14,13,14,12,7,5,5,6,9,7,11,7,11,8,9,11,10,6,11,7,8,12,6,3,7,8,9,11,8,14,12,12,8,12,10,10,76,7,8,15,4,8,14,9,8,5,2,8,9,11,9,7,10,9,13,3,6,12,9,7,3,13,11,11,14,14,9,5,0,7,6,11,10,13,9,9,6,2,10,9,5,5,10,14,13,10,4,5,14,9,13,11,10,8,16,6,13
SBV348,40,7,65,87,72,71,18,4,72,8,6,76,9,76,8,6,6,8,9,7,5,6,6,6,4,5,4,4,4,6,4,6,8,8,6,7,5,8,4,9,7,8,5,7,6,8,3,8,4,13,5,4,5,8,3,8,4,3,4,4,5,9,6,7,9,8,7,6,6,4,4,4,7,5,3,11,9,6,5,3,10,3,7,9,4,4,8,5,5,10,4,5,8,4,5,4,4,4,8,4,4,7,6,6,7,5,5,7,4,6,7,4,8,6,5,10,4,4,8,7,5,8,8,5,8,7,11,6,5,6,10,4,4,4,7,12,4,5,4,5,4,11,8,7,5,7,6,10,12,9,6,12,15,14,15,13,6,4,4,7,10,8,12,6,12,7,10,12,11,7,12,6,7,13,5,4,8,7,8,12,9,15,13,13,7,13,11,11,77,8,9,16,11,9,15,10,3,6,9,7,10,10,10,8,9,10,14,4,7,13,10,8,4,14,12,12,15,15,8,4,7,0,7,12,11,14,8,10,5,7,9,10,10,4,9,15,14,9,11,12,15,8,14,12,9,9,17,5,14
SBV349,35,4,60,82,67,66,13,3,67,3,1,71,4,71,3,3,3,3,6,6,4,3,5,5,3,4,3,3,3,5,3,5,3,5,5,4,2,5,3,4,4,5,4,4,5,5,4,5,3,8,4,3,4,5,4,5,3,4,3,3,4,6,5,0,6,1,4,5,5,3,3,3,0,4,4,8,6,3,6,4,7,4,8,6,5,3,7,4,4,7,5,4,5,5,6,5,5,5,5,5,5,6,7,5,0,6,6,6,3,5,6,3,7,5,6,7,5,3,5,6,6,7,7,4,7,8,8,5,6,5,7,5,5,5,6,9,3,4,3,4,3,8,1,6,4,8,7,7,5,2,5,5,8,7,8,10,7,5,5,6,9,7,5,7,5,8,9,5,4,6,5,7,8,6,6,3,7,8,9,5,8,12,6,6,8,6,8,4,72,1,8,9,10,2,8,3,8,5,8,8,3,11,3,1,10,3,7,3,0,6,3,1,3,7,5,5,8,8,9,5,6,7,0,9,4,7,9,3,6,6,10,9,9,5,10,8,7,10,10,11,8,9,7,5,10,4,10,6,7
SBV350,42,7,67,89,74,73,20,8,74,10,8,78,11,78,10,6,6,10,9,11,9,6,10,10,8,9,8,8,8,10,8,10,10,6,10,5,7,4,8,11,5,6,9,5,10,6,9,4,8,15,9,8,9,8,9,4,8,9,8,8,9,5,10,9,5,10,7,10,10,8,8,8,9,9,9,7,7,6,11,9,8,9,13,5,10,8,12,9,9,8,10,9,6,10,11,10,10,10,6,10,10,11,12,10,9,11,11,11,8,10,11,8,12,10,11,8,10,8,6,11,11,12,12,9,12,13,7,10,11,10,2,10,10,10,11,12,8,9,8,9,8,11,10,11,9,13,12,2,14,11,10,14,17,16,17,5,12,10,10,11,14,12,14,12,14,13,14,14,13,11,14,12,13,15,11,8,12,13,14,14,13,5,15,15,13,15,3,13,79,10,13,18,15,11,17,12,13,10,13,13,12,16,12,10,15,12,16,8,9,15,12,10,8,16,14,14,17,17,14,10,11,12,9,0,13,16,14,12,11,11,15,14,14,10,15,17,16,15,15,16,17,14,16,14,15,11,19,11,16
SBV351,39,8,64,86,71,70,17,7,71,7,5,75,8,75,7,7,7,7,10,10,8,7,9,9,7,8,7,7,7,9,7,9,7,9,9,8,6,9,7,8,8,9,8,8,9,9,8,9,7,12,8,7,8,9,8,9,7,8,7,7,8,10,9,4,10,5,8,9,9,7,7,7,4,8,8,12,10,7,10,8,11,8,12,10,9,7,11,8,8,11,9,8,9,9,10,9,9,9,9,9,9,10,11,9,4,10,10,10,7,9,10,7,11,9,10,11,9,7,9,10,10,11,11,8,11,12,12,9,10,9,11,9,9,9,10,13,7,8,7,8,7,12,5,10,8,12,11,11,1,6,9,1,4,3,4,14,11,9,9,10,13,11,1,11,9,12,13,9,8,10,1,11,12,2,10,7,11,12,13,9,12,16,10,10,12,10,12,8,76,5,12,7,14,6,6,5,12,9,12,12,5,15,5,5,14,5,11,7,4,10,5,5,7,11,1,1,12,12,13,9,10,11,4,13,0,11,13,7,10,10,14,13,13,9,14,12,11,14,14,15,12,13,11,9,14,8,14,10,11
SBV352,42,11,67,89,74,73,20,10,74,10,8,78,11,78,10,10,10,10,13,13,11,10,12,12,10,11,10,10,10,12,10,12,10,12,12,11,9,12,10,11,11,12,11,11,12,12,11,12,10,15,11,10,11,12,11,12,10,11,10,10,11,13,12,7,13,8,11,12,12,10,10,10,7,11,11,15,13,10,13,11,14,11,15,13,12,10,14,11,11,14,12,11,12,12,13,12,12,12,12,12,12,13,14,12,7,13,13,13,10,12,13,10,14,12,13,14,12,10,12,13,13,14,14,11,14,15,15,12,13,12,14,12,12,12,13,16,10,11,10,11,10,15,6,13,11,15,14,14,12,7,12,12,15,14,15,17,14,12,12,13,16,14,12,14,4,15,16,4,3,13,12,14,15,13,13,10,14,15,16,4,15,19,5,5,15,5,15,3,79,8,15,16,17,7,15,10,15,12,15,15,10,18,10,8,17,10,0,10,7,5,10,8,10,0,12,12,1,1,16,12,13,14,7,16,11,0,16,8,13,13,17,16,16,12,17,1,0,17,17,18,1,16,0,2,17,11,7,13,6
SBV353,42,9,67,89,74,73,20,6,74,10,8,78,11,78,10,8,8,10,11,9,7,8,8,8,6,7,6,6,6,8,6,8,10,10,8,9,7,10,6,11,9,10,7,9,8,10,5,10,6,15,7,6,7,10,5,10,6,5,6,6,7,11,8,9,11,10,9,8,8,6,6,6,9,7,5,13,11,8,7,5,12,5,7,11,6,6,10,7,7,12,4,7,10,4,5,6,4,6,10,6,6,9,6,8,9,7,7,9,6,8,9,6,10,8,7,12,4,6,10,9,7,10,10,7,10,9,13,8,7,8,12,6,4,4,9,14,6,7,6,7,6,13,10,9,7,9,6,12,14,11,8,14,17,16,17,15,8,6,4,9,12,10,14,6,14,7,12,14,13,9,14,6,7,15,3,6,10,7,8,14,11,17,15,15,7,15,13,13,79,10,11,18,13,11,17,12,9,8,11,9,12,12,12,10,11,12,16,6,9,15,12,10,6,16,14,14,17,17,8,6,9,8,9,14,13,16,0,12,7,9,11,12,12,6,1,17,16,11,13,14,17,0,16,14,9,11,19,5,16
SBV354,38,7,63,85,70,69,16,6,70,6,4,74,7,74,6,6,6,6,9,9,7,6,8,8,6,7,6,6,6,8,6,8,6,8,8,7,5,8,6,7,7,8,7,7,8,8,7,8,6,11,7,6,7,8,7,8,6,7,6,6,7,9,8,3,9,4,7,8,8,6,6,6,3,7,7,11,9,6,9,7,10,7,11,9,8,6,10,7,7,10,8,7,8,8,9,8,8,8,8,8,8,9,10,8,3,9,9,9,6,8,9,6,10,8,9,10,8,6,8,9,9,10,10,7,10,11,11,8,9,8,10,8,8,8,9,12,6,7,6,7,6,11,2,9,7,11,10,10,8,1,8,8,11,10,11,13,10,8,8,9,12,10,8,10,6,11,12,6,5,9,8,10,11,9,9,6,10,11,12,6,11,15,7,7,11,7,11,5,75,4,11,12,13,1,11,6,11,8,11,11,6,14,6,4,13,6,8,6,3,7,6,4,6,8,8,8,9,9,12,8,9,10,3,12,7,8,12,0,9,9,13,12,12,8,13,9,8,13,13,14,9,12,8,6,13,7,11,9,8
SBV355,39,6,64,86,71,70,17,3,71,7,5,75,8,75,7,5,5,7,8,6,4,5,5,5,3,4,3,3,3,5,3,5,7,7,5,6,4,7,3,8,6,7,4,6,5,7,2,7,3,12,4,3,4,7,2,7,3,2,3,3,4,8,5,6,8,7,6,5,5,3,3,3,6,4,2,10,8,5,4,2,9,2,6,8,3,3,7,4,4,9,3,4,7,3,4,3,3,3,7,3,3,6,5,5,6,4,4,6,3,5,6,3,7,5,4,9,3,3,7,6,4,7,7,4,7,4,10,5,0,5,9,3,3,3,6,11,3,4,3,4,3,10,7,6,4,6,5,9,11,8,5,11,14,13,14,12,5,1,3,6,9,7,11,5,11,6,9,11,10,6,11,5,6,12,4,3,7,6,7,11,8,14,12,12,6,12,10,10,76,7,8,15,10,8,14,9,6,5,8,4,9,9,9,7,6,9,13,3,6,12,9,7,3,13,11,11,14,14,7,1,6,5,6,11,10,13,7,9,0,6,6,9,9,1,8,14,13,6,10,11,14,7,13,11,8,8,16,4,13
SBV356,39,6,64,86,71,70,17,3,71,7,5,75,8,75,7,5,5,7,8,6,4,5,5,5,3,4,3,3,3,5,3,5,7,7,5,6,4,7,3,8,6,7,4,6,5,7,4,7,3,12,4,3,4,7,4,7,3,4,3,3,4,8,5,6,8,7,6,5,5,3,3,3,6,4,4,10,8,5,6,4,9,4,8,8,5,3,7,4,4,9,5,4,7,5,6,5,5,5,7,5,5,6,7,5,6,6,6,6,3,5,6,3,7,5,6,9,5,3,7,6,6,7,7,4,7,8,10,5,6,5,9,5,5,5,6,11,3,4,3,4,3,10,7,6,4,8,7,9,11,8,5,11,14,13,14,12,7,5,5,6,9,7,11,7,11,8,9,11,10,6,11,7,8,12,6,3,7,8,9,11,8,14,12,12,8,12,10,10,76,7,8,15,6,8,14,9,8,5,4,8,9,11,9,7,10,9,13,3,6,12,9,7,3,13,11,11,14,14,9,5,2,7,6,11,10,13,9,9,6,0,10,9,7,5,10,14,13,10,6,7,14,9,13,11,10,8,16,6,13
SBV357,43,10,68,90,75,74,21,7,75,11,9,79,12,79,11,9,9,11,12,10,8,9,9,9,7,8,7,7,7,9,7,9,11,11,9,10,8,11,7,12,10,11,8,10,9,11,6,11,7,16,8,7,8,11,6,11,7,6,7,7,8,12,9,10,12,11,10,9,9,7,7,7,10,8,6,14,12,9,8,6,13,6,10,12,7,7,11,8,8,13,7,8,11,7,8,7,7,7,11,7,7,10,9,9,10,8,8,10,7,9,10,7,11,9,8,13,7,7,11,10,8,11,11,8,11,6,14,9,6,9,13,7,7,7,10,15,7,8,7,8,7,14,11,10,8,10,9,13,15,12,9,15,18,17,18,16,9,5,7,10,13,11,15,9,15,10,13,15,14,10,15,9,10,16,8,7,11,10,11,15,12,18,16,16,10,16,14,14,80,11,12,19,14,12,18,13,10,9,12,8,13,13,13,11,8,13,17,7,10,16,13,11,7,17,15,15,18,18,11,5,10,9,10,15,14,17,11,13,6,10,0,13,13,5,12,18,17,0,14,15,18,11,17,15,12,12,20,8,17
SBV358,42,9,67,89,74,73,20,6,74,10,8,78,11,78,10,8,8,10,11,9,7,8,8,8,6,7,6,6,6,8,6,8,10,10,8,9,7,10,6,11,9,10,7,9,8,10,7,10,6,15,7,6,7,10,7,10,6,7,6,6,7,11,8,9,11,10,9,8,8,6,6,6,9,7,7,13,11,8,9,7,12,7,11,11,8,6,10,7,7,12,8,7,10,8,9,8,8,8,10,8,8,9,10,8,9,9,9,9,6,8,9,6,10,8,9,12,8,6,10,9,9,10,10,7,10,11,13,8,9,8,12,8,8,8,9,14,6,7,6,7,6,13,10,9,7,11,10,12,14,11,8,14,17,16,17,15,10,8,8,9,6,10,14,10,14,11,12,14,13,9,14,10,11,15,9,6,10,11,12,14,11,17,15,15,11,15,13,13,79,10,11,18,13,11,17,12,11,8,11,11,12,14,12,10,13,12,16,6,9,15,12,10,6,16,14,14,17,17,12,8,9,10,9,14,13,16,12,12,9,9,13,0,12,8,13,17,16,13,13,14,17,12,16,14,13,11,19,9,16
SBV359,42,9,67,89,74,73,20,6,74,10,8,78,11,78,10,8,8,10,11,9,7,8,8,8,6,7,6,6,6,8,6,8,10,10,8,9,7,10,6,11,9,10,7,9,8,10,7,10,6,15,7,6,7,10,7,10,6,7,6,6,7,11,8,9,11,10,9,8,8,6,6,6,9,7,7,13,11,8,9,7,12,7,11,11,8,6,10,7,7,12,8,7,10,8,9,8,8,8,10,8,8,9,10,8,9,9,9,9,6,8,9,6,10,8,9,12,8,6,10,9,9,10,10,7,10,11,13,8,9,8,12,8,8,8,9,14,6,7,6,7,6,13,10,9,7,11,10,12,14,11,8,14,17,16,17,15,10,8,8,9,12,10,14,10,14,11,12,14,13,9,14,10,11,15,9,6,10,11,12,14,11,17,15,15,11,15,13,13,79,10,11,18,9,11,17,12,11,8,7,11,12,14,12,10,13,12,16,6,9,15,12,10,6,16,14,14,17,17,12,8,5,10,9,14,13,16,12,12,9,7,13,12,0,8,13,17,16,13,9,10,17,12,16,14,13,11,19,9,16
SBV361,38,5,63,85,70,69,16,2,70,6,4,74,7,74,6,4,4,6,7,5,3,4,4,4,2,3,2,2,2,4,2,4,6,6,4,5,3,6,2,7,5,6,3,5,4,6,1,6,2,11,3,2,3,6,1,6,2,1,2,2,3,7,4,5,7,6,5,4,4,2,2,2,5,3,1,9,7,4,3,1,8,1,5,7,2,2,6,3,3,8,2,3,6,2,3,2,2,2,6,2,2,5,4,4,5,3,3,5,2,4,5,2,6,4,3,8,2,2,6,5,3,6,6,3,6,3,9,4,1,4,8,2,2,2,5,10,2,3,2,3,2,9,6,5,3,5,4,8,10,7,4,10,13,12,13,11,4,0,2,5,8,6,10,4,10,5,8,10,9,5,10,4,5,11,3,2,6,5,6,10,7,13,11,11,5,11,9,9,75,6,7,14,9,7,13,8,5,4,7,3,8,8,8,6,5,8,12,2,5,11,8,6,2,12,10,10,13,13,6,0,5,4,5,10,9,12,6,8,1,5,5,8,8,0,7,13,12,5,9,10,13,6,12,10,7,7,15,3,12
SBV362,43,10,68,90,75,74,21,7,75,11,9,79,12,79,11,9,9,11,12,10,8,9,9,9,7,8,7,7,7,9,7,9,11,11,9,10,8,11,7,12,10,11,8,10,9,11,6,11,7,16,8,7,8,11,6,11,7,6,7,7,8,12,9,10,12,11,10,9,9,7,7,7,10,8,6,14,12,9,8,6,13,6,8,12,7,7,11,8,8,13,5,8,11,5,6,7,5,7,11,7,7,10,7,9,10,8,8,10,7,9,10,7,11,9,8,13,5,7,11,10,8,11,11,8,11,10,14,9,8,9,13,7,5,5,10,15,7,8,7,8,7,14,11,10,8,10,7,13,15,12,9,15,18,17,18,16,9,7,5,10,13,11,15,7,15,8,13,15,14,10,15,7,8,16,4,7,11,8,9,15,12,18,16,16,8,16,14,14,80,11,12,19,14,12,18,13,10,9,12,10,13,13,13,11,12,13,17,7,10,16,13,11,7,17,15,15,18,18,9,7,10,9,10,15,14,17,1,13,8,10,12,13,13,7,0,18,17,12,14,15,18,1,17,15,10,12,20,6,17
SBV363,43,12,68,90,75,74,21,11,75,11,9,79,12,79,11,11,11,11,14,14,12,11,13,13,11,12,11,11,11,13,11,13,11,13,13,12,10,13,11,12,12,13,12,12,13,13,12,13,11,16,12,11,12,13,12,13,11,12,11,11,12,14,13,8,14,9,12,13,13,11,11,11,8,12,12,16,14,11,14,12,15,12,16,14,13,11,15,12,12,15,13,12,13,13,14,13,13,13,13,13,13,14,15,13,8,14,14,14,11,13,14,11,15,13,14,15,13,11,13,14,14,15,15,12,15,16,16,13,14,13,15,13,13,13,14,17,11,12,11,12,11,16,7,14,12,16,15,15,13,8,13,13,16,15,16,18,15,13,13,14,17,15,13,15,5,16,17,5,4,14,13,15,16,14,14,11,15,16,17,5,16,20,6,6,16,6,16,4,80,9,16,17,18,8,16,11,16,13,16,16,11,19,11,9,18,11,1,11,8,6,11,9,11,1,13,13,2,0,17,13,14,15,8,17,12,1,17,9,14,14,18,17,17,13,18,0,1,18,18,19,2,17,1,3,18,12,8,14,7
SBV364,42,11,67,89,74,73,20,10,74,10,8,78,11,78,10,10,10,10,13,13,11,10,12,12,10,11,10,10,10,12,10,12,10,12,12,11,9,12,10,11,11,12,11,11,12,12,11,12,10,15,11,10,11,12,11,12,10,11,10,10,11,13,12,7,13,8,11,12,12,10,10,10,7,11,11,15,13,10,13,11,14,11,15,13,12,10,14,11,11,14,12,11,12,12,13,12,12,12,12,12,12,13,14,12,7,13,13,13,10,12,13,10,14,12,13,14,12,10,12,13,13,14,14,11,14,15,15,12,13,12,14,12,12,12,13,16,10,11,10,11,10,15,6,13,11,15,14,14,12,7,12,12,15,14,15,17,14,12,12,13,16,14,12,14,4,15,16,4,3,13,12,14,15,13,13,10,14,15,16,4,15,19,5,5,15,5,15,3,79,8,15,16,17,7,15,10,15,12,15,15,10,18,10,8,17,10,0,10,7,5,10,8,10,0,12,12,1,1,16,12,13,14,7,16,11,0,16,8,13,13,17,16,16,12,17,1,0,17,17,18,1,16,0,2,17,11,7,13,6
SBV365,43,10,68,90,75,74,21,7,75,11,9,79,12,79,11,9,9,11,12,10,8,9,9,9,7,8,7,7,7,9,7,9,11,11,9,10,8,11,7,12,10,11,8,10,9,11,6,11,7,16,8,7,8,11,6,11,7,6,7,7,8,12,9,10,12,11,10,9,9,7,7,7,10,8,6,14,12,9,8,6,13,6,10,12,7,7,11,8,8,13,7,8,11,7,8,7,7,7,11,7,7,10,9,9,10,8,8,10,7,9,10,7,11,9,8,13,7,7,11,10,8,11,11,8,11,6,14,9,6,9,13,7,7,7,10,15,7,8,7,8,7,14,11,10,8,10,9,13,15,12,9,15,18,17,18,16,9,5,7,10,13,11,15,9,15,10,13,15,14,10,15,9,10,16,8,7,11,10,11,15,12,18,16,16,10,16,14,14,80,11,12,19,14,12,18,13,10,9,12,8,13,13,13,11,8,13,17,7,10,16,13,11,7,17,15,15,18,18,11,5,10,9,10,15,14,17,11,13,6,10,0,13,13,5,12,18,17,0,14,15,18,11,17,15,12,12,20,8,17
SBV366,43,10,68,90,75,74,21,7,75,11,9,79,12,79,11,9,9,11,12,10,8,9,9,9,7,8,7,7,7,9,7,9,11,11,9,10,8,11,7,12,10,11,8,10,9,11,8,11,7,16,8,7,8,11,8,11,7,8,7,7,8,12,9,10,12,11,10,9,9,7,7,7,10,8,8,14,12,9,10,8,13,8,12,12,9,7,11,8,8,13,9,8,11,9,10,9,9,9,11,9,9,10,11,9,10,10,10,10,7,9,10,7,11,9,10,13,9,7,11,10,10,11,11,8,11,12,14,9,10,9,13,9,9,9,10,15,7,8,7,8,7,14,11,10,8,12,11,13,15,12,9,15,18,17,18,16,11,9,9,10,13,11,15,11,15,12,13,15,14,10,15,11,12,16,10,7,11,12,13,15,12,18,16,16,12,16,14,14,80,11,12,19,8,12,18,13,12,9,6,12,13,15,13,11,14,13,17,7,10,16,13,11,7,17,15,15,18,18,13,9,4,11,10,15,14,17,13,13,10,6,14,13,9,9,14,18,17,14,0,9,18,13,17,15,14,12,20,10,17
SBV367,44,11,69,91,76,75,22,8,76,12,10,80,13,80,12,10,10,12,13,11,9,10,10,10,8,9,8,8,8,10,8,10,12,12,10,11,9,12,8,13,11,12,9,11,10,12,9,12,8,17,9,8,9,12,9,12,8,9,8,8,9,13,10,11,13,12,11,10,10,8,8,8,11,9,9,15,13,10,11,9,14,9,13,13,10,8,12,9,9,14,10,9,12,10,11,10,10,10,12,10,10,11,12,10,11,11,11,11,8,10,11,8,12,10,11,14,10,8,12,11,11,12,12,9,12,13,15,10,11,10,14,10,10,10,11,16,8,9,8,9,8,15,12,11,9,13,12,14,16,13,10,16,19,18,19,17,12,10,10,11,14,12,16,12,16,13,14,16,15,11,16,12,13,17,11,8,12,13,14,16,13,19,17,17,13,17,15,15,81,12,13,20,3,13,19,14,13,10,7,13,14,16,14,12,15,14,18,8,11,17,14,12,8,18,16,16,19,19,14,10,5,12,11,16,15,18,14,14,11,7,15,14,10,10,15,19,18,15,9,0,19,14,18,16,15,13,21,11,18
SBV368,43,12,68,90,75,74,21,11,75,11,9,79,12,79,11,11,11,11,14,14,12,11,13,13,11,12,11,11,11,13,11,13,11,13,13,12,10,13,11,12,12,13,12,12,13,13,12,13,11,16,12,11,12,13,12,13,11,12,11,11,12,14,13,8,14,9,12,13,13,11,11,11,8,12,12,16,14,11,14,12,15,12,16,14,13,11,15,12,12,15,13,12,13,13,14,13,13,13,13,13,13,14,15,13,8,14,14,14,11,13,14,11,15,13,14,15,13,11,13,14,14,15,15,12,15,16,16,13,14,13,15,13,13,13,14,17,11,12,11,12,11,16,7,14,12,16,15,15,13,8,13,13,16,15,16,18,15,13,13,14,17,15,13,15,5,16,17,5,4,14,13,15,16,14,14,11,15,16,17,5,16,20,6,6,16,6,16,4,80,9,16,17,18,8,16,11,16,13,16,16,11,19,11,9,18,11,1,11,8,6,11,9,11,1,13,13,2,2,17,13,14,15,8,17,12,1,17,9,14,14,18,17,17,13,18,2,1,18,18,19,0,17,1,3,18,12,8,14,7
SBV369,42,9,67,89,74,73,20,6,74,10,8,78,11,78,10,8,8,10,11,9,7,8,8,8,6,7,6,6,6,8,6,8,10,10,8,9,7,10,6,11,9,10,7,9,8,10,5,10,6,15,7,6,7,10,5,10,6,5,6,6,7,11,8,9,11,10,9,8,8,6,6,6,9,7,5,13,11,8,7,5,12,5,7,11,6,6,10,7,7,12,4,7,10,4,5,6,4,6,10,6,6,9,6,8,9,7,7,9,6,8,9,6,10,8,7,12,4,6,10,9,7,10,10,7,10,9,13,8,7,8,12,6,4,4,9,14,6,7,6,7,6,13,10,9,7,9,6,12,14,11,8,14,17,16,17,15,8,6,4,9,12,10,14,6,14,7,12,14,13,9,14,6,7,15,3,6,10,7,8,14,11,17,15,15,7,15,13,13,79,10,11,18,13,11,17,12,9,8,11,9,12,12,12,10,11,12,16,6,9,15,12,10,6,16,14,14,17,17,8,6,9,8,9,14,13,16,0,12,7,9,11,12,12,6,1,17,16,11,13,14,17,0,16,14,9,11,19,5,16
SBV370,42,11,67,89,74,73,20,10,74,10,8,78,11,78,10,10,10,10,13,13,11,10,12,12,10,11,10,10,10,12,10,12,10,12,12,11,9,12,10,11,11,12,11,11,12,12,11,12,10,15,11,10,11,12,11,12,10,11,10,10,11,13,12,7,13,8,11,12,12,10,10,10,7,11,11,15,13,10,13,11,14,11,15,13,12,10,14,11,11,14,12,11,12,12,13,12,12,12,12,12,12,13,14,12,7,13,13,13,10,12,13,10,14,12,13,14,12,10,12,13,13,14,14,11,14,15,15,12,13,12,14,12,12,12,13,16,10,11,10,11,10,15,6,13,11,15,14,14,12,7,12,12,15,14,15,17,14,12,12,13,16,14,12,14,4,15,16,4,3,13,12,14,15,13,13,10,14,15,16,4,15,19,5,5,15,5,15,3,79,8,15,16,17,7,15,10,15,12,15,15,10,18,10,8,17,10,0,10,7,5,10,8,10,0,12,12,1,1,16,12,13,14,7,16,11,0,16,8,13,13,17,16,16,12,17,1,0,17,17,18,1,16,0,2,17,11,7,13,6
SBV371,40,9,65,87,72,71,18,8,72,8,6,76,9,76,8,8,8,8,11,11,9,8,10,10,8,9,8,8,8,10,8,10,8,10,10,9,7,10,8,9,9,10,9,9,10,10,9,10,8,13,9,8,9,10,9,10,8,9,8,8,9,11,10,5,11,6,9,10,10,8,8,8,5,9,9,13,11,8,11,9,12,9,13,11,10,8,12,9,9,12,10,9,10,10,11,10,10,10,10,10,10,11,12,10,5,11,11,11,8,10,11,8,12,10,11,12,10,8,10,11,11,12,12,9,12,13,13,10,11,10,12,10,10,10,11,14,8,9,8,9,8,13,4,11,9,13,12,12,10,5,10,10,13,12,13,15,12,10,10,11,14,12,10,12,2,13,14,2,1,11,10,12,13,11,11,8,12,13,14,2,13,17,3,3,13,3,13,1,77,6,13,14,15,5,13,8,13,10,13,13,8,16,8,6,15,8,2,8,5,3,8,6,8,2,10,10,3,3,14,10,11,12,5,14,9,2,14,6,11,11,15,14,14,10,15,3,2,15,15,16,3,14,2,0,15,9,5,11,4
SBV372,43,10,68,90,75,74,21,7,75,11,9,79,12,79,11,9,9,11,12,10,8,9,9,9,7,8,7,7,7,9,7,9,11,11,9,10,8,11,7,12,10,11,8,10,9,11,6,11,7,16,8,7,8,11,6,11,7,6,7,7,8,12,9,10,12,11,10,9,9,7,7,7,10,8,6,14,12,9,8,6,13,6,8,12,7,7,11,8,8,13,5,8,11,5,6,7,5,7,11,7,7,10,7,9,10,8,8,10,7,9,10,7,11,9,8,13,5,7,11,10,8,11,11,8,11,10,14,9,8,9,13,7,5,5,10,15,7,8,7,8,7,14,11,10,8,10,7,13,15,12,9,15,18,17,18,16,9,7,5,10,13,11,15,7,15,8,13,15,14,10,15,7,8,16,6,7,11,8,9,15,12,18,16,16,8,16,14,14,80,11,12,19,14,12,18,13,10,9,12,10,13,13,13,11,12,13,17,7,10,16,13,11,7,17,15,15,18,18,9,7,10,9,10,15,14,17,9,13,8,10,12,13,13,7,10,18,17,12,14,15,18,9,17,15,0,12,20,6,17
SBV373,37,6,62,84,69,68,15,5,69,5,3,73,6,73,5,5,5,5,8,8,6,5,7,7,5,6,5,5,5,7,5,7,5,7,7,6,4,7,5,2,6,7,6,6,7,7,6,7,5,10,6,5,6,7,6,7,5,6,5,5,6,8,7,4,8,5,6,7,7,5,5,5,4,6,6,10,8,5,8,6,9,6,10,8,7,5,9,6,6,9,7,6,7,7,8,7,7,7,7,7,7,8,9,7,4,8,8,8,5,7,8,5,9,7,8,9,7,5,7,8,8,9,9,6,9,10,10,7,8,7,9,7,7,7,8,11,5,6,5,6,5,10,5,8,6,10,9,9,9,6,7,9,12,11,12,12,9,7,7,8,11,9,9,9,9,10,11,9,8,8,9,9,10,10,8,5,9,10,11,9,10,14,10,10,10,10,10,8,74,5,10,13,12,6,12,7,10,7,10,10,7,13,7,5,12,7,11,5,4,10,7,5,5,11,9,9,12,12,11,7,8,9,4,11,8,11,11,7,8,8,12,11,11,7,12,12,11,12,12,13,12,11,11,9,12,0,14,8,11
SBV374,45,14,70,92,77,76,23,13,77,13,11,81,14,81,13,13,13,13,16,16,14,13,15,15,13,14,13,13,13,15,13,15,13,15,15,14,12,15,13,14,14,15,14,14,15,15,14,15,13,18,14,13,14,15,14,15,13,14,13,13,14,16,15,10,16,11,14,15,15,13,13,13,10,14,14,18,16,13,16,14,17,14,18,16,15,13,17,14,14,17,15,14,15,15,16,15,15,15,15,15,15,16,17,15,10,16,16,16,13,15,16,13,17,15,16,17,15,13,15,16,16,17,17,14,17,18,18,15,16,15,17,15,15,15,16,19,13,14,13,14,13,18,9,16,14,18,17,17,15,10,15,15,18,17,18,20,17,15,15,16,19,17,15,17,7,18,19,7,6,16,15,17,18,16,16,13,17,18,19,7,18,22,8,8,18,8,18,6,82,11,18,19,20,10,18,13,18,15,18,18,13,21,13,11,20,13,7,13,10,8,13,11,13,7,15,15,8,8,19,15,16,17,10,19,14,7,19,11,16,16,20,19,19,15,20,8,7,20,20,21,8,19,7,5,20,14,0,16,9
SBV375,39,6,64,86,71,70,17,3,71,7,5,75,8,75,7,5,5,7,8,6,4,5,5,5,3,4,3,3,3,5,3,5,7,7,5,6,4,7,3,8,6,7,4,6,5,7,2,7,3,12,4,3,4,7,2,7,3,2,3,3,4,8,5,6,8,7,6,5,5,3,3,3,6,4,2,10,8,5,4,2,9,2,4,8,3,3,7,4,4,9,1,4,7,1,2,3,1,3,7,3,3,6,3,5,6,4,4,6,3,5,6,3,7,5,4,9,1,3,7,6,4,7,7,4,7,6,10,5,4,5,9,3,1,1,6,11,3,4,3,4,3,10,7,6,4,6,3,9,11,8,5,11,14,13,14,12,5,3,1,6,9,7,11,3,11,4,9,11,10,6,11,3,4,12,2,3,7,4,5,11,8,14,12,12,4,12,10,10,76,7,8,15,10,8,14,9,6,5,8,6,9,9,9,7,8,9,13,3,6,12,9,7,3,13,11,11,14,14,5,3,6,5,6,11,10,13,5,9,4,6,8,9,9,3,6,14,13,8,10,11,14,5,13,11,6,8,16,0,13
SBV376,42,11,67,89,74,73,20,10,74,10,8,78,11,78,10,10,10,10,13,13,11,10,12,12,10,11,10,10,10,12,10,12,10,12,12,11,9,12,10,11,11,12,11,11,12,12,11,12,10,15,11,10,11,12,11,12,10,11,10,10,11,13,12,7,13,8,11,12,12,10,10,10,7,11,11,15,13,10,13,11,14,11,15,13,12,10,14,11,11,14,12,11,12,12,13,12,12,12,12,12,12,13,14,12,7,13,13,13,10,12,13,10,14,12,13,14,12,10,12,13,13,14,14,11,14,15,15,12,13,12,14,12,12,12,13,16,10,11,10,11,10,15,6,13,11,15,14,14,12,7,12,12,15,14,15,17,14,12,12,13,16,14,12,14,4,15,16,4,3,13,12,14,15,13,13,10,14,15,16,4,15,19,5,5,15,5,15,3,79,8,15,16,17,7,15,10,15,12,15,15,10,18,10,8,17,10,6,10,7,5,10,8,10,6,12,12,7,7,16,12,13,14,7,16,11,6,16,8,13,13,17,16,16,12,17,7,6,17,17,18,7,16,6,4,17,11,9,13,0
