snp.dists.0.8.2,year1,year1_ed,source1,variable,year2,year2_ed,source2,value,same_source,same_period,,,,,
SGV004,2005,A,Bovine,SGV004,2005,A,Bovine,0,0,0,,,,,
SGV021,2019,B,Bovine,SGV004,2005,A,Bovine,100,0,1,,,,2005,A
SGV022,2019,B,Bovine,SGV004,2005,A,Bovine,102,0,1,,,,2019,B
SGV023,2019,B,Bovine,SGV004,2005,A,Bovine,100,0,1,,,,2020,B
SGV025,2019,B,Bovine,SGV004,2005,A,Bovine,100,0,1,,,,2021,B
SGV026,2019,B,Bovine,SGV004,2005,A,Bovine,100,0,1,,,,2022,B
SGV028,2019,B,Bovine,SGV004,2005,A,Bovine,100,0,1,,,,,
SGV029,2019,B,Bovine,SGV004,2005,A,Bovine,94,0,1,,,,,
SGV030,2020,B,Bovine,SGV004,2005,A,Bovine,105,0,1,,,,,
SGV031,2020,B,Bovine,SGV004,2005,A,Bovine,100,0,1,,,,,
SGV032,2020,B,Human,SGV004,2005,A,Bovine,102,1,1,,,,,
SGV033,2020,B,Human,SGV004,2005,A,Bovine,104,1,1,,,,,
SGV034,2020,B,Human,SGV004,2005,A,Bovine,103,1,1,,,,,
SGV035,2020,B,Feline,SGV004,2005,A,Bovine,100,1,1,,,,,
SGV036,2020,B,Bovine,SGV004,2005,A,Bovine,100,0,1,,,,,
SGV037,2020,B,Bovine,SGV004,2005,A,Bovine,103,0,1,,,,,
SGV038,2020,B,Bovine,SGV004,2005,A,Bovine,103,0,1,,,,,
SGV039,2020,B,Canine,SGV004,2005,A,Bovine,99,1,1,,,,,
SGV040,2020,B,Bovine,SGV004,2005,A,Bovine,105,0,1,,,,,
SGV041,2020,B,Bovine,SGV004,2005,A,Bovine,103,0,1,,,,,
SGV042,2020,B,Bovine,SGV004,2005,A,Bovine,103,0,1,,,,,
SGV043,2020,B,Bovine,SGV004,2005,A,Bovine,106,0,1,,,,,
SGV044,2020,B,Bovine,SGV004,2005,A,Bovine,104,0,1,,,,,
SGV045,2020,B,Canine,SGV004,2005,A,Bovine,104,1,1,,,,,
SGV046,2020,B,Bovine,SGV004,2005,A,Bovine,104,0,1,,,,,
SGV047,2021,B,Bovine,SGV004,2005,A,Bovine,108,0,1,,,,,
SGV048,2021,B,Bovine,SGV004,2005,A,Bovine,104,0,1,,,,,
SGV049,2021,B,Human,SGV004,2005,A,Bovine,102,1,1,,,,,
SGV050,2021,B,Human,SGV004,2005,A,Bovine,102,1,1,,,,,
SGV051,2021,B,Bovine,SGV004,2005,A,Bovine,104,0,1,,,,,
SGV052,2021,B,Canine,SGV004,2005,A,Bovine,101,1,1,,,,,
SGV053,2021,B,Bovine,SGV004,2005,A,Bovine,102,0,1,,,,,
SGV054,2020,B,Canine,SGV004,2005,A,Bovine,100,1,1,,,,,
SGV055,2021,B,Bovine,SGV004,2005,A,Bovine,102,0,1,,,,,
SGV056,2021,B,Canine,SGV004,2005,A,Bovine,103,1,1,,,,,
SGV057,2021,B,Bovine,SGV004,2005,A,Bovine,101,0,1,,,,,
SGV058,2021,B,Canine,SGV004,2005,A,Bovine,101,1,1,,,,,
SGV059,2021,B,Bovine,SGV004,2005,A,Bovine,99,0,1,,,,,
SGV060,2021,B,Bovine,SGV004,2005,A,Bovine,108,0,1,,,,,
SGV061,2021,B,Canine,SGV004,2005,A,Bovine,108,1,1,,,,,
SGV062,2021,B,Bovine,SGV004,2005,A,Bovine,101,0,1,,,,,
SGV063,2021,B,Ovine,SGV004,2005,A,Bovine,103,1,1,,,,,
SGV064,2021,B,Bovine,SGV004,2005,A,Bovine,104,0,1,,,,,
SGV065,2021,B,Canine,SGV004,2005,A,Bovine,103,1,1,,,,,
SGV066,2022,B,Human,SGV004,2005,A,Bovine,104,1,1,,,,,
SGV067,2022,B,Bovine,SGV004,2005,A,Bovine,105,0,1,,,,,
SGV068,2022,B,Canine,SGV004,2005,A,Bovine,109,1,1,,,,,
SGV069,2022,B,Bovine,SGV004,2005,A,Bovine,105,0,1,,,,,
SGV070,2022,B,Canine,SGV004,2005,A,Bovine,102,1,1,,,,,
SGV071,2022,B,Human,SGV004,2005,A,Bovine,95,1,1,,,,,
SGV072,2022,B,Feline,SGV004,2005,A,Bovine,101,1,1,,,,,
SGV073,2022,B,Canine,SGV004,2005,A,Bovine,102,1,1,,,,,
SGV075,2022,B,Bovine,SGV004,2005,A,Bovine,100,0,1,,,,,
SGV077,2022,B,Canine,SGV004,2005,A,Bovine,101,1,1,,,,,
SGV078,2022,B,Bovine,SGV004,2005,A,Bovine,100,0,1,,,,,
SGV079,2022,B,Canine,SGV004,2005,A,Bovine,106,1,1,,,,,
SGV080,2022,B,Equine,SGV004,2005,A,Bovine,103,1,1,,,,,
SGV004,2005,A,Bovine,SGV021,2019,B,Bovine,100,0,1,,,,,
SGV021,2019,B,Bovine,SGV021,2019,B,Bovine,0,0,0,,,,,
SGV022,2019,B,Bovine,SGV021,2019,B,Bovine,12,0,0,,,,,
SGV023,2019,B,Bovine,SGV021,2019,B,Bovine,12,0,0,,,,,
SGV025,2019,B,Bovine,SGV021,2019,B,Bovine,0,0,0,,,,,
SGV026,2019,B,Bovine,SGV021,2019,B,Bovine,2,0,0,,,,,
SGV028,2019,B,Bovine,SGV021,2019,B,Bovine,12,0,0,,,,,
SGV029,2019,B,Bovine,SGV021,2019,B,Bovine,1,0,0,,,,,
SGV030,2020,B,Bovine,SGV021,2019,B,Bovine,5,0,0,,,,,
SGV031,2020,B,Bovine,SGV021,2019,B,Bovine,12,0,0,,,,,
SGV032,2020,B,Human,SGV021,2019,B,Bovine,14,1,0,,,,,
SGV033,2020,B,Human,SGV021,2019,B,Bovine,4,1,0,,,,,
SGV034,2020,B,Human,SGV021,2019,B,Bovine,15,1,0,,,,,
SGV035,2020,B,Feline,SGV021,2019,B,Bovine,2,1,0,,,,,
SGV036,2020,B,Bovine,SGV021,2019,B,Bovine,2,0,0,,,,,
SGV037,2020,B,Bovine,SGV021,2019,B,Bovine,3,0,0,,,,,
SGV038,2020,B,Bovine,SGV021,2019,B,Bovine,15,0,0,,,,,
SGV039,2020,B,Canine,SGV021,2019,B,Bovine,1,1,0,,,,,
SGV040,2020,B,Bovine,SGV021,2019,B,Bovine,15,0,0,,,,,
SGV041,2020,B,Bovine,SGV021,2019,B,Bovine,3,0,0,,,,,
SGV042,2020,B,Bovine,SGV021,2019,B,Bovine,13,0,0,,,,,
SGV043,2020,B,Bovine,SGV021,2019,B,Bovine,6,0,0,,,,,
SGV044,2020,B,Bovine,SGV021,2019,B,Bovine,4,0,0,,,,,
SGV045,2020,B,Canine,SGV021,2019,B,Bovine,16,1,0,,,,,
SGV046,2020,B,Bovine,SGV021,2019,B,Bovine,14,0,0,,,,,
SGV047,2021,B,Bovine,SGV021,2019,B,Bovine,8,0,0,,,,,
SGV048,2021,B,Bovine,SGV021,2019,B,Bovine,13,0,0,,,,,
SGV049,2021,B,Human,SGV021,2019,B,Bovine,14,1,0,,,,,
SGV050,2021,B,Human,SGV021,2019,B,Bovine,12,1,0,,,,,
SGV051,2021,B,Bovine,SGV021,2019,B,Bovine,17,0,0,,,,,
SGV052,2021,B,Canine,SGV021,2019,B,Bovine,11,1,0,,,,,
SGV053,2021,B,Bovine,SGV021,2019,B,Bovine,12,0,0,,,,,
SGV054,2020,B,Canine,SGV021,2019,B,Bovine,2,1,0,,,,,
SGV055,2021,B,Bovine,SGV021,2019,B,Bovine,12,0,0,,,,,
SGV056,2021,B,Canine,SGV021,2019,B,Bovine,13,1,0,,,,,
SGV057,2021,B,Bovine,SGV021,2019,B,Bovine,11,0,0,,,,,
SGV058,2021,B,Canine,SGV021,2019,B,Bovine,11,1,0,,,,,
SGV059,2021,B,Bovine,SGV021,2019,B,Bovine,9,0,0,,,,,
SGV060,2021,B,Bovine,SGV021,2019,B,Bovine,20,0,0,,,,,
SGV061,2021,B,Canine,SGV021,2019,B,Bovine,18,1,0,,,,,
SGV062,2021,B,Bovine,SGV021,2019,B,Bovine,9,0,0,,,,,
SGV063,2021,B,Ovine,SGV021,2019,B,Bovine,3,1,0,,,,,
SGV064,2021,B,Bovine,SGV021,2019,B,Bovine,16,0,0,,,,,
SGV065,2021,B,Canine,SGV021,2019,B,Bovine,13,1,0,,,,,
SGV066,2022,B,Human,SGV021,2019,B,Bovine,4,1,0,,,,,
SGV067,2022,B,Bovine,SGV021,2019,B,Bovine,15,0,0,,,,,
SGV068,2022,B,Canine,SGV021,2019,B,Bovine,9,1,0,,,,,
SGV069,2022,B,Bovine,SGV021,2019,B,Bovine,17,0,0,,,,,
SGV070,2022,B,Canine,SGV021,2019,B,Bovine,12,1,0,,,,,
SGV071,2022,B,Human,SGV021,2019,B,Bovine,5,1,0,,,,,
SGV072,2022,B,Feline,SGV021,2019,B,Bovine,13,1,0,,,,,
SGV073,2022,B,Canine,SGV021,2019,B,Bovine,12,1,0,,,,,
SGV075,2022,B,Bovine,SGV021,2019,B,Bovine,10,0,0,,,,,
SGV077,2022,B,Canine,SGV021,2019,B,Bovine,11,1,0,,,,,
SGV078,2022,B,Bovine,SGV021,2019,B,Bovine,10,0,0,,,,,
SGV079,2022,B,Canine,SGV021,2019,B,Bovine,19,1,0,,,,,
SGV080,2022,B,Equine,SGV021,2019,B,Bovine,13,1,0,,,,,
SGV004,2005,A,Bovine,SGV022,2019,B,Bovine,102,0,1,,,,,
SGV021,2019,B,Bovine,SGV022,2019,B,Bovine,12,0,0,,,,,
SGV022,2019,B,Bovine,SGV022,2019,B,Bovine,0,0,0,,,,,
SGV023,2019,B,Bovine,SGV022,2019,B,Bovine,14,0,0,,,,,
SGV025,2019,B,Bovine,SGV022,2019,B,Bovine,12,0,0,,,,,
SGV026,2019,B,Bovine,SGV022,2019,B,Bovine,12,0,0,,,,,
SGV028,2019,B,Bovine,SGV022,2019,B,Bovine,14,0,0,,,,,
SGV029,2019,B,Bovine,SGV022,2019,B,Bovine,13,0,0,,,,,
SGV030,2020,B,Bovine,SGV022,2019,B,Bovine,17,0,0,,,,,
SGV031,2020,B,Bovine,SGV022,2019,B,Bovine,14,0,0,,,,,
SGV032,2020,B,Human,SGV022,2019,B,Bovine,16,1,0,,,,,
SGV033,2020,B,Human,SGV022,2019,B,Bovine,16,1,0,,,,,
SGV034,2020,B,Human,SGV022,2019,B,Bovine,17,1,0,,,,,
SGV035,2020,B,Feline,SGV022,2019,B,Bovine,12,1,0,,,,,
SGV036,2020,B,Bovine,SGV022,2019,B,Bovine,12,0,0,,,,,
SGV037,2020,B,Bovine,SGV022,2019,B,Bovine,15,0,0,,,,,
SGV038,2020,B,Bovine,SGV022,2019,B,Bovine,17,0,0,,,,,
SGV039,2020,B,Canine,SGV022,2019,B,Bovine,11,1,0,,,,,
SGV040,2020,B,Bovine,SGV022,2019,B,Bovine,19,0,0,,,,,
SGV041,2020,B,Bovine,SGV022,2019,B,Bovine,15,0,0,,,,,
SGV042,2020,B,Bovine,SGV022,2019,B,Bovine,15,0,0,,,,,
SGV043,2020,B,Bovine,SGV022,2019,B,Bovine,18,0,0,,,,,
SGV044,2020,B,Bovine,SGV022,2019,B,Bovine,16,0,0,,,,,
SGV045,2020,B,Canine,SGV022,2019,B,Bovine,18,1,0,,,,,
SGV046,2020,B,Bovine,SGV022,2019,B,Bovine,12,0,0,,,,,
SGV047,2021,B,Bovine,SGV022,2019,B,Bovine,20,0,0,,,,,
SGV048,2021,B,Bovine,SGV022,2019,B,Bovine,12,0,0,,,,,
SGV049,2021,B,Human,SGV022,2019,B,Bovine,16,1,0,,,,,
SGV050,2021,B,Human,SGV022,2019,B,Bovine,10,1,0,,,,,
SGV051,2021,B,Bovine,SGV022,2019,B,Bovine,19,0,0,,,,,
SGV052,2021,B,Canine,SGV022,2019,B,Bovine,9,1,0,,,,,
SGV053,2021,B,Bovine,SGV022,2019,B,Bovine,10,0,0,,,,,
SGV054,2020,B,Canine,SGV022,2019,B,Bovine,12,1,0,,,,,
SGV055,2021,B,Bovine,SGV022,2019,B,Bovine,11,0,0,,,,,
SGV056,2021,B,Canine,SGV022,2019,B,Bovine,11,1,0,,,,,
SGV057,2021,B,Bovine,SGV022,2019,B,Bovine,9,0,0,,,,,
SGV058,2021,B,Canine,SGV022,2019,B,Bovine,9,1,0,,,,,
SGV059,2021,B,Bovine,SGV022,2019,B,Bovine,7,0,0,,,,,
SGV060,2021,B,Bovine,SGV022,2019,B,Bovine,22,0,0,,,,,
SGV061,2021,B,Canine,SGV022,2019,B,Bovine,20,1,0,,,,,
SGV062,2021,B,Bovine,SGV022,2019,B,Bovine,9,0,0,,,,,
SGV063,2021,B,Ovine,SGV022,2019,B,Bovine,15,1,0,,,,,
SGV064,2021,B,Bovine,SGV022,2019,B,Bovine,18,0,0,,,,,
SGV065,2021,B,Canine,SGV022,2019,B,Bovine,15,1,0,,,,,
SGV066,2022,B,Human,SGV022,2019,B,Bovine,16,1,0,,,,,
SGV067,2022,B,Bovine,SGV022,2019,B,Bovine,13,0,0,,,,,
SGV068,2022,B,Canine,SGV022,2019,B,Bovine,21,1,0,,,,,
SGV069,2022,B,Bovine,SGV022,2019,B,Bovine,19,0,0,,,,,
SGV070,2022,B,Canine,SGV022,2019,B,Bovine,10,1,0,,,,,
SGV071,2022,B,Human,SGV022,2019,B,Bovine,7,1,0,,,,,
SGV072,2022,B,Feline,SGV022,2019,B,Bovine,15,1,0,,,,,
SGV073,2022,B,Canine,SGV022,2019,B,Bovine,10,1,0,,,,,
SGV075,2022,B,Bovine,SGV022,2019,B,Bovine,8,0,0,,,,,
SGV077,2022,B,Canine,SGV022,2019,B,Bovine,9,1,0,,,,,
SGV078,2022,B,Bovine,SGV022,2019,B,Bovine,8,0,0,,,,,
SGV079,2022,B,Canine,SGV022,2019,B,Bovine,21,1,0,,,,,
SGV080,2022,B,Equine,SGV022,2019,B,Bovine,11,1,0,,,,,
SGV004,2005,A,Bovine,SGV023,2019,B,Bovine,100,0,1,,,,,
SGV021,2019,B,Bovine,SGV023,2019,B,Bovine,12,0,0,,,,,
SGV022,2019,B,Bovine,SGV023,2019,B,Bovine,14,0,0,,,,,
SGV023,2019,B,Bovine,SGV023,2019,B,Bovine,0,0,0,,,,,
SGV025,2019,B,Bovine,SGV023,2019,B,Bovine,12,0,0,,,,,
SGV026,2019,B,Bovine,SGV023,2019,B,Bovine,12,0,0,,,,,
SGV028,2019,B,Bovine,SGV023,2019,B,Bovine,6,0,0,,,,,
SGV029,2019,B,Bovine,SGV023,2019,B,Bovine,13,0,0,,,,,
SGV030,2020,B,Bovine,SGV023,2019,B,Bovine,16,0,0,,,,,
SGV031,2020,B,Bovine,SGV023,2019,B,Bovine,4,0,0,,,,,
SGV032,2020,B,Human,SGV023,2019,B,Bovine,6,1,0,,,,,
SGV033,2020,B,Human,SGV023,2019,B,Bovine,16,1,0,,,,,
SGV034,2020,B,Human,SGV023,2019,B,Bovine,9,1,0,,,,,
SGV035,2020,B,Feline,SGV023,2019,B,Bovine,12,1,0,,,,,
SGV036,2020,B,Bovine,SGV023,2019,B,Bovine,12,0,0,,,,,
SGV037,2020,B,Bovine,SGV023,2019,B,Bovine,15,0,0,,,,,
SGV038,2020,B,Bovine,SGV023,2019,B,Bovine,3,0,0,,,,,
SGV039,2020,B,Canine,SGV023,2019,B,Bovine,11,1,0,,,,,
SGV040,2020,B,Bovine,SGV023,2019,B,Bovine,9,0,0,,,,,
SGV041,2020,B,Bovine,SGV023,2019,B,Bovine,15,0,0,,,,,
SGV042,2020,B,Bovine,SGV023,2019,B,Bovine,15,0,0,,,,,
SGV043,2020,B,Bovine,SGV023,2019,B,Bovine,18,0,0,,,,,
SGV044,2020,B,Bovine,SGV023,2019,B,Bovine,16,0,0,,,,,
SGV045,2020,B,Canine,SGV023,2019,B,Bovine,10,1,0,,,,,
SGV046,2020,B,Bovine,SGV023,2019,B,Bovine,16,0,0,,,,,
SGV047,2021,B,Bovine,SGV023,2019,B,Bovine,20,0,0,,,,,
SGV048,2021,B,Bovine,SGV023,2019,B,Bovine,16,0,0,,,,,
SGV049,2021,B,Human,SGV023,2019,B,Bovine,8,1,0,,,,,
SGV050,2021,B,Human,SGV023,2019,B,Bovine,14,1,0,,,,,
SGV051,2021,B,Bovine,SGV023,2019,B,Bovine,9,0,0,,,,,
SGV052,2021,B,Canine,SGV023,2019,B,Bovine,13,1,0,,,,,
SGV053,2021,B,Bovine,SGV023,2019,B,Bovine,14,0,0,,,,,
SGV054,2020,B,Canine,SGV023,2019,B,Bovine,12,1,0,,,,,
SGV055,2021,B,Bovine,SGV023,2019,B,Bovine,15,0,0,,,,,
SGV056,2021,B,Canine,SGV023,2019,B,Bovine,15,1,0,,,,,
SGV057,2021,B,Bovine,SGV023,2019,B,Bovine,13,0,0,,,,,
SGV058,2021,B,Canine,SGV023,2019,B,Bovine,13,1,0,,,,,
SGV059,2021,B,Bovine,SGV023,2019,B,Bovine,11,0,0,,,,,
SGV060,2021,B,Bovine,SGV023,2019,B,Bovine,14,0,0,,,,,
SGV061,2021,B,Canine,SGV023,2019,B,Bovine,20,1,0,,,,,
SGV062,2021,B,Bovine,SGV023,2019,B,Bovine,13,0,0,,,,,
SGV063,2021,B,Ovine,SGV023,2019,B,Bovine,15,1,0,,,,,
SGV064,2021,B,Bovine,SGV023,2019,B,Bovine,8,0,0,,,,,
SGV065,2021,B,Canine,SGV023,2019,B,Bovine,15,1,0,,,,,
SGV066,2022,B,Human,SGV023,2019,B,Bovine,16,1,0,,,,,
SGV067,2022,B,Bovine,SGV023,2019,B,Bovine,17,0,0,,,,,
SGV068,2022,B,Canine,SGV023,2019,B,Bovine,21,1,0,,,,,
SGV069,2022,B,Bovine,SGV023,2019,B,Bovine,9,0,0,,,,,
SGV070,2022,B,Canine,SGV023,2019,B,Bovine,14,1,0,,,,,
SGV071,2022,B,Human,SGV023,2019,B,Bovine,7,1,0,,,,,
SGV072,2022,B,Feline,SGV023,2019,B,Bovine,7,1,0,,,,,
SGV073,2022,B,Canine,SGV023,2019,B,Bovine,14,1,0,,,,,
SGV075,2022,B,Bovine,SGV023,2019,B,Bovine,12,0,0,,,,,
SGV077,2022,B,Canine,SGV023,2019,B,Bovine,13,1,0,,,,,
SGV078,2022,B,Bovine,SGV023,2019,B,Bovine,12,0,0,,,,,
SGV079,2022,B,Canine,SGV023,2019,B,Bovine,11,1,0,,,,,
SGV080,2022,B,Equine,SGV023,2019,B,Bovine,15,1,0,,,,,
SGV004,2005,A,Bovine,SGV025,2019,B,Bovine,100,0,1,,,,,
SGV021,2019,B,Bovine,SGV025,2019,B,Bovine,0,0,0,,,,,
SGV022,2019,B,Bovine,SGV025,2019,B,Bovine,12,0,0,,,,,
SGV023,2019,B,Bovine,SGV025,2019,B,Bovine,12,0,0,,,,,
SGV025,2019,B,Bovine,SGV025,2019,B,Bovine,0,0,0,,,,,
SGV026,2019,B,Bovine,SGV025,2019,B,Bovine,2,0,0,,,,,
SGV028,2019,B,Bovine,SGV025,2019,B,Bovine,12,0,0,,,,,
SGV029,2019,B,Bovine,SGV025,2019,B,Bovine,1,0,0,,,,,
SGV030,2020,B,Bovine,SGV025,2019,B,Bovine,5,0,0,,,,,
SGV031,2020,B,Bovine,SGV025,2019,B,Bovine,12,0,0,,,,,
SGV032,2020,B,Human,SGV025,2019,B,Bovine,14,1,0,,,,,
SGV033,2020,B,Human,SGV025,2019,B,Bovine,4,1,0,,,,,
SGV034,2020,B,Human,SGV025,2019,B,Bovine,15,1,0,,,,,
SGV035,2020,B,Feline,SGV025,2019,B,Bovine,2,1,0,,,,,
SGV036,2020,B,Bovine,SGV025,2019,B,Bovine,2,0,0,,,,,
SGV037,2020,B,Bovine,SGV025,2019,B,Bovine,3,0,0,,,,,
SGV038,2020,B,Bovine,SGV025,2019,B,Bovine,15,0,0,,,,,
SGV039,2020,B,Canine,SGV025,2019,B,Bovine,1,1,0,,,,,
SGV040,2020,B,Bovine,SGV025,2019,B,Bovine,15,0,0,,,,,
SGV041,2020,B,Bovine,SGV025,2019,B,Bovine,3,0,0,,,,,
SGV042,2020,B,Bovine,SGV025,2019,B,Bovine,13,0,0,,,,,
SGV043,2020,B,Bovine,SGV025,2019,B,Bovine,6,0,0,,,,,
SGV044,2020,B,Bovine,SGV025,2019,B,Bovine,4,0,0,,,,,
SGV045,2020,B,Canine,SGV025,2019,B,Bovine,16,1,0,,,,,
SGV046,2020,B,Bovine,SGV025,2019,B,Bovine,14,0,0,,,,,
SGV047,2021,B,Bovine,SGV025,2019,B,Bovine,8,0,0,,,,,
SGV048,2021,B,Bovine,SGV025,2019,B,Bovine,13,0,0,,,,,
SGV049,2021,B,Human,SGV025,2019,B,Bovine,14,1,0,,,,,
SGV050,2021,B,Human,SGV025,2019,B,Bovine,12,1,0,,,,,
SGV051,2021,B,Bovine,SGV025,2019,B,Bovine,17,0,0,,,,,
SGV052,2021,B,Canine,SGV025,2019,B,Bovine,11,1,0,,,,,
SGV053,2021,B,Bovine,SGV025,2019,B,Bovine,12,0,0,,,,,
SGV054,2020,B,Canine,SGV025,2019,B,Bovine,2,1,0,,,,,
SGV055,2021,B,Bovine,SGV025,2019,B,Bovine,12,0,0,,,,,
SGV056,2021,B,Canine,SGV025,2019,B,Bovine,13,1,0,,,,,
SGV057,2021,B,Bovine,SGV025,2019,B,Bovine,11,0,0,,,,,
SGV058,2021,B,Canine,SGV025,2019,B,Bovine,11,1,0,,,,,
SGV059,2021,B,Bovine,SGV025,2019,B,Bovine,9,0,0,,,,,
SGV060,2021,B,Bovine,SGV025,2019,B,Bovine,20,0,0,,,,,
SGV061,2021,B,Canine,SGV025,2019,B,Bovine,18,1,0,,,,,
SGV062,2021,B,Bovine,SGV025,2019,B,Bovine,9,0,0,,,,,
SGV063,2021,B,Ovine,SGV025,2019,B,Bovine,3,1,0,,,,,
SGV064,2021,B,Bovine,SGV025,2019,B,Bovine,16,0,0,,,,,
SGV065,2021,B,Canine,SGV025,2019,B,Bovine,13,1,0,,,,,
SGV066,2022,B,Human,SGV025,2019,B,Bovine,4,1,0,,,,,
SGV067,2022,B,Bovine,SGV025,2019,B,Bovine,15,0,0,,,,,
SGV068,2022,B,Canine,SGV025,2019,B,Bovine,9,1,0,,,,,
SGV069,2022,B,Bovine,SGV025,2019,B,Bovine,17,0,0,,,,,
SGV070,2022,B,Canine,SGV025,2019,B,Bovine,12,1,0,,,,,
SGV071,2022,B,Human,SGV025,2019,B,Bovine,5,1,0,,,,,
SGV072,2022,B,Feline,SGV025,2019,B,Bovine,13,1,0,,,,,
SGV073,2022,B,Canine,SGV025,2019,B,Bovine,12,1,0,,,,,
SGV075,2022,B,Bovine,SGV025,2019,B,Bovine,10,0,0,,,,,
SGV077,2022,B,Canine,SGV025,2019,B,Bovine,11,1,0,,,,,
SGV078,2022,B,Bovine,SGV025,2019,B,Bovine,10,0,0,,,,,
SGV079,2022,B,Canine,SGV025,2019,B,Bovine,19,1,0,,,,,
SGV080,2022,B,Equine,SGV025,2019,B,Bovine,13,1,0,,,,,
SGV004,2005,A,Bovine,SGV026,2019,B,Bovine,100,0,1,,,,,
SGV021,2019,B,Bovine,SGV026,2019,B,Bovine,2,0,0,,,,,
SGV022,2019,B,Bovine,SGV026,2019,B,Bovine,12,0,0,,,,,
SGV023,2019,B,Bovine,SGV026,2019,B,Bovine,12,0,0,,,,,
SGV025,2019,B,Bovine,SGV026,2019,B,Bovine,2,0,0,,,,,
SGV026,2019,B,Bovine,SGV026,2019,B,Bovine,0,0,0,,,,,
SGV028,2019,B,Bovine,SGV026,2019,B,Bovine,12,0,0,,,,,
SGV029,2019,B,Bovine,SGV026,2019,B,Bovine,3,0,0,,,,,
SGV030,2020,B,Bovine,SGV026,2019,B,Bovine,7,0,0,,,,,
SGV031,2020,B,Bovine,SGV026,2019,B,Bovine,12,0,0,,,,,
SGV032,2020,B,Human,SGV026,2019,B,Bovine,14,1,0,,,,,
SGV033,2020,B,Human,SGV026,2019,B,Bovine,6,1,0,,,,,
SGV034,2020,B,Human,SGV026,2019,B,Bovine,15,1,0,,,,,
SGV035,2020,B,Feline,SGV026,2019,B,Bovine,2,1,0,,,,,
SGV036,2020,B,Bovine,SGV026,2019,B,Bovine,2,0,0,,,,,
SGV037,2020,B,Bovine,SGV026,2019,B,Bovine,5,0,0,,,,,
SGV038,2020,B,Bovine,SGV026,2019,B,Bovine,15,0,0,,,,,
SGV039,2020,B,Canine,SGV026,2019,B,Bovine,1,1,0,,,,,
SGV040,2020,B,Bovine,SGV026,2019,B,Bovine,15,0,0,,,,,
SGV041,2020,B,Bovine,SGV026,2019,B,Bovine,5,0,0,,,,,
SGV042,2020,B,Bovine,SGV026,2019,B,Bovine,13,0,0,,,,,
SGV043,2020,B,Bovine,SGV026,2019,B,Bovine,8,0,0,,,,,
SGV044,2020,B,Bovine,SGV026,2019,B,Bovine,6,0,0,,,,,
SGV045,2020,B,Canine,SGV026,2019,B,Bovine,16,1,0,,,,,
SGV046,2020,B,Bovine,SGV026,2019,B,Bovine,14,0,0,,,,,
SGV047,2021,B,Bovine,SGV026,2019,B,Bovine,10,0,0,,,,,
SGV048,2021,B,Bovine,SGV026,2019,B,Bovine,13,0,0,,,,,
SGV049,2021,B,Human,SGV026,2019,B,Bovine,14,1,0,,,,,
SGV050,2021,B,Human,SGV026,2019,B,Bovine,12,1,0,,,,,
SGV051,2021,B,Bovine,SGV026,2019,B,Bovine,17,0,0,,,,,
SGV052,2021,B,Canine,SGV026,2019,B,Bovine,11,1,0,,,,,
SGV053,2021,B,Bovine,SGV026,2019,B,Bovine,12,0,0,,,,,
SGV054,2020,B,Canine,SGV026,2019,B,Bovine,2,1,0,,,,,
SGV055,2021,B,Bovine,SGV026,2019,B,Bovine,12,0,0,,,,,
SGV056,2021,B,Canine,SGV026,2019,B,Bovine,13,1,0,,,,,
SGV057,2021,B,Bovine,SGV026,2019,B,Bovine,11,0,0,,,,,
SGV058,2021,B,Canine,SGV026,2019,B,Bovine,11,1,0,,,,,
SGV059,2021,B,Bovine,SGV026,2019,B,Bovine,9,0,0,,,,,
SGV060,2021,B,Bovine,SGV026,2019,B,Bovine,20,0,0,,,,,
SGV061,2021,B,Canine,SGV026,2019,B,Bovine,18,1,0,,,,,
SGV062,2021,B,Bovine,SGV026,2019,B,Bovine,9,0,0,,,,,
SGV063,2021,B,Ovine,SGV026,2019,B,Bovine,5,1,0,,,,,
SGV064,2021,B,Bovine,SGV026,2019,B,Bovine,16,0,0,,,,,
SGV065,2021,B,Canine,SGV026,2019,B,Bovine,13,1,0,,,,,
SGV066,2022,B,Human,SGV026,2019,B,Bovine,6,1,0,,,,,
SGV067,2022,B,Bovine,SGV026,2019,B,Bovine,15,0,0,,,,,
SGV068,2022,B,Canine,SGV026,2019,B,Bovine,11,1,0,,,,,
SGV069,2022,B,Bovine,SGV026,2019,B,Bovine,17,0,0,,,,,
SGV070,2022,B,Canine,SGV026,2019,B,Bovine,12,1,0,,,,,
SGV071,2022,B,Human,SGV026,2019,B,Bovine,5,1,0,,,,,
SGV072,2022,B,Feline,SGV026,2019,B,Bovine,13,1,0,,,,,
SGV073,2022,B,Canine,SGV026,2019,B,Bovine,12,1,0,,,,,
SGV075,2022,B,Bovine,SGV026,2019,B,Bovine,10,0,0,,,,,
SGV077,2022,B,Canine,SGV026,2019,B,Bovine,11,1,0,,,,,
SGV078,2022,B,Bovine,SGV026,2019,B,Bovine,10,0,0,,,,,
SGV079,2022,B,Canine,SGV026,2019,B,Bovine,19,1,0,,,,,
SGV080,2022,B,Equine,SGV026,2019,B,Bovine,13,1,0,,,,,
SGV004,2005,A,Bovine,SGV028,2019,B,Bovine,100,0,1,,,,,
SGV021,2019,B,Bovine,SGV028,2019,B,Bovine,12,0,0,,,,,
SGV022,2019,B,Bovine,SGV028,2019,B,Bovine,14,0,0,,,,,
SGV023,2019,B,Bovine,SGV028,2019,B,Bovine,6,0,0,,,,,
SGV025,2019,B,Bovine,SGV028,2019,B,Bovine,12,0,0,,,,,
SGV026,2019,B,Bovine,SGV028,2019,B,Bovine,12,0,0,,,,,
SGV028,2019,B,Bovine,SGV028,2019,B,Bovine,0,0,0,,,,,
SGV029,2019,B,Bovine,SGV028,2019,B,Bovine,13,0,0,,,,,
SGV030,2020,B,Bovine,SGV028,2019,B,Bovine,17,0,0,,,,,
SGV031,2020,B,Bovine,SGV028,2019,B,Bovine,6,0,0,,,,,
SGV032,2020,B,Human,SGV028,2019,B,Bovine,8,1,0,,,,,
SGV033,2020,B,Human,SGV028,2019,B,Bovine,16,1,0,,,,,
SGV034,2020,B,Human,SGV028,2019,B,Bovine,3,1,0,,,,,
SGV035,2020,B,Feline,SGV028,2019,B,Bovine,12,1,0,,,,,
SGV036,2020,B,Bovine,SGV028,2019,B,Bovine,12,0,0,,,,,
SGV037,2020,B,Bovine,SGV028,2019,B,Bovine,15,0,0,,,,,
SGV038,2020,B,Bovine,SGV028,2019,B,Bovine,9,0,0,,,,,
SGV039,2020,B,Canine,SGV028,2019,B,Bovine,11,1,0,,,,,
SGV040,2020,B,Bovine,SGV028,2019,B,Bovine,11,0,0,,,,,
SGV041,2020,B,Bovine,SGV028,2019,B,Bovine,15,0,0,,,,,
SGV042,2020,B,Bovine,SGV028,2019,B,Bovine,15,0,0,,,,,
SGV043,2020,B,Bovine,SGV028,2019,B,Bovine,18,0,0,,,,,
SGV044,2020,B,Bovine,SGV028,2019,B,Bovine,16,0,0,,,,,
SGV045,2020,B,Canine,SGV028,2019,B,Bovine,4,1,0,,,,,
SGV046,2020,B,Bovine,SGV028,2019,B,Bovine,16,0,0,,,,,
SGV047,2021,B,Bovine,SGV028,2019,B,Bovine,20,0,0,,,,,
SGV048,2021,B,Bovine,SGV028,2019,B,Bovine,16,0,0,,,,,
SGV049,2021,B,Human,SGV028,2019,B,Bovine,2,1,0,,,,,
SGV050,2021,B,Human,SGV028,2019,B,Bovine,14,1,0,,,,,
SGV051,2021,B,Bovine,SGV028,2019,B,Bovine,11,0,0,,,,,
SGV052,2021,B,Canine,SGV028,2019,B,Bovine,13,1,0,,,,,
SGV053,2021,B,Bovine,SGV028,2019,B,Bovine,14,0,0,,,,,
SGV054,2020,B,Canine,SGV028,2019,B,Bovine,12,1,0,,,,,
SGV055,2021,B,Bovine,SGV028,2019,B,Bovine,15,0,0,,,,,
SGV056,2021,B,Canine,SGV028,2019,B,Bovine,15,1,0,,,,,
SGV057,2021,B,Bovine,SGV028,2019,B,Bovine,13,0,0,,,,,
SGV058,2021,B,Canine,SGV028,2019,B,Bovine,13,1,0,,,,,
SGV059,2021,B,Bovine,SGV028,2019,B,Bovine,11,0,0,,,,,
SGV060,2021,B,Bovine,SGV028,2019,B,Bovine,8,0,0,,,,,
SGV061,2021,B,Canine,SGV028,2019,B,Bovine,20,1,0,,,,,
SGV062,2021,B,Bovine,SGV028,2019,B,Bovine,13,0,0,,,,,
SGV063,2021,B,Ovine,SGV028,2019,B,Bovine,15,1,0,,,,,
SGV064,2021,B,Bovine,SGV028,2019,B,Bovine,10,0,0,,,,,
SGV065,2021,B,Canine,SGV028,2019,B,Bovine,15,1,0,,,,,
SGV066,2022,B,Human,SGV028,2019,B,Bovine,16,1,0,,,,,
SGV067,2022,B,Bovine,SGV028,2019,B,Bovine,17,0,0,,,,,
SGV068,2022,B,Canine,SGV028,2019,B,Bovine,21,1,0,,,,,
SGV069,2022,B,Bovine,SGV028,2019,B,Bovine,11,0,0,,,,,
SGV070,2022,B,Canine,SGV028,2019,B,Bovine,14,1,0,,,,,
SGV071,2022,B,Human,SGV028,2019,B,Bovine,7,1,0,,,,,
SGV072,2022,B,Feline,SGV028,2019,B,Bovine,1,1,0,,,,,
SGV073,2022,B,Canine,SGV028,2019,B,Bovine,14,1,0,,,,,
SGV075,2022,B,Bovine,SGV028,2019,B,Bovine,12,0,0,,,,,
SGV077,2022,B,Canine,SGV028,2019,B,Bovine,13,1,0,,,,,
SGV078,2022,B,Bovine,SGV028,2019,B,Bovine,12,0,0,,,,,
SGV079,2022,B,Canine,SGV028,2019,B,Bovine,13,1,0,,,,,
SGV080,2022,B,Equine,SGV028,2019,B,Bovine,15,1,0,,,,,
SGV004,2005,A,Bovine,SGV029,2019,B,Bovine,94,0,1,,,,,
SGV021,2019,B,Bovine,SGV029,2019,B,Bovine,1,0,0,,,,,
SGV022,2019,B,Bovine,SGV029,2019,B,Bovine,13,0,0,,,,,
SGV023,2019,B,Bovine,SGV029,2019,B,Bovine,13,0,0,,,,,
SGV025,2019,B,Bovine,SGV029,2019,B,Bovine,1,0,0,,,,,
SGV026,2019,B,Bovine,SGV029,2019,B,Bovine,3,0,0,,,,,
SGV028,2019,B,Bovine,SGV029,2019,B,Bovine,13,0,0,,,,,
SGV029,2019,B,Bovine,SGV029,2019,B,Bovine,0,0,0,,,,,
SGV030,2020,B,Bovine,SGV029,2019,B,Bovine,6,0,0,,,,,
SGV031,2020,B,Bovine,SGV029,2019,B,Bovine,13,0,0,,,,,
SGV032,2020,B,Human,SGV029,2019,B,Bovine,15,1,0,,,,,
SGV033,2020,B,Human,SGV029,2019,B,Bovine,5,1,0,,,,,
SGV034,2020,B,Human,SGV029,2019,B,Bovine,16,1,0,,,,,
SGV035,2020,B,Feline,SGV029,2019,B,Bovine,3,1,0,,,,,
SGV036,2020,B,Bovine,SGV029,2019,B,Bovine,3,0,0,,,,,
SGV037,2020,B,Bovine,SGV029,2019,B,Bovine,4,0,0,,,,,
SGV038,2020,B,Bovine,SGV029,2019,B,Bovine,16,0,0,,,,,
SGV039,2020,B,Canine,SGV029,2019,B,Bovine,2,1,0,,,,,
SGV040,2020,B,Bovine,SGV029,2019,B,Bovine,16,0,0,,,,,
SGV041,2020,B,Bovine,SGV029,2019,B,Bovine,4,0,0,,,,,
SGV042,2020,B,Bovine,SGV029,2019,B,Bovine,13,0,0,,,,,
SGV043,2020,B,Bovine,SGV029,2019,B,Bovine,7,0,0,,,,,
SGV044,2020,B,Bovine,SGV029,2019,B,Bovine,5,0,0,,,,,
SGV045,2020,B,Canine,SGV029,2019,B,Bovine,16,1,0,,,,,
SGV046,2020,B,Bovine,SGV029,2019,B,Bovine,15,0,0,,,,,
SGV047,2021,B,Bovine,SGV029,2019,B,Bovine,9,0,0,,,,,
SGV048,2021,B,Bovine,SGV029,2019,B,Bovine,13,0,0,,,,,
SGV049,2021,B,Human,SGV029,2019,B,Bovine,15,1,0,,,,,
SGV050,2021,B,Human,SGV029,2019,B,Bovine,12,1,0,,,,,
SGV051,2021,B,Bovine,SGV029,2019,B,Bovine,18,0,0,,,,,
SGV052,2021,B,Canine,SGV029,2019,B,Bovine,12,1,0,,,,,
SGV053,2021,B,Bovine,SGV029,2019,B,Bovine,12,0,0,,,,,
SGV054,2020,B,Canine,SGV029,2019,B,Bovine,3,1,0,,,,,
SGV055,2021,B,Bovine,SGV029,2019,B,Bovine,13,0,0,,,,,
SGV056,2021,B,Canine,SGV029,2019,B,Bovine,13,1,0,,,,,
SGV057,2021,B,Bovine,SGV029,2019,B,Bovine,12,0,0,,,,,
SGV058,2021,B,Canine,SGV029,2019,B,Bovine,12,1,0,,,,,
SGV059,2021,B,Bovine,SGV029,2019,B,Bovine,10,0,0,,,,,
SGV060,2021,B,Bovine,SGV029,2019,B,Bovine,20,0,0,,,,,
SGV061,2021,B,Canine,SGV029,2019,B,Bovine,19,1,0,,,,,
SGV062,2021,B,Bovine,SGV029,2019,B,Bovine,10,0,0,,,,,
SGV063,2021,B,Ovine,SGV029,2019,B,Bovine,4,1,0,,,,,
SGV064,2021,B,Bovine,SGV029,2019,B,Bovine,16,0,0,,,,,
SGV065,2021,B,Canine,SGV029,2019,B,Bovine,14,1,0,,,,,
SGV066,2022,B,Human,SGV029,2019,B,Bovine,5,1,0,,,,,
SGV067,2022,B,Bovine,SGV029,2019,B,Bovine,16,0,0,,,,,
SGV068,2022,B,Canine,SGV029,2019,B,Bovine,10,1,0,,,,,
SGV069,2022,B,Bovine,SGV029,2019,B,Bovine,17,0,0,,,,,
SGV070,2022,B,Canine,SGV029,2019,B,Bovine,13,1,0,,,,,
SGV071,2022,B,Human,SGV029,2019,B,Bovine,6,1,0,,,,,
SGV072,2022,B,Feline,SGV029,2019,B,Bovine,14,1,0,,,,,
SGV073,2022,B,Canine,SGV029,2019,B,Bovine,13,1,0,,,,,
SGV075,2022,B,Bovine,SGV029,2019,B,Bovine,11,0,0,,,,,
SGV077,2022,B,Canine,SGV029,2019,B,Bovine,12,1,0,,,,,
SGV078,2022,B,Bovine,SGV029,2019,B,Bovine,11,0,0,,,,,
SGV079,2022,B,Canine,SGV029,2019,B,Bovine,18,1,0,,,,,
SGV080,2022,B,Equine,SGV029,2019,B,Bovine,13,1,0,,,,,
SGV004,2005,A,Bovine,SGV030,2020,B,Bovine,105,0,1,,,,,
SGV021,2019,B,Bovine,SGV030,2020,B,Bovine,5,0,0,,,,,
SGV022,2019,B,Bovine,SGV030,2020,B,Bovine,17,0,0,,,,,
SGV023,2019,B,Bovine,SGV030,2020,B,Bovine,16,0,0,,,,,
SGV025,2019,B,Bovine,SGV030,2020,B,Bovine,5,0,0,,,,,
SGV026,2019,B,Bovine,SGV030,2020,B,Bovine,7,0,0,,,,,
SGV028,2019,B,Bovine,SGV030,2020,B,Bovine,17,0,0,,,,,
SGV029,2019,B,Bovine,SGV030,2020,B,Bovine,6,0,0,,,,,
SGV030,2020,B,Bovine,SGV030,2020,B,Bovine,0,0,0,,,,,
SGV031,2020,B,Bovine,SGV030,2020,B,Bovine,16,0,0,,,,,
SGV032,2020,B,Human,SGV030,2020,B,Bovine,18,1,0,,,,,
SGV033,2020,B,Human,SGV030,2020,B,Bovine,9,1,0,,,,,
SGV034,2020,B,Human,SGV030,2020,B,Bovine,20,1,0,,,,,
SGV035,2020,B,Feline,SGV030,2020,B,Bovine,7,1,0,,,,,
SGV036,2020,B,Bovine,SGV030,2020,B,Bovine,7,0,0,,,,,
SGV037,2020,B,Bovine,SGV030,2020,B,Bovine,8,0,0,,,,,
SGV038,2020,B,Bovine,SGV030,2020,B,Bovine,19,0,0,,,,,
SGV039,2020,B,Canine,SGV030,2020,B,Bovine,6,1,0,,,,,
SGV040,2020,B,Bovine,SGV030,2020,B,Bovine,19,0,0,,,,,
SGV041,2020,B,Bovine,SGV030,2020,B,Bovine,6,0,0,,,,,
SGV042,2020,B,Bovine,SGV030,2020,B,Bovine,18,0,0,,,,,
SGV043,2020,B,Bovine,SGV030,2020,B,Bovine,11,0,0,,,,,
SGV044,2020,B,Bovine,SGV030,2020,B,Bovine,7,0,0,,,,,
SGV045,2020,B,Canine,SGV030,2020,B,Bovine,21,1,0,,,,,
SGV046,2020,B,Bovine,SGV030,2020,B,Bovine,19,0,0,,,,,
SGV047,2021,B,Bovine,SGV030,2020,B,Bovine,13,0,0,,,,,
SGV048,2021,B,Bovine,SGV030,2020,B,Bovine,18,0,0,,,,,
SGV049,2021,B,Human,SGV030,2020,B,Bovine,19,1,0,,,,,
SGV050,2021,B,Human,SGV030,2020,B,Bovine,17,1,0,,,,,
SGV051,2021,B,Bovine,SGV030,2020,B,Bovine,21,0,0,,,,,
SGV052,2021,B,Canine,SGV030,2020,B,Bovine,16,1,0,,,,,
SGV053,2021,B,Bovine,SGV030,2020,B,Bovine,17,0,0,,,,,
SGV054,2020,B,Canine,SGV030,2020,B,Bovine,7,1,0,,,,,
SGV055,2021,B,Bovine,SGV030,2020,B,Bovine,17,0,0,,,,,
SGV056,2021,B,Canine,SGV030,2020,B,Bovine,18,1,0,,,,,
SGV057,2021,B,Bovine,SGV030,2020,B,Bovine,16,0,0,,,,,
SGV058,2021,B,Canine,SGV030,2020,B,Bovine,16,1,0,,,,,
SGV059,2021,B,Bovine,SGV030,2020,B,Bovine,14,0,0,,,,,
SGV060,2021,B,Bovine,SGV030,2020,B,Bovine,25,0,0,,,,,
SGV061,2021,B,Canine,SGV030,2020,B,Bovine,23,1,0,,,,,
SGV062,2021,B,Bovine,SGV030,2020,B,Bovine,14,0,0,,,,,
SGV063,2021,B,Ovine,SGV030,2020,B,Bovine,8,1,0,,,,,
SGV064,2021,B,Bovine,SGV030,2020,B,Bovine,20,0,0,,,,,
SGV065,2021,B,Canine,SGV030,2020,B,Bovine,18,1,0,,,,,
SGV066,2022,B,Human,SGV030,2020,B,Bovine,9,1,0,,,,,
SGV067,2022,B,Bovine,SGV030,2020,B,Bovine,20,0,0,,,,,
SGV068,2022,B,Canine,SGV030,2020,B,Bovine,14,1,0,,,,,
SGV069,2022,B,Bovine,SGV030,2020,B,Bovine,21,0,0,,,,,
SGV070,2022,B,Canine,SGV030,2020,B,Bovine,17,1,0,,,,,
SGV071,2022,B,Human,SGV030,2020,B,Bovine,10,1,0,,,,,
SGV072,2022,B,Feline,SGV030,2020,B,Bovine,18,1,0,,,,,
SGV073,2022,B,Canine,SGV030,2020,B,Bovine,17,1,0,,,,,
SGV075,2022,B,Bovine,SGV030,2020,B,Bovine,15,0,0,,,,,
SGV077,2022,B,Canine,SGV030,2020,B,Bovine,16,1,0,,,,,
SGV078,2022,B,Bovine,SGV030,2020,B,Bovine,15,0,0,,,,,
SGV079,2022,B,Canine,SGV030,2020,B,Bovine,23,1,0,,,,,
SGV080,2022,B,Equine,SGV030,2020,B,Bovine,18,1,0,,,,,
SGV004,2005,A,Bovine,SGV031,2020,B,Bovine,100,0,1,,,,,
SGV021,2019,B,Bovine,SGV031,2020,B,Bovine,12,0,0,,,,,
SGV022,2019,B,Bovine,SGV031,2020,B,Bovine,14,0,0,,,,,
SGV023,2019,B,Bovine,SGV031,2020,B,Bovine,4,0,0,,,,,
SGV025,2019,B,Bovine,SGV031,2020,B,Bovine,12,0,0,,,,,
SGV026,2019,B,Bovine,SGV031,2020,B,Bovine,12,0,0,,,,,
SGV028,2019,B,Bovine,SGV031,2020,B,Bovine,6,0,0,,,,,
SGV029,2019,B,Bovine,SGV031,2020,B,Bovine,13,0,0,,,,,
SGV030,2020,B,Bovine,SGV031,2020,B,Bovine,16,0,0,,,,,
SGV031,2020,B,Bovine,SGV031,2020,B,Bovine,0,0,0,,,,,
SGV032,2020,B,Human,SGV031,2020,B,Bovine,4,1,0,,,,,
SGV033,2020,B,Human,SGV031,2020,B,Bovine,16,1,0,,,,,
SGV034,2020,B,Human,SGV031,2020,B,Bovine,9,1,0,,,,,
SGV035,2020,B,Feline,SGV031,2020,B,Bovine,12,1,0,,,,,
SGV036,2020,B,Bovine,SGV031,2020,B,Bovine,12,0,0,,,,,
SGV037,2020,B,Bovine,SGV031,2020,B,Bovine,15,0,0,,,,,
SGV038,2020,B,Bovine,SGV031,2020,B,Bovine,7,0,0,,,,,
SGV039,2020,B,Canine,SGV031,2020,B,Bovine,11,1,0,,,,,
SGV040,2020,B,Bovine,SGV031,2020,B,Bovine,7,0,0,,,,,
SGV041,2020,B,Bovine,SGV031,2020,B,Bovine,15,0,0,,,,,
SGV042,2020,B,Bovine,SGV031,2020,B,Bovine,15,0,0,,,,,
SGV043,2020,B,Bovine,SGV031,2020,B,Bovine,18,0,0,,,,,
SGV044,2020,B,Bovine,SGV031,2020,B,Bovine,16,0,0,,,,,
SGV045,2020,B,Canine,SGV031,2020,B,Bovine,10,1,0,,,,,
SGV046,2020,B,Bovine,SGV031,2020,B,Bovine,16,0,0,,,,,
SGV047,2021,B,Bovine,SGV031,2020,B,Bovine,20,0,0,,,,,
SGV048,2021,B,Bovine,SGV031,2020,B,Bovine,16,0,0,,,,,
SGV049,2021,B,Human,SGV031,2020,B,Bovine,8,1,0,,,,,
SGV050,2021,B,Human,SGV031,2020,B,Bovine,14,1,0,,,,,
SGV051,2021,B,Bovine,SGV031,2020,B,Bovine,7,0,0,,,,,
SGV052,2021,B,Canine,SGV031,2020,B,Bovine,13,1,0,,,,,
SGV053,2021,B,Bovine,SGV031,2020,B,Bovine,14,0,0,,,,,
SGV054,2020,B,Canine,SGV031,2020,B,Bovine,12,1,0,,,,,
SGV055,2021,B,Bovine,SGV031,2020,B,Bovine,15,0,0,,,,,
SGV056,2021,B,Canine,SGV031,2020,B,Bovine,15,1,0,,,,,
SGV057,2021,B,Bovine,SGV031,2020,B,Bovine,13,0,0,,,,,
SGV058,2021,B,Canine,SGV031,2020,B,Bovine,13,1,0,,,,,
SGV059,2021,B,Bovine,SGV031,2020,B,Bovine,11,0,0,,,,,
SGV060,2021,B,Bovine,SGV031,2020,B,Bovine,14,0,0,,,,,
SGV061,2021,B,Canine,SGV031,2020,B,Bovine,20,1,0,,,,,
SGV062,2021,B,Bovine,SGV031,2020,B,Bovine,13,0,0,,,,,
SGV063,2021,B,Ovine,SGV031,2020,B,Bovine,15,1,0,,,,,
SGV064,2021,B,Bovine,SGV031,2020,B,Bovine,6,0,0,,,,,
SGV065,2021,B,Canine,SGV031,2020,B,Bovine,15,1,0,,,,,
SGV066,2022,B,Human,SGV031,2020,B,Bovine,16,1,0,,,,,
SGV067,2022,B,Bovine,SGV031,2020,B,Bovine,17,0,0,,,,,
SGV068,2022,B,Canine,SGV031,2020,B,Bovine,21,1,0,,,,,
SGV069,2022,B,Bovine,SGV031,2020,B,Bovine,5,0,0,,,,,
SGV070,2022,B,Canine,SGV031,2020,B,Bovine,14,1,0,,,,,
SGV071,2022,B,Human,SGV031,2020,B,Bovine,7,1,0,,,,,
SGV072,2022,B,Feline,SGV031,2020,B,Bovine,7,1,0,,,,,
SGV073,2022,B,Canine,SGV031,2020,B,Bovine,14,1,0,,,,,
SGV075,2022,B,Bovine,SGV031,2020,B,Bovine,12,0,0,,,,,
SGV077,2022,B,Canine,SGV031,2020,B,Bovine,13,1,0,,,,,
SGV078,2022,B,Bovine,SGV031,2020,B,Bovine,12,0,0,,,,,
SGV079,2022,B,Canine,SGV031,2020,B,Bovine,9,1,0,,,,,
SGV080,2022,B,Equine,SGV031,2020,B,Bovine,15,1,0,,,,,
SGV004,2005,A,Bovine,SGV032,2020,B,Human,102,1,1,,,,,
SGV021,2019,B,Bovine,SGV032,2020,B,Human,14,1,0,,,,,
SGV022,2019,B,Bovine,SGV032,2020,B,Human,16,1,0,,,,,
SGV023,2019,B,Bovine,SGV032,2020,B,Human,6,1,0,,,,,
SGV025,2019,B,Bovine,SGV032,2020,B,Human,14,1,0,,,,,
SGV026,2019,B,Bovine,SGV032,2020,B,Human,14,1,0,,,,,
SGV028,2019,B,Bovine,SGV032,2020,B,Human,8,1,0,,,,,
SGV029,2019,B,Bovine,SGV032,2020,B,Human,15,1,0,,,,,
SGV030,2020,B,Bovine,SGV032,2020,B,Human,18,1,0,,,,,
SGV031,2020,B,Bovine,SGV032,2020,B,Human,4,1,0,,,,,
SGV032,2020,B,Human,SGV032,2020,B,Human,0,0,0,,,,,
SGV033,2020,B,Human,SGV032,2020,B,Human,18,0,0,,,,,
SGV034,2020,B,Human,SGV032,2020,B,Human,11,0,0,,,,,
SGV035,2020,B,Feline,SGV032,2020,B,Human,14,1,0,,,,,
SGV036,2020,B,Bovine,SGV032,2020,B,Human,14,1,0,,,,,
SGV037,2020,B,Bovine,SGV032,2020,B,Human,17,1,0,,,,,
SGV038,2020,B,Bovine,SGV032,2020,B,Human,9,1,0,,,,,
SGV039,2020,B,Canine,SGV032,2020,B,Human,13,1,0,,,,,
SGV040,2020,B,Bovine,SGV032,2020,B,Human,9,1,0,,,,,
SGV041,2020,B,Bovine,SGV032,2020,B,Human,17,1,0,,,,,
SGV042,2020,B,Bovine,SGV032,2020,B,Human,17,1,0,,,,,
SGV043,2020,B,Bovine,SGV032,2020,B,Human,20,1,0,,,,,
SGV044,2020,B,Bovine,SGV032,2020,B,Human,18,1,0,,,,,
SGV045,2020,B,Canine,SGV032,2020,B,Human,12,1,0,,,,,
SGV046,2020,B,Bovine,SGV032,2020,B,Human,18,1,0,,,,,
SGV047,2021,B,Bovine,SGV032,2020,B,Human,22,1,0,,,,,
SGV048,2021,B,Bovine,SGV032,2020,B,Human,18,1,0,,,,,
SGV049,2021,B,Human,SGV032,2020,B,Human,10,0,0,,,,,
SGV050,2021,B,Human,SGV032,2020,B,Human,16,0,0,,,,,
SGV051,2021,B,Bovine,SGV032,2020,B,Human,9,1,0,,,,,
SGV052,2021,B,Canine,SGV032,2020,B,Human,15,1,0,,,,,
SGV053,2021,B,Bovine,SGV032,2020,B,Human,16,1,0,,,,,
SGV054,2020,B,Canine,SGV032,2020,B,Human,14,1,0,,,,,
SGV055,2021,B,Bovine,SGV032,2020,B,Human,17,1,0,,,,,
SGV056,2021,B,Canine,SGV032,2020,B,Human,17,1,0,,,,,
SGV057,2021,B,Bovine,SGV032,2020,B,Human,15,1,0,,,,,
SGV058,2021,B,Canine,SGV032,2020,B,Human,15,1,0,,,,,
SGV059,2021,B,Bovine,SGV032,2020,B,Human,13,1,0,,,,,
SGV060,2021,B,Bovine,SGV032,2020,B,Human,16,1,0,,,,,
SGV061,2021,B,Canine,SGV032,2020,B,Human,22,1,0,,,,,
SGV062,2021,B,Bovine,SGV032,2020,B,Human,15,1,0,,,,,
SGV063,2021,B,Ovine,SGV032,2020,B,Human,17,1,0,,,,,
SGV064,2021,B,Bovine,SGV032,2020,B,Human,8,1,0,,,,,
SGV065,2021,B,Canine,SGV032,2020,B,Human,17,1,0,,,,,
SGV066,2022,B,Human,SGV032,2020,B,Human,18,0,0,,,,,
SGV067,2022,B,Bovine,SGV032,2020,B,Human,19,1,0,,,,,
SGV068,2022,B,Canine,SGV032,2020,B,Human,23,1,0,,,,,
SGV069,2022,B,Bovine,SGV032,2020,B,Human,9,1,0,,,,,
SGV070,2022,B,Canine,SGV032,2020,B,Human,16,1,0,,,,,
SGV071,2022,B,Human,SGV032,2020,B,Human,9,0,0,,,,,
SGV072,2022,B,Feline,SGV032,2020,B,Human,9,1,0,,,,,
SGV073,2022,B,Canine,SGV032,2020,B,Human,16,1,0,,,,,
SGV075,2022,B,Bovine,SGV032,2020,B,Human,14,1,0,,,,,
SGV077,2022,B,Canine,SGV032,2020,B,Human,15,1,0,,,,,
SGV078,2022,B,Bovine,SGV032,2020,B,Human,14,1,0,,,,,
SGV079,2022,B,Canine,SGV032,2020,B,Human,11,1,0,,,,,
SGV080,2022,B,Equine,SGV032,2020,B,Human,17,1,0,,,,,
SGV004,2005,A,Bovine,SGV033,2020,B,Human,104,1,1,,,,,
SGV021,2019,B,Bovine,SGV033,2020,B,Human,4,1,0,,,,,
SGV022,2019,B,Bovine,SGV033,2020,B,Human,16,1,0,,,,,
SGV023,2019,B,Bovine,SGV033,2020,B,Human,16,1,0,,,,,
SGV025,2019,B,Bovine,SGV033,2020,B,Human,4,1,0,,,,,
SGV026,2019,B,Bovine,SGV033,2020,B,Human,6,1,0,,,,,
SGV028,2019,B,Bovine,SGV033,2020,B,Human,16,1,0,,,,,
SGV029,2019,B,Bovine,SGV033,2020,B,Human,5,1,0,,,,,
SGV030,2020,B,Bovine,SGV033,2020,B,Human,9,1,0,,,,,
SGV031,2020,B,Bovine,SGV033,2020,B,Human,16,1,0,,,,,
SGV032,2020,B,Human,SGV033,2020,B,Human,18,0,0,,,,,
SGV033,2020,B,Human,SGV033,2020,B,Human,0,0,0,,,,,
SGV034,2020,B,Human,SGV033,2020,B,Human,19,0,0,,,,,
SGV035,2020,B,Feline,SGV033,2020,B,Human,6,1,0,,,,,
SGV036,2020,B,Bovine,SGV033,2020,B,Human,6,1,0,,,,,
SGV037,2020,B,Bovine,SGV033,2020,B,Human,7,1,0,,,,,
SGV038,2020,B,Bovine,SGV033,2020,B,Human,19,1,0,,,,,
SGV039,2020,B,Canine,SGV033,2020,B,Human,5,1,0,,,,,
SGV040,2020,B,Bovine,SGV033,2020,B,Human,19,1,0,,,,,
SGV041,2020,B,Bovine,SGV033,2020,B,Human,7,1,0,,,,,
SGV042,2020,B,Bovine,SGV033,2020,B,Human,17,1,0,,,,,
SGV043,2020,B,Bovine,SGV033,2020,B,Human,10,1,0,,,,,
SGV044,2020,B,Bovine,SGV033,2020,B,Human,8,1,0,,,,,
SGV045,2020,B,Canine,SGV033,2020,B,Human,20,1,0,,,,,
SGV046,2020,B,Bovine,SGV033,2020,B,Human,18,1,0,,,,,
SGV047,2021,B,Bovine,SGV033,2020,B,Human,12,1,0,,,,,
SGV048,2021,B,Bovine,SGV033,2020,B,Human,17,1,0,,,,,
SGV049,2021,B,Human,SGV033,2020,B,Human,18,0,0,,,,,
SGV050,2021,B,Human,SGV033,2020,B,Human,16,0,0,,,,,
SGV051,2021,B,Bovine,SGV033,2020,B,Human,21,1,0,,,,,
SGV052,2021,B,Canine,SGV033,2020,B,Human,15,1,0,,,,,
SGV053,2021,B,Bovine,SGV033,2020,B,Human,16,1,0,,,,,
SGV054,2020,B,Canine,SGV033,2020,B,Human,6,1,0,,,,,
SGV055,2021,B,Bovine,SGV033,2020,B,Human,16,1,0,,,,,
SGV056,2021,B,Canine,SGV033,2020,B,Human,17,1,0,,,,,
SGV057,2021,B,Bovine,SGV033,2020,B,Human,15,1,0,,,,,
SGV058,2021,B,Canine,SGV033,2020,B,Human,15,1,0,,,,,
SGV059,2021,B,Bovine,SGV033,2020,B,Human,13,1,0,,,,,
SGV060,2021,B,Bovine,SGV033,2020,B,Human,24,1,0,,,,,
SGV061,2021,B,Canine,SGV033,2020,B,Human,22,1,0,,,,,
SGV062,2021,B,Bovine,SGV033,2020,B,Human,13,1,0,,,,,
SGV063,2021,B,Ovine,SGV033,2020,B,Human,3,1,0,,,,,
SGV064,2021,B,Bovine,SGV033,2020,B,Human,20,1,0,,,,,
SGV065,2021,B,Canine,SGV033,2020,B,Human,17,1,0,,,,,
SGV066,2022,B,Human,SGV033,2020,B,Human,8,0,0,,,,,
SGV067,2022,B,Bovine,SGV033,2020,B,Human,19,1,0,,,,,
SGV068,2022,B,Canine,SGV033,2020,B,Human,13,1,0,,,,,
SGV069,2022,B,Bovine,SGV033,2020,B,Human,21,1,0,,,,,
SGV070,2022,B,Canine,SGV033,2020,B,Human,16,1,0,,,,,
SGV071,2022,B,Human,SGV033,2020,B,Human,9,0,0,,,,,
SGV072,2022,B,Feline,SGV033,2020,B,Human,17,1,0,,,,,
SGV073,2022,B,Canine,SGV033,2020,B,Human,16,1,0,,,,,
SGV075,2022,B,Bovine,SGV033,2020,B,Human,14,1,0,,,,,
SGV077,2022,B,Canine,SGV033,2020,B,Human,15,1,0,,,,,
SGV078,2022,B,Bovine,SGV033,2020,B,Human,14,1,0,,,,,
SGV079,2022,B,Canine,SGV033,2020,B,Human,23,1,0,,,,,
SGV080,2022,B,Equine,SGV033,2020,B,Human,17,1,0,,,,,
SGV004,2005,A,Bovine,SGV034,2020,B,Human,103,1,1,,,,,
SGV021,2019,B,Bovine,SGV034,2020,B,Human,15,1,0,,,,,
SGV022,2019,B,Bovine,SGV034,2020,B,Human,17,1,0,,,,,
SGV023,2019,B,Bovine,SGV034,2020,B,Human,9,1,0,,,,,
SGV025,2019,B,Bovine,SGV034,2020,B,Human,15,1,0,,,,,
SGV026,2019,B,Bovine,SGV034,2020,B,Human,15,1,0,,,,,
SGV028,2019,B,Bovine,SGV034,2020,B,Human,3,1,0,,,,,
SGV029,2019,B,Bovine,SGV034,2020,B,Human,16,1,0,,,,,
SGV030,2020,B,Bovine,SGV034,2020,B,Human,20,1,0,,,,,
SGV031,2020,B,Bovine,SGV034,2020,B,Human,9,1,0,,,,,
SGV032,2020,B,Human,SGV034,2020,B,Human,11,0,0,,,,,
SGV033,2020,B,Human,SGV034,2020,B,Human,19,0,0,,,,,
SGV034,2020,B,Human,SGV034,2020,B,Human,0,0,0,,,,,
SGV035,2020,B,Feline,SGV034,2020,B,Human,15,1,0,,,,,
SGV036,2020,B,Bovine,SGV034,2020,B,Human,15,1,0,,,,,
SGV037,2020,B,Bovine,SGV034,2020,B,Human,18,1,0,,,,,
SGV038,2020,B,Bovine,SGV034,2020,B,Human,12,1,0,,,,,
SGV039,2020,B,Canine,SGV034,2020,B,Human,14,1,0,,,,,
SGV040,2020,B,Bovine,SGV034,2020,B,Human,14,1,0,,,,,
SGV041,2020,B,Bovine,SGV034,2020,B,Human,18,1,0,,,,,
SGV042,2020,B,Bovine,SGV034,2020,B,Human,18,1,0,,,,,
SGV043,2020,B,Bovine,SGV034,2020,B,Human,21,1,0,,,,,
SGV044,2020,B,Bovine,SGV034,2020,B,Human,19,1,0,,,,,
SGV045,2020,B,Canine,SGV034,2020,B,Human,7,1,0,,,,,
SGV046,2020,B,Bovine,SGV034,2020,B,Human,19,1,0,,,,,
SGV047,2021,B,Bovine,SGV034,2020,B,Human,23,1,0,,,,,
SGV048,2021,B,Bovine,SGV034,2020,B,Human,19,1,0,,,,,
SGV049,2021,B,Human,SGV034,2020,B,Human,5,0,0,,,,,
SGV050,2021,B,Human,SGV034,2020,B,Human,17,0,0,,,,,
SGV051,2021,B,Bovine,SGV034,2020,B,Human,14,1,0,,,,,
SGV052,2021,B,Canine,SGV034,2020,B,Human,16,1,0,,,,,
SGV053,2021,B,Bovine,SGV034,2020,B,Human,17,1,0,,,,,
SGV054,2020,B,Canine,SGV034,2020,B,Human,15,1,0,,,,,
SGV055,2021,B,Bovine,SGV034,2020,B,Human,18,1,0,,,,,
SGV056,2021,B,Canine,SGV034,2020,B,Human,18,1,0,,,,,
SGV057,2021,B,Bovine,SGV034,2020,B,Human,16,1,0,,,,,
SGV058,2021,B,Canine,SGV034,2020,B,Human,16,1,0,,,,,
SGV059,2021,B,Bovine,SGV034,2020,B,Human,14,1,0,,,,,
SGV060,2021,B,Bovine,SGV034,2020,B,Human,5,1,0,,,,,
SGV061,2021,B,Canine,SGV034,2020,B,Human,23,1,0,,,,,
SGV062,2021,B,Bovine,SGV034,2020,B,Human,16,1,0,,,,,
SGV063,2021,B,Ovine,SGV034,2020,B,Human,18,1,0,,,,,
SGV064,2021,B,Bovine,SGV034,2020,B,Human,13,1,0,,,,,
SGV065,2021,B,Canine,SGV034,2020,B,Human,18,1,0,,,,,
SGV066,2022,B,Human,SGV034,2020,B,Human,19,0,0,,,,,
SGV067,2022,B,Bovine,SGV034,2020,B,Human,20,1,0,,,,,
SGV068,2022,B,Canine,SGV034,2020,B,Human,24,1,0,,,,,
SGV069,2022,B,Bovine,SGV034,2020,B,Human,14,1,0,,,,,
SGV070,2022,B,Canine,SGV034,2020,B,Human,17,1,0,,,,,
SGV071,2022,B,Human,SGV034,2020,B,Human,10,0,0,,,,,
SGV072,2022,B,Feline,SGV034,2020,B,Human,4,1,0,,,,,
SGV073,2022,B,Canine,SGV034,2020,B,Human,17,1,0,,,,,
SGV075,2022,B,Bovine,SGV034,2020,B,Human,15,1,0,,,,,
SGV077,2022,B,Canine,SGV034,2020,B,Human,16,1,0,,,,,
SGV078,2022,B,Bovine,SGV034,2020,B,Human,15,1,0,,,,,
SGV079,2022,B,Canine,SGV034,2020,B,Human,16,1,0,,,,,
SGV080,2022,B,Equine,SGV034,2020,B,Human,18,1,0,,,,,
SGV004,2005,A,Bovine,SGV035,2020,B,Feline,100,1,1,,,,,
SGV021,2019,B,Bovine,SGV035,2020,B,Feline,2,1,0,,,,,
SGV022,2019,B,Bovine,SGV035,2020,B,Feline,12,1,0,,,,,
SGV023,2019,B,Bovine,SGV035,2020,B,Feline,12,1,0,,,,,
SGV025,2019,B,Bovine,SGV035,2020,B,Feline,2,1,0,,,,,
SGV026,2019,B,Bovine,SGV035,2020,B,Feline,2,1,0,,,,,
SGV028,2019,B,Bovine,SGV035,2020,B,Feline,12,1,0,,,,,
SGV029,2019,B,Bovine,SGV035,2020,B,Feline,3,1,0,,,,,
SGV030,2020,B,Bovine,SGV035,2020,B,Feline,7,1,0,,,,,
SGV031,2020,B,Bovine,SGV035,2020,B,Feline,12,1,0,,,,,
SGV032,2020,B,Human,SGV035,2020,B,Feline,14,1,0,,,,,
SGV033,2020,B,Human,SGV035,2020,B,Feline,6,1,0,,,,,
SGV034,2020,B,Human,SGV035,2020,B,Feline,15,1,0,,,,,
SGV035,2020,B,Feline,SGV035,2020,B,Feline,0,0,0,,,,,
SGV036,2020,B,Bovine,SGV035,2020,B,Feline,2,1,0,,,,,
SGV037,2020,B,Bovine,SGV035,2020,B,Feline,3,1,0,,,,,
SGV038,2020,B,Bovine,SGV035,2020,B,Feline,15,1,0,,,,,
SGV039,2020,B,Canine,SGV035,2020,B,Feline,1,1,0,,,,,
SGV040,2020,B,Bovine,SGV035,2020,B,Feline,15,1,0,,,,,
SGV041,2020,B,Bovine,SGV035,2020,B,Feline,5,1,0,,,,,
SGV042,2020,B,Bovine,SGV035,2020,B,Feline,13,1,0,,,,,
SGV043,2020,B,Bovine,SGV035,2020,B,Feline,8,1,0,,,,,
SGV044,2020,B,Bovine,SGV035,2020,B,Feline,6,1,0,,,,,
SGV045,2020,B,Canine,SGV035,2020,B,Feline,16,1,0,,,,,
SGV046,2020,B,Bovine,SGV035,2020,B,Feline,14,1,0,,,,,
SGV047,2021,B,Bovine,SGV035,2020,B,Feline,8,1,0,,,,,
SGV048,2021,B,Bovine,SGV035,2020,B,Feline,13,1,0,,,,,
SGV049,2021,B,Human,SGV035,2020,B,Feline,14,1,0,,,,,
SGV050,2021,B,Human,SGV035,2020,B,Feline,12,1,0,,,,,
SGV051,2021,B,Bovine,SGV035,2020,B,Feline,17,1,0,,,,,
SGV052,2021,B,Canine,SGV035,2020,B,Feline,11,1,0,,,,,
SGV053,2021,B,Bovine,SGV035,2020,B,Feline,12,1,0,,,,,
SGV054,2020,B,Canine,SGV035,2020,B,Feline,2,1,0,,,,,
SGV055,2021,B,Bovine,SGV035,2020,B,Feline,12,1,0,,,,,
SGV056,2021,B,Canine,SGV035,2020,B,Feline,13,1,0,,,,,
SGV057,2021,B,Bovine,SGV035,2020,B,Feline,11,1,0,,,,,
SGV058,2021,B,Canine,SGV035,2020,B,Feline,11,1,0,,,,,
SGV059,2021,B,Bovine,SGV035,2020,B,Feline,9,1,0,,,,,
SGV060,2021,B,Bovine,SGV035,2020,B,Feline,20,1,0,,,,,
SGV061,2021,B,Canine,SGV035,2020,B,Feline,18,1,0,,,,,
SGV062,2021,B,Bovine,SGV035,2020,B,Feline,9,1,0,,,,,
SGV063,2021,B,Ovine,SGV035,2020,B,Feline,5,1,0,,,,,
SGV064,2021,B,Bovine,SGV035,2020,B,Feline,16,1,0,,,,,
SGV065,2021,B,Canine,SGV035,2020,B,Feline,13,1,0,,,,,
SGV066,2022,B,Human,SGV035,2020,B,Feline,6,1,0,,,,,
SGV067,2022,B,Bovine,SGV035,2020,B,Feline,15,1,0,,,,,
SGV068,2022,B,Canine,SGV035,2020,B,Feline,9,1,0,,,,,
SGV069,2022,B,Bovine,SGV035,2020,B,Feline,17,1,0,,,,,
SGV070,2022,B,Canine,SGV035,2020,B,Feline,12,1,0,,,,,
SGV071,2022,B,Human,SGV035,2020,B,Feline,5,1,0,,,,,
SGV072,2022,B,Feline,SGV035,2020,B,Feline,13,0,0,,,,,
SGV073,2022,B,Canine,SGV035,2020,B,Feline,12,1,0,,,,,
SGV075,2022,B,Bovine,SGV035,2020,B,Feline,10,1,0,,,,,
SGV077,2022,B,Canine,SGV035,2020,B,Feline,11,1,0,,,,,
SGV078,2022,B,Bovine,SGV035,2020,B,Feline,10,1,0,,,,,
SGV079,2022,B,Canine,SGV035,2020,B,Feline,19,1,0,,,,,
SGV080,2022,B,Equine,SGV035,2020,B,Feline,13,1,0,,,,,
SGV004,2005,A,Bovine,SGV036,2020,B,Bovine,100,0,1,,,,,
SGV021,2019,B,Bovine,SGV036,2020,B,Bovine,2,0,0,,,,,
SGV022,2019,B,Bovine,SGV036,2020,B,Bovine,12,0,0,,,,,
SGV023,2019,B,Bovine,SGV036,2020,B,Bovine,12,0,0,,,,,
SGV025,2019,B,Bovine,SGV036,2020,B,Bovine,2,0,0,,,,,
SGV026,2019,B,Bovine,SGV036,2020,B,Bovine,2,0,0,,,,,
SGV028,2019,B,Bovine,SGV036,2020,B,Bovine,12,0,0,,,,,
SGV029,2019,B,Bovine,SGV036,2020,B,Bovine,3,0,0,,,,,
SGV030,2020,B,Bovine,SGV036,2020,B,Bovine,7,0,0,,,,,
SGV031,2020,B,Bovine,SGV036,2020,B,Bovine,12,0,0,,,,,
SGV032,2020,B,Human,SGV036,2020,B,Bovine,14,1,0,,,,,
SGV033,2020,B,Human,SGV036,2020,B,Bovine,6,1,0,,,,,
SGV034,2020,B,Human,SGV036,2020,B,Bovine,15,1,0,,,,,
SGV035,2020,B,Feline,SGV036,2020,B,Bovine,2,1,0,,,,,
SGV036,2020,B,Bovine,SGV036,2020,B,Bovine,0,0,0,,,,,
SGV037,2020,B,Bovine,SGV036,2020,B,Bovine,5,0,0,,,,,
SGV038,2020,B,Bovine,SGV036,2020,B,Bovine,15,0,0,,,,,
SGV039,2020,B,Canine,SGV036,2020,B,Bovine,1,1,0,,,,,
SGV040,2020,B,Bovine,SGV036,2020,B,Bovine,15,0,0,,,,,
SGV041,2020,B,Bovine,SGV036,2020,B,Bovine,5,0,0,,,,,
SGV042,2020,B,Bovine,SGV036,2020,B,Bovine,13,0,0,,,,,
SGV043,2020,B,Bovine,SGV036,2020,B,Bovine,8,0,0,,,,,
SGV044,2020,B,Bovine,SGV036,2020,B,Bovine,6,0,0,,,,,
SGV045,2020,B,Canine,SGV036,2020,B,Bovine,16,1,0,,,,,
SGV046,2020,B,Bovine,SGV036,2020,B,Bovine,14,0,0,,,,,
SGV047,2021,B,Bovine,SGV036,2020,B,Bovine,10,0,0,,,,,
SGV048,2021,B,Bovine,SGV036,2020,B,Bovine,13,0,0,,,,,
SGV049,2021,B,Human,SGV036,2020,B,Bovine,14,1,0,,,,,
SGV050,2021,B,Human,SGV036,2020,B,Bovine,12,1,0,,,,,
SGV051,2021,B,Bovine,SGV036,2020,B,Bovine,17,0,0,,,,,
SGV052,2021,B,Canine,SGV036,2020,B,Bovine,11,1,0,,,,,
SGV053,2021,B,Bovine,SGV036,2020,B,Bovine,12,0,0,,,,,
SGV054,2020,B,Canine,SGV036,2020,B,Bovine,2,1,0,,,,,
SGV055,2021,B,Bovine,SGV036,2020,B,Bovine,12,0,0,,,,,
SGV056,2021,B,Canine,SGV036,2020,B,Bovine,13,1,0,,,,,
SGV057,2021,B,Bovine,SGV036,2020,B,Bovine,11,0,0,,,,,
SGV058,2021,B,Canine,SGV036,2020,B,Bovine,11,1,0,,,,,
SGV059,2021,B,Bovine,SGV036,2020,B,Bovine,9,0,0,,,,,
SGV060,2021,B,Bovine,SGV036,2020,B,Bovine,20,0,0,,,,,
SGV061,2021,B,Canine,SGV036,2020,B,Bovine,18,1,0,,,,,
SGV062,2021,B,Bovine,SGV036,2020,B,Bovine,9,0,0,,,,,
SGV063,2021,B,Ovine,SGV036,2020,B,Bovine,5,1,0,,,,,
SGV064,2021,B,Bovine,SGV036,2020,B,Bovine,16,0,0,,,,,
SGV065,2021,B,Canine,SGV036,2020,B,Bovine,13,1,0,,,,,
SGV066,2022,B,Human,SGV036,2020,B,Bovine,6,1,0,,,,,
SGV067,2022,B,Bovine,SGV036,2020,B,Bovine,15,0,0,,,,,
SGV068,2022,B,Canine,SGV036,2020,B,Bovine,11,1,0,,,,,
SGV069,2022,B,Bovine,SGV036,2020,B,Bovine,17,0,0,,,,,
SGV070,2022,B,Canine,SGV036,2020,B,Bovine,12,1,0,,,,,
SGV071,2022,B,Human,SGV036,2020,B,Bovine,5,1,0,,,,,
SGV072,2022,B,Feline,SGV036,2020,B,Bovine,13,1,0,,,,,
SGV073,2022,B,Canine,SGV036,2020,B,Bovine,12,1,0,,,,,
SGV075,2022,B,Bovine,SGV036,2020,B,Bovine,10,0,0,,,,,
SGV077,2022,B,Canine,SGV036,2020,B,Bovine,11,1,0,,,,,
SGV078,2022,B,Bovine,SGV036,2020,B,Bovine,10,0,0,,,,,
SGV079,2022,B,Canine,SGV036,2020,B,Bovine,19,1,0,,,,,
SGV080,2022,B,Equine,SGV036,2020,B,Bovine,13,1,0,,,,,
SGV004,2005,A,Bovine,SGV037,2020,B,Bovine,103,0,1,,,,,
SGV021,2019,B,Bovine,SGV037,2020,B,Bovine,3,0,0,,,,,
SGV022,2019,B,Bovine,SGV037,2020,B,Bovine,15,0,0,,,,,
SGV023,2019,B,Bovine,SGV037,2020,B,Bovine,15,0,0,,,,,
SGV025,2019,B,Bovine,SGV037,2020,B,Bovine,3,0,0,,,,,
SGV026,2019,B,Bovine,SGV037,2020,B,Bovine,5,0,0,,,,,
SGV028,2019,B,Bovine,SGV037,2020,B,Bovine,15,0,0,,,,,
SGV029,2019,B,Bovine,SGV037,2020,B,Bovine,4,0,0,,,,,
SGV030,2020,B,Bovine,SGV037,2020,B,Bovine,8,0,0,,,,,
SGV031,2020,B,Bovine,SGV037,2020,B,Bovine,15,0,0,,,,,
SGV032,2020,B,Human,SGV037,2020,B,Bovine,17,1,0,,,,,
SGV033,2020,B,Human,SGV037,2020,B,Bovine,7,1,0,,,,,
SGV034,2020,B,Human,SGV037,2020,B,Bovine,18,1,0,,,,,
SGV035,2020,B,Feline,SGV037,2020,B,Bovine,3,1,0,,,,,
SGV036,2020,B,Bovine,SGV037,2020,B,Bovine,5,0,0,,,,,
SGV037,2020,B,Bovine,SGV037,2020,B,Bovine,0,0,0,,,,,
SGV038,2020,B,Bovine,SGV037,2020,B,Bovine,18,0,0,,,,,
SGV039,2020,B,Canine,SGV037,2020,B,Bovine,4,1,0,,,,,
SGV040,2020,B,Bovine,SGV037,2020,B,Bovine,18,0,0,,,,,
SGV041,2020,B,Bovine,SGV037,2020,B,Bovine,6,0,0,,,,,
SGV042,2020,B,Bovine,SGV037,2020,B,Bovine,16,0,0,,,,,
SGV043,2020,B,Bovine,SGV037,2020,B,Bovine,9,0,0,,,,,
SGV044,2020,B,Bovine,SGV037,2020,B,Bovine,7,0,0,,,,,
SGV045,2020,B,Canine,SGV037,2020,B,Bovine,19,1,0,,,,,
SGV046,2020,B,Bovine,SGV037,2020,B,Bovine,17,0,0,,,,,
SGV047,2021,B,Bovine,SGV037,2020,B,Bovine,7,0,0,,,,,
SGV048,2021,B,Bovine,SGV037,2020,B,Bovine,16,0,0,,,,,
SGV049,2021,B,Human,SGV037,2020,B,Bovine,17,1,0,,,,,
SGV050,2021,B,Human,SGV037,2020,B,Bovine,15,1,0,,,,,
SGV051,2021,B,Bovine,SGV037,2020,B,Bovine,20,0,0,,,,,
SGV052,2021,B,Canine,SGV037,2020,B,Bovine,14,1,0,,,,,
SGV053,2021,B,Bovine,SGV037,2020,B,Bovine,15,0,0,,,,,
SGV054,2020,B,Canine,SGV037,2020,B,Bovine,5,1,0,,,,,
SGV055,2021,B,Bovine,SGV037,2020,B,Bovine,15,0,0,,,,,
SGV056,2021,B,Canine,SGV037,2020,B,Bovine,16,1,0,,,,,
SGV057,2021,B,Bovine,SGV037,2020,B,Bovine,14,0,0,,,,,
SGV058,2021,B,Canine,SGV037,2020,B,Bovine,14,1,0,,,,,
SGV059,2021,B,Bovine,SGV037,2020,B,Bovine,12,0,0,,,,,
SGV060,2021,B,Bovine,SGV037,2020,B,Bovine,23,0,0,,,,,
SGV061,2021,B,Canine,SGV037,2020,B,Bovine,21,1,0,,,,,
SGV062,2021,B,Bovine,SGV037,2020,B,Bovine,12,0,0,,,,,
SGV063,2021,B,Ovine,SGV037,2020,B,Bovine,6,1,0,,,,,
SGV064,2021,B,Bovine,SGV037,2020,B,Bovine,19,0,0,,,,,
SGV065,2021,B,Canine,SGV037,2020,B,Bovine,16,1,0,,,,,
SGV066,2022,B,Human,SGV037,2020,B,Bovine,7,1,0,,,,,
SGV067,2022,B,Bovine,SGV037,2020,B,Bovine,18,0,0,,,,,
SGV068,2022,B,Canine,SGV037,2020,B,Bovine,8,1,0,,,,,
SGV069,2022,B,Bovine,SGV037,2020,B,Bovine,20,0,0,,,,,
SGV070,2022,B,Canine,SGV037,2020,B,Bovine,15,1,0,,,,,
SGV071,2022,B,Human,SGV037,2020,B,Bovine,8,1,0,,,,,
SGV072,2022,B,Feline,SGV037,2020,B,Bovine,16,1,0,,,,,
SGV073,2022,B,Canine,SGV037,2020,B,Bovine,15,1,0,,,,,
SGV075,2022,B,Bovine,SGV037,2020,B,Bovine,13,0,0,,,,,
SGV077,2022,B,Canine,SGV037,2020,B,Bovine,14,1,0,,,,,
SGV078,2022,B,Bovine,SGV037,2020,B,Bovine,13,0,0,,,,,
SGV079,2022,B,Canine,SGV037,2020,B,Bovine,22,1,0,,,,,
SGV080,2022,B,Equine,SGV037,2020,B,Bovine,16,1,0,,,,,
SGV004,2005,A,Bovine,SGV038,2020,B,Bovine,103,0,1,,,,,
SGV021,2019,B,Bovine,SGV038,2020,B,Bovine,15,0,0,,,,,
SGV022,2019,B,Bovine,SGV038,2020,B,Bovine,17,0,0,,,,,
SGV023,2019,B,Bovine,SGV038,2020,B,Bovine,3,0,0,,,,,
SGV025,2019,B,Bovine,SGV038,2020,B,Bovine,15,0,0,,,,,
SGV026,2019,B,Bovine,SGV038,2020,B,Bovine,15,0,0,,,,,
SGV028,2019,B,Bovine,SGV038,2020,B,Bovine,9,0,0,,,,,
SGV029,2019,B,Bovine,SGV038,2020,B,Bovine,16,0,0,,,,,
SGV030,2020,B,Bovine,SGV038,2020,B,Bovine,19,0,0,,,,,
SGV031,2020,B,Bovine,SGV038,2020,B,Bovine,7,0,0,,,,,
SGV032,2020,B,Human,SGV038,2020,B,Bovine,9,1,0,,,,,
SGV033,2020,B,Human,SGV038,2020,B,Bovine,19,1,0,,,,,
SGV034,2020,B,Human,SGV038,2020,B,Bovine,12,1,0,,,,,
SGV035,2020,B,Feline,SGV038,2020,B,Bovine,15,1,0,,,,,
SGV036,2020,B,Bovine,SGV038,2020,B,Bovine,15,0,0,,,,,
SGV037,2020,B,Bovine,SGV038,2020,B,Bovine,18,0,0,,,,,
SGV038,2020,B,Bovine,SGV038,2020,B,Bovine,0,0,0,,,,,
SGV039,2020,B,Canine,SGV038,2020,B,Bovine,14,1,0,,,,,
SGV040,2020,B,Bovine,SGV038,2020,B,Bovine,12,0,0,,,,,
SGV041,2020,B,Bovine,SGV038,2020,B,Bovine,18,0,0,,,,,
SGV042,2020,B,Bovine,SGV038,2020,B,Bovine,18,0,0,,,,,
SGV043,2020,B,Bovine,SGV038,2020,B,Bovine,21,0,0,,,,,
SGV044,2020,B,Bovine,SGV038,2020,B,Bovine,19,0,0,,,,,
SGV045,2020,B,Canine,SGV038,2020,B,Bovine,13,1,0,,,,,
SGV046,2020,B,Bovine,SGV038,2020,B,Bovine,19,0,0,,,,,
SGV047,2021,B,Bovine,SGV038,2020,B,Bovine,23,0,0,,,,,
SGV048,2021,B,Bovine,SGV038,2020,B,Bovine,19,0,0,,,,,
SGV049,2021,B,Human,SGV038,2020,B,Bovine,11,1,0,,,,,
SGV050,2021,B,Human,SGV038,2020,B,Bovine,17,1,0,,,,,
SGV051,2021,B,Bovine,SGV038,2020,B,Bovine,12,0,0,,,,,
SGV052,2021,B,Canine,SGV038,2020,B,Bovine,16,1,0,,,,,
SGV053,2021,B,Bovine,SGV038,2020,B,Bovine,17,0,0,,,,,
SGV054,2020,B,Canine,SGV038,2020,B,Bovine,15,1,0,,,,,
SGV055,2021,B,Bovine,SGV038,2020,B,Bovine,18,0,0,,,,,
SGV056,2021,B,Canine,SGV038,2020,B,Bovine,18,1,0,,,,,
SGV057,2021,B,Bovine,SGV038,2020,B,Bovine,16,0,0,,,,,
SGV058,2021,B,Canine,SGV038,2020,B,Bovine,16,1,0,,,,,
SGV059,2021,B,Bovine,SGV038,2020,B,Bovine,14,0,0,,,,,
SGV060,2021,B,Bovine,SGV038,2020,B,Bovine,17,0,0,,,,,
SGV061,2021,B,Canine,SGV038,2020,B,Bovine,23,1,0,,,,,
SGV062,2021,B,Bovine,SGV038,2020,B,Bovine,16,0,0,,,,,
SGV063,2021,B,Ovine,SGV038,2020,B,Bovine,18,1,0,,,,,
SGV064,2021,B,Bovine,SGV038,2020,B,Bovine,11,0,0,,,,,
SGV065,2021,B,Canine,SGV038,2020,B,Bovine,18,1,0,,,,,
SGV066,2022,B,Human,SGV038,2020,B,Bovine,19,1,0,,,,,
SGV067,2022,B,Bovine,SGV038,2020,B,Bovine,20,0,0,,,,,
SGV068,2022,B,Canine,SGV038,2020,B,Bovine,24,1,0,,,,,
SGV069,2022,B,Bovine,SGV038,2020,B,Bovine,12,0,0,,,,,
SGV070,2022,B,Canine,SGV038,2020,B,Bovine,17,1,0,,,,,
SGV071,2022,B,Human,SGV038,2020,B,Bovine,10,1,0,,,,,
SGV072,2022,B,Feline,SGV038,2020,B,Bovine,10,1,0,,,,,
SGV073,2022,B,Canine,SGV038,2020,B,Bovine,17,1,0,,,,,
SGV075,2022,B,Bovine,SGV038,2020,B,Bovine,15,0,0,,,,,
SGV077,2022,B,Canine,SGV038,2020,B,Bovine,16,1,0,,,,,
SGV078,2022,B,Bovine,SGV038,2020,B,Bovine,15,0,0,,,,,
SGV079,2022,B,Canine,SGV038,2020,B,Bovine,14,1,0,,,,,
SGV080,2022,B,Equine,SGV038,2020,B,Bovine,18,1,0,,,,,
SGV004,2005,A,Bovine,SGV039,2020,B,Canine,99,1,1,,,,,
SGV021,2019,B,Bovine,SGV039,2020,B,Canine,1,1,0,,,,,
SGV022,2019,B,Bovine,SGV039,2020,B,Canine,11,1,0,,,,,
SGV023,2019,B,Bovine,SGV039,2020,B,Canine,11,1,0,,,,,
SGV025,2019,B,Bovine,SGV039,2020,B,Canine,1,1,0,,,,,
SGV026,2019,B,Bovine,SGV039,2020,B,Canine,1,1,0,,,,,
SGV028,2019,B,Bovine,SGV039,2020,B,Canine,11,1,0,,,,,
SGV029,2019,B,Bovine,SGV039,2020,B,Canine,2,1,0,,,,,
SGV030,2020,B,Bovine,SGV039,2020,B,Canine,6,1,0,,,,,
SGV031,2020,B,Bovine,SGV039,2020,B,Canine,11,1,0,,,,,
SGV032,2020,B,Human,SGV039,2020,B,Canine,13,1,0,,,,,
SGV033,2020,B,Human,SGV039,2020,B,Canine,5,1,0,,,,,
SGV034,2020,B,Human,SGV039,2020,B,Canine,14,1,0,,,,,
SGV035,2020,B,Feline,SGV039,2020,B,Canine,1,1,0,,,,,
SGV036,2020,B,Bovine,SGV039,2020,B,Canine,1,1,0,,,,,
SGV037,2020,B,Bovine,SGV039,2020,B,Canine,4,1,0,,,,,
SGV038,2020,B,Bovine,SGV039,2020,B,Canine,14,1,0,,,,,
SGV039,2020,B,Canine,SGV039,2020,B,Canine,0,0,0,,,,,
SGV040,2020,B,Bovine,SGV039,2020,B,Canine,14,1,0,,,,,
SGV041,2020,B,Bovine,SGV039,2020,B,Canine,4,1,0,,,,,
SGV042,2020,B,Bovine,SGV039,2020,B,Canine,12,1,0,,,,,
SGV043,2020,B,Bovine,SGV039,2020,B,Canine,7,1,0,,,,,
SGV044,2020,B,Bovine,SGV039,2020,B,Canine,5,1,0,,,,,
SGV045,2020,B,Canine,SGV039,2020,B,Canine,15,0,0,,,,,
SGV046,2020,B,Bovine,SGV039,2020,B,Canine,13,1,0,,,,,
SGV047,2021,B,Bovine,SGV039,2020,B,Canine,9,1,0,,,,,
SGV048,2021,B,Bovine,SGV039,2020,B,Canine,12,1,0,,,,,
SGV049,2021,B,Human,SGV039,2020,B,Canine,13,1,0,,,,,
SGV050,2021,B,Human,SGV039,2020,B,Canine,11,1,0,,,,,
SGV051,2021,B,Bovine,SGV039,2020,B,Canine,16,1,0,,,,,
SGV052,2021,B,Canine,SGV039,2020,B,Canine,10,0,0,,,,,
SGV053,2021,B,Bovine,SGV039,2020,B,Canine,11,1,0,,,,,
SGV054,2020,B,Canine,SGV039,2020,B,Canine,1,0,0,,,,,
SGV055,2021,B,Bovine,SGV039,2020,B,Canine,11,1,0,,,,,
SGV056,2021,B,Canine,SGV039,2020,B,Canine,12,0,0,,,,,
SGV057,2021,B,Bovine,SGV039,2020,B,Canine,10,1,0,,,,,
SGV058,2021,B,Canine,SGV039,2020,B,Canine,10,0,0,,,,,
SGV059,2021,B,Bovine,SGV039,2020,B,Canine,8,1,0,,,,,
SGV060,2021,B,Bovine,SGV039,2020,B,Canine,19,1,0,,,,,
SGV061,2021,B,Canine,SGV039,2020,B,Canine,17,0,0,,,,,
SGV062,2021,B,Bovine,SGV039,2020,B,Canine,8,1,0,,,,,
SGV063,2021,B,Ovine,SGV039,2020,B,Canine,4,1,0,,,,,
SGV064,2021,B,Bovine,SGV039,2020,B,Canine,15,1,0,,,,,
SGV065,2021,B,Canine,SGV039,2020,B,Canine,12,0,0,,,,,
SGV066,2022,B,Human,SGV039,2020,B,Canine,5,1,0,,,,,
SGV067,2022,B,Bovine,SGV039,2020,B,Canine,14,1,0,,,,,
SGV068,2022,B,Canine,SGV039,2020,B,Canine,10,0,0,,,,,
SGV069,2022,B,Bovine,SGV039,2020,B,Canine,16,1,0,,,,,
SGV070,2022,B,Canine,SGV039,2020,B,Canine,11,0,0,,,,,
SGV071,2022,B,Human,SGV039,2020,B,Canine,4,1,0,,,,,
SGV072,2022,B,Feline,SGV039,2020,B,Canine,12,1,0,,,,,
SGV073,2022,B,Canine,SGV039,2020,B,Canine,11,0,0,,,,,
SGV075,2022,B,Bovine,SGV039,2020,B,Canine,9,1,0,,,,,
SGV077,2022,B,Canine,SGV039,2020,B,Canine,10,0,0,,,,,
SGV078,2022,B,Bovine,SGV039,2020,B,Canine,9,1,0,,,,,
SGV079,2022,B,Canine,SGV039,2020,B,Canine,18,0,0,,,,,
SGV080,2022,B,Equine,SGV039,2020,B,Canine,12,1,0,,,,,
SGV004,2005,A,Bovine,SGV040,2020,B,Bovine,105,0,1,,,,,
SGV021,2019,B,Bovine,SGV040,2020,B,Bovine,15,0,0,,,,,
SGV022,2019,B,Bovine,SGV040,2020,B,Bovine,19,0,0,,,,,
SGV023,2019,B,Bovine,SGV040,2020,B,Bovine,9,0,0,,,,,
SGV025,2019,B,Bovine,SGV040,2020,B,Bovine,15,0,0,,,,,
SGV026,2019,B,Bovine,SGV040,2020,B,Bovine,15,0,0,,,,,
SGV028,2019,B,Bovine,SGV040,2020,B,Bovine,11,0,0,,,,,
SGV029,2019,B,Bovine,SGV040,2020,B,Bovine,16,0,0,,,,,
SGV030,2020,B,Bovine,SGV040,2020,B,Bovine,19,0,0,,,,,
SGV031,2020,B,Bovine,SGV040,2020,B,Bovine,7,0,0,,,,,
SGV032,2020,B,Human,SGV040,2020,B,Bovine,9,1,0,,,,,
SGV033,2020,B,Human,SGV040,2020,B,Bovine,19,1,0,,,,,
SGV034,2020,B,Human,SGV040,2020,B,Bovine,14,1,0,,,,,
SGV035,2020,B,Feline,SGV040,2020,B,Bovine,15,1,0,,,,,
SGV036,2020,B,Bovine,SGV040,2020,B,Bovine,15,0,0,,,,,
SGV037,2020,B,Bovine,SGV040,2020,B,Bovine,18,0,0,,,,,
SGV038,2020,B,Bovine,SGV040,2020,B,Bovine,12,0,0,,,,,
SGV039,2020,B,Canine,SGV040,2020,B,Bovine,14,1,0,,,,,
SGV040,2020,B,Bovine,SGV040,2020,B,Bovine,0,0,0,,,,,
SGV041,2020,B,Bovine,SGV040,2020,B,Bovine,18,0,0,,,,,
SGV042,2020,B,Bovine,SGV040,2020,B,Bovine,20,0,0,,,,,
SGV043,2020,B,Bovine,SGV040,2020,B,Bovine,21,0,0,,,,,
SGV044,2020,B,Bovine,SGV040,2020,B,Bovine,19,0,0,,,,,
SGV045,2020,B,Canine,SGV040,2020,B,Bovine,15,1,0,,,,,
SGV046,2020,B,Bovine,SGV040,2020,B,Bovine,21,0,0,,,,,
SGV047,2021,B,Bovine,SGV040,2020,B,Bovine,23,0,0,,,,,
SGV048,2021,B,Bovine,SGV040,2020,B,Bovine,20,0,0,,,,,
SGV049,2021,B,Human,SGV040,2020,B,Bovine,13,1,0,,,,,
SGV050,2021,B,Human,SGV040,2020,B,Bovine,19,1,0,,,,,
SGV051,2021,B,Bovine,SGV040,2020,B,Bovine,10,0,0,,,,,
SGV052,2021,B,Canine,SGV040,2020,B,Bovine,18,1,0,,,,,
SGV053,2021,B,Bovine,SGV040,2020,B,Bovine,19,0,0,,,,,
SGV054,2020,B,Canine,SGV040,2020,B,Bovine,15,1,0,,,,,
SGV055,2021,B,Bovine,SGV040,2020,B,Bovine,19,0,0,,,,,
SGV056,2021,B,Canine,SGV040,2020,B,Bovine,20,1,0,,,,,
SGV057,2021,B,Bovine,SGV040,2020,B,Bovine,18,0,0,,,,,
SGV058,2021,B,Canine,SGV040,2020,B,Bovine,18,1,0,,,,,
SGV059,2021,B,Bovine,SGV040,2020,B,Bovine,16,0,0,,,,,
SGV060,2021,B,Bovine,SGV040,2020,B,Bovine,19,0,0,,,,,
SGV061,2021,B,Canine,SGV040,2020,B,Bovine,25,1,0,,,,,
SGV062,2021,B,Bovine,SGV040,2020,B,Bovine,16,0,0,,,,,
SGV063,2021,B,Ovine,SGV040,2020,B,Bovine,18,1,0,,,,,
SGV064,2021,B,Bovine,SGV040,2020,B,Bovine,9,0,0,,,,,
SGV065,2021,B,Canine,SGV040,2020,B,Bovine,20,1,0,,,,,
SGV066,2022,B,Human,SGV040,2020,B,Bovine,19,1,0,,,,,
SGV067,2022,B,Bovine,SGV040,2020,B,Bovine,22,0,0,,,,,
SGV068,2022,B,Canine,SGV040,2020,B,Bovine,24,1,0,,,,,
SGV069,2022,B,Bovine,SGV040,2020,B,Bovine,12,0,0,,,,,
SGV070,2022,B,Canine,SGV040,2020,B,Bovine,19,1,0,,,,,
SGV071,2022,B,Human,SGV040,2020,B,Bovine,12,1,0,,,,,
SGV072,2022,B,Feline,SGV040,2020,B,Bovine,12,1,0,,,,,
SGV073,2022,B,Canine,SGV040,2020,B,Bovine,19,1,0,,,,,
SGV075,2022,B,Bovine,SGV040,2020,B,Bovine,17,0,0,,,,,
SGV077,2022,B,Canine,SGV040,2020,B,Bovine,18,1,0,,,,,
SGV078,2022,B,Bovine,SGV040,2020,B,Bovine,17,0,0,,,,,
SGV079,2022,B,Canine,SGV040,2020,B,Bovine,12,1,0,,,,,
SGV080,2022,B,Equine,SGV040,2020,B,Bovine,20,1,0,,,,,
SGV004,2005,A,Bovine,SGV041,2020,B,Bovine,103,0,1,,,,,
SGV021,2019,B,Bovine,SGV041,2020,B,Bovine,3,0,0,,,,,
SGV022,2019,B,Bovine,SGV041,2020,B,Bovine,15,0,0,,,,,
SGV023,2019,B,Bovine,SGV041,2020,B,Bovine,15,0,0,,,,,
SGV025,2019,B,Bovine,SGV041,2020,B,Bovine,3,0,0,,,,,
SGV026,2019,B,Bovine,SGV041,2020,B,Bovine,5,0,0,,,,,
SGV028,2019,B,Bovine,SGV041,2020,B,Bovine,15,0,0,,,,,
SGV029,2019,B,Bovine,SGV041,2020,B,Bovine,4,0,0,,,,,
SGV030,2020,B,Bovine,SGV041,2020,B,Bovine,6,0,0,,,,,
SGV031,2020,B,Bovine,SGV041,2020,B,Bovine,15,0,0,,,,,
SGV032,2020,B,Human,SGV041,2020,B,Bovine,17,1,0,,,,,
SGV033,2020,B,Human,SGV041,2020,B,Bovine,7,1,0,,,,,
SGV034,2020,B,Human,SGV041,2020,B,Bovine,18,1,0,,,,,
SGV035,2020,B,Feline,SGV041,2020,B,Bovine,5,1,0,,,,,
SGV036,2020,B,Bovine,SGV041,2020,B,Bovine,5,0,0,,,,,
SGV037,2020,B,Bovine,SGV041,2020,B,Bovine,6,0,0,,,,,
SGV038,2020,B,Bovine,SGV041,2020,B,Bovine,18,0,0,,,,,
SGV039,2020,B,Canine,SGV041,2020,B,Bovine,4,1,0,,,,,
SGV040,2020,B,Bovine,SGV041,2020,B,Bovine,18,0,0,,,,,
SGV041,2020,B,Bovine,SGV041,2020,B,Bovine,0,0,0,,,,,
SGV042,2020,B,Bovine,SGV041,2020,B,Bovine,16,0,0,,,,,
SGV043,2020,B,Bovine,SGV041,2020,B,Bovine,9,0,0,,,,,
SGV044,2020,B,Bovine,SGV041,2020,B,Bovine,5,0,0,,,,,
SGV045,2020,B,Canine,SGV041,2020,B,Bovine,19,1,0,,,,,
SGV046,2020,B,Bovine,SGV041,2020,B,Bovine,17,0,0,,,,,
SGV047,2021,B,Bovine,SGV041,2020,B,Bovine,11,0,0,,,,,
SGV048,2021,B,Bovine,SGV041,2020,B,Bovine,16,0,0,,,,,
SGV049,2021,B,Human,SGV041,2020,B,Bovine,17,1,0,,,,,
SGV050,2021,B,Human,SGV041,2020,B,Bovine,15,1,0,,,,,
SGV051,2021,B,Bovine,SGV041,2020,B,Bovine,20,0,0,,,,,
SGV052,2021,B,Canine,SGV041,2020,B,Bovine,14,1,0,,,,,
SGV053,2021,B,Bovine,SGV041,2020,B,Bovine,15,0,0,,,,,
SGV054,2020,B,Canine,SGV041,2020,B,Bovine,5,1,0,,,,,
SGV055,2021,B,Bovine,SGV041,2020,B,Bovine,15,0,0,,,,,
SGV056,2021,B,Canine,SGV041,2020,B,Bovine,16,1,0,,,,,
SGV057,2021,B,Bovine,SGV041,2020,B,Bovine,14,0,0,,,,,
SGV058,2021,B,Canine,SGV041,2020,B,Bovine,14,1,0,,,,,
SGV059,2021,B,Bovine,SGV041,2020,B,Bovine,12,0,0,,,,,
SGV060,2021,B,Bovine,SGV041,2020,B,Bovine,23,0,0,,,,,
SGV061,2021,B,Canine,SGV041,2020,B,Bovine,21,1,0,,,,,
SGV062,2021,B,Bovine,SGV041,2020,B,Bovine,12,0,0,,,,,
SGV063,2021,B,Ovine,SGV041,2020,B,Bovine,6,1,0,,,,,
SGV064,2021,B,Bovine,SGV041,2020,B,Bovine,19,0,0,,,,,
SGV065,2021,B,Canine,SGV041,2020,B,Bovine,16,1,0,,,,,
SGV066,2022,B,Human,SGV041,2020,B,Bovine,7,1,0,,,,,
SGV067,2022,B,Bovine,SGV041,2020,B,Bovine,18,0,0,,,,,
SGV068,2022,B,Canine,SGV041,2020,B,Bovine,12,1,0,,,,,
SGV069,2022,B,Bovine,SGV041,2020,B,Bovine,20,0,0,,,,,
SGV070,2022,B,Canine,SGV041,2020,B,Bovine,15,1,0,,,,,
SGV071,2022,B,Human,SGV041,2020,B,Bovine,8,1,0,,,,,
SGV072,2022,B,Feline,SGV041,2020,B,Bovine,16,1,0,,,,,
SGV073,2022,B,Canine,SGV041,2020,B,Bovine,15,1,0,,,,,
SGV075,2022,B,Bovine,SGV041,2020,B,Bovine,13,0,0,,,,,
SGV077,2022,B,Canine,SGV041,2020,B,Bovine,14,1,0,,,,,
SGV078,2022,B,Bovine,SGV041,2020,B,Bovine,13,0,0,,,,,
SGV079,2022,B,Canine,SGV041,2020,B,Bovine,22,1,0,,,,,
SGV080,2022,B,Equine,SGV041,2020,B,Bovine,16,1,0,,,,,
SGV004,2005,A,Bovine,SGV042,2020,B,Bovine,103,0,1,,,,,
SGV021,2019,B,Bovine,SGV042,2020,B,Bovine,13,0,0,,,,,
SGV022,2019,B,Bovine,SGV042,2020,B,Bovine,15,0,0,,,,,
SGV023,2019,B,Bovine,SGV042,2020,B,Bovine,15,0,0,,,,,
SGV025,2019,B,Bovine,SGV042,2020,B,Bovine,13,0,0,,,,,
SGV026,2019,B,Bovine,SGV042,2020,B,Bovine,13,0,0,,,,,
SGV028,2019,B,Bovine,SGV042,2020,B,Bovine,15,0,0,,,,,
SGV029,2019,B,Bovine,SGV042,2020,B,Bovine,13,0,0,,,,,
SGV030,2020,B,Bovine,SGV042,2020,B,Bovine,18,0,0,,,,,
SGV031,2020,B,Bovine,SGV042,2020,B,Bovine,15,0,0,,,,,
SGV032,2020,B,Human,SGV042,2020,B,Bovine,17,1,0,,,,,
SGV033,2020,B,Human,SGV042,2020,B,Bovine,17,1,0,,,,,
SGV034,2020,B,Human,SGV042,2020,B,Bovine,18,1,0,,,,,
SGV035,2020,B,Feline,SGV042,2020,B,Bovine,13,1,0,,,,,
SGV036,2020,B,Bovine,SGV042,2020,B,Bovine,13,0,0,,,,,
SGV037,2020,B,Bovine,SGV042,2020,B,Bovine,16,0,0,,,,,
SGV038,2020,B,Bovine,SGV042,2020,B,Bovine,18,0,0,,,,,
SGV039,2020,B,Canine,SGV042,2020,B,Bovine,12,1,0,,,,,
SGV040,2020,B,Bovine,SGV042,2020,B,Bovine,20,0,0,,,,,
SGV041,2020,B,Bovine,SGV042,2020,B,Bovine,16,0,0,,,,,
SGV042,2020,B,Bovine,SGV042,2020,B,Bovine,0,0,0,,,,,
SGV043,2020,B,Bovine,SGV042,2020,B,Bovine,19,0,0,,,,,
SGV044,2020,B,Bovine,SGV042,2020,B,Bovine,17,0,0,,,,,
SGV045,2020,B,Canine,SGV042,2020,B,Bovine,19,1,0,,,,,
SGV046,2020,B,Bovine,SGV042,2020,B,Bovine,17,0,0,,,,,
SGV047,2021,B,Bovine,SGV042,2020,B,Bovine,21,0,0,,,,,
SGV048,2021,B,Bovine,SGV042,2020,B,Bovine,17,0,0,,,,,
SGV049,2021,B,Human,SGV042,2020,B,Bovine,17,1,0,,,,,
SGV050,2021,B,Human,SGV042,2020,B,Bovine,15,1,0,,,,,
SGV051,2021,B,Bovine,SGV042,2020,B,Bovine,20,0,0,,,,,
SGV052,2021,B,Canine,SGV042,2020,B,Bovine,14,1,0,,,,,
SGV053,2021,B,Bovine,SGV042,2020,B,Bovine,15,0,0,,,,,
SGV054,2020,B,Canine,SGV042,2020,B,Bovine,13,1,0,,,,,
SGV055,2021,B,Bovine,SGV042,2020,B,Bovine,16,0,0,,,,,
SGV056,2021,B,Canine,SGV042,2020,B,Bovine,16,1,0,,,,,
SGV057,2021,B,Bovine,SGV042,2020,B,Bovine,14,0,0,,,,,
SGV058,2021,B,Canine,SGV042,2020,B,Bovine,14,1,0,,,,,
SGV059,2021,B,Bovine,SGV042,2020,B,Bovine,12,0,0,,,,,
SGV060,2021,B,Bovine,SGV042,2020,B,Bovine,23,0,0,,,,,
SGV061,2021,B,Canine,SGV042,2020,B,Bovine,9,1,0,,,,,
SGV062,2021,B,Bovine,SGV042,2020,B,Bovine,14,0,0,,,,,
SGV063,2021,B,Ovine,SGV042,2020,B,Bovine,16,1,0,,,,,
SGV064,2021,B,Bovine,SGV042,2020,B,Bovine,19,0,0,,,,,
SGV065,2021,B,Canine,SGV042,2020,B,Bovine,4,1,0,,,,,
SGV066,2022,B,Human,SGV042,2020,B,Bovine,17,1,0,,,,,
SGV067,2022,B,Bovine,SGV042,2020,B,Bovine,18,0,0,,,,,
SGV068,2022,B,Canine,SGV042,2020,B,Bovine,22,1,0,,,,,
SGV069,2022,B,Bovine,SGV042,2020,B,Bovine,20,0,0,,,,,
SGV070,2022,B,Canine,SGV042,2020,B,Bovine,15,1,0,,,,,
SGV071,2022,B,Human,SGV042,2020,B,Bovine,8,1,0,,,,,
SGV072,2022,B,Feline,SGV042,2020,B,Bovine,16,1,0,,,,,
SGV073,2022,B,Canine,SGV042,2020,B,Bovine,15,1,0,,,,,
SGV075,2022,B,Bovine,SGV042,2020,B,Bovine,13,0,0,,,,,
SGV077,2022,B,Canine,SGV042,2020,B,Bovine,14,1,0,,,,,
SGV078,2022,B,Bovine,SGV042,2020,B,Bovine,13,0,0,,,,,
SGV079,2022,B,Canine,SGV042,2020,B,Bovine,22,1,0,,,,,
SGV080,2022,B,Equine,SGV042,2020,B,Bovine,16,1,0,,,,,
SGV004,2005,A,Bovine,SGV043,2020,B,Bovine,106,0,1,,,,,
SGV021,2019,B,Bovine,SGV043,2020,B,Bovine,6,0,0,,,,,
SGV022,2019,B,Bovine,SGV043,2020,B,Bovine,18,0,0,,,,,
SGV023,2019,B,Bovine,SGV043,2020,B,Bovine,18,0,0,,,,,
SGV025,2019,B,Bovine,SGV043,2020,B,Bovine,6,0,0,,,,,
SGV026,2019,B,Bovine,SGV043,2020,B,Bovine,8,0,0,,,,,
SGV028,2019,B,Bovine,SGV043,2020,B,Bovine,18,0,0,,,,,
SGV029,2019,B,Bovine,SGV043,2020,B,Bovine,7,0,0,,,,,
SGV030,2020,B,Bovine,SGV043,2020,B,Bovine,11,0,0,,,,,
SGV031,2020,B,Bovine,SGV043,2020,B,Bovine,18,0,0,,,,,
SGV032,2020,B,Human,SGV043,2020,B,Bovine,20,1,0,,,,,
SGV033,2020,B,Human,SGV043,2020,B,Bovine,10,1,0,,,,,
SGV034,2020,B,Human,SGV043,2020,B,Bovine,21,1,0,,,,,
SGV035,2020,B,Feline,SGV043,2020,B,Bovine,8,1,0,,,,,
SGV036,2020,B,Bovine,SGV043,2020,B,Bovine,8,0,0,,,,,
SGV037,2020,B,Bovine,SGV043,2020,B,Bovine,9,0,0,,,,,
SGV038,2020,B,Bovine,SGV043,2020,B,Bovine,21,0,0,,,,,
SGV039,2020,B,Canine,SGV043,2020,B,Bovine,7,1,0,,,,,
SGV040,2020,B,Bovine,SGV043,2020,B,Bovine,21,0,0,,,,,
SGV041,2020,B,Bovine,SGV043,2020,B,Bovine,9,0,0,,,,,
SGV042,2020,B,Bovine,SGV043,2020,B,Bovine,19,0,0,,,,,
SGV043,2020,B,Bovine,SGV043,2020,B,Bovine,0,0,0,,,,,
SGV044,2020,B,Bovine,SGV043,2020,B,Bovine,10,0,0,,,,,
SGV045,2020,B,Canine,SGV043,2020,B,Bovine,22,1,0,,,,,
SGV046,2020,B,Bovine,SGV043,2020,B,Bovine,20,0,0,,,,,
SGV047,2021,B,Bovine,SGV043,2020,B,Bovine,14,0,0,,,,,
SGV048,2021,B,Bovine,SGV043,2020,B,Bovine,19,0,0,,,,,
SGV049,2021,B,Human,SGV043,2020,B,Bovine,20,1,0,,,,,
SGV050,2021,B,Human,SGV043,2020,B,Bovine,18,1,0,,,,,
SGV051,2021,B,Bovine,SGV043,2020,B,Bovine,23,0,0,,,,,
SGV052,2021,B,Canine,SGV043,2020,B,Bovine,17,1,0,,,,,
SGV053,2021,B,Bovine,SGV043,2020,B,Bovine,18,0,0,,,,,
SGV054,2020,B,Canine,SGV043,2020,B,Bovine,8,1,0,,,,,
SGV055,2021,B,Bovine,SGV043,2020,B,Bovine,18,0,0,,,,,
SGV056,2021,B,Canine,SGV043,2020,B,Bovine,19,1,0,,,,,
SGV057,2021,B,Bovine,SGV043,2020,B,Bovine,17,0,0,,,,,
SGV058,2021,B,Canine,SGV043,2020,B,Bovine,17,1,0,,,,,
SGV059,2021,B,Bovine,SGV043,2020,B,Bovine,15,0,0,,,,,
SGV060,2021,B,Bovine,SGV043,2020,B,Bovine,26,0,0,,,,,
SGV061,2021,B,Canine,SGV043,2020,B,Bovine,24,1,0,,,,,
SGV062,2021,B,Bovine,SGV043,2020,B,Bovine,15,0,0,,,,,
SGV063,2021,B,Ovine,SGV043,2020,B,Bovine,9,1,0,,,,,
SGV064,2021,B,Bovine,SGV043,2020,B,Bovine,22,0,0,,,,,
SGV065,2021,B,Canine,SGV043,2020,B,Bovine,19,1,0,,,,,
SGV066,2022,B,Human,SGV043,2020,B,Bovine,8,1,0,,,,,
SGV067,2022,B,Bovine,SGV043,2020,B,Bovine,21,0,0,,,,,
SGV068,2022,B,Canine,SGV043,2020,B,Bovine,15,1,0,,,,,
SGV069,2022,B,Bovine,SGV043,2020,B,Bovine,23,0,0,,,,,
SGV070,2022,B,Canine,SGV043,2020,B,Bovine,18,1,0,,,,,
SGV071,2022,B,Human,SGV043,2020,B,Bovine,11,1,0,,,,,
SGV072,2022,B,Feline,SGV043,2020,B,Bovine,19,1,0,,,,,
SGV073,2022,B,Canine,SGV043,2020,B,Bovine,18,1,0,,,,,
SGV075,2022,B,Bovine,SGV043,2020,B,Bovine,16,0,0,,,,,
SGV077,2022,B,Canine,SGV043,2020,B,Bovine,17,1,0,,,,,
SGV078,2022,B,Bovine,SGV043,2020,B,Bovine,16,0,0,,,,,
SGV079,2022,B,Canine,SGV043,2020,B,Bovine,25,1,0,,,,,
SGV080,2022,B,Equine,SGV043,2020,B,Bovine,19,1,0,,,,,
SGV004,2005,A,Bovine,SGV044,2020,B,Bovine,104,0,1,,,,,
SGV021,2019,B,Bovine,SGV044,2020,B,Bovine,4,0,0,,,,,
SGV022,2019,B,Bovine,SGV044,2020,B,Bovine,16,0,0,,,,,
SGV023,2019,B,Bovine,SGV044,2020,B,Bovine,16,0,0,,,,,
SGV025,2019,B,Bovine,SGV044,2020,B,Bovine,4,0,0,,,,,
SGV026,2019,B,Bovine,SGV044,2020,B,Bovine,6,0,0,,,,,
SGV028,2019,B,Bovine,SGV044,2020,B,Bovine,16,0,0,,,,,
SGV029,2019,B,Bovine,SGV044,2020,B,Bovine,5,0,0,,,,,
SGV030,2020,B,Bovine,SGV044,2020,B,Bovine,7,0,0,,,,,
SGV031,2020,B,Bovine,SGV044,2020,B,Bovine,16,0,0,,,,,
SGV032,2020,B,Human,SGV044,2020,B,Bovine,18,1,0,,,,,
SGV033,2020,B,Human,SGV044,2020,B,Bovine,8,1,0,,,,,
SGV034,2020,B,Human,SGV044,2020,B,Bovine,19,1,0,,,,,
SGV035,2020,B,Feline,SGV044,2020,B,Bovine,6,1,0,,,,,
SGV036,2020,B,Bovine,SGV044,2020,B,Bovine,6,0,0,,,,,
SGV037,2020,B,Bovine,SGV044,2020,B,Bovine,7,0,0,,,,,
SGV038,2020,B,Bovine,SGV044,2020,B,Bovine,19,0,0,,,,,
SGV039,2020,B,Canine,SGV044,2020,B,Bovine,5,1,0,,,,,
SGV040,2020,B,Bovine,SGV044,2020,B,Bovine,19,0,0,,,,,
SGV041,2020,B,Bovine,SGV044,2020,B,Bovine,5,0,0,,,,,
SGV042,2020,B,Bovine,SGV044,2020,B,Bovine,17,0,0,,,,,
SGV043,2020,B,Bovine,SGV044,2020,B,Bovine,10,0,0,,,,,
SGV044,2020,B,Bovine,SGV044,2020,B,Bovine,0,0,0,,,,,
SGV045,2020,B,Canine,SGV044,2020,B,Bovine,20,1,0,,,,,
SGV046,2020,B,Bovine,SGV044,2020,B,Bovine,18,0,0,,,,,
SGV047,2021,B,Bovine,SGV044,2020,B,Bovine,12,0,0,,,,,
SGV048,2021,B,Bovine,SGV044,2020,B,Bovine,17,0,0,,,,,
SGV049,2021,B,Human,SGV044,2020,B,Bovine,18,1,0,,,,,
SGV050,2021,B,Human,SGV044,2020,B,Bovine,16,1,0,,,,,
SGV051,2021,B,Bovine,SGV044,2020,B,Bovine,21,0,0,,,,,
SGV052,2021,B,Canine,SGV044,2020,B,Bovine,15,1,0,,,,,
SGV053,2021,B,Bovine,SGV044,2020,B,Bovine,16,0,0,,,,,
SGV054,2020,B,Canine,SGV044,2020,B,Bovine,6,1,0,,,,,
SGV055,2021,B,Bovine,SGV044,2020,B,Bovine,16,0,0,,,,,
SGV056,2021,B,Canine,SGV044,2020,B,Bovine,17,1,0,,,,,
SGV057,2021,B,Bovine,SGV044,2020,B,Bovine,15,0,0,,,,,
SGV058,2021,B,Canine,SGV044,2020,B,Bovine,15,1,0,,,,,
SGV059,2021,B,Bovine,SGV044,2020,B,Bovine,13,0,0,,,,,
SGV060,2021,B,Bovine,SGV044,2020,B,Bovine,24,0,0,,,,,
SGV061,2021,B,Canine,SGV044,2020,B,Bovine,22,1,0,,,,,
SGV062,2021,B,Bovine,SGV044,2020,B,Bovine,13,0,0,,,,,
SGV063,2021,B,Ovine,SGV044,2020,B,Bovine,7,1,0,,,,,
SGV064,2021,B,Bovine,SGV044,2020,B,Bovine,20,0,0,,,,,
SGV065,2021,B,Canine,SGV044,2020,B,Bovine,17,1,0,,,,,
SGV066,2022,B,Human,SGV044,2020,B,Bovine,8,1,0,,,,,
SGV067,2022,B,Bovine,SGV044,2020,B,Bovine,19,0,0,,,,,
SGV068,2022,B,Canine,SGV044,2020,B,Bovine,13,1,0,,,,,
SGV069,2022,B,Bovine,SGV044,2020,B,Bovine,21,0,0,,,,,
SGV070,2022,B,Canine,SGV044,2020,B,Bovine,16,1,0,,,,,
SGV071,2022,B,Human,SGV044,2020,B,Bovine,9,1,0,,,,,
SGV072,2022,B,Feline,SGV044,2020,B,Bovine,17,1,0,,,,,
SGV073,2022,B,Canine,SGV044,2020,B,Bovine,16,1,0,,,,,
SGV075,2022,B,Bovine,SGV044,2020,B,Bovine,14,0,0,,,,,
SGV077,2022,B,Canine,SGV044,2020,B,Bovine,15,1,0,,,,,
SGV078,2022,B,Bovine,SGV044,2020,B,Bovine,14,0,0,,,,,
SGV079,2022,B,Canine,SGV044,2020,B,Bovine,23,1,0,,,,,
SGV080,2022,B,Equine,SGV044,2020,B,Bovine,17,1,0,,,,,
SGV004,2005,A,Bovine,SGV045,2020,B,Canine,104,1,1,,,,,
SGV021,2019,B,Bovine,SGV045,2020,B,Canine,16,1,0,,,,,
SGV022,2019,B,Bovine,SGV045,2020,B,Canine,18,1,0,,,,,
SGV023,2019,B,Bovine,SGV045,2020,B,Canine,10,1,0,,,,,
SGV025,2019,B,Bovine,SGV045,2020,B,Canine,16,1,0,,,,,
SGV026,2019,B,Bovine,SGV045,2020,B,Canine,16,1,0,,,,,
SGV028,2019,B,Bovine,SGV045,2020,B,Canine,4,1,0,,,,,
SGV029,2019,B,Bovine,SGV045,2020,B,Canine,16,1,0,,,,,
SGV030,2020,B,Bovine,SGV045,2020,B,Canine,21,1,0,,,,,
SGV031,2020,B,Bovine,SGV045,2020,B,Canine,10,1,0,,,,,
SGV032,2020,B,Human,SGV045,2020,B,Canine,12,1,0,,,,,
SGV033,2020,B,Human,SGV045,2020,B,Canine,20,1,0,,,,,
SGV034,2020,B,Human,SGV045,2020,B,Canine,7,1,0,,,,,
SGV035,2020,B,Feline,SGV045,2020,B,Canine,16,1,0,,,,,
SGV036,2020,B,Bovine,SGV045,2020,B,Canine,16,1,0,,,,,
SGV037,2020,B,Bovine,SGV045,2020,B,Canine,19,1,0,,,,,
SGV038,2020,B,Bovine,SGV045,2020,B,Canine,13,1,0,,,,,
SGV039,2020,B,Canine,SGV045,2020,B,Canine,15,0,0,,,,,
SGV040,2020,B,Bovine,SGV045,2020,B,Canine,15,1,0,,,,,
SGV041,2020,B,Bovine,SGV045,2020,B,Canine,19,1,0,,,,,
SGV042,2020,B,Bovine,SGV045,2020,B,Canine,19,1,0,,,,,
SGV043,2020,B,Bovine,SGV045,2020,B,Canine,22,1,0,,,,,
SGV044,2020,B,Bovine,SGV045,2020,B,Canine,20,1,0,,,,,
SGV045,2020,B,Canine,SGV045,2020,B,Canine,0,0,0,,,,,
SGV046,2020,B,Bovine,SGV045,2020,B,Canine,20,1,0,,,,,
SGV047,2021,B,Bovine,SGV045,2020,B,Canine,24,1,0,,,,,
SGV048,2021,B,Bovine,SGV045,2020,B,Canine,20,1,0,,,,,
SGV049,2021,B,Human,SGV045,2020,B,Canine,6,1,0,,,,,
SGV050,2021,B,Human,SGV045,2020,B,Canine,18,1,0,,,,,
SGV051,2021,B,Bovine,SGV045,2020,B,Canine,15,1,0,,,,,
SGV052,2021,B,Canine,SGV045,2020,B,Canine,17,0,0,,,,,
SGV053,2021,B,Bovine,SGV045,2020,B,Canine,18,1,0,,,,,
SGV054,2020,B,Canine,SGV045,2020,B,Canine,16,0,0,,,,,
SGV055,2021,B,Bovine,SGV045,2020,B,Canine,19,1,0,,,,,
SGV056,2021,B,Canine,SGV045,2020,B,Canine,19,0,0,,,,,
SGV057,2021,B,Bovine,SGV045,2020,B,Canine,17,1,0,,,,,
SGV058,2021,B,Canine,SGV045,2020,B,Canine,17,0,0,,,,,
SGV059,2021,B,Bovine,SGV045,2020,B,Canine,15,1,0,,,,,
SGV060,2021,B,Bovine,SGV045,2020,B,Canine,12,1,0,,,,,
SGV061,2021,B,Canine,SGV045,2020,B,Canine,24,0,0,,,,,
SGV062,2021,B,Bovine,SGV045,2020,B,Canine,17,1,0,,,,,
SGV063,2021,B,Ovine,SGV045,2020,B,Canine,19,1,0,,,,,
SGV064,2021,B,Bovine,SGV045,2020,B,Canine,14,1,0,,,,,
SGV065,2021,B,Canine,SGV045,2020,B,Canine,19,0,0,,,,,
SGV066,2022,B,Human,SGV045,2020,B,Canine,20,1,0,,,,,
SGV067,2022,B,Bovine,SGV045,2020,B,Canine,21,1,0,,,,,
SGV068,2022,B,Canine,SGV045,2020,B,Canine,25,0,0,,,,,
SGV069,2022,B,Bovine,SGV045,2020,B,Canine,15,1,0,,,,,
SGV070,2022,B,Canine,SGV045,2020,B,Canine,18,0,0,,,,,
SGV071,2022,B,Human,SGV045,2020,B,Canine,11,1,0,,,,,
SGV072,2022,B,Feline,SGV045,2020,B,Canine,5,1,0,,,,,
SGV073,2022,B,Canine,SGV045,2020,B,Canine,18,0,0,,,,,
SGV075,2022,B,Bovine,SGV045,2020,B,Canine,16,1,0,,,,,
SGV077,2022,B,Canine,SGV045,2020,B,Canine,17,0,0,,,,,
SGV078,2022,B,Bovine,SGV045,2020,B,Canine,16,1,0,,,,,
SGV079,2022,B,Canine,SGV045,2020,B,Canine,17,0,0,,,,,
SGV080,2022,B,Equine,SGV045,2020,B,Canine,19,1,0,,,,,
SGV004,2005,A,Bovine,SGV046,2020,B,Bovine,104,0,1,,,,,
SGV021,2019,B,Bovine,SGV046,2020,B,Bovine,14,0,0,,,,,
SGV022,2019,B,Bovine,SGV046,2020,B,Bovine,12,0,0,,,,,
SGV023,2019,B,Bovine,SGV046,2020,B,Bovine,16,0,0,,,,,
SGV025,2019,B,Bovine,SGV046,2020,B,Bovine,14,0,0,,,,,
SGV026,2019,B,Bovine,SGV046,2020,B,Bovine,14,0,0,,,,,
SGV028,2019,B,Bovine,SGV046,2020,B,Bovine,16,0,0,,,,,
SGV029,2019,B,Bovine,SGV046,2020,B,Bovine,15,0,0,,,,,
SGV030,2020,B,Bovine,SGV046,2020,B,Bovine,19,0,0,,,,,
SGV031,2020,B,Bovine,SGV046,2020,B,Bovine,16,0,0,,,,,
SGV032,2020,B,Human,SGV046,2020,B,Bovine,18,1,0,,,,,
SGV033,2020,B,Human,SGV046,2020,B,Bovine,18,1,0,,,,,
SGV034,2020,B,Human,SGV046,2020,B,Bovine,19,1,0,,,,,
SGV035,2020,B,Feline,SGV046,2020,B,Bovine,14,1,0,,,,,
SGV036,2020,B,Bovine,SGV046,2020,B,Bovine,14,0,0,,,,,
SGV037,2020,B,Bovine,SGV046,2020,B,Bovine,17,0,0,,,,,
SGV038,2020,B,Bovine,SGV046,2020,B,Bovine,19,0,0,,,,,
SGV039,2020,B,Canine,SGV046,2020,B,Bovine,13,1,0,,,,,
SGV040,2020,B,Bovine,SGV046,2020,B,Bovine,21,0,0,,,,,
SGV041,2020,B,Bovine,SGV046,2020,B,Bovine,17,0,0,,,,,
SGV042,2020,B,Bovine,SGV046,2020,B,Bovine,17,0,0,,,,,
SGV043,2020,B,Bovine,SGV046,2020,B,Bovine,20,0,0,,,,,
SGV044,2020,B,Bovine,SGV046,2020,B,Bovine,18,0,0,,,,,
SGV045,2020,B,Canine,SGV046,2020,B,Bovine,20,1,0,,,,,
SGV046,2020,B,Bovine,SGV046,2020,B,Bovine,0,0,0,,,,,
SGV047,2021,B,Bovine,SGV046,2020,B,Bovine,22,0,0,,,,,
SGV048,2021,B,Bovine,SGV046,2020,B,Bovine,0,0,0,,,,,
SGV049,2021,B,Human,SGV046,2020,B,Bovine,18,1,0,,,,,
SGV050,2021,B,Human,SGV046,2020,B,Bovine,12,1,0,,,,,
SGV051,2021,B,Bovine,SGV046,2020,B,Bovine,21,0,0,,,,,
SGV052,2021,B,Canine,SGV046,2020,B,Bovine,11,1,0,,,,,
SGV053,2021,B,Bovine,SGV046,2020,B,Bovine,12,0,0,,,,,
SGV054,2020,B,Canine,SGV046,2020,B,Bovine,14,1,0,,,,,
SGV055,2021,B,Bovine,SGV046,2020,B,Bovine,13,0,0,,,,,
SGV056,2021,B,Canine,SGV046,2020,B,Bovine,13,1,0,,,,,
SGV057,2021,B,Bovine,SGV046,2020,B,Bovine,11,0,0,,,,,
SGV058,2021,B,Canine,SGV046,2020,B,Bovine,11,1,0,,,,,
SGV059,2021,B,Bovine,SGV046,2020,B,Bovine,9,0,0,,,,,
SGV060,2021,B,Bovine,SGV046,2020,B,Bovine,24,0,0,,,,,
SGV061,2021,B,Canine,SGV046,2020,B,Bovine,22,1,0,,,,,
SGV062,2021,B,Bovine,SGV046,2020,B,Bovine,11,0,0,,,,,
SGV063,2021,B,Ovine,SGV046,2020,B,Bovine,17,1,0,,,,,
SGV064,2021,B,Bovine,SGV046,2020,B,Bovine,20,0,0,,,,,
SGV065,2021,B,Canine,SGV046,2020,B,Bovine,17,1,0,,,,,
SGV066,2022,B,Human,SGV046,2020,B,Bovine,18,1,0,,,,,
SGV067,2022,B,Bovine,SGV046,2020,B,Bovine,3,0,0,,,,,
SGV068,2022,B,Canine,SGV046,2020,B,Bovine,23,1,0,,,,,
SGV069,2022,B,Bovine,SGV046,2020,B,Bovine,21,0,0,,,,,
SGV070,2022,B,Canine,SGV046,2020,B,Bovine,12,1,0,,,,,
SGV071,2022,B,Human,SGV046,2020,B,Bovine,9,1,0,,,,,
SGV072,2022,B,Feline,SGV046,2020,B,Bovine,17,1,0,,,,,
SGV073,2022,B,Canine,SGV046,2020,B,Bovine,12,1,0,,,,,
SGV075,2022,B,Bovine,SGV046,2020,B,Bovine,10,0,0,,,,,
SGV077,2022,B,Canine,SGV046,2020,B,Bovine,9,1,0,,,,,
SGV078,2022,B,Bovine,SGV046,2020,B,Bovine,10,0,0,,,,,
SGV079,2022,B,Canine,SGV046,2020,B,Bovine,23,1,0,,,,,
SGV080,2022,B,Equine,SGV046,2020,B,Bovine,13,1,0,,,,,
SGV004,2005,A,Bovine,SGV047,2021,B,Bovine,108,0,1,,,,,
SGV021,2019,B,Bovine,SGV047,2021,B,Bovine,8,0,0,,,,,
SGV022,2019,B,Bovine,SGV047,2021,B,Bovine,20,0,0,,,,,
SGV023,2019,B,Bovine,SGV047,2021,B,Bovine,20,0,0,,,,,
SGV025,2019,B,Bovine,SGV047,2021,B,Bovine,8,0,0,,,,,
SGV026,2019,B,Bovine,SGV047,2021,B,Bovine,10,0,0,,,,,
SGV028,2019,B,Bovine,SGV047,2021,B,Bovine,20,0,0,,,,,
SGV029,2019,B,Bovine,SGV047,2021,B,Bovine,9,0,0,,,,,
SGV030,2020,B,Bovine,SGV047,2021,B,Bovine,13,0,0,,,,,
SGV031,2020,B,Bovine,SGV047,2021,B,Bovine,20,0,0,,,,,
SGV032,2020,B,Human,SGV047,2021,B,Bovine,22,1,0,,,,,
SGV033,2020,B,Human,SGV047,2021,B,Bovine,12,1,0,,,,,
SGV034,2020,B,Human,SGV047,2021,B,Bovine,23,1,0,,,,,
SGV035,2020,B,Feline,SGV047,2021,B,Bovine,8,1,0,,,,,
SGV036,2020,B,Bovine,SGV047,2021,B,Bovine,10,0,0,,,,,
SGV037,2020,B,Bovine,SGV047,2021,B,Bovine,7,0,0,,,,,
SGV038,2020,B,Bovine,SGV047,2021,B,Bovine,23,0,0,,,,,
SGV039,2020,B,Canine,SGV047,2021,B,Bovine,9,1,0,,,,,
SGV040,2020,B,Bovine,SGV047,2021,B,Bovine,23,0,0,,,,,
SGV041,2020,B,Bovine,SGV047,2021,B,Bovine,11,0,0,,,,,
SGV042,2020,B,Bovine,SGV047,2021,B,Bovine,21,0,0,,,,,
SGV043,2020,B,Bovine,SGV047,2021,B,Bovine,14,0,0,,,,,
SGV044,2020,B,Bovine,SGV047,2021,B,Bovine,12,0,0,,,,,
SGV045,2020,B,Canine,SGV047,2021,B,Bovine,24,1,0,,,,,
SGV046,2020,B,Bovine,SGV047,2021,B,Bovine,22,0,0,,,,,
SGV047,2021,B,Bovine,SGV047,2021,B,Bovine,0,0,0,,,,,
SGV048,2021,B,Bovine,SGV047,2021,B,Bovine,21,0,0,,,,,
SGV049,2021,B,Human,SGV047,2021,B,Bovine,22,1,0,,,,,
SGV050,2021,B,Human,SGV047,2021,B,Bovine,20,1,0,,,,,
SGV051,2021,B,Bovine,SGV047,2021,B,Bovine,25,0,0,,,,,
SGV052,2021,B,Canine,SGV047,2021,B,Bovine,19,1,0,,,,,
SGV053,2021,B,Bovine,SGV047,2021,B,Bovine,20,0,0,,,,,
SGV054,2020,B,Canine,SGV047,2021,B,Bovine,10,1,0,,,,,
SGV055,2021,B,Bovine,SGV047,2021,B,Bovine,20,0,0,,,,,
SGV056,2021,B,Canine,SGV047,2021,B,Bovine,21,1,0,,,,,
SGV057,2021,B,Bovine,SGV047,2021,B,Bovine,19,0,0,,,,,
SGV058,2021,B,Canine,SGV047,2021,B,Bovine,19,1,0,,,,,
SGV059,2021,B,Bovine,SGV047,2021,B,Bovine,17,0,0,,,,,
SGV060,2021,B,Bovine,SGV047,2021,B,Bovine,28,0,0,,,,,
SGV061,2021,B,Canine,SGV047,2021,B,Bovine,26,1,0,,,,,
SGV062,2021,B,Bovine,SGV047,2021,B,Bovine,17,0,0,,,,,
SGV063,2021,B,Ovine,SGV047,2021,B,Bovine,11,1,0,,,,,
SGV064,2021,B,Bovine,SGV047,2021,B,Bovine,24,0,0,,,,,
SGV065,2021,B,Canine,SGV047,2021,B,Bovine,21,1,0,,,,,
SGV066,2022,B,Human,SGV047,2021,B,Bovine,12,1,0,,,,,
SGV067,2022,B,Bovine,SGV047,2021,B,Bovine,23,0,0,,,,,
SGV068,2022,B,Canine,SGV047,2021,B,Bovine,1,1,0,,,,,
SGV069,2022,B,Bovine,SGV047,2021,B,Bovine,25,0,0,,,,,
SGV070,2022,B,Canine,SGV047,2021,B,Bovine,20,1,0,,,,,
SGV071,2022,B,Human,SGV047,2021,B,Bovine,13,1,0,,,,,
SGV072,2022,B,Feline,SGV047,2021,B,Bovine,21,1,0,,,,,
SGV073,2022,B,Canine,SGV047,2021,B,Bovine,20,1,0,,,,,
SGV075,2022,B,Bovine,SGV047,2021,B,Bovine,18,0,0,,,,,
SGV077,2022,B,Canine,SGV047,2021,B,Bovine,19,1,0,,,,,
SGV078,2022,B,Bovine,SGV047,2021,B,Bovine,18,0,0,,,,,
SGV079,2022,B,Canine,SGV047,2021,B,Bovine,27,1,0,,,,,
SGV080,2022,B,Equine,SGV047,2021,B,Bovine,21,1,0,,,,,
SGV004,2005,A,Bovine,SGV048,2021,B,Bovine,104,0,1,,,,,
SGV021,2019,B,Bovine,SGV048,2021,B,Bovine,13,0,0,,,,,
SGV022,2019,B,Bovine,SGV048,2021,B,Bovine,12,0,0,,,,,
SGV023,2019,B,Bovine,SGV048,2021,B,Bovine,16,0,0,,,,,
SGV025,2019,B,Bovine,SGV048,2021,B,Bovine,13,0,0,,,,,
SGV026,2019,B,Bovine,SGV048,2021,B,Bovine,13,0,0,,,,,
SGV028,2019,B,Bovine,SGV048,2021,B,Bovine,16,0,0,,,,,
SGV029,2019,B,Bovine,SGV048,2021,B,Bovine,13,0,0,,,,,
SGV030,2020,B,Bovine,SGV048,2021,B,Bovine,18,0,0,,,,,
SGV031,2020,B,Bovine,SGV048,2021,B,Bovine,16,0,0,,,,,
SGV032,2020,B,Human,SGV048,2021,B,Bovine,18,1,0,,,,,
SGV033,2020,B,Human,SGV048,2021,B,Bovine,17,1,0,,,,,
SGV034,2020,B,Human,SGV048,2021,B,Bovine,19,1,0,,,,,
SGV035,2020,B,Feline,SGV048,2021,B,Bovine,13,1,0,,,,,
SGV036,2020,B,Bovine,SGV048,2021,B,Bovine,13,0,0,,,,,
SGV037,2020,B,Bovine,SGV048,2021,B,Bovine,16,0,0,,,,,
SGV038,2020,B,Bovine,SGV048,2021,B,Bovine,19,0,0,,,,,
SGV039,2020,B,Canine,SGV048,2021,B,Bovine,12,1,0,,,,,
SGV040,2020,B,Bovine,SGV048,2021,B,Bovine,20,0,0,,,,,
SGV041,2020,B,Bovine,SGV048,2021,B,Bovine,16,0,0,,,,,
SGV042,2020,B,Bovine,SGV048,2021,B,Bovine,17,0,0,,,,,
SGV043,2020,B,Bovine,SGV048,2021,B,Bovine,19,0,0,,,,,
SGV044,2020,B,Bovine,SGV048,2021,B,Bovine,17,0,0,,,,,
SGV045,2020,B,Canine,SGV048,2021,B,Bovine,20,1,0,,,,,
SGV046,2020,B,Bovine,SGV048,2021,B,Bovine,0,0,0,,,,,
SGV047,2021,B,Bovine,SGV048,2021,B,Bovine,21,0,0,,,,,
SGV048,2021,B,Bovine,SGV048,2021,B,Bovine,0,0,0,,,,,
SGV049,2021,B,Human,SGV048,2021,B,Bovine,18,1,0,,,,,
SGV050,2021,B,Human,SGV048,2021,B,Bovine,12,1,0,,,,,
SGV051,2021,B,Bovine,SGV048,2021,B,Bovine,21,0,0,,,,,
SGV052,2021,B,Canine,SGV048,2021,B,Bovine,11,1,0,,,,,
SGV053,2021,B,Bovine,SGV048,2021,B,Bovine,12,0,0,,,,,
SGV054,2020,B,Canine,SGV048,2021,B,Bovine,13,1,0,,,,,
SGV055,2021,B,Bovine,SGV048,2021,B,Bovine,13,0,0,,,,,
SGV056,2021,B,Canine,SGV048,2021,B,Bovine,13,1,0,,,,,
SGV057,2021,B,Bovine,SGV048,2021,B,Bovine,11,0,0,,,,,
SGV058,2021,B,Canine,SGV048,2021,B,Bovine,11,1,0,,,,,
SGV059,2021,B,Bovine,SGV048,2021,B,Bovine,9,0,0,,,,,
SGV060,2021,B,Bovine,SGV048,2021,B,Bovine,24,0,0,,,,,
SGV061,2021,B,Canine,SGV048,2021,B,Bovine,22,1,0,,,,,
SGV062,2021,B,Bovine,SGV048,2021,B,Bovine,10,0,0,,,,,
SGV063,2021,B,Ovine,SGV048,2021,B,Bovine,16,1,0,,,,,
SGV064,2021,B,Bovine,SGV048,2021,B,Bovine,20,0,0,,,,,
SGV065,2021,B,Canine,SGV048,2021,B,Bovine,17,1,0,,,,,
SGV066,2022,B,Human,SGV048,2021,B,Bovine,17,1,0,,,,,
SGV067,2022,B,Bovine,SGV048,2021,B,Bovine,3,0,0,,,,,
SGV068,2022,B,Canine,SGV048,2021,B,Bovine,22,1,0,,,,,
SGV069,2022,B,Bovine,SGV048,2021,B,Bovine,21,0,0,,,,,
SGV070,2022,B,Canine,SGV048,2021,B,Bovine,12,1,0,,,,,
SGV071,2022,B,Human,SGV048,2021,B,Bovine,9,1,0,,,,,
SGV072,2022,B,Feline,SGV048,2021,B,Bovine,17,1,0,,,,,
SGV073,2022,B,Canine,SGV048,2021,B,Bovine,12,1,0,,,,,
SGV075,2022,B,Bovine,SGV048,2021,B,Bovine,10,0,0,,,,,
SGV077,2022,B,Canine,SGV048,2021,B,Bovine,9,1,0,,,,,
SGV078,2022,B,Bovine,SGV048,2021,B,Bovine,10,0,0,,,,,
SGV079,2022,B,Canine,SGV048,2021,B,Bovine,23,1,0,,,,,
SGV080,2022,B,Equine,SGV048,2021,B,Bovine,13,1,0,,,,,
SGV004,2005,A,Bovine,SGV049,2021,B,Human,102,1,1,,,,,
SGV021,2019,B,Bovine,SGV049,2021,B,Human,14,1,0,,,,,
SGV022,2019,B,Bovine,SGV049,2021,B,Human,16,1,0,,,,,
SGV023,2019,B,Bovine,SGV049,2021,B,Human,8,1,0,,,,,
SGV025,2019,B,Bovine,SGV049,2021,B,Human,14,1,0,,,,,
SGV026,2019,B,Bovine,SGV049,2021,B,Human,14,1,0,,,,,
SGV028,2019,B,Bovine,SGV049,2021,B,Human,2,1,0,,,,,
SGV029,2019,B,Bovine,SGV049,2021,B,Human,15,1,0,,,,,
SGV030,2020,B,Bovine,SGV049,2021,B,Human,19,1,0,,,,,
SGV031,2020,B,Bovine,SGV049,2021,B,Human,8,1,0,,,,,
SGV032,2020,B,Human,SGV049,2021,B,Human,10,0,0,,,,,
SGV033,2020,B,Human,SGV049,2021,B,Human,18,0,0,,,,,
SGV034,2020,B,Human,SGV049,2021,B,Human,5,0,0,,,,,
SGV035,2020,B,Feline,SGV049,2021,B,Human,14,1,0,,,,,
SGV036,2020,B,Bovine,SGV049,2021,B,Human,14,1,0,,,,,
SGV037,2020,B,Bovine,SGV049,2021,B,Human,17,1,0,,,,,
SGV038,2020,B,Bovine,SGV049,2021,B,Human,11,1,0,,,,,
SGV039,2020,B,Canine,SGV049,2021,B,Human,13,1,0,,,,,
SGV040,2020,B,Bovine,SGV049,2021,B,Human,13,1,0,,,,,
SGV041,2020,B,Bovine,SGV049,2021,B,Human,17,1,0,,,,,
SGV042,2020,B,Bovine,SGV049,2021,B,Human,17,1,0,,,,,
SGV043,2020,B,Bovine,SGV049,2021,B,Human,20,1,0,,,,,
SGV044,2020,B,Bovine,SGV049,2021,B,Human,18,1,0,,,,,
SGV045,2020,B,Canine,SGV049,2021,B,Human,6,1,0,,,,,
SGV046,2020,B,Bovine,SGV049,2021,B,Human,18,1,0,,,,,
SGV047,2021,B,Bovine,SGV049,2021,B,Human,22,1,0,,,,,
SGV048,2021,B,Bovine,SGV049,2021,B,Human,18,1,0,,,,,
SGV049,2021,B,Human,SGV049,2021,B,Human,0,0,0,,,,,
SGV050,2021,B,Human,SGV049,2021,B,Human,16,0,0,,,,,
SGV051,2021,B,Bovine,SGV049,2021,B,Human,13,1,0,,,,,
SGV052,2021,B,Canine,SGV049,2021,B,Human,15,1,0,,,,,
SGV053,2021,B,Bovine,SGV049,2021,B,Human,16,1,0,,,,,
SGV054,2020,B,Canine,SGV049,2021,B,Human,14,1,0,,,,,
SGV055,2021,B,Bovine,SGV049,2021,B,Human,17,1,0,,,,,
SGV056,2021,B,Canine,SGV049,2021,B,Human,17,1,0,,,,,
SGV057,2021,B,Bovine,SGV049,2021,B,Human,15,1,0,,,,,
SGV058,2021,B,Canine,SGV049,2021,B,Human,15,1,0,,,,,
SGV059,2021,B,Bovine,SGV049,2021,B,Human,13,1,0,,,,,
SGV060,2021,B,Bovine,SGV049,2021,B,Human,10,1,0,,,,,
SGV061,2021,B,Canine,SGV049,2021,B,Human,22,1,0,,,,,
SGV062,2021,B,Bovine,SGV049,2021,B,Human,15,1,0,,,,,
SGV063,2021,B,Ovine,SGV049,2021,B,Human,17,1,0,,,,,
SGV064,2021,B,Bovine,SGV049,2021,B,Human,12,1,0,,,,,
SGV065,2021,B,Canine,SGV049,2021,B,Human,17,1,0,,,,,
SGV066,2022,B,Human,SGV049,2021,B,Human,18,0,0,,,,,
SGV067,2022,B,Bovine,SGV049,2021,B,Human,19,1,0,,,,,
SGV068,2022,B,Canine,SGV049,2021,B,Human,23,1,0,,,,,
SGV069,2022,B,Bovine,SGV049,2021,B,Human,13,1,0,,,,,
SGV070,2022,B,Canine,SGV049,2021,B,Human,16,1,0,,,,,
SGV071,2022,B,Human,SGV049,2021,B,Human,9,0,0,,,,,
SGV072,2022,B,Feline,SGV049,2021,B,Human,3,1,0,,,,,
SGV073,2022,B,Canine,SGV049,2021,B,Human,16,1,0,,,,,
SGV075,2022,B,Bovine,SGV049,2021,B,Human,14,1,0,,,,,
SGV077,2022,B,Canine,SGV049,2021,B,Human,15,1,0,,,,,
SGV078,2022,B,Bovine,SGV049,2021,B,Human,14,1,0,,,,,
SGV079,2022,B,Canine,SGV049,2021,B,Human,15,1,0,,,,,
SGV080,2022,B,Equine,SGV049,2021,B,Human,17,1,0,,,,,
SGV004,2005,A,Bovine,SGV050,2021,B,Human,102,1,1,,,,,
SGV021,2019,B,Bovine,SGV050,2021,B,Human,12,1,0,,,,,
SGV022,2019,B,Bovine,SGV050,2021,B,Human,10,1,0,,,,,
SGV023,2019,B,Bovine,SGV050,2021,B,Human,14,1,0,,,,,
SGV025,2019,B,Bovine,SGV050,2021,B,Human,12,1,0,,,,,
SGV026,2019,B,Bovine,SGV050,2021,B,Human,12,1,0,,,,,
SGV028,2019,B,Bovine,SGV050,2021,B,Human,14,1,0,,,,,
SGV029,2019,B,Bovine,SGV050,2021,B,Human,12,1,0,,,,,
SGV030,2020,B,Bovine,SGV050,2021,B,Human,17,1,0,,,,,
SGV031,2020,B,Bovine,SGV050,2021,B,Human,14,1,0,,,,,
SGV032,2020,B,Human,SGV050,2021,B,Human,16,0,0,,,,,
SGV033,2020,B,Human,SGV050,2021,B,Human,16,0,0,,,,,
SGV034,2020,B,Human,SGV050,2021,B,Human,17,0,0,,,,,
SGV035,2020,B,Feline,SGV050,2021,B,Human,12,1,0,,,,,
SGV036,2020,B,Bovine,SGV050,2021,B,Human,12,1,0,,,,,
SGV037,2020,B,Bovine,SGV050,2021,B,Human,15,1,0,,,,,
SGV038,2020,B,Bovine,SGV050,2021,B,Human,17,1,0,,,,,
SGV039,2020,B,Canine,SGV050,2021,B,Human,11,1,0,,,,,
SGV040,2020,B,Bovine,SGV050,2021,B,Human,19,1,0,,,,,
SGV041,2020,B,Bovine,SGV050,2021,B,Human,15,1,0,,,,,
SGV042,2020,B,Bovine,SGV050,2021,B,Human,15,1,0,,,,,
SGV043,2020,B,Bovine,SGV050,2021,B,Human,18,1,0,,,,,
SGV044,2020,B,Bovine,SGV050,2021,B,Human,16,1,0,,,,,
SGV045,2020,B,Canine,SGV050,2021,B,Human,18,1,0,,,,,
SGV046,2020,B,Bovine,SGV050,2021,B,Human,12,1,0,,,,,
SGV047,2021,B,Bovine,SGV050,2021,B,Human,20,1,0,,,,,
SGV048,2021,B,Bovine,SGV050,2021,B,Human,12,1,0,,,,,
SGV049,2021,B,Human,SGV050,2021,B,Human,16,0,0,,,,,
SGV050,2021,B,Human,SGV050,2021,B,Human,0,0,0,,,,,
SGV051,2021,B,Bovine,SGV050,2021,B,Human,19,1,0,,,,,
SGV052,2021,B,Canine,SGV050,2021,B,Human,9,1,0,,,,,
SGV053,2021,B,Bovine,SGV050,2021,B,Human,10,1,0,,,,,
SGV054,2020,B,Canine,SGV050,2021,B,Human,12,1,0,,,,,
SGV055,2021,B,Bovine,SGV050,2021,B,Human,11,1,0,,,,,
SGV056,2021,B,Canine,SGV050,2021,B,Human,11,1,0,,,,,
SGV057,2021,B,Bovine,SGV050,2021,B,Human,9,1,0,,,,,
SGV058,2021,B,Canine,SGV050,2021,B,Human,9,1,0,,,,,
SGV059,2021,B,Bovine,SGV050,2021,B,Human,7,1,0,,,,,
SGV060,2021,B,Bovine,SGV050,2021,B,Human,22,1,0,,,,,
SGV061,2021,B,Canine,SGV050,2021,B,Human,20,1,0,,,,,
SGV062,2021,B,Bovine,SGV050,2021,B,Human,9,1,0,,,,,
SGV063,2021,B,Ovine,SGV050,2021,B,Human,15,1,0,,,,,
SGV064,2021,B,Bovine,SGV050,2021,B,Human,18,1,0,,,,,
SGV065,2021,B,Canine,SGV050,2021,B,Human,15,1,0,,,,,
SGV066,2022,B,Human,SGV050,2021,B,Human,16,0,0,,,,,
SGV067,2022,B,Bovine,SGV050,2021,B,Human,13,1,0,,,,,
SGV068,2022,B,Canine,SGV050,2021,B,Human,21,1,0,,,,,
SGV069,2022,B,Bovine,SGV050,2021,B,Human,19,1,0,,,,,
SGV070,2022,B,Canine,SGV050,2021,B,Human,10,1,0,,,,,
SGV071,2022,B,Human,SGV050,2021,B,Human,7,0,0,,,,,
SGV072,2022,B,Feline,SGV050,2021,B,Human,15,1,0,,,,,
SGV073,2022,B,Canine,SGV050,2021,B,Human,10,1,0,,,,,
SGV075,2022,B,Bovine,SGV050,2021,B,Human,8,1,0,,,,,
SGV077,2022,B,Canine,SGV050,2021,B,Human,9,1,0,,,,,
SGV078,2022,B,Bovine,SGV050,2021,B,Human,8,1,0,,,,,
SGV079,2022,B,Canine,SGV050,2021,B,Human,21,1,0,,,,,
SGV080,2022,B,Equine,SGV050,2021,B,Human,11,1,0,,,,,
SGV004,2005,A,Bovine,SGV051,2021,B,Bovine,104,0,1,,,,,
SGV021,2019,B,Bovine,SGV051,2021,B,Bovine,17,0,0,,,,,
SGV022,2019,B,Bovine,SGV051,2021,B,Bovine,19,0,0,,,,,
SGV023,2019,B,Bovine,SGV051,2021,B,Bovine,9,0,0,,,,,
SGV025,2019,B,Bovine,SGV051,2021,B,Bovine,17,0,0,,,,,
SGV026,2019,B,Bovine,SGV051,2021,B,Bovine,17,0,0,,,,,
SGV028,2019,B,Bovine,SGV051,2021,B,Bovine,11,0,0,,,,,
SGV029,2019,B,Bovine,SGV051,2021,B,Bovine,18,0,0,,,,,
SGV030,2020,B,Bovine,SGV051,2021,B,Bovine,21,0,0,,,,,
SGV031,2020,B,Bovine,SGV051,2021,B,Bovine,7,0,0,,,,,
SGV032,2020,B,Human,SGV051,2021,B,Bovine,9,1,0,,,,,
SGV033,2020,B,Human,SGV051,2021,B,Bovine,21,1,0,,,,,
SGV034,2020,B,Human,SGV051,2021,B,Bovine,14,1,0,,,,,
SGV035,2020,B,Feline,SGV051,2021,B,Bovine,17,1,0,,,,,
SGV036,2020,B,Bovine,SGV051,2021,B,Bovine,17,0,0,,,,,
SGV037,2020,B,Bovine,SGV051,2021,B,Bovine,20,0,0,,,,,
SGV038,2020,B,Bovine,SGV051,2021,B,Bovine,12,0,0,,,,,
SGV039,2020,B,Canine,SGV051,2021,B,Bovine,16,1,0,,,,,
SGV040,2020,B,Bovine,SGV051,2021,B,Bovine,10,0,0,,,,,
SGV041,2020,B,Bovine,SGV051,2021,B,Bovine,20,0,0,,,,,
SGV042,2020,B,Bovine,SGV051,2021,B,Bovine,20,0,0,,,,,
SGV043,2020,B,Bovine,SGV051,2021,B,Bovine,23,0,0,,,,,
SGV044,2020,B,Bovine,SGV051,2021,B,Bovine,21,0,0,,,,,
SGV045,2020,B,Canine,SGV051,2021,B,Bovine,15,1,0,,,,,
SGV046,2020,B,Bovine,SGV051,2021,B,Bovine,21,0,0,,,,,
SGV047,2021,B,Bovine,SGV051,2021,B,Bovine,25,0,0,,,,,
SGV048,2021,B,Bovine,SGV051,2021,B,Bovine,21,0,0,,,,,
SGV049,2021,B,Human,SGV051,2021,B,Bovine,13,1,0,,,,,
SGV050,2021,B,Human,SGV051,2021,B,Bovine,19,1,0,,,,,
SGV051,2021,B,Bovine,SGV051,2021,B,Bovine,0,0,0,,,,,
SGV052,2021,B,Canine,SGV051,2021,B,Bovine,18,1,0,,,,,
SGV053,2021,B,Bovine,SGV051,2021,B,Bovine,19,0,0,,,,,
SGV054,2020,B,Canine,SGV051,2021,B,Bovine,17,1,0,,,,,
SGV055,2021,B,Bovine,SGV051,2021,B,Bovine,20,0,0,,,,,
SGV056,2021,B,Canine,SGV051,2021,B,Bovine,20,1,0,,,,,
SGV057,2021,B,Bovine,SGV051,2021,B,Bovine,18,0,0,,,,,
SGV058,2021,B,Canine,SGV051,2021,B,Bovine,18,1,0,,,,,
SGV059,2021,B,Bovine,SGV051,2021,B,Bovine,16,0,0,,,,,
SGV060,2021,B,Bovine,SGV051,2021,B,Bovine,19,0,0,,,,,
SGV061,2021,B,Canine,SGV051,2021,B,Bovine,25,1,0,,,,,
SGV062,2021,B,Bovine,SGV051,2021,B,Bovine,18,0,0,,,,,
SGV063,2021,B,Ovine,SGV051,2021,B,Bovine,20,1,0,,,,,
SGV064,2021,B,Bovine,SGV051,2021,B,Bovine,9,0,0,,,,,
SGV065,2021,B,Canine,SGV051,2021,B,Bovine,20,1,0,,,,,
SGV066,2022,B,Human,SGV051,2021,B,Bovine,21,1,0,,,,,
SGV067,2022,B,Bovine,SGV051,2021,B,Bovine,22,0,0,,,,,
SGV068,2022,B,Canine,SGV051,2021,B,Bovine,26,1,0,,,,,
SGV069,2022,B,Bovine,SGV051,2021,B,Bovine,12,0,0,,,,,
SGV070,2022,B,Canine,SGV051,2021,B,Bovine,19,1,0,,,,,
SGV071,2022,B,Human,SGV051,2021,B,Bovine,12,1,0,,,,,
SGV072,2022,B,Feline,SGV051,2021,B,Bovine,12,1,0,,,,,
SGV073,2022,B,Canine,SGV051,2021,B,Bovine,19,1,0,,,,,
SGV075,2022,B,Bovine,SGV051,2021,B,Bovine,17,0,0,,,,,
SGV077,2022,B,Canine,SGV051,2021,B,Bovine,18,1,0,,,,,
SGV078,2022,B,Bovine,SGV051,2021,B,Bovine,17,0,0,,,,,
SGV079,2022,B,Canine,SGV051,2021,B,Bovine,8,1,0,,,,,
SGV080,2022,B,Equine,SGV051,2021,B,Bovine,20,1,0,,,,,
SGV004,2005,A,Bovine,SGV052,2021,B,Canine,101,1,1,,,,,
SGV021,2019,B,Bovine,SGV052,2021,B,Canine,11,1,0,,,,,
SGV022,2019,B,Bovine,SGV052,2021,B,Canine,9,1,0,,,,,
SGV023,2019,B,Bovine,SGV052,2021,B,Canine,13,1,0,,,,,
SGV025,2019,B,Bovine,SGV052,2021,B,Canine,11,1,0,,,,,
SGV026,2019,B,Bovine,SGV052,2021,B,Canine,11,1,0,,,,,
SGV028,2019,B,Bovine,SGV052,2021,B,Canine,13,1,0,,,,,
SGV029,2019,B,Bovine,SGV052,2021,B,Canine,12,1,0,,,,,
SGV030,2020,B,Bovine,SGV052,2021,B,Canine,16,1,0,,,,,
SGV031,2020,B,Bovine,SGV052,2021,B,Canine,13,1,0,,,,,
SGV032,2020,B,Human,SGV052,2021,B,Canine,15,1,0,,,,,
SGV033,2020,B,Human,SGV052,2021,B,Canine,15,1,0,,,,,
SGV034,2020,B,Human,SGV052,2021,B,Canine,16,1,0,,,,,
SGV035,2020,B,Feline,SGV052,2021,B,Canine,11,1,0,,,,,
SGV036,2020,B,Bovine,SGV052,2021,B,Canine,11,1,0,,,,,
SGV037,2020,B,Bovine,SGV052,2021,B,Canine,14,1,0,,,,,
SGV038,2020,B,Bovine,SGV052,2021,B,Canine,16,1,0,,,,,
SGV039,2020,B,Canine,SGV052,2021,B,Canine,10,0,0,,,,,
SGV040,2020,B,Bovine,SGV052,2021,B,Canine,18,1,0,,,,,
SGV041,2020,B,Bovine,SGV052,2021,B,Canine,14,1,0,,,,,
SGV042,2020,B,Bovine,SGV052,2021,B,Canine,14,1,0,,,,,
SGV043,2020,B,Bovine,SGV052,2021,B,Canine,17,1,0,,,,,
SGV044,2020,B,Bovine,SGV052,2021,B,Canine,15,1,0,,,,,
SGV045,2020,B,Canine,SGV052,2021,B,Canine,17,0,0,,,,,
SGV046,2020,B,Bovine,SGV052,2021,B,Canine,11,1,0,,,,,
SGV047,2021,B,Bovine,SGV052,2021,B,Canine,19,1,0,,,,,
SGV048,2021,B,Bovine,SGV052,2021,B,Canine,11,1,0,,,,,
SGV049,2021,B,Human,SGV052,2021,B,Canine,15,1,0,,,,,
SGV050,2021,B,Human,SGV052,2021,B,Canine,9,1,0,,,,,
SGV051,2021,B,Bovine,SGV052,2021,B,Canine,18,1,0,,,,,
SGV052,2021,B,Canine,SGV052,2021,B,Canine,0,0,0,,,,,
SGV053,2021,B,Bovine,SGV052,2021,B,Canine,1,1,0,,,,,
SGV054,2020,B,Canine,SGV052,2021,B,Canine,11,0,0,,,,,
SGV055,2021,B,Bovine,SGV052,2021,B,Canine,2,1,0,,,,,
SGV056,2021,B,Canine,SGV052,2021,B,Canine,10,0,0,,,,,
SGV057,2021,B,Bovine,SGV052,2021,B,Canine,8,1,0,,,,,
SGV058,2021,B,Canine,SGV052,2021,B,Canine,0,0,0,,,,,
SGV059,2021,B,Bovine,SGV052,2021,B,Canine,6,1,0,,,,,
SGV060,2021,B,Bovine,SGV052,2021,B,Canine,21,1,0,,,,,
SGV061,2021,B,Canine,SGV052,2021,B,Canine,19,0,0,,,,,
SGV062,2021,B,Bovine,SGV052,2021,B,Canine,4,1,0,,,,,
SGV063,2021,B,Ovine,SGV052,2021,B,Canine,14,1,0,,,,,
SGV064,2021,B,Bovine,SGV052,2021,B,Canine,17,1,0,,,,,
SGV065,2021,B,Canine,SGV052,2021,B,Canine,14,0,0,,,,,
SGV066,2022,B,Human,SGV052,2021,B,Canine,15,1,0,,,,,
SGV067,2022,B,Bovine,SGV052,2021,B,Canine,12,1,0,,,,,
SGV068,2022,B,Canine,SGV052,2021,B,Canine,20,0,0,,,,,
SGV069,2022,B,Bovine,SGV052,2021,B,Canine,18,1,0,,,,,
SGV070,2022,B,Canine,SGV052,2021,B,Canine,9,0,0,,,,,
SGV071,2022,B,Human,SGV052,2021,B,Canine,6,1,0,,,,,
SGV072,2022,B,Feline,SGV052,2021,B,Canine,14,1,0,,,,,
SGV073,2022,B,Canine,SGV052,2021,B,Canine,9,0,0,,,,,
SGV075,2022,B,Bovine,SGV052,2021,B,Canine,7,1,0,,,,,
SGV077,2022,B,Canine,SGV052,2021,B,Canine,8,0,0,,,,,
SGV078,2022,B,Bovine,SGV052,2021,B,Canine,7,1,0,,,,,
SGV079,2022,B,Canine,SGV052,2021,B,Canine,20,0,0,,,,,
SGV080,2022,B,Equine,SGV052,2021,B,Canine,10,1,0,,,,,
SGV004,2005,A,Bovine,SGV053,2021,B,Bovine,102,0,1,,,,,
SGV021,2019,B,Bovine,SGV053,2021,B,Bovine,12,0,0,,,,,
SGV022,2019,B,Bovine,SGV053,2021,B,Bovine,10,0,0,,,,,
SGV023,2019,B,Bovine,SGV053,2021,B,Bovine,14,0,0,,,,,
SGV025,2019,B,Bovine,SGV053,2021,B,Bovine,12,0,0,,,,,
SGV026,2019,B,Bovine,SGV053,2021,B,Bovine,12,0,0,,,,,
SGV028,2019,B,Bovine,SGV053,2021,B,Bovine,14,0,0,,,,,
SGV029,2019,B,Bovine,SGV053,2021,B,Bovine,12,0,0,,,,,
SGV030,2020,B,Bovine,SGV053,2021,B,Bovine,17,0,0,,,,,
SGV031,2020,B,Bovine,SGV053,2021,B,Bovine,14,0,0,,,,,
SGV032,2020,B,Human,SGV053,2021,B,Bovine,16,1,0,,,,,
SGV033,2020,B,Human,SGV053,2021,B,Bovine,16,1,0,,,,,
SGV034,2020,B,Human,SGV053,2021,B,Bovine,17,1,0,,,,,
SGV035,2020,B,Feline,SGV053,2021,B,Bovine,12,1,0,,,,,
SGV036,2020,B,Bovine,SGV053,2021,B,Bovine,12,0,0,,,,,
SGV037,2020,B,Bovine,SGV053,2021,B,Bovine,15,0,0,,,,,
SGV038,2020,B,Bovine,SGV053,2021,B,Bovine,17,0,0,,,,,
SGV039,2020,B,Canine,SGV053,2021,B,Bovine,11,1,0,,,,,
SGV040,2020,B,Bovine,SGV053,2021,B,Bovine,19,0,0,,,,,
SGV041,2020,B,Bovine,SGV053,2021,B,Bovine,15,0,0,,,,,
SGV042,2020,B,Bovine,SGV053,2021,B,Bovine,15,0,0,,,,,
SGV043,2020,B,Bovine,SGV053,2021,B,Bovine,18,0,0,,,,,
SGV044,2020,B,Bovine,SGV053,2021,B,Bovine,16,0,0,,,,,
SGV045,2020,B,Canine,SGV053,2021,B,Bovine,18,1,0,,,,,
SGV046,2020,B,Bovine,SGV053,2021,B,Bovine,12,0,0,,,,,
SGV047,2021,B,Bovine,SGV053,2021,B,Bovine,20,0,0,,,,,
SGV048,2021,B,Bovine,SGV053,2021,B,Bovine,12,0,0,,,,,
SGV049,2021,B,Human,SGV053,2021,B,Bovine,16,1,0,,,,,
SGV050,2021,B,Human,SGV053,2021,B,Bovine,10,1,0,,,,,
SGV051,2021,B,Bovine,SGV053,2021,B,Bovine,19,0,0,,,,,
SGV052,2021,B,Canine,SGV053,2021,B,Bovine,1,1,0,,,,,
SGV053,2021,B,Bovine,SGV053,2021,B,Bovine,0,0,0,,,,,
SGV054,2020,B,Canine,SGV053,2021,B,Bovine,12,1,0,,,,,
SGV055,2021,B,Bovine,SGV053,2021,B,Bovine,3,0,0,,,,,
SGV056,2021,B,Canine,SGV053,2021,B,Bovine,11,1,0,,,,,
SGV057,2021,B,Bovine,SGV053,2021,B,Bovine,9,0,0,,,,,
SGV058,2021,B,Canine,SGV053,2021,B,Bovine,1,1,0,,,,,
SGV059,2021,B,Bovine,SGV053,2021,B,Bovine,7,0,0,,,,,
SGV060,2021,B,Bovine,SGV053,2021,B,Bovine,22,0,0,,,,,
SGV061,2021,B,Canine,SGV053,2021,B,Bovine,20,1,0,,,,,
SGV062,2021,B,Bovine,SGV053,2021,B,Bovine,5,0,0,,,,,
SGV063,2021,B,Ovine,SGV053,2021,B,Bovine,15,1,0,,,,,
SGV064,2021,B,Bovine,SGV053,2021,B,Bovine,18,0,0,,,,,
SGV065,2021,B,Canine,SGV053,2021,B,Bovine,15,1,0,,,,,
SGV066,2022,B,Human,SGV053,2021,B,Bovine,16,1,0,,,,,
SGV067,2022,B,Bovine,SGV053,2021,B,Bovine,13,0,0,,,,,
SGV068,2022,B,Canine,SGV053,2021,B,Bovine,21,1,0,,,,,
SGV069,2022,B,Bovine,SGV053,2021,B,Bovine,19,0,0,,,,,
SGV070,2022,B,Canine,SGV053,2021,B,Bovine,10,1,0,,,,,
SGV071,2022,B,Human,SGV053,2021,B,Bovine,7,1,0,,,,,
SGV072,2022,B,Feline,SGV053,2021,B,Bovine,15,1,0,,,,,
SGV073,2022,B,Canine,SGV053,2021,B,Bovine,10,1,0,,,,,
SGV075,2022,B,Bovine,SGV053,2021,B,Bovine,8,0,0,,,,,
SGV077,2022,B,Canine,SGV053,2021,B,Bovine,9,1,0,,,,,
SGV078,2022,B,Bovine,SGV053,2021,B,Bovine,8,0,0,,,,,
SGV079,2022,B,Canine,SGV053,2021,B,Bovine,21,1,0,,,,,
SGV080,2022,B,Equine,SGV053,2021,B,Bovine,11,1,0,,,,,
SGV004,2005,A,Bovine,SGV054,2020,B,Canine,100,1,1,,,,,
SGV021,2019,B,Bovine,SGV054,2020,B,Canine,2,1,0,,,,,
SGV022,2019,B,Bovine,SGV054,2020,B,Canine,12,1,0,,,,,
SGV023,2019,B,Bovine,SGV054,2020,B,Canine,12,1,0,,,,,
SGV025,2019,B,Bovine,SGV054,2020,B,Canine,2,1,0,,,,,
SGV026,2019,B,Bovine,SGV054,2020,B,Canine,2,1,0,,,,,
SGV028,2019,B,Bovine,SGV054,2020,B,Canine,12,1,0,,,,,
SGV029,2019,B,Bovine,SGV054,2020,B,Canine,3,1,0,,,,,
SGV030,2020,B,Bovine,SGV054,2020,B,Canine,7,1,0,,,,,
SGV031,2020,B,Bovine,SGV054,2020,B,Canine,12,1,0,,,,,
SGV032,2020,B,Human,SGV054,2020,B,Canine,14,1,0,,,,,
SGV033,2020,B,Human,SGV054,2020,B,Canine,6,1,0,,,,,
SGV034,2020,B,Human,SGV054,2020,B,Canine,15,1,0,,,,,
SGV035,2020,B,Feline,SGV054,2020,B,Canine,2,1,0,,,,,
SGV036,2020,B,Bovine,SGV054,2020,B,Canine,2,1,0,,,,,
SGV037,2020,B,Bovine,SGV054,2020,B,Canine,5,1,0,,,,,
SGV038,2020,B,Bovine,SGV054,2020,B,Canine,15,1,0,,,,,
SGV039,2020,B,Canine,SGV054,2020,B,Canine,1,0,0,,,,,
SGV040,2020,B,Bovine,SGV054,2020,B,Canine,15,1,0,,,,,
SGV041,2020,B,Bovine,SGV054,2020,B,Canine,5,1,0,,,,,
SGV042,2020,B,Bovine,SGV054,2020,B,Canine,13,1,0,,,,,
SGV043,2020,B,Bovine,SGV054,2020,B,Canine,8,1,0,,,,,
SGV044,2020,B,Bovine,SGV054,2020,B,Canine,6,1,0,,,,,
SGV045,2020,B,Canine,SGV054,2020,B,Canine,16,0,0,,,,,
SGV046,2020,B,Bovine,SGV054,2020,B,Canine,14,1,0,,,,,
SGV047,2021,B,Bovine,SGV054,2020,B,Canine,10,1,0,,,,,
SGV048,2021,B,Bovine,SGV054,2020,B,Canine,13,1,0,,,,,
SGV049,2021,B,Human,SGV054,2020,B,Canine,14,1,0,,,,,
SGV050,2021,B,Human,SGV054,2020,B,Canine,12,1,0,,,,,
SGV051,2021,B,Bovine,SGV054,2020,B,Canine,17,1,0,,,,,
SGV052,2021,B,Canine,SGV054,2020,B,Canine,11,0,0,,,,,
SGV053,2021,B,Bovine,SGV054,2020,B,Canine,12,1,0,,,,,
SGV054,2020,B,Canine,SGV054,2020,B,Canine,0,0,0,,,,,
SGV055,2021,B,Bovine,SGV054,2020,B,Canine,12,1,0,,,,,
SGV056,2021,B,Canine,SGV054,2020,B,Canine,13,0,0,,,,,
SGV057,2021,B,Bovine,SGV054,2020,B,Canine,11,1,0,,,,,
SGV058,2021,B,Canine,SGV054,2020,B,Canine,11,0,0,,,,,
SGV059,2021,B,Bovine,SGV054,2020,B,Canine,9,1,0,,,,,
SGV060,2021,B,Bovine,SGV054,2020,B,Canine,20,1,0,,,,,
SGV061,2021,B,Canine,SGV054,2020,B,Canine,18,0,0,,,,,
SGV062,2021,B,Bovine,SGV054,2020,B,Canine,9,1,0,,,,,
SGV063,2021,B,Ovine,SGV054,2020,B,Canine,5,1,0,,,,,
SGV064,2021,B,Bovine,SGV054,2020,B,Canine,16,1,0,,,,,
SGV065,2021,B,Canine,SGV054,2020,B,Canine,13,0,0,,,,,
SGV066,2022,B,Human,SGV054,2020,B,Canine,6,1,0,,,,,
SGV067,2022,B,Bovine,SGV054,2020,B,Canine,15,1,0,,,,,
SGV068,2022,B,Canine,SGV054,2020,B,Canine,11,0,0,,,,,
SGV069,2022,B,Bovine,SGV054,2020,B,Canine,17,1,0,,,,,
SGV070,2022,B,Canine,SGV054,2020,B,Canine,12,0,0,,,,,
SGV071,2022,B,Human,SGV054,2020,B,Canine,5,1,0,,,,,
SGV072,2022,B,Feline,SGV054,2020,B,Canine,13,1,0,,,,,
SGV073,2022,B,Canine,SGV054,2020,B,Canine,12,0,0,,,,,
SGV075,2022,B,Bovine,SGV054,2020,B,Canine,10,1,0,,,,,
SGV077,2022,B,Canine,SGV054,2020,B,Canine,11,0,0,,,,,
SGV078,2022,B,Bovine,SGV054,2020,B,Canine,10,1,0,,,,,
SGV079,2022,B,Canine,SGV054,2020,B,Canine,19,0,0,,,,,
SGV080,2022,B,Equine,SGV054,2020,B,Canine,13,1,0,,,,,
SGV004,2005,A,Bovine,SGV055,2021,B,Bovine,102,0,1,,,,,
SGV021,2019,B,Bovine,SGV055,2021,B,Bovine,12,0,0,,,,,
SGV022,2019,B,Bovine,SGV055,2021,B,Bovine,11,0,0,,,,,
SGV023,2019,B,Bovine,SGV055,2021,B,Bovine,15,0,0,,,,,
SGV025,2019,B,Bovine,SGV055,2021,B,Bovine,12,0,0,,,,,
SGV026,2019,B,Bovine,SGV055,2021,B,Bovine,12,0,0,,,,,
SGV028,2019,B,Bovine,SGV055,2021,B,Bovine,15,0,0,,,,,
SGV029,2019,B,Bovine,SGV055,2021,B,Bovine,13,0,0,,,,,
SGV030,2020,B,Bovine,SGV055,2021,B,Bovine,17,0,0,,,,,
SGV031,2020,B,Bovine,SGV055,2021,B,Bovine,15,0,0,,,,,
SGV032,2020,B,Human,SGV055,2021,B,Bovine,17,1,0,,,,,
SGV033,2020,B,Human,SGV055,2021,B,Bovine,16,1,0,,,,,
SGV034,2020,B,Human,SGV055,2021,B,Bovine,18,1,0,,,,,
SGV035,2020,B,Feline,SGV055,2021,B,Bovine,12,1,0,,,,,
SGV036,2020,B,Bovine,SGV055,2021,B,Bovine,12,0,0,,,,,
SGV037,2020,B,Bovine,SGV055,2021,B,Bovine,15,0,0,,,,,
SGV038,2020,B,Bovine,SGV055,2021,B,Bovine,18,0,0,,,,,
SGV039,2020,B,Canine,SGV055,2021,B,Bovine,11,1,0,,,,,
SGV040,2020,B,Bovine,SGV055,2021,B,Bovine,19,0,0,,,,,
SGV041,2020,B,Bovine,SGV055,2021,B,Bovine,15,0,0,,,,,
SGV042,2020,B,Bovine,SGV055,2021,B,Bovine,16,0,0,,,,,
SGV043,2020,B,Bovine,SGV055,2021,B,Bovine,18,0,0,,,,,
SGV044,2020,B,Bovine,SGV055,2021,B,Bovine,16,0,0,,,,,
SGV045,2020,B,Canine,SGV055,2021,B,Bovine,19,1,0,,,,,
SGV046,2020,B,Bovine,SGV055,2021,B,Bovine,13,0,0,,,,,
SGV047,2021,B,Bovine,SGV055,2021,B,Bovine,20,0,0,,,,,
SGV048,2021,B,Bovine,SGV055,2021,B,Bovine,13,0,0,,,,,
SGV049,2021,B,Human,SGV055,2021,B,Bovine,17,1,0,,,,,
SGV050,2021,B,Human,SGV055,2021,B,Bovine,11,1,0,,,,,
SGV051,2021,B,Bovine,SGV055,2021,B,Bovine,20,0,0,,,,,
SGV052,2021,B,Canine,SGV055,2021,B,Bovine,2,1,0,,,,,
SGV053,2021,B,Bovine,SGV055,2021,B,Bovine,3,0,0,,,,,
SGV054,2020,B,Canine,SGV055,2021,B,Bovine,12,1,0,,,,,
SGV055,2021,B,Bovine,SGV055,2021,B,Bovine,0,0,0,,,,,
SGV056,2021,B,Canine,SGV055,2021,B,Bovine,12,1,0,,,,,
SGV057,2021,B,Bovine,SGV055,2021,B,Bovine,10,0,0,,,,,
SGV058,2021,B,Canine,SGV055,2021,B,Bovine,2,1,0,,,,,
SGV059,2021,B,Bovine,SGV055,2021,B,Bovine,8,0,0,,,,,
SGV060,2021,B,Bovine,SGV055,2021,B,Bovine,23,0,0,,,,,
SGV061,2021,B,Canine,SGV055,2021,B,Bovine,21,1,0,,,,,
SGV062,2021,B,Bovine,SGV055,2021,B,Bovine,5,0,0,,,,,
SGV063,2021,B,Ovine,SGV055,2021,B,Bovine,15,1,0,,,,,
SGV064,2021,B,Bovine,SGV055,2021,B,Bovine,19,0,0,,,,,
SGV065,2021,B,Canine,SGV055,2021,B,Bovine,16,1,0,,,,,
SGV066,2022,B,Human,SGV055,2021,B,Bovine,16,1,0,,,,,
SGV067,2022,B,Bovine,SGV055,2021,B,Bovine,14,0,0,,,,,
SGV068,2022,B,Canine,SGV055,2021,B,Bovine,21,1,0,,,,,
SGV069,2022,B,Bovine,SGV055,2021,B,Bovine,20,0,0,,,,,
SGV070,2022,B,Canine,SGV055,2021,B,Bovine,11,1,0,,,,,
SGV071,2022,B,Human,SGV055,2021,B,Bovine,8,1,0,,,,,
SGV072,2022,B,Feline,SGV055,2021,B,Bovine,16,1,0,,,,,
SGV073,2022,B,Canine,SGV055,2021,B,Bovine,11,1,0,,,,,
SGV075,2022,B,Bovine,SGV055,2021,B,Bovine,9,0,0,,,,,
SGV077,2022,B,Canine,SGV055,2021,B,Bovine,10,1,0,,,,,
SGV078,2022,B,Bovine,SGV055,2021,B,Bovine,9,0,0,,,,,
SGV079,2022,B,Canine,SGV055,2021,B,Bovine,22,1,0,,,,,
SGV080,2022,B,Equine,SGV055,2021,B,Bovine,12,1,0,,,,,
SGV004,2005,A,Bovine,SGV056,2021,B,Canine,103,1,1,,,,,
SGV021,2019,B,Bovine,SGV056,2021,B,Canine,13,1,0,,,,,
SGV022,2019,B,Bovine,SGV056,2021,B,Canine,11,1,0,,,,,
SGV023,2019,B,Bovine,SGV056,2021,B,Canine,15,1,0,,,,,
SGV025,2019,B,Bovine,SGV056,2021,B,Canine,13,1,0,,,,,
SGV026,2019,B,Bovine,SGV056,2021,B,Canine,13,1,0,,,,,
SGV028,2019,B,Bovine,SGV056,2021,B,Canine,15,1,0,,,,,
SGV029,2019,B,Bovine,SGV056,2021,B,Canine,13,1,0,,,,,
SGV030,2020,B,Bovine,SGV056,2021,B,Canine,18,1,0,,,,,
SGV031,2020,B,Bovine,SGV056,2021,B,Canine,15,1,0,,,,,
SGV032,2020,B,Human,SGV056,2021,B,Canine,17,1,0,,,,,
SGV033,2020,B,Human,SGV056,2021,B,Canine,17,1,0,,,,,
SGV034,2020,B,Human,SGV056,2021,B,Canine,18,1,0,,,,,
SGV035,2020,B,Feline,SGV056,2021,B,Canine,13,1,0,,,,,
SGV036,2020,B,Bovine,SGV056,2021,B,Canine,13,1,0,,,,,
SGV037,2020,B,Bovine,SGV056,2021,B,Canine,16,1,0,,,,,
SGV038,2020,B,Bovine,SGV056,2021,B,Canine,18,1,0,,,,,
SGV039,2020,B,Canine,SGV056,2021,B,Canine,12,0,0,,,,,
SGV040,2020,B,Bovine,SGV056,2021,B,Canine,20,1,0,,,,,
SGV041,2020,B,Bovine,SGV056,2021,B,Canine,16,1,0,,,,,
SGV042,2020,B,Bovine,SGV056,2021,B,Canine,16,1,0,,,,,
SGV043,2020,B,Bovine,SGV056,2021,B,Canine,19,1,0,,,,,
SGV044,2020,B,Bovine,SGV056,2021,B,Canine,17,1,0,,,,,
SGV045,2020,B,Canine,SGV056,2021,B,Canine,19,0,0,,,,,
SGV046,2020,B,Bovine,SGV056,2021,B,Canine,13,1,0,,,,,
SGV047,2021,B,Bovine,SGV056,2021,B,Canine,21,1,0,,,,,
SGV048,2021,B,Bovine,SGV056,2021,B,Canine,13,1,0,,,,,
SGV049,2021,B,Human,SGV056,2021,B,Canine,17,1,0,,,,,
SGV050,2021,B,Human,SGV056,2021,B,Canine,11,1,0,,,,,
SGV051,2021,B,Bovine,SGV056,2021,B,Canine,20,1,0,,,,,
SGV052,2021,B,Canine,SGV056,2021,B,Canine,10,0,0,,,,,
SGV053,2021,B,Bovine,SGV056,2021,B,Canine,11,1,0,,,,,
SGV054,2020,B,Canine,SGV056,2021,B,Canine,13,0,0,,,,,
SGV055,2021,B,Bovine,SGV056,2021,B,Canine,12,1,0,,,,,
SGV056,2021,B,Canine,SGV056,2021,B,Canine,0,0,0,,,,,
SGV057,2021,B,Bovine,SGV056,2021,B,Canine,10,1,0,,,,,
SGV058,2021,B,Canine,SGV056,2021,B,Canine,10,0,0,,,,,
SGV059,2021,B,Bovine,SGV056,2021,B,Canine,8,1,0,,,,,
SGV060,2021,B,Bovine,SGV056,2021,B,Canine,23,1,0,,,,,
SGV061,2021,B,Canine,SGV056,2021,B,Canine,21,0,0,,,,,
SGV062,2021,B,Bovine,SGV056,2021,B,Canine,10,1,0,,,,,
SGV063,2021,B,Ovine,SGV056,2021,B,Canine,16,1,0,,,,,
SGV064,2021,B,Bovine,SGV056,2021,B,Canine,19,1,0,,,,,
SGV065,2021,B,Canine,SGV056,2021,B,Canine,16,0,0,,,,,
SGV066,2022,B,Human,SGV056,2021,B,Canine,17,1,0,,,,,
SGV067,2022,B,Bovine,SGV056,2021,B,Canine,14,1,0,,,,,
SGV068,2022,B,Canine,SGV056,2021,B,Canine,22,0,0,,,,,
SGV069,2022,B,Bovine,SGV056,2021,B,Canine,20,1,0,,,,,
SGV070,2022,B,Canine,SGV056,2021,B,Canine,11,0,0,,,,,
SGV071,2022,B,Human,SGV056,2021,B,Canine,8,1,0,,,,,
SGV072,2022,B,Feline,SGV056,2021,B,Canine,16,1,0,,,,,
SGV073,2022,B,Canine,SGV056,2021,B,Canine,5,0,0,,,,,
SGV075,2022,B,Bovine,SGV056,2021,B,Canine,9,1,0,,,,,
SGV077,2022,B,Canine,SGV056,2021,B,Canine,10,0,0,,,,,
SGV078,2022,B,Bovine,SGV056,2021,B,Canine,9,1,0,,,,,
SGV079,2022,B,Canine,SGV056,2021,B,Canine,22,0,0,,,,,
SGV080,2022,B,Equine,SGV056,2021,B,Canine,10,1,0,,,,,
SGV004,2005,A,Bovine,SGV057,2021,B,Bovine,101,0,1,,,,,
SGV021,2019,B,Bovine,SGV057,2021,B,Bovine,11,0,0,,,,,
SGV022,2019,B,Bovine,SGV057,2021,B,Bovine,9,0,0,,,,,
SGV023,2019,B,Bovine,SGV057,2021,B,Bovine,13,0,0,,,,,
SGV025,2019,B,Bovine,SGV057,2021,B,Bovine,11,0,0,,,,,
SGV026,2019,B,Bovine,SGV057,2021,B,Bovine,11,0,0,,,,,
SGV028,2019,B,Bovine,SGV057,2021,B,Bovine,13,0,0,,,,,
SGV029,2019,B,Bovine,SGV057,2021,B,Bovine,12,0,0,,,,,
SGV030,2020,B,Bovine,SGV057,2021,B,Bovine,16,0,0,,,,,
SGV031,2020,B,Bovine,SGV057,2021,B,Bovine,13,0,0,,,,,
SGV032,2020,B,Human,SGV057,2021,B,Bovine,15,1,0,,,,,
SGV033,2020,B,Human,SGV057,2021,B,Bovine,15,1,0,,,,,
SGV034,2020,B,Human,SGV057,2021,B,Bovine,16,1,0,,,,,
SGV035,2020,B,Feline,SGV057,2021,B,Bovine,11,1,0,,,,,
SGV036,2020,B,Bovine,SGV057,2021,B,Bovine,11,0,0,,,,,
SGV037,2020,B,Bovine,SGV057,2021,B,Bovine,14,0,0,,,,,
SGV038,2020,B,Bovine,SGV057,2021,B,Bovine,16,0,0,,,,,
SGV039,2020,B,Canine,SGV057,2021,B,Bovine,10,1,0,,,,,
SGV040,2020,B,Bovine,SGV057,2021,B,Bovine,18,0,0,,,,,
SGV041,2020,B,Bovine,SGV057,2021,B,Bovine,14,0,0,,,,,
SGV042,2020,B,Bovine,SGV057,2021,B,Bovine,14,0,0,,,,,
SGV043,2020,B,Bovine,SGV057,2021,B,Bovine,17,0,0,,,,,
SGV044,2020,B,Bovine,SGV057,2021,B,Bovine,15,0,0,,,,,
SGV045,2020,B,Canine,SGV057,2021,B,Bovine,17,1,0,,,,,
SGV046,2020,B,Bovine,SGV057,2021,B,Bovine,11,0,0,,,,,
SGV047,2021,B,Bovine,SGV057,2021,B,Bovine,19,0,0,,,,,
SGV048,2021,B,Bovine,SGV057,2021,B,Bovine,11,0,0,,,,,
SGV049,2021,B,Human,SGV057,2021,B,Bovine,15,1,0,,,,,
SGV050,2021,B,Human,SGV057,2021,B,Bovine,9,1,0,,,,,
SGV051,2021,B,Bovine,SGV057,2021,B,Bovine,18,0,0,,,,,
SGV052,2021,B,Canine,SGV057,2021,B,Bovine,8,1,0,,,,,
SGV053,2021,B,Bovine,SGV057,2021,B,Bovine,9,0,0,,,,,
SGV054,2020,B,Canine,SGV057,2021,B,Bovine,11,1,0,,,,,
SGV055,2021,B,Bovine,SGV057,2021,B,Bovine,10,0,0,,,,,
SGV056,2021,B,Canine,SGV057,2021,B,Bovine,10,1,0,,,,,
SGV057,2021,B,Bovine,SGV057,2021,B,Bovine,0,0,0,,,,,
SGV058,2021,B,Canine,SGV057,2021,B,Bovine,8,1,0,,,,,
SGV059,2021,B,Bovine,SGV057,2021,B,Bovine,6,0,0,,,,,
SGV060,2021,B,Bovine,SGV057,2021,B,Bovine,21,0,0,,,,,
SGV061,2021,B,Canine,SGV057,2021,B,Bovine,19,1,0,,,,,
SGV062,2021,B,Bovine,SGV057,2021,B,Bovine,8,0,0,,,,,
SGV063,2021,B,Ovine,SGV057,2021,B,Bovine,14,1,0,,,,,
SGV064,2021,B,Bovine,SGV057,2021,B,Bovine,17,0,0,,,,,
SGV065,2021,B,Canine,SGV057,2021,B,Bovine,14,1,0,,,,,
SGV066,2022,B,Human,SGV057,2021,B,Bovine,15,1,0,,,,,
SGV067,2022,B,Bovine,SGV057,2021,B,Bovine,12,0,0,,,,,
SGV068,2022,B,Canine,SGV057,2021,B,Bovine,20,1,0,,,,,
SGV069,2022,B,Bovine,SGV057,2021,B,Bovine,18,0,0,,,,,
SGV070,2022,B,Canine,SGV057,2021,B,Bovine,9,1,0,,,,,
SGV071,2022,B,Human,SGV057,2021,B,Bovine,6,1,0,,,,,
SGV072,2022,B,Feline,SGV057,2021,B,Bovine,14,1,0,,,,,
SGV073,2022,B,Canine,SGV057,2021,B,Bovine,9,1,0,,,,,
SGV075,2022,B,Bovine,SGV057,2021,B,Bovine,7,0,0,,,,,
SGV077,2022,B,Canine,SGV057,2021,B,Bovine,8,1,0,,,,,
SGV078,2022,B,Bovine,SGV057,2021,B,Bovine,7,0,0,,,,,
SGV079,2022,B,Canine,SGV057,2021,B,Bovine,20,1,0,,,,,
SGV080,2022,B,Equine,SGV057,2021,B,Bovine,10,1,0,,,,,
SGV004,2005,A,Bovine,SGV058,2021,B,Canine,101,1,1,,,,,
SGV021,2019,B,Bovine,SGV058,2021,B,Canine,11,1,0,,,,,
SGV022,2019,B,Bovine,SGV058,2021,B,Canine,9,1,0,,,,,
SGV023,2019,B,Bovine,SGV058,2021,B,Canine,13,1,0,,,,,
SGV025,2019,B,Bovine,SGV058,2021,B,Canine,11,1,0,,,,,
SGV026,2019,B,Bovine,SGV058,2021,B,Canine,11,1,0,,,,,
SGV028,2019,B,Bovine,SGV058,2021,B,Canine,13,1,0,,,,,
SGV029,2019,B,Bovine,SGV058,2021,B,Canine,12,1,0,,,,,
SGV030,2020,B,Bovine,SGV058,2021,B,Canine,16,1,0,,,,,
SGV031,2020,B,Bovine,SGV058,2021,B,Canine,13,1,0,,,,,
SGV032,2020,B,Human,SGV058,2021,B,Canine,15,1,0,,,,,
SGV033,2020,B,Human,SGV058,2021,B,Canine,15,1,0,,,,,
SGV034,2020,B,Human,SGV058,2021,B,Canine,16,1,0,,,,,
SGV035,2020,B,Feline,SGV058,2021,B,Canine,11,1,0,,,,,
SGV036,2020,B,Bovine,SGV058,2021,B,Canine,11,1,0,,,,,
SGV037,2020,B,Bovine,SGV058,2021,B,Canine,14,1,0,,,,,
SGV038,2020,B,Bovine,SGV058,2021,B,Canine,16,1,0,,,,,
SGV039,2020,B,Canine,SGV058,2021,B,Canine,10,0,0,,,,,
SGV040,2020,B,Bovine,SGV058,2021,B,Canine,18,1,0,,,,,
SGV041,2020,B,Bovine,SGV058,2021,B,Canine,14,1,0,,,,,
SGV042,2020,B,Bovine,SGV058,2021,B,Canine,14,1,0,,,,,
SGV043,2020,B,Bovine,SGV058,2021,B,Canine,17,1,0,,,,,
SGV044,2020,B,Bovine,SGV058,2021,B,Canine,15,1,0,,,,,
SGV045,2020,B,Canine,SGV058,2021,B,Canine,17,0,0,,,,,
SGV046,2020,B,Bovine,SGV058,2021,B,Canine,11,1,0,,,,,
SGV047,2021,B,Bovine,SGV058,2021,B,Canine,19,1,0,,,,,
SGV048,2021,B,Bovine,SGV058,2021,B,Canine,11,1,0,,,,,
SGV049,2021,B,Human,SGV058,2021,B,Canine,15,1,0,,,,,
SGV050,2021,B,Human,SGV058,2021,B,Canine,9,1,0,,,,,
SGV051,2021,B,Bovine,SGV058,2021,B,Canine,18,1,0,,,,,
SGV052,2021,B,Canine,SGV058,2021,B,Canine,0,0,0,,,,,
SGV053,2021,B,Bovine,SGV058,2021,B,Canine,1,1,0,,,,,
SGV054,2020,B,Canine,SGV058,2021,B,Canine,11,0,0,,,,,
SGV055,2021,B,Bovine,SGV058,2021,B,Canine,2,1,0,,,,,
SGV056,2021,B,Canine,SGV058,2021,B,Canine,10,0,0,,,,,
SGV057,2021,B,Bovine,SGV058,2021,B,Canine,8,1,0,,,,,
SGV058,2021,B,Canine,SGV058,2021,B,Canine,0,0,0,,,,,
SGV059,2021,B,Bovine,SGV058,2021,B,Canine,6,1,0,,,,,
SGV060,2021,B,Bovine,SGV058,2021,B,Canine,21,1,0,,,,,
SGV061,2021,B,Canine,SGV058,2021,B,Canine,19,0,0,,,,,
SGV062,2021,B,Bovine,SGV058,2021,B,Canine,4,1,0,,,,,
SGV063,2021,B,Ovine,SGV058,2021,B,Canine,14,1,0,,,,,
SGV064,2021,B,Bovine,SGV058,2021,B,Canine,17,1,0,,,,,
SGV065,2021,B,Canine,SGV058,2021,B,Canine,14,0,0,,,,,
SGV066,2022,B,Human,SGV058,2021,B,Canine,15,1,0,,,,,
SGV067,2022,B,Bovine,SGV058,2021,B,Canine,12,1,0,,,,,
SGV068,2022,B,Canine,SGV058,2021,B,Canine,20,0,0,,,,,
SGV069,2022,B,Bovine,SGV058,2021,B,Canine,18,1,0,,,,,
SGV070,2022,B,Canine,SGV058,2021,B,Canine,9,0,0,,,,,
SGV071,2022,B,Human,SGV058,2021,B,Canine,6,1,0,,,,,
SGV072,2022,B,Feline,SGV058,2021,B,Canine,14,1,0,,,,,
SGV073,2022,B,Canine,SGV058,2021,B,Canine,9,0,0,,,,,
SGV075,2022,B,Bovine,SGV058,2021,B,Canine,7,1,0,,,,,
SGV077,2022,B,Canine,SGV058,2021,B,Canine,8,0,0,,,,,
SGV078,2022,B,Bovine,SGV058,2021,B,Canine,7,1,0,,,,,
SGV079,2022,B,Canine,SGV058,2021,B,Canine,20,0,0,,,,,
SGV080,2022,B,Equine,SGV058,2021,B,Canine,10,1,0,,,,,
SGV004,2005,A,Bovine,SGV059,2021,B,Bovine,99,0,1,,,,,
SGV021,2019,B,Bovine,SGV059,2021,B,Bovine,9,0,0,,,,,
SGV022,2019,B,Bovine,SGV059,2021,B,Bovine,7,0,0,,,,,
SGV023,2019,B,Bovine,SGV059,2021,B,Bovine,11,0,0,,,,,
SGV025,2019,B,Bovine,SGV059,2021,B,Bovine,9,0,0,,,,,
SGV026,2019,B,Bovine,SGV059,2021,B,Bovine,9,0,0,,,,,
SGV028,2019,B,Bovine,SGV059,2021,B,Bovine,11,0,0,,,,,
SGV029,2019,B,Bovine,SGV059,2021,B,Bovine,10,0,0,,,,,
SGV030,2020,B,Bovine,SGV059,2021,B,Bovine,14,0,0,,,,,
SGV031,2020,B,Bovine,SGV059,2021,B,Bovine,11,0,0,,,,,
SGV032,2020,B,Human,SGV059,2021,B,Bovine,13,1,0,,,,,
SGV033,2020,B,Human,SGV059,2021,B,Bovine,13,1,0,,,,,
SGV034,2020,B,Human,SGV059,2021,B,Bovine,14,1,0,,,,,
SGV035,2020,B,Feline,SGV059,2021,B,Bovine,9,1,0,,,,,
SGV036,2020,B,Bovine,SGV059,2021,B,Bovine,9,0,0,,,,,
SGV037,2020,B,Bovine,SGV059,2021,B,Bovine,12,0,0,,,,,
SGV038,2020,B,Bovine,SGV059,2021,B,Bovine,14,0,0,,,,,
SGV039,2020,B,Canine,SGV059,2021,B,Bovine,8,1,0,,,,,
SGV040,2020,B,Bovine,SGV059,2021,B,Bovine,16,0,0,,,,,
SGV041,2020,B,Bovine,SGV059,2021,B,Bovine,12,0,0,,,,,
SGV042,2020,B,Bovine,SGV059,2021,B,Bovine,12,0,0,,,,,
SGV043,2020,B,Bovine,SGV059,2021,B,Bovine,15,0,0,,,,,
SGV044,2020,B,Bovine,SGV059,2021,B,Bovine,13,0,0,,,,,
SGV045,2020,B,Canine,SGV059,2021,B,Bovine,15,1,0,,,,,
SGV046,2020,B,Bovine,SGV059,2021,B,Bovine,9,0,0,,,,,
SGV047,2021,B,Bovine,SGV059,2021,B,Bovine,17,0,0,,,,,
SGV048,2021,B,Bovine,SGV059,2021,B,Bovine,9,0,0,,,,,
SGV049,2021,B,Human,SGV059,2021,B,Bovine,13,1,0,,,,,
SGV050,2021,B,Human,SGV059,2021,B,Bovine,7,1,0,,,,,
SGV051,2021,B,Bovine,SGV059,2021,B,Bovine,16,0,0,,,,,
SGV052,2021,B,Canine,SGV059,2021,B,Bovine,6,1,0,,,,,
SGV053,2021,B,Bovine,SGV059,2021,B,Bovine,7,0,0,,,,,
SGV054,2020,B,Canine,SGV059,2021,B,Bovine,9,1,0,,,,,
SGV055,2021,B,Bovine,SGV059,2021,B,Bovine,8,0,0,,,,,
SGV056,2021,B,Canine,SGV059,2021,B,Bovine,8,1,0,,,,,
SGV057,2021,B,Bovine,SGV059,2021,B,Bovine,6,0,0,,,,,
SGV058,2021,B,Canine,SGV059,2021,B,Bovine,6,1,0,,,,,
SGV059,2021,B,Bovine,SGV059,2021,B,Bovine,0,0,0,,,,,
SGV060,2021,B,Bovine,SGV059,2021,B,Bovine,19,0,0,,,,,
SGV061,2021,B,Canine,SGV059,2021,B,Bovine,17,1,0,,,,,
SGV062,2021,B,Bovine,SGV059,2021,B,Bovine,6,0,0,,,,,
SGV063,2021,B,Ovine,SGV059,2021,B,Bovine,12,1,0,,,,,
SGV064,2021,B,Bovine,SGV059,2021,B,Bovine,15,0,0,,,,,
SGV065,2021,B,Canine,SGV059,2021,B,Bovine,12,1,0,,,,,
SGV066,2022,B,Human,SGV059,2021,B,Bovine,13,1,0,,,,,
SGV067,2022,B,Bovine,SGV059,2021,B,Bovine,10,0,0,,,,,
SGV068,2022,B,Canine,SGV059,2021,B,Bovine,18,1,0,,,,,
SGV069,2022,B,Bovine,SGV059,2021,B,Bovine,16,0,0,,,,,
SGV070,2022,B,Canine,SGV059,2021,B,Bovine,7,1,0,,,,,
SGV071,2022,B,Human,SGV059,2021,B,Bovine,4,1,0,,,,,
SGV072,2022,B,Feline,SGV059,2021,B,Bovine,12,1,0,,,,,
SGV073,2022,B,Canine,SGV059,2021,B,Bovine,7,1,0,,,,,
SGV075,2022,B,Bovine,SGV059,2021,B,Bovine,5,0,0,,,,,
SGV077,2022,B,Canine,SGV059,2021,B,Bovine,6,1,0,,,,,
SGV078,2022,B,Bovine,SGV059,2021,B,Bovine,5,0,0,,,,,
SGV079,2022,B,Canine,SGV059,2021,B,Bovine,18,1,0,,,,,
SGV080,2022,B,Equine,SGV059,2021,B,Bovine,8,1,0,,,,,
SGV004,2005,A,Bovine,SGV060,2021,B,Bovine,108,0,1,,,,,
SGV021,2019,B,Bovine,SGV060,2021,B,Bovine,20,0,0,,,,,
SGV022,2019,B,Bovine,SGV060,2021,B,Bovine,22,0,0,,,,,
SGV023,2019,B,Bovine,SGV060,2021,B,Bovine,14,0,0,,,,,
SGV025,2019,B,Bovine,SGV060,2021,B,Bovine,20,0,0,,,,,
SGV026,2019,B,Bovine,SGV060,2021,B,Bovine,20,0,0,,,,,
SGV028,2019,B,Bovine,SGV060,2021,B,Bovine,8,0,0,,,,,
SGV029,2019,B,Bovine,SGV060,2021,B,Bovine,20,0,0,,,,,
SGV030,2020,B,Bovine,SGV060,2021,B,Bovine,25,0,0,,,,,
SGV031,2020,B,Bovine,SGV060,2021,B,Bovine,14,0,0,,,,,
SGV032,2020,B,Human,SGV060,2021,B,Bovine,16,1,0,,,,,
SGV033,2020,B,Human,SGV060,2021,B,Bovine,24,1,0,,,,,
SGV034,2020,B,Human,SGV060,2021,B,Bovine,5,1,0,,,,,
SGV035,2020,B,Feline,SGV060,2021,B,Bovine,20,1,0,,,,,
SGV036,2020,B,Bovine,SGV060,2021,B,Bovine,20,0,0,,,,,
SGV037,2020,B,Bovine,SGV060,2021,B,Bovine,23,0,0,,,,,
SGV038,2020,B,Bovine,SGV060,2021,B,Bovine,17,0,0,,,,,
SGV039,2020,B,Canine,SGV060,2021,B,Bovine,19,1,0,,,,,
SGV040,2020,B,Bovine,SGV060,2021,B,Bovine,19,0,0,,,,,
SGV041,2020,B,Bovine,SGV060,2021,B,Bovine,23,0,0,,,,,
SGV042,2020,B,Bovine,SGV060,2021,B,Bovine,23,0,0,,,,,
SGV043,2020,B,Bovine,SGV060,2021,B,Bovine,26,0,0,,,,,
SGV044,2020,B,Bovine,SGV060,2021,B,Bovine,24,0,0,,,,,
SGV045,2020,B,Canine,SGV060,2021,B,Bovine,12,1,0,,,,,
SGV046,2020,B,Bovine,SGV060,2021,B,Bovine,24,0,0,,,,,
SGV047,2021,B,Bovine,SGV060,2021,B,Bovine,28,0,0,,,,,
SGV048,2021,B,Bovine,SGV060,2021,B,Bovine,24,0,0,,,,,
SGV049,2021,B,Human,SGV060,2021,B,Bovine,10,1,0,,,,,
SGV050,2021,B,Human,SGV060,2021,B,Bovine,22,1,0,,,,,
SGV051,2021,B,Bovine,SGV060,2021,B,Bovine,19,0,0,,,,,
SGV052,2021,B,Canine,SGV060,2021,B,Bovine,21,1,0,,,,,
SGV053,2021,B,Bovine,SGV060,2021,B,Bovine,22,0,0,,,,,
SGV054,2020,B,Canine,SGV060,2021,B,Bovine,20,1,0,,,,,
SGV055,2021,B,Bovine,SGV060,2021,B,Bovine,23,0,0,,,,,
SGV056,2021,B,Canine,SGV060,2021,B,Bovine,23,1,0,,,,,
SGV057,2021,B,Bovine,SGV060,2021,B,Bovine,21,0,0,,,,,
SGV058,2021,B,Canine,SGV060,2021,B,Bovine,21,1,0,,,,,
SGV059,2021,B,Bovine,SGV060,2021,B,Bovine,19,0,0,,,,,
SGV060,2021,B,Bovine,SGV060,2021,B,Bovine,0,0,0,,,,,
SGV061,2021,B,Canine,SGV060,2021,B,Bovine,28,1,0,,,,,
SGV062,2021,B,Bovine,SGV060,2021,B,Bovine,21,0,0,,,,,
SGV063,2021,B,Ovine,SGV060,2021,B,Bovine,23,1,0,,,,,
SGV064,2021,B,Bovine,SGV060,2021,B,Bovine,18,0,0,,,,,
SGV065,2021,B,Canine,SGV060,2021,B,Bovine,23,1,0,,,,,
SGV066,2022,B,Human,SGV060,2021,B,Bovine,24,1,0,,,,,
SGV067,2022,B,Bovine,SGV060,2021,B,Bovine,25,0,0,,,,,
SGV068,2022,B,Canine,SGV060,2021,B,Bovine,29,1,0,,,,,
SGV069,2022,B,Bovine,SGV060,2021,B,Bovine,19,0,0,,,,,
SGV070,2022,B,Canine,SGV060,2021,B,Bovine,22,1,0,,,,,
SGV071,2022,B,Human,SGV060,2021,B,Bovine,15,1,0,,,,,
SGV072,2022,B,Feline,SGV060,2021,B,Bovine,9,1,0,,,,,
SGV073,2022,B,Canine,SGV060,2021,B,Bovine,22,1,0,,,,,
SGV075,2022,B,Bovine,SGV060,2021,B,Bovine,20,0,0,,,,,
SGV077,2022,B,Canine,SGV060,2021,B,Bovine,21,1,0,,,,,
SGV078,2022,B,Bovine,SGV060,2021,B,Bovine,20,0,0,,,,,
SGV079,2022,B,Canine,SGV060,2021,B,Bovine,21,1,0,,,,,
SGV080,2022,B,Equine,SGV060,2021,B,Bovine,23,1,0,,,,,
SGV004,2005,A,Bovine,SGV061,2021,B,Canine,108,1,1,,,,,
SGV021,2019,B,Bovine,SGV061,2021,B,Canine,18,1,0,,,,,
SGV022,2019,B,Bovine,SGV061,2021,B,Canine,20,1,0,,,,,
SGV023,2019,B,Bovine,SGV061,2021,B,Canine,20,1,0,,,,,
SGV025,2019,B,Bovine,SGV061,2021,B,Canine,18,1,0,,,,,
SGV026,2019,B,Bovine,SGV061,2021,B,Canine,18,1,0,,,,,
SGV028,2019,B,Bovine,SGV061,2021,B,Canine,20,1,0,,,,,
SGV029,2019,B,Bovine,SGV061,2021,B,Canine,19,1,0,,,,,
SGV030,2020,B,Bovine,SGV061,2021,B,Canine,23,1,0,,,,,
SGV031,2020,B,Bovine,SGV061,2021,B,Canine,20,1,0,,,,,
SGV032,2020,B,Human,SGV061,2021,B,Canine,22,1,0,,,,,
SGV033,2020,B,Human,SGV061,2021,B,Canine,22,1,0,,,,,
SGV034,2020,B,Human,SGV061,2021,B,Canine,23,1,0,,,,,
SGV035,2020,B,Feline,SGV061,2021,B,Canine,18,1,0,,,,,
SGV036,2020,B,Bovine,SGV061,2021,B,Canine,18,1,0,,,,,
SGV037,2020,B,Bovine,SGV061,2021,B,Canine,21,1,0,,,,,
SGV038,2020,B,Bovine,SGV061,2021,B,Canine,23,1,0,,,,,
SGV039,2020,B,Canine,SGV061,2021,B,Canine,17,0,0,,,,,
SGV040,2020,B,Bovine,SGV061,2021,B,Canine,25,1,0,,,,,
SGV041,2020,B,Bovine,SGV061,2021,B,Canine,21,1,0,,,,,
SGV042,2020,B,Bovine,SGV061,2021,B,Canine,9,1,0,,,,,
SGV043,2020,B,Bovine,SGV061,2021,B,Canine,24,1,0,,,,,
SGV044,2020,B,Bovine,SGV061,2021,B,Canine,22,1,0,,,,,
SGV045,2020,B,Canine,SGV061,2021,B,Canine,24,0,0,,,,,
SGV046,2020,B,Bovine,SGV061,2021,B,Canine,22,1,0,,,,,
SGV047,2021,B,Bovine,SGV061,2021,B,Canine,26,1,0,,,,,
SGV048,2021,B,Bovine,SGV061,2021,B,Canine,22,1,0,,,,,
SGV049,2021,B,Human,SGV061,2021,B,Canine,22,1,0,,,,,
SGV050,2021,B,Human,SGV061,2021,B,Canine,20,1,0,,,,,
SGV051,2021,B,Bovine,SGV061,2021,B,Canine,25,1,0,,,,,
SGV052,2021,B,Canine,SGV061,2021,B,Canine,19,0,0,,,,,
SGV053,2021,B,Bovine,SGV061,2021,B,Canine,20,1,0,,,,,
SGV054,2020,B,Canine,SGV061,2021,B,Canine,18,0,0,,,,,
SGV055,2021,B,Bovine,SGV061,2021,B,Canine,21,1,0,,,,,
SGV056,2021,B,Canine,SGV061,2021,B,Canine,21,0,0,,,,,
SGV057,2021,B,Bovine,SGV061,2021,B,Canine,19,1,0,,,,,
SGV058,2021,B,Canine,SGV061,2021,B,Canine,19,0,0,,,,,
SGV059,2021,B,Bovine,SGV061,2021,B,Canine,17,1,0,,,,,
SGV060,2021,B,Bovine,SGV061,2021,B,Canine,28,1,0,,,,,
SGV061,2021,B,Canine,SGV061,2021,B,Canine,0,0,0,,,,,
SGV062,2021,B,Bovine,SGV061,2021,B,Canine,19,1,0,,,,,
SGV063,2021,B,Ovine,SGV061,2021,B,Canine,21,1,0,,,,,
SGV064,2021,B,Bovine,SGV061,2021,B,Canine,24,1,0,,,,,
SGV065,2021,B,Canine,SGV061,2021,B,Canine,5,0,0,,,,,
SGV066,2022,B,Human,SGV061,2021,B,Canine,22,1,0,,,,,
SGV067,2022,B,Bovine,SGV061,2021,B,Canine,23,1,0,,,,,
SGV068,2022,B,Canine,SGV061,2021,B,Canine,27,0,0,,,,,
SGV069,2022,B,Bovine,SGV061,2021,B,Canine,25,1,0,,,,,
SGV070,2022,B,Canine,SGV061,2021,B,Canine,20,0,0,,,,,
SGV071,2022,B,Human,SGV061,2021,B,Canine,13,1,0,,,,,
SGV072,2022,B,Feline,SGV061,2021,B,Canine,21,1,0,,,,,
SGV073,2022,B,Canine,SGV061,2021,B,Canine,20,0,0,,,,,
SGV075,2022,B,Bovine,SGV061,2021,B,Canine,18,1,0,,,,,
SGV077,2022,B,Canine,SGV061,2021,B,Canine,19,0,0,,,,,
SGV078,2022,B,Bovine,SGV061,2021,B,Canine,18,1,0,,,,,
SGV079,2022,B,Canine,SGV061,2021,B,Canine,27,0,0,,,,,
SGV080,2022,B,Equine,SGV061,2021,B,Canine,21,1,0,,,,,
SGV004,2005,A,Bovine,SGV062,2021,B,Bovine,101,0,1,,,,,
SGV021,2019,B,Bovine,SGV062,2021,B,Bovine,9,0,0,,,,,
SGV022,2019,B,Bovine,SGV062,2021,B,Bovine,9,0,0,,,,,
SGV023,2019,B,Bovine,SGV062,2021,B,Bovine,13,0,0,,,,,
SGV025,2019,B,Bovine,SGV062,2021,B,Bovine,9,0,0,,,,,
SGV026,2019,B,Bovine,SGV062,2021,B,Bovine,9,0,0,,,,,
SGV028,2019,B,Bovine,SGV062,2021,B,Bovine,13,0,0,,,,,
SGV029,2019,B,Bovine,SGV062,2021,B,Bovine,10,0,0,,,,,
SGV030,2020,B,Bovine,SGV062,2021,B,Bovine,14,0,0,,,,,
SGV031,2020,B,Bovine,SGV062,2021,B,Bovine,13,0,0,,,,,
SGV032,2020,B,Human,SGV062,2021,B,Bovine,15,1,0,,,,,
SGV033,2020,B,Human,SGV062,2021,B,Bovine,13,1,0,,,,,
SGV034,2020,B,Human,SGV062,2021,B,Bovine,16,1,0,,,,,
SGV035,2020,B,Feline,SGV062,2021,B,Bovine,9,1,0,,,,,
SGV036,2020,B,Bovine,SGV062,2021,B,Bovine,9,0,0,,,,,
SGV037,2020,B,Bovine,SGV062,2021,B,Bovine,12,0,0,,,,,
SGV038,2020,B,Bovine,SGV062,2021,B,Bovine,16,0,0,,,,,
SGV039,2020,B,Canine,SGV062,2021,B,Bovine,8,1,0,,,,,
SGV040,2020,B,Bovine,SGV062,2021,B,Bovine,16,0,0,,,,,
SGV041,2020,B,Bovine,SGV062,2021,B,Bovine,12,0,0,,,,,
SGV042,2020,B,Bovine,SGV062,2021,B,Bovine,14,0,0,,,,,
SGV043,2020,B,Bovine,SGV062,2021,B,Bovine,15,0,0,,,,,
SGV044,2020,B,Bovine,SGV062,2021,B,Bovine,13,0,0,,,,,
SGV045,2020,B,Canine,SGV062,2021,B,Bovine,17,1,0,,,,,
SGV046,2020,B,Bovine,SGV062,2021,B,Bovine,11,0,0,,,,,
SGV047,2021,B,Bovine,SGV062,2021,B,Bovine,17,0,0,,,,,
SGV048,2021,B,Bovine,SGV062,2021,B,Bovine,10,0,0,,,,,
SGV049,2021,B,Human,SGV062,2021,B,Bovine,15,1,0,,,,,
SGV050,2021,B,Human,SGV062,2021,B,Bovine,9,1,0,,,,,
SGV051,2021,B,Bovine,SGV062,2021,B,Bovine,18,0,0,,,,,
SGV052,2021,B,Canine,SGV062,2021,B,Bovine,4,1,0,,,,,
SGV053,2021,B,Bovine,SGV062,2021,B,Bovine,5,0,0,,,,,
SGV054,2020,B,Canine,SGV062,2021,B,Bovine,9,1,0,,,,,
SGV055,2021,B,Bovine,SGV062,2021,B,Bovine,5,0,0,,,,,
SGV056,2021,B,Canine,SGV062,2021,B,Bovine,10,1,0,,,,,
SGV057,2021,B,Bovine,SGV062,2021,B,Bovine,8,0,0,,,,,
SGV058,2021,B,Canine,SGV062,2021,B,Bovine,4,1,0,,,,,
SGV059,2021,B,Bovine,SGV062,2021,B,Bovine,6,0,0,,,,,
SGV060,2021,B,Bovine,SGV062,2021,B,Bovine,21,0,0,,,,,
SGV061,2021,B,Canine,SGV062,2021,B,Bovine,19,1,0,,,,,
SGV062,2021,B,Bovine,SGV062,2021,B,Bovine,0,0,0,,,,,
SGV063,2021,B,Ovine,SGV062,2021,B,Bovine,12,1,0,,,,,
SGV064,2021,B,Bovine,SGV062,2021,B,Bovine,17,0,0,,,,,
SGV065,2021,B,Canine,SGV062,2021,B,Bovine,14,1,0,,,,,
SGV066,2022,B,Human,SGV062,2021,B,Bovine,13,1,0,,,,,
SGV067,2022,B,Bovine,SGV062,2021,B,Bovine,12,0,0,,,,,
SGV068,2022,B,Canine,SGV062,2021,B,Bovine,18,1,0,,,,,
SGV069,2022,B,Bovine,SGV062,2021,B,Bovine,18,0,0,,,,,
SGV070,2022,B,Canine,SGV062,2021,B,Bovine,9,1,0,,,,,
SGV071,2022,B,Human,SGV062,2021,B,Bovine,6,1,0,,,,,
SGV072,2022,B,Feline,SGV062,2021,B,Bovine,14,1,0,,,,,
SGV073,2022,B,Canine,SGV062,2021,B,Bovine,9,1,0,,,,,
SGV075,2022,B,Bovine,SGV062,2021,B,Bovine,7,0,0,,,,,
SGV077,2022,B,Canine,SGV062,2021,B,Bovine,8,1,0,,,,,
SGV078,2022,B,Bovine,SGV062,2021,B,Bovine,7,0,0,,,,,
SGV079,2022,B,Canine,SGV062,2021,B,Bovine,20,1,0,,,,,
SGV080,2022,B,Equine,SGV062,2021,B,Bovine,10,1,0,,,,,
SGV004,2005,A,Bovine,SGV063,2021,B,Ovine,103,1,1,,,,,
SGV021,2019,B,Bovine,SGV063,2021,B,Ovine,3,1,0,,,,,
SGV022,2019,B,Bovine,SGV063,2021,B,Ovine,15,1,0,,,,,
SGV023,2019,B,Bovine,SGV063,2021,B,Ovine,15,1,0,,,,,
SGV025,2019,B,Bovine,SGV063,2021,B,Ovine,3,1,0,,,,,
SGV026,2019,B,Bovine,SGV063,2021,B,Ovine,5,1,0,,,,,
SGV028,2019,B,Bovine,SGV063,2021,B,Ovine,15,1,0,,,,,
SGV029,2019,B,Bovine,SGV063,2021,B,Ovine,4,1,0,,,,,
SGV030,2020,B,Bovine,SGV063,2021,B,Ovine,8,1,0,,,,,
SGV031,2020,B,Bovine,SGV063,2021,B,Ovine,15,1,0,,,,,
SGV032,2020,B,Human,SGV063,2021,B,Ovine,17,1,0,,,,,
SGV033,2020,B,Human,SGV063,2021,B,Ovine,3,1,0,,,,,
SGV034,2020,B,Human,SGV063,2021,B,Ovine,18,1,0,,,,,
SGV035,2020,B,Feline,SGV063,2021,B,Ovine,5,1,0,,,,,
SGV036,2020,B,Bovine,SGV063,2021,B,Ovine,5,1,0,,,,,
SGV037,2020,B,Bovine,SGV063,2021,B,Ovine,6,1,0,,,,,
SGV038,2020,B,Bovine,SGV063,2021,B,Ovine,18,1,0,,,,,
SGV039,2020,B,Canine,SGV063,2021,B,Ovine,4,1,0,,,,,
SGV040,2020,B,Bovine,SGV063,2021,B,Ovine,18,1,0,,,,,
SGV041,2020,B,Bovine,SGV063,2021,B,Ovine,6,1,0,,,,,
SGV042,2020,B,Bovine,SGV063,2021,B,Ovine,16,1,0,,,,,
SGV043,2020,B,Bovine,SGV063,2021,B,Ovine,9,1,0,,,,,
SGV044,2020,B,Bovine,SGV063,2021,B,Ovine,7,1,0,,,,,
SGV045,2020,B,Canine,SGV063,2021,B,Ovine,19,1,0,,,,,
SGV046,2020,B,Bovine,SGV063,2021,B,Ovine,17,1,0,,,,,
SGV047,2021,B,Bovine,SGV063,2021,B,Ovine,11,1,0,,,,,
SGV048,2021,B,Bovine,SGV063,2021,B,Ovine,16,1,0,,,,,
SGV049,2021,B,Human,SGV063,2021,B,Ovine,17,1,0,,,,,
SGV050,2021,B,Human,SGV063,2021,B,Ovine,15,1,0,,,,,
SGV051,2021,B,Bovine,SGV063,2021,B,Ovine,20,1,0,,,,,
SGV052,2021,B,Canine,SGV063,2021,B,Ovine,14,1,0,,,,,
SGV053,2021,B,Bovine,SGV063,2021,B,Ovine,15,1,0,,,,,
SGV054,2020,B,Canine,SGV063,2021,B,Ovine,5,1,0,,,,,
SGV055,2021,B,Bovine,SGV063,2021,B,Ovine,15,1,0,,,,,
SGV056,2021,B,Canine,SGV063,2021,B,Ovine,16,1,0,,,,,
SGV057,2021,B,Bovine,SGV063,2021,B,Ovine,14,1,0,,,,,
SGV058,2021,B,Canine,SGV063,2021,B,Ovine,14,1,0,,,,,
SGV059,2021,B,Bovine,SGV063,2021,B,Ovine,12,1,0,,,,,
SGV060,2021,B,Bovine,SGV063,2021,B,Ovine,23,1,0,,,,,
SGV061,2021,B,Canine,SGV063,2021,B,Ovine,21,1,0,,,,,
SGV062,2021,B,Bovine,SGV063,2021,B,Ovine,12,1,0,,,,,
SGV063,2021,B,Ovine,SGV063,2021,B,Ovine,0,0,0,,,,,
SGV064,2021,B,Bovine,SGV063,2021,B,Ovine,19,1,0,,,,,
SGV065,2021,B,Canine,SGV063,2021,B,Ovine,16,1,0,,,,,
SGV066,2022,B,Human,SGV063,2021,B,Ovine,7,1,0,,,,,
SGV067,2022,B,Bovine,SGV063,2021,B,Ovine,18,1,0,,,,,
SGV068,2022,B,Canine,SGV063,2021,B,Ovine,12,1,0,,,,,
SGV069,2022,B,Bovine,SGV063,2021,B,Ovine,20,1,0,,,,,
SGV070,2022,B,Canine,SGV063,2021,B,Ovine,15,1,0,,,,,
SGV071,2022,B,Human,SGV063,2021,B,Ovine,8,1,0,,,,,
SGV072,2022,B,Feline,SGV063,2021,B,Ovine,16,1,0,,,,,
SGV073,2022,B,Canine,SGV063,2021,B,Ovine,15,1,0,,,,,
SGV075,2022,B,Bovine,SGV063,2021,B,Ovine,13,1,0,,,,,
SGV077,2022,B,Canine,SGV063,2021,B,Ovine,14,1,0,,,,,
SGV078,2022,B,Bovine,SGV063,2021,B,Ovine,13,1,0,,,,,
SGV079,2022,B,Canine,SGV063,2021,B,Ovine,22,1,0,,,,,
SGV080,2022,B,Equine,SGV063,2021,B,Ovine,16,1,0,,,,,
SGV004,2005,A,Bovine,SGV064,2021,B,Bovine,104,0,1,,,,,
SGV021,2019,B,Bovine,SGV064,2021,B,Bovine,16,0,0,,,,,
SGV022,2019,B,Bovine,SGV064,2021,B,Bovine,18,0,0,,,,,
SGV023,2019,B,Bovine,SGV064,2021,B,Bovine,8,0,0,,,,,
SGV025,2019,B,Bovine,SGV064,2021,B,Bovine,16,0,0,,,,,
SGV026,2019,B,Bovine,SGV064,2021,B,Bovine,16,0,0,,,,,
SGV028,2019,B,Bovine,SGV064,2021,B,Bovine,10,0,0,,,,,
SGV029,2019,B,Bovine,SGV064,2021,B,Bovine,16,0,0,,,,,
SGV030,2020,B,Bovine,SGV064,2021,B,Bovine,20,0,0,,,,,
SGV031,2020,B,Bovine,SGV064,2021,B,Bovine,6,0,0,,,,,
SGV032,2020,B,Human,SGV064,2021,B,Bovine,8,1,0,,,,,
SGV033,2020,B,Human,SGV064,2021,B,Bovine,20,1,0,,,,,
SGV034,2020,B,Human,SGV064,2021,B,Bovine,13,1,0,,,,,
SGV035,2020,B,Feline,SGV064,2021,B,Bovine,16,1,0,,,,,
SGV036,2020,B,Bovine,SGV064,2021,B,Bovine,16,0,0,,,,,
SGV037,2020,B,Bovine,SGV064,2021,B,Bovine,19,0,0,,,,,
SGV038,2020,B,Bovine,SGV064,2021,B,Bovine,11,0,0,,,,,
SGV039,2020,B,Canine,SGV064,2021,B,Bovine,15,1,0,,,,,
SGV040,2020,B,Bovine,SGV064,2021,B,Bovine,9,0,0,,,,,
SGV041,2020,B,Bovine,SGV064,2021,B,Bovine,19,0,0,,,,,
SGV042,2020,B,Bovine,SGV064,2021,B,Bovine,19,0,0,,,,,
SGV043,2020,B,Bovine,SGV064,2021,B,Bovine,22,0,0,,,,,
SGV044,2020,B,Bovine,SGV064,2021,B,Bovine,20,0,0,,,,,
SGV045,2020,B,Canine,SGV064,2021,B,Bovine,14,1,0,,,,,
SGV046,2020,B,Bovine,SGV064,2021,B,Bovine,20,0,0,,,,,
SGV047,2021,B,Bovine,SGV064,2021,B,Bovine,24,0,0,,,,,
SGV048,2021,B,Bovine,SGV064,2021,B,Bovine,20,0,0,,,,,
SGV049,2021,B,Human,SGV064,2021,B,Bovine,12,1,0,,,,,
SGV050,2021,B,Human,SGV064,2021,B,Bovine,18,1,0,,,,,
SGV051,2021,B,Bovine,SGV064,2021,B,Bovine,9,0,0,,,,,
SGV052,2021,B,Canine,SGV064,2021,B,Bovine,17,1,0,,,,,
SGV053,2021,B,Bovine,SGV064,2021,B,Bovine,18,0,0,,,,,
SGV054,2020,B,Canine,SGV064,2021,B,Bovine,16,1,0,,,,,
SGV055,2021,B,Bovine,SGV064,2021,B,Bovine,19,0,0,,,,,
SGV056,2021,B,Canine,SGV064,2021,B,Bovine,19,1,0,,,,,
SGV057,2021,B,Bovine,SGV064,2021,B,Bovine,17,0,0,,,,,
SGV058,2021,B,Canine,SGV064,2021,B,Bovine,17,1,0,,,,,
SGV059,2021,B,Bovine,SGV064,2021,B,Bovine,15,0,0,,,,,
SGV060,2021,B,Bovine,SGV064,2021,B,Bovine,18,0,0,,,,,
SGV061,2021,B,Canine,SGV064,2021,B,Bovine,24,1,0,,,,,
SGV062,2021,B,Bovine,SGV064,2021,B,Bovine,17,0,0,,,,,
SGV063,2021,B,Ovine,SGV064,2021,B,Bovine,19,1,0,,,,,
SGV064,2021,B,Bovine,SGV064,2021,B,Bovine,0,0,0,,,,,
SGV065,2021,B,Canine,SGV064,2021,B,Bovine,19,1,0,,,,,
SGV066,2022,B,Human,SGV064,2021,B,Bovine,20,1,0,,,,,
SGV067,2022,B,Bovine,SGV064,2021,B,Bovine,21,0,0,,,,,
SGV068,2022,B,Canine,SGV064,2021,B,Bovine,25,1,0,,,,,
SGV069,2022,B,Bovine,SGV064,2021,B,Bovine,11,0,0,,,,,
SGV070,2022,B,Canine,SGV064,2021,B,Bovine,18,1,0,,,,,
SGV071,2022,B,Human,SGV064,2021,B,Bovine,11,1,0,,,,,
SGV072,2022,B,Feline,SGV064,2021,B,Bovine,11,1,0,,,,,
SGV073,2022,B,Canine,SGV064,2021,B,Bovine,18,1,0,,,,,
SGV075,2022,B,Bovine,SGV064,2021,B,Bovine,16,0,0,,,,,
SGV077,2022,B,Canine,SGV064,2021,B,Bovine,17,1,0,,,,,
SGV078,2022,B,Bovine,SGV064,2021,B,Bovine,16,0,0,,,,,
SGV079,2022,B,Canine,SGV064,2021,B,Bovine,11,1,0,,,,,
SGV080,2022,B,Equine,SGV064,2021,B,Bovine,19,1,0,,,,,
SGV004,2005,A,Bovine,SGV065,2021,B,Canine,103,1,1,,,,,
SGV021,2019,B,Bovine,SGV065,2021,B,Canine,13,1,0,,,,,
SGV022,2019,B,Bovine,SGV065,2021,B,Canine,15,1,0,,,,,
SGV023,2019,B,Bovine,SGV065,2021,B,Canine,15,1,0,,,,,
SGV025,2019,B,Bovine,SGV065,2021,B,Canine,13,1,0,,,,,
SGV026,2019,B,Bovine,SGV065,2021,B,Canine,13,1,0,,,,,
SGV028,2019,B,Bovine,SGV065,2021,B,Canine,15,1,0,,,,,
SGV029,2019,B,Bovine,SGV065,2021,B,Canine,14,1,0,,,,,
SGV030,2020,B,Bovine,SGV065,2021,B,Canine,18,1,0,,,,,
SGV031,2020,B,Bovine,SGV065,2021,B,Canine,15,1,0,,,,,
SGV032,2020,B,Human,SGV065,2021,B,Canine,17,1,0,,,,,
SGV033,2020,B,Human,SGV065,2021,B,Canine,17,1,0,,,,,
SGV034,2020,B,Human,SGV065,2021,B,Canine,18,1,0,,,,,
SGV035,2020,B,Feline,SGV065,2021,B,Canine,13,1,0,,,,,
SGV036,2020,B,Bovine,SGV065,2021,B,Canine,13,1,0,,,,,
SGV037,2020,B,Bovine,SGV065,2021,B,Canine,16,1,0,,,,,
SGV038,2020,B,Bovine,SGV065,2021,B,Canine,18,1,0,,,,,
SGV039,2020,B,Canine,SGV065,2021,B,Canine,12,0,0,,,,,
SGV040,2020,B,Bovine,SGV065,2021,B,Canine,20,1,0,,,,,
SGV041,2020,B,Bovine,SGV065,2021,B,Canine,16,1,0,,,,,
SGV042,2020,B,Bovine,SGV065,2021,B,Canine,4,1,0,,,,,
SGV043,2020,B,Bovine,SGV065,2021,B,Canine,19,1,0,,,,,
SGV044,2020,B,Bovine,SGV065,2021,B,Canine,17,1,0,,,,,
SGV045,2020,B,Canine,SGV065,2021,B,Canine,19,0,0,,,,,
SGV046,2020,B,Bovine,SGV065,2021,B,Canine,17,1,0,,,,,
SGV047,2021,B,Bovine,SGV065,2021,B,Canine,21,1,0,,,,,
SGV048,2021,B,Bovine,SGV065,2021,B,Canine,17,1,0,,,,,
SGV049,2021,B,Human,SGV065,2021,B,Canine,17,1,0,,,,,
SGV050,2021,B,Human,SGV065,2021,B,Canine,15,1,0,,,,,
SGV051,2021,B,Bovine,SGV065,2021,B,Canine,20,1,0,,,,,
SGV052,2021,B,Canine,SGV065,2021,B,Canine,14,0,0,,,,,
SGV053,2021,B,Bovine,SGV065,2021,B,Canine,15,1,0,,,,,
SGV054,2020,B,Canine,SGV065,2021,B,Canine,13,0,0,,,,,
SGV055,2021,B,Bovine,SGV065,2021,B,Canine,16,1,0,,,,,
SGV056,2021,B,Canine,SGV065,2021,B,Canine,16,0,0,,,,,
SGV057,2021,B,Bovine,SGV065,2021,B,Canine,14,1,0,,,,,
SGV058,2021,B,Canine,SGV065,2021,B,Canine,14,0,0,,,,,
SGV059,2021,B,Bovine,SGV065,2021,B,Canine,12,1,0,,,,,
SGV060,2021,B,Bovine,SGV065,2021,B,Canine,23,1,0,,,,,
SGV061,2021,B,Canine,SGV065,2021,B,Canine,5,0,0,,,,,
SGV062,2021,B,Bovine,SGV065,2021,B,Canine,14,1,0,,,,,
SGV063,2021,B,Ovine,SGV065,2021,B,Canine,16,1,0,,,,,
SGV064,2021,B,Bovine,SGV065,2021,B,Canine,19,1,0,,,,,
SGV065,2021,B,Canine,SGV065,2021,B,Canine,0,0,0,,,,,
SGV066,2022,B,Human,SGV065,2021,B,Canine,17,1,0,,,,,
SGV067,2022,B,Bovine,SGV065,2021,B,Canine,18,1,0,,,,,
SGV068,2022,B,Canine,SGV065,2021,B,Canine,22,0,0,,,,,
SGV069,2022,B,Bovine,SGV065,2021,B,Canine,20,1,0,,,,,
SGV070,2022,B,Canine,SGV065,2021,B,Canine,15,0,0,,,,,
SGV071,2022,B,Human,SGV065,2021,B,Canine,8,1,0,,,,,
SGV072,2022,B,Feline,SGV065,2021,B,Canine,16,1,0,,,,,
SGV073,2022,B,Canine,SGV065,2021,B,Canine,15,0,0,,,,,
SGV075,2022,B,Bovine,SGV065,2021,B,Canine,13,1,0,,,,,
SGV077,2022,B,Canine,SGV065,2021,B,Canine,14,0,0,,,,,
SGV078,2022,B,Bovine,SGV065,2021,B,Canine,13,1,0,,,,,
SGV079,2022,B,Canine,SGV065,2021,B,Canine,22,0,0,,,,,
SGV080,2022,B,Equine,SGV065,2021,B,Canine,16,1,0,,,,,
SGV004,2005,A,Bovine,SGV066,2022,B,Human,104,1,1,,,,,
SGV021,2019,B,Bovine,SGV066,2022,B,Human,4,1,0,,,,,
SGV022,2019,B,Bovine,SGV066,2022,B,Human,16,1,0,,,,,
SGV023,2019,B,Bovine,SGV066,2022,B,Human,16,1,0,,,,,
SGV025,2019,B,Bovine,SGV066,2022,B,Human,4,1,0,,,,,
SGV026,2019,B,Bovine,SGV066,2022,B,Human,6,1,0,,,,,
SGV028,2019,B,Bovine,SGV066,2022,B,Human,16,1,0,,,,,
SGV029,2019,B,Bovine,SGV066,2022,B,Human,5,1,0,,,,,
SGV030,2020,B,Bovine,SGV066,2022,B,Human,9,1,0,,,,,
SGV031,2020,B,Bovine,SGV066,2022,B,Human,16,1,0,,,,,
SGV032,2020,B,Human,SGV066,2022,B,Human,18,0,0,,,,,
SGV033,2020,B,Human,SGV066,2022,B,Human,8,0,0,,,,,
SGV034,2020,B,Human,SGV066,2022,B,Human,19,0,0,,,,,
SGV035,2020,B,Feline,SGV066,2022,B,Human,6,1,0,,,,,
SGV036,2020,B,Bovine,SGV066,2022,B,Human,6,1,0,,,,,
SGV037,2020,B,Bovine,SGV066,2022,B,Human,7,1,0,,,,,
SGV038,2020,B,Bovine,SGV066,2022,B,Human,19,1,0,,,,,
SGV039,2020,B,Canine,SGV066,2022,B,Human,5,1,0,,,,,
SGV040,2020,B,Bovine,SGV066,2022,B,Human,19,1,0,,,,,
SGV041,2020,B,Bovine,SGV066,2022,B,Human,7,1,0,,,,,
SGV042,2020,B,Bovine,SGV066,2022,B,Human,17,1,0,,,,,
SGV043,2020,B,Bovine,SGV066,2022,B,Human,8,1,0,,,,,
SGV044,2020,B,Bovine,SGV066,2022,B,Human,8,1,0,,,,,
SGV045,2020,B,Canine,SGV066,2022,B,Human,20,1,0,,,,,
SGV046,2020,B,Bovine,SGV066,2022,B,Human,18,1,0,,,,,
SGV047,2021,B,Bovine,SGV066,2022,B,Human,12,1,0,,,,,
SGV048,2021,B,Bovine,SGV066,2022,B,Human,17,1,0,,,,,
SGV049,2021,B,Human,SGV066,2022,B,Human,18,0,0,,,,,
SGV050,2021,B,Human,SGV066,2022,B,Human,16,0,0,,,,,
SGV051,2021,B,Bovine,SGV066,2022,B,Human,21,1,0,,,,,
SGV052,2021,B,Canine,SGV066,2022,B,Human,15,1,0,,,,,
SGV053,2021,B,Bovine,SGV066,2022,B,Human,16,1,0,,,,,
SGV054,2020,B,Canine,SGV066,2022,B,Human,6,1,0,,,,,
SGV055,2021,B,Bovine,SGV066,2022,B,Human,16,1,0,,,,,
SGV056,2021,B,Canine,SGV066,2022,B,Human,17,1,0,,,,,
SGV057,2021,B,Bovine,SGV066,2022,B,Human,15,1,0,,,,,
SGV058,2021,B,Canine,SGV066,2022,B,Human,15,1,0,,,,,
SGV059,2021,B,Bovine,SGV066,2022,B,Human,13,1,0,,,,,
SGV060,2021,B,Bovine,SGV066,2022,B,Human,24,1,0,,,,,
SGV061,2021,B,Canine,SGV066,2022,B,Human,22,1,0,,,,,
SGV062,2021,B,Bovine,SGV066,2022,B,Human,13,1,0,,,,,
SGV063,2021,B,Ovine,SGV066,2022,B,Human,7,1,0,,,,,
SGV064,2021,B,Bovine,SGV066,2022,B,Human,20,1,0,,,,,
SGV065,2021,B,Canine,SGV066,2022,B,Human,17,1,0,,,,,
SGV066,2022,B,Human,SGV066,2022,B,Human,0,0,0,,,,,
SGV067,2022,B,Bovine,SGV066,2022,B,Human,19,1,0,,,,,
SGV068,2022,B,Canine,SGV066,2022,B,Human,13,1,0,,,,,
SGV069,2022,B,Bovine,SGV066,2022,B,Human,21,1,0,,,,,
SGV070,2022,B,Canine,SGV066,2022,B,Human,16,1,0,,,,,
SGV071,2022,B,Human,SGV066,2022,B,Human,9,0,0,,,,,
SGV072,2022,B,Feline,SGV066,2022,B,Human,17,1,0,,,,,
SGV073,2022,B,Canine,SGV066,2022,B,Human,16,1,0,,,,,
SGV075,2022,B,Bovine,SGV066,2022,B,Human,14,1,0,,,,,
SGV077,2022,B,Canine,SGV066,2022,B,Human,15,1,0,,,,,
SGV078,2022,B,Bovine,SGV066,2022,B,Human,14,1,0,,,,,
SGV079,2022,B,Canine,SGV066,2022,B,Human,23,1,0,,,,,
SGV080,2022,B,Equine,SGV066,2022,B,Human,17,1,0,,,,,
SGV004,2005,A,Bovine,SGV067,2022,B,Bovine,105,0,1,,,,,
SGV021,2019,B,Bovine,SGV067,2022,B,Bovine,15,0,0,,,,,
SGV022,2019,B,Bovine,SGV067,2022,B,Bovine,13,0,0,,,,,
SGV023,2019,B,Bovine,SGV067,2022,B,Bovine,17,0,0,,,,,
SGV025,2019,B,Bovine,SGV067,2022,B,Bovine,15,0,0,,,,,
SGV026,2019,B,Bovine,SGV067,2022,B,Bovine,15,0,0,,,,,
SGV028,2019,B,Bovine,SGV067,2022,B,Bovine,17,0,0,,,,,
SGV029,2019,B,Bovine,SGV067,2022,B,Bovine,16,0,0,,,,,
SGV030,2020,B,Bovine,SGV067,2022,B,Bovine,20,0,0,,,,,
SGV031,2020,B,Bovine,SGV067,2022,B,Bovine,17,0,0,,,,,
SGV032,2020,B,Human,SGV067,2022,B,Bovine,19,1,0,,,,,
SGV033,2020,B,Human,SGV067,2022,B,Bovine,19,1,0,,,,,
SGV034,2020,B,Human,SGV067,2022,B,Bovine,20,1,0,,,,,
SGV035,2020,B,Feline,SGV067,2022,B,Bovine,15,1,0,,,,,
SGV036,2020,B,Bovine,SGV067,2022,B,Bovine,15,0,0,,,,,
SGV037,2020,B,Bovine,SGV067,2022,B,Bovine,18,0,0,,,,,
SGV038,2020,B,Bovine,SGV067,2022,B,Bovine,20,0,0,,,,,
SGV039,2020,B,Canine,SGV067,2022,B,Bovine,14,1,0,,,,,
SGV040,2020,B,Bovine,SGV067,2022,B,Bovine,22,0,0,,,,,
SGV041,2020,B,Bovine,SGV067,2022,B,Bovine,18,0,0,,,,,
SGV042,2020,B,Bovine,SGV067,2022,B,Bovine,18,0,0,,,,,
SGV043,2020,B,Bovine,SGV067,2022,B,Bovine,21,0,0,,,,,
SGV044,2020,B,Bovine,SGV067,2022,B,Bovine,19,0,0,,,,,
SGV045,2020,B,Canine,SGV067,2022,B,Bovine,21,1,0,,,,,
SGV046,2020,B,Bovine,SGV067,2022,B,Bovine,3,0,0,,,,,
SGV047,2021,B,Bovine,SGV067,2022,B,Bovine,23,0,0,,,,,
SGV048,2021,B,Bovine,SGV067,2022,B,Bovine,3,0,0,,,,,
SGV049,2021,B,Human,SGV067,2022,B,Bovine,19,1,0,,,,,
SGV050,2021,B,Human,SGV067,2022,B,Bovine,13,1,0,,,,,
SGV051,2021,B,Bovine,SGV067,2022,B,Bovine,22,0,0,,,,,
SGV052,2021,B,Canine,SGV067,2022,B,Bovine,12,1,0,,,,,
SGV053,2021,B,Bovine,SGV067,2022,B,Bovine,13,0,0,,,,,
SGV054,2020,B,Canine,SGV067,2022,B,Bovine,15,1,0,,,,,
SGV055,2021,B,Bovine,SGV067,2022,B,Bovine,14,0,0,,,,,
SGV056,2021,B,Canine,SGV067,2022,B,Bovine,14,1,0,,,,,
SGV057,2021,B,Bovine,SGV067,2022,B,Bovine,12,0,0,,,,,
SGV058,2021,B,Canine,SGV067,2022,B,Bovine,12,1,0,,,,,
SGV059,2021,B,Bovine,SGV067,2022,B,Bovine,10,0,0,,,,,
SGV060,2021,B,Bovine,SGV067,2022,B,Bovine,25,0,0,,,,,
SGV061,2021,B,Canine,SGV067,2022,B,Bovine,23,1,0,,,,,
SGV062,2021,B,Bovine,SGV067,2022,B,Bovine,12,0,0,,,,,
SGV063,2021,B,Ovine,SGV067,2022,B,Bovine,18,1,0,,,,,
SGV064,2021,B,Bovine,SGV067,2022,B,Bovine,21,0,0,,,,,
SGV065,2021,B,Canine,SGV067,2022,B,Bovine,18,1,0,,,,,
SGV066,2022,B,Human,SGV067,2022,B,Bovine,19,1,0,,,,,
SGV067,2022,B,Bovine,SGV067,2022,B,Bovine,0,0,0,,,,,
SGV068,2022,B,Canine,SGV067,2022,B,Bovine,24,1,0,,,,,
SGV069,2022,B,Bovine,SGV067,2022,B,Bovine,22,0,0,,,,,
SGV070,2022,B,Canine,SGV067,2022,B,Bovine,13,1,0,,,,,
SGV071,2022,B,Human,SGV067,2022,B,Bovine,10,1,0,,,,,
SGV072,2022,B,Feline,SGV067,2022,B,Bovine,18,1,0,,,,,
SGV073,2022,B,Canine,SGV067,2022,B,Bovine,13,1,0,,,,,
SGV075,2022,B,Bovine,SGV067,2022,B,Bovine,11,0,0,,,,,
SGV077,2022,B,Canine,SGV067,2022,B,Bovine,10,1,0,,,,,
SGV078,2022,B,Bovine,SGV067,2022,B,Bovine,11,0,0,,,,,
SGV079,2022,B,Canine,SGV067,2022,B,Bovine,24,1,0,,,,,
SGV080,2022,B,Equine,SGV067,2022,B,Bovine,14,1,0,,,,,
SGV004,2005,A,Bovine,SGV068,2022,B,Canine,109,1,1,,,,,
SGV021,2019,B,Bovine,SGV068,2022,B,Canine,9,1,0,,,,,
SGV022,2019,B,Bovine,SGV068,2022,B,Canine,21,1,0,,,,,
SGV023,2019,B,Bovine,SGV068,2022,B,Canine,21,1,0,,,,,
SGV025,2019,B,Bovine,SGV068,2022,B,Canine,9,1,0,,,,,
SGV026,2019,B,Bovine,SGV068,2022,B,Canine,11,1,0,,,,,
SGV028,2019,B,Bovine,SGV068,2022,B,Canine,21,1,0,,,,,
SGV029,2019,B,Bovine,SGV068,2022,B,Canine,10,1,0,,,,,
SGV030,2020,B,Bovine,SGV068,2022,B,Canine,14,1,0,,,,,
SGV031,2020,B,Bovine,SGV068,2022,B,Canine,21,1,0,,,,,
SGV032,2020,B,Human,SGV068,2022,B,Canine,23,1,0,,,,,
SGV033,2020,B,Human,SGV068,2022,B,Canine,13,1,0,,,,,
SGV034,2020,B,Human,SGV068,2022,B,Canine,24,1,0,,,,,
SGV035,2020,B,Feline,SGV068,2022,B,Canine,9,1,0,,,,,
SGV036,2020,B,Bovine,SGV068,2022,B,Canine,11,1,0,,,,,
SGV037,2020,B,Bovine,SGV068,2022,B,Canine,8,1,0,,,,,
SGV038,2020,B,Bovine,SGV068,2022,B,Canine,24,1,0,,,,,
SGV039,2020,B,Canine,SGV068,2022,B,Canine,10,0,0,,,,,
SGV040,2020,B,Bovine,SGV068,2022,B,Canine,24,1,0,,,,,
SGV041,2020,B,Bovine,SGV068,2022,B,Canine,12,1,0,,,,,
SGV042,2020,B,Bovine,SGV068,2022,B,Canine,22,1,0,,,,,
SGV043,2020,B,Bovine,SGV068,2022,B,Canine,15,1,0,,,,,
SGV044,2020,B,Bovine,SGV068,2022,B,Canine,13,1,0,,,,,
SGV045,2020,B,Canine,SGV068,2022,B,Canine,25,0,0,,,,,
SGV046,2020,B,Bovine,SGV068,2022,B,Canine,23,1,0,,,,,
SGV047,2021,B,Bovine,SGV068,2022,B,Canine,1,1,0,,,,,
SGV048,2021,B,Bovine,SGV068,2022,B,Canine,22,1,0,,,,,
SGV049,2021,B,Human,SGV068,2022,B,Canine,23,1,0,,,,,
SGV050,2021,B,Human,SGV068,2022,B,Canine,21,1,0,,,,,
SGV051,2021,B,Bovine,SGV068,2022,B,Canine,26,1,0,,,,,
SGV052,2021,B,Canine,SGV068,2022,B,Canine,20,0,0,,,,,
SGV053,2021,B,Bovine,SGV068,2022,B,Canine,21,1,0,,,,,
SGV054,2020,B,Canine,SGV068,2022,B,Canine,11,0,0,,,,,
SGV055,2021,B,Bovine,SGV068,2022,B,Canine,21,1,0,,,,,
SGV056,2021,B,Canine,SGV068,2022,B,Canine,22,0,0,,,,,
SGV057,2021,B,Bovine,SGV068,2022,B,Canine,20,1,0,,,,,
SGV058,2021,B,Canine,SGV068,2022,B,Canine,20,0,0,,,,,
SGV059,2021,B,Bovine,SGV068,2022,B,Canine,18,1,0,,,,,
SGV060,2021,B,Bovine,SGV068,2022,B,Canine,29,1,0,,,,,
SGV061,2021,B,Canine,SGV068,2022,B,Canine,27,0,0,,,,,
SGV062,2021,B,Bovine,SGV068,2022,B,Canine,18,1,0,,,,,
SGV063,2021,B,Ovine,SGV068,2022,B,Canine,12,1,0,,,,,
SGV064,2021,B,Bovine,SGV068,2022,B,Canine,25,1,0,,,,,
SGV065,2021,B,Canine,SGV068,2022,B,Canine,22,0,0,,,,,
SGV066,2022,B,Human,SGV068,2022,B,Canine,13,1,0,,,,,
SGV067,2022,B,Bovine,SGV068,2022,B,Canine,24,1,0,,,,,
SGV068,2022,B,Canine,SGV068,2022,B,Canine,0,0,0,,,,,
SGV069,2022,B,Bovine,SGV068,2022,B,Canine,26,1,0,,,,,
SGV070,2022,B,Canine,SGV068,2022,B,Canine,21,0,0,,,,,
SGV071,2022,B,Human,SGV068,2022,B,Canine,14,1,0,,,,,
SGV072,2022,B,Feline,SGV068,2022,B,Canine,22,1,0,,,,,
SGV073,2022,B,Canine,SGV068,2022,B,Canine,21,0,0,,,,,
SGV075,2022,B,Bovine,SGV068,2022,B,Canine,19,1,0,,,,,
SGV077,2022,B,Canine,SGV068,2022,B,Canine,20,0,0,,,,,
SGV078,2022,B,Bovine,SGV068,2022,B,Canine,19,1,0,,,,,
SGV079,2022,B,Canine,SGV068,2022,B,Canine,28,0,0,,,,,
SGV080,2022,B,Equine,SGV068,2022,B,Canine,22,1,0,,,,,
SGV004,2005,A,Bovine,SGV069,2022,B,Bovine,105,0,1,,,,,
SGV021,2019,B,Bovine,SGV069,2022,B,Bovine,17,0,0,,,,,
SGV022,2019,B,Bovine,SGV069,2022,B,Bovine,19,0,0,,,,,
SGV023,2019,B,Bovine,SGV069,2022,B,Bovine,9,0,0,,,,,
SGV025,2019,B,Bovine,SGV069,2022,B,Bovine,17,0,0,,,,,
SGV026,2019,B,Bovine,SGV069,2022,B,Bovine,17,0,0,,,,,
SGV028,2019,B,Bovine,SGV069,2022,B,Bovine,11,0,0,,,,,
SGV029,2019,B,Bovine,SGV069,2022,B,Bovine,17,0,0,,,,,
SGV030,2020,B,Bovine,SGV069,2022,B,Bovine,21,0,0,,,,,
SGV031,2020,B,Bovine,SGV069,2022,B,Bovine,5,0,0,,,,,
SGV032,2020,B,Human,SGV069,2022,B,Bovine,9,1,0,,,,,
SGV033,2020,B,Human,SGV069,2022,B,Bovine,21,1,0,,,,,
SGV034,2020,B,Human,SGV069,2022,B,Bovine,14,1,0,,,,,
SGV035,2020,B,Feline,SGV069,2022,B,Bovine,17,1,0,,,,,
SGV036,2020,B,Bovine,SGV069,2022,B,Bovine,17,0,0,,,,,
SGV037,2020,B,Bovine,SGV069,2022,B,Bovine,20,0,0,,,,,
SGV038,2020,B,Bovine,SGV069,2022,B,Bovine,12,0,0,,,,,
SGV039,2020,B,Canine,SGV069,2022,B,Bovine,16,1,0,,,,,
SGV040,2020,B,Bovine,SGV069,2022,B,Bovine,12,0,0,,,,,
SGV041,2020,B,Bovine,SGV069,2022,B,Bovine,20,0,0,,,,,
SGV042,2020,B,Bovine,SGV069,2022,B,Bovine,20,0,0,,,,,
SGV043,2020,B,Bovine,SGV069,2022,B,Bovine,23,0,0,,,,,
SGV044,2020,B,Bovine,SGV069,2022,B,Bovine,21,0,0,,,,,
SGV045,2020,B,Canine,SGV069,2022,B,Bovine,15,1,0,,,,,
SGV046,2020,B,Bovine,SGV069,2022,B,Bovine,21,0,0,,,,,
SGV047,2021,B,Bovine,SGV069,2022,B,Bovine,25,0,0,,,,,
SGV048,2021,B,Bovine,SGV069,2022,B,Bovine,21,0,0,,,,,
SGV049,2021,B,Human,SGV069,2022,B,Bovine,13,1,0,,,,,
SGV050,2021,B,Human,SGV069,2022,B,Bovine,19,1,0,,,,,
SGV051,2021,B,Bovine,SGV069,2022,B,Bovine,12,0,0,,,,,
SGV052,2021,B,Canine,SGV069,2022,B,Bovine,18,1,0,,,,,
SGV053,2021,B,Bovine,SGV069,2022,B,Bovine,19,0,0,,,,,
SGV054,2020,B,Canine,SGV069,2022,B,Bovine,17,1,0,,,,,
SGV055,2021,B,Bovine,SGV069,2022,B,Bovine,20,0,0,,,,,
SGV056,2021,B,Canine,SGV069,2022,B,Bovine,20,1,0,,,,,
SGV057,2021,B,Bovine,SGV069,2022,B,Bovine,18,0,0,,,,,
SGV058,2021,B,Canine,SGV069,2022,B,Bovine,18,1,0,,,,,
SGV059,2021,B,Bovine,SGV069,2022,B,Bovine,16,0,0,,,,,
SGV060,2021,B,Bovine,SGV069,2022,B,Bovine,19,0,0,,,,,
SGV061,2021,B,Canine,SGV069,2022,B,Bovine,25,1,0,,,,,
SGV062,2021,B,Bovine,SGV069,2022,B,Bovine,18,0,0,,,,,
SGV063,2021,B,Ovine,SGV069,2022,B,Bovine,20,1,0,,,,,
SGV064,2021,B,Bovine,SGV069,2022,B,Bovine,11,0,0,,,,,
SGV065,2021,B,Canine,SGV069,2022,B,Bovine,20,1,0,,,,,
SGV066,2022,B,Human,SGV069,2022,B,Bovine,21,1,0,,,,,
SGV067,2022,B,Bovine,SGV069,2022,B,Bovine,22,0,0,,,,,
SGV068,2022,B,Canine,SGV069,2022,B,Bovine,26,1,0,,,,,
SGV069,2022,B,Bovine,SGV069,2022,B,Bovine,0,0,0,,,,,
SGV070,2022,B,Canine,SGV069,2022,B,Bovine,19,1,0,,,,,
SGV071,2022,B,Human,SGV069,2022,B,Bovine,12,1,0,,,,,
SGV072,2022,B,Feline,SGV069,2022,B,Bovine,12,1,0,,,,,
SGV073,2022,B,Canine,SGV069,2022,B,Bovine,19,1,0,,,,,
SGV075,2022,B,Bovine,SGV069,2022,B,Bovine,17,0,0,,,,,
SGV077,2022,B,Canine,SGV069,2022,B,Bovine,18,1,0,,,,,
SGV078,2022,B,Bovine,SGV069,2022,B,Bovine,17,0,0,,,,,
SGV079,2022,B,Canine,SGV069,2022,B,Bovine,14,1,0,,,,,
SGV080,2022,B,Equine,SGV069,2022,B,Bovine,20,1,0,,,,,
SGV004,2005,A,Bovine,SGV070,2022,B,Canine,102,1,1,,,,,
SGV021,2019,B,Bovine,SGV070,2022,B,Canine,12,1,0,,,,,
SGV022,2019,B,Bovine,SGV070,2022,B,Canine,10,1,0,,,,,
SGV023,2019,B,Bovine,SGV070,2022,B,Canine,14,1,0,,,,,
SGV025,2019,B,Bovine,SGV070,2022,B,Canine,12,1,0,,,,,
SGV026,2019,B,Bovine,SGV070,2022,B,Canine,12,1,0,,,,,
SGV028,2019,B,Bovine,SGV070,2022,B,Canine,14,1,0,,,,,
SGV029,2019,B,Bovine,SGV070,2022,B,Canine,13,1,0,,,,,
SGV030,2020,B,Bovine,SGV070,2022,B,Canine,17,1,0,,,,,
SGV031,2020,B,Bovine,SGV070,2022,B,Canine,14,1,0,,,,,
SGV032,2020,B,Human,SGV070,2022,B,Canine,16,1,0,,,,,
SGV033,2020,B,Human,SGV070,2022,B,Canine,16,1,0,,,,,
SGV034,2020,B,Human,SGV070,2022,B,Canine,17,1,0,,,,,
SGV035,2020,B,Feline,SGV070,2022,B,Canine,12,1,0,,,,,
SGV036,2020,B,Bovine,SGV070,2022,B,Canine,12,1,0,,,,,
SGV037,2020,B,Bovine,SGV070,2022,B,Canine,15,1,0,,,,,
SGV038,2020,B,Bovine,SGV070,2022,B,Canine,17,1,0,,,,,
SGV039,2020,B,Canine,SGV070,2022,B,Canine,11,0,0,,,,,
SGV040,2020,B,Bovine,SGV070,2022,B,Canine,19,1,0,,,,,
SGV041,2020,B,Bovine,SGV070,2022,B,Canine,15,1,0,,,,,
SGV042,2020,B,Bovine,SGV070,2022,B,Canine,15,1,0,,,,,
SGV043,2020,B,Bovine,SGV070,2022,B,Canine,18,1,0,,,,,
SGV044,2020,B,Bovine,SGV070,2022,B,Canine,16,1,0,,,,,
SGV045,2020,B,Canine,SGV070,2022,B,Canine,18,0,0,,,,,
SGV046,2020,B,Bovine,SGV070,2022,B,Canine,12,1,0,,,,,
SGV047,2021,B,Bovine,SGV070,2022,B,Canine,20,1,0,,,,,
SGV048,2021,B,Bovine,SGV070,2022,B,Canine,12,1,0,,,,,
SGV049,2021,B,Human,SGV070,2022,B,Canine,16,1,0,,,,,
SGV050,2021,B,Human,SGV070,2022,B,Canine,10,1,0,,,,,
SGV051,2021,B,Bovine,SGV070,2022,B,Canine,19,1,0,,,,,
SGV052,2021,B,Canine,SGV070,2022,B,Canine,9,0,0,,,,,
SGV053,2021,B,Bovine,SGV070,2022,B,Canine,10,1,0,,,,,
SGV054,2020,B,Canine,SGV070,2022,B,Canine,12,0,0,,,,,
SGV055,2021,B,Bovine,SGV070,2022,B,Canine,11,1,0,,,,,
SGV056,2021,B,Canine,SGV070,2022,B,Canine,11,0,0,,,,,
SGV057,2021,B,Bovine,SGV070,2022,B,Canine,9,1,0,,,,,
SGV058,2021,B,Canine,SGV070,2022,B,Canine,9,0,0,,,,,
SGV059,2021,B,Bovine,SGV070,2022,B,Canine,7,1,0,,,,,
SGV060,2021,B,Bovine,SGV070,2022,B,Canine,22,1,0,,,,,
SGV061,2021,B,Canine,SGV070,2022,B,Canine,20,0,0,,,,,
SGV062,2021,B,Bovine,SGV070,2022,B,Canine,9,1,0,,,,,
SGV063,2021,B,Ovine,SGV070,2022,B,Canine,15,1,0,,,,,
SGV064,2021,B,Bovine,SGV070,2022,B,Canine,18,1,0,,,,,
SGV065,2021,B,Canine,SGV070,2022,B,Canine,15,0,0,,,,,
SGV066,2022,B,Human,SGV070,2022,B,Canine,16,1,0,,,,,
SGV067,2022,B,Bovine,SGV070,2022,B,Canine,13,1,0,,,,,
SGV068,2022,B,Canine,SGV070,2022,B,Canine,21,0,0,,,,,
SGV069,2022,B,Bovine,SGV070,2022,B,Canine,19,1,0,,,,,
SGV070,2022,B,Canine,SGV070,2022,B,Canine,0,0,0,,,,,
SGV071,2022,B,Human,SGV070,2022,B,Canine,7,1,0,,,,,
SGV072,2022,B,Feline,SGV070,2022,B,Canine,15,1,0,,,,,
SGV073,2022,B,Canine,SGV070,2022,B,Canine,10,0,0,,,,,
SGV075,2022,B,Bovine,SGV070,2022,B,Canine,8,1,0,,,,,
SGV077,2022,B,Canine,SGV070,2022,B,Canine,9,0,0,,,,,
SGV078,2022,B,Bovine,SGV070,2022,B,Canine,8,1,0,,,,,
SGV079,2022,B,Canine,SGV070,2022,B,Canine,21,0,0,,,,,
SGV080,2022,B,Equine,SGV070,2022,B,Canine,11,1,0,,,,,
SGV004,2005,A,Bovine,SGV071,2022,B,Human,95,1,1,,,,,
SGV021,2019,B,Bovine,SGV071,2022,B,Human,5,1,0,,,,,
SGV022,2019,B,Bovine,SGV071,2022,B,Human,7,1,0,,,,,
SGV023,2019,B,Bovine,SGV071,2022,B,Human,7,1,0,,,,,
SGV025,2019,B,Bovine,SGV071,2022,B,Human,5,1,0,,,,,
SGV026,2019,B,Bovine,SGV071,2022,B,Human,5,1,0,,,,,
SGV028,2019,B,Bovine,SGV071,2022,B,Human,7,1,0,,,,,
SGV029,2019,B,Bovine,SGV071,2022,B,Human,6,1,0,,,,,
SGV030,2020,B,Bovine,SGV071,2022,B,Human,10,1,0,,,,,
SGV031,2020,B,Bovine,SGV071,2022,B,Human,7,1,0,,,,,
SGV032,2020,B,Human,SGV071,2022,B,Human,9,0,0,,,,,
SGV033,2020,B,Human,SGV071,2022,B,Human,9,0,0,,,,,
SGV034,2020,B,Human,SGV071,2022,B,Human,10,0,0,,,,,
SGV035,2020,B,Feline,SGV071,2022,B,Human,5,1,0,,,,,
SGV036,2020,B,Bovine,SGV071,2022,B,Human,5,1,0,,,,,
SGV037,2020,B,Bovine,SGV071,2022,B,Human,8,1,0,,,,,
SGV038,2020,B,Bovine,SGV071,2022,B,Human,10,1,0,,,,,
SGV039,2020,B,Canine,SGV071,2022,B,Human,4,1,0,,,,,
SGV040,2020,B,Bovine,SGV071,2022,B,Human,12,1,0,,,,,
SGV041,2020,B,Bovine,SGV071,2022,B,Human,8,1,0,,,,,
SGV042,2020,B,Bovine,SGV071,2022,B,Human,8,1,0,,,,,
SGV043,2020,B,Bovine,SGV071,2022,B,Human,11,1,0,,,,,
SGV044,2020,B,Bovine,SGV071,2022,B,Human,9,1,0,,,,,
SGV045,2020,B,Canine,SGV071,2022,B,Human,11,1,0,,,,,
SGV046,2020,B,Bovine,SGV071,2022,B,Human,9,1,0,,,,,
SGV047,2021,B,Bovine,SGV071,2022,B,Human,13,1,0,,,,,
SGV048,2021,B,Bovine,SGV071,2022,B,Human,9,1,0,,,,,
SGV049,2021,B,Human,SGV071,2022,B,Human,9,0,0,,,,,
SGV050,2021,B,Human,SGV071,2022,B,Human,7,0,0,,,,,
SGV051,2021,B,Bovine,SGV071,2022,B,Human,12,1,0,,,,,
SGV052,2021,B,Canine,SGV071,2022,B,Human,6,1,0,,,,,
SGV053,2021,B,Bovine,SGV071,2022,B,Human,7,1,0,,,,,
SGV054,2020,B,Canine,SGV071,2022,B,Human,5,1,0,,,,,
SGV055,2021,B,Bovine,SGV071,2022,B,Human,8,1,0,,,,,
SGV056,2021,B,Canine,SGV071,2022,B,Human,8,1,0,,,,,
SGV057,2021,B,Bovine,SGV071,2022,B,Human,6,1,0,,,,,
SGV058,2021,B,Canine,SGV071,2022,B,Human,6,1,0,,,,,
SGV059,2021,B,Bovine,SGV071,2022,B,Human,4,1,0,,,,,
SGV060,2021,B,Bovine,SGV071,2022,B,Human,15,1,0,,,,,
SGV061,2021,B,Canine,SGV071,2022,B,Human,13,1,0,,,,,
SGV062,2021,B,Bovine,SGV071,2022,B,Human,6,1,0,,,,,
SGV063,2021,B,Ovine,SGV071,2022,B,Human,8,1,0,,,,,
SGV064,2021,B,Bovine,SGV071,2022,B,Human,11,1,0,,,,,
SGV065,2021,B,Canine,SGV071,2022,B,Human,8,1,0,,,,,
SGV066,2022,B,Human,SGV071,2022,B,Human,9,0,0,,,,,
SGV067,2022,B,Bovine,SGV071,2022,B,Human,10,1,0,,,,,
SGV068,2022,B,Canine,SGV071,2022,B,Human,14,1,0,,,,,
SGV069,2022,B,Bovine,SGV071,2022,B,Human,12,1,0,,,,,
SGV070,2022,B,Canine,SGV071,2022,B,Human,7,1,0,,,,,
SGV071,2022,B,Human,SGV071,2022,B,Human,0,0,0,,,,,
SGV072,2022,B,Feline,SGV071,2022,B,Human,8,1,0,,,,,
SGV073,2022,B,Canine,SGV071,2022,B,Human,7,1,0,,,,,
SGV075,2022,B,Bovine,SGV071,2022,B,Human,5,1,0,,,,,
SGV077,2022,B,Canine,SGV071,2022,B,Human,6,1,0,,,,,
SGV078,2022,B,Bovine,SGV071,2022,B,Human,5,1,0,,,,,
SGV079,2022,B,Canine,SGV071,2022,B,Human,14,1,0,,,,,
SGV080,2022,B,Equine,SGV071,2022,B,Human,8,1,0,,,,,
SGV004,2005,A,Bovine,SGV072,2022,B,Feline,101,1,1,,,,,
SGV021,2019,B,Bovine,SGV072,2022,B,Feline,13,1,0,,,,,
SGV022,2019,B,Bovine,SGV072,2022,B,Feline,15,1,0,,,,,
SGV023,2019,B,Bovine,SGV072,2022,B,Feline,7,1,0,,,,,
SGV025,2019,B,Bovine,SGV072,2022,B,Feline,13,1,0,,,,,
SGV026,2019,B,Bovine,SGV072,2022,B,Feline,13,1,0,,,,,
SGV028,2019,B,Bovine,SGV072,2022,B,Feline,1,1,0,,,,,
SGV029,2019,B,Bovine,SGV072,2022,B,Feline,14,1,0,,,,,
SGV030,2020,B,Bovine,SGV072,2022,B,Feline,18,1,0,,,,,
SGV031,2020,B,Bovine,SGV072,2022,B,Feline,7,1,0,,,,,
SGV032,2020,B,Human,SGV072,2022,B,Feline,9,1,0,,,,,
SGV033,2020,B,Human,SGV072,2022,B,Feline,17,1,0,,,,,
SGV034,2020,B,Human,SGV072,2022,B,Feline,4,1,0,,,,,
SGV035,2020,B,Feline,SGV072,2022,B,Feline,13,0,0,,,,,
SGV036,2020,B,Bovine,SGV072,2022,B,Feline,13,1,0,,,,,
SGV037,2020,B,Bovine,SGV072,2022,B,Feline,16,1,0,,,,,
SGV038,2020,B,Bovine,SGV072,2022,B,Feline,10,1,0,,,,,
SGV039,2020,B,Canine,SGV072,2022,B,Feline,12,1,0,,,,,
SGV040,2020,B,Bovine,SGV072,2022,B,Feline,12,1,0,,,,,
SGV041,2020,B,Bovine,SGV072,2022,B,Feline,16,1,0,,,,,
SGV042,2020,B,Bovine,SGV072,2022,B,Feline,16,1,0,,,,,
SGV043,2020,B,Bovine,SGV072,2022,B,Feline,19,1,0,,,,,
SGV044,2020,B,Bovine,SGV072,2022,B,Feline,17,1,0,,,,,
SGV045,2020,B,Canine,SGV072,2022,B,Feline,5,1,0,,,,,
SGV046,2020,B,Bovine,SGV072,2022,B,Feline,17,1,0,,,,,
SGV047,2021,B,Bovine,SGV072,2022,B,Feline,21,1,0,,,,,
SGV048,2021,B,Bovine,SGV072,2022,B,Feline,17,1,0,,,,,
SGV049,2021,B,Human,SGV072,2022,B,Feline,3,1,0,,,,,
SGV050,2021,B,Human,SGV072,2022,B,Feline,15,1,0,,,,,
SGV051,2021,B,Bovine,SGV072,2022,B,Feline,12,1,0,,,,,
SGV052,2021,B,Canine,SGV072,2022,B,Feline,14,1,0,,,,,
SGV053,2021,B,Bovine,SGV072,2022,B,Feline,15,1,0,,,,,
SGV054,2020,B,Canine,SGV072,2022,B,Feline,13,1,0,,,,,
SGV055,2021,B,Bovine,SGV072,2022,B,Feline,16,1,0,,,,,
SGV056,2021,B,Canine,SGV072,2022,B,Feline,16,1,0,,,,,
SGV057,2021,B,Bovine,SGV072,2022,B,Feline,14,1,0,,,,,
SGV058,2021,B,Canine,SGV072,2022,B,Feline,14,1,0,,,,,
SGV059,2021,B,Bovine,SGV072,2022,B,Feline,12,1,0,,,,,
SGV060,2021,B,Bovine,SGV072,2022,B,Feline,9,1,0,,,,,
SGV061,2021,B,Canine,SGV072,2022,B,Feline,21,1,0,,,,,
SGV062,2021,B,Bovine,SGV072,2022,B,Feline,14,1,0,,,,,
SGV063,2021,B,Ovine,SGV072,2022,B,Feline,16,1,0,,,,,
SGV064,2021,B,Bovine,SGV072,2022,B,Feline,11,1,0,,,,,
SGV065,2021,B,Canine,SGV072,2022,B,Feline,16,1,0,,,,,
SGV066,2022,B,Human,SGV072,2022,B,Feline,17,1,0,,,,,
SGV067,2022,B,Bovine,SGV072,2022,B,Feline,18,1,0,,,,,
SGV068,2022,B,Canine,SGV072,2022,B,Feline,22,1,0,,,,,
SGV069,2022,B,Bovine,SGV072,2022,B,Feline,12,1,0,,,,,
SGV070,2022,B,Canine,SGV072,2022,B,Feline,15,1,0,,,,,
SGV071,2022,B,Human,SGV072,2022,B,Feline,8,1,0,,,,,
SGV072,2022,B,Feline,SGV072,2022,B,Feline,0,0,0,,,,,
SGV073,2022,B,Canine,SGV072,2022,B,Feline,15,1,0,,,,,
SGV075,2022,B,Bovine,SGV072,2022,B,Feline,13,1,0,,,,,
SGV077,2022,B,Canine,SGV072,2022,B,Feline,14,1,0,,,,,
SGV078,2022,B,Bovine,SGV072,2022,B,Feline,13,1,0,,,,,
SGV079,2022,B,Canine,SGV072,2022,B,Feline,14,1,0,,,,,
SGV080,2022,B,Equine,SGV072,2022,B,Feline,16,1,0,,,,,
SGV004,2005,A,Bovine,SGV073,2022,B,Canine,102,1,1,,,,,
SGV021,2019,B,Bovine,SGV073,2022,B,Canine,12,1,0,,,,,
SGV022,2019,B,Bovine,SGV073,2022,B,Canine,10,1,0,,,,,
SGV023,2019,B,Bovine,SGV073,2022,B,Canine,14,1,0,,,,,
SGV025,2019,B,Bovine,SGV073,2022,B,Canine,12,1,0,,,,,
SGV026,2019,B,Bovine,SGV073,2022,B,Canine,12,1,0,,,,,
SGV028,2019,B,Bovine,SGV073,2022,B,Canine,14,1,0,,,,,
SGV029,2019,B,Bovine,SGV073,2022,B,Canine,13,1,0,,,,,
SGV030,2020,B,Bovine,SGV073,2022,B,Canine,17,1,0,,,,,
SGV031,2020,B,Bovine,SGV073,2022,B,Canine,14,1,0,,,,,
SGV032,2020,B,Human,SGV073,2022,B,Canine,16,1,0,,,,,
SGV033,2020,B,Human,SGV073,2022,B,Canine,16,1,0,,,,,
SGV034,2020,B,Human,SGV073,2022,B,Canine,17,1,0,,,,,
SGV035,2020,B,Feline,SGV073,2022,B,Canine,12,1,0,,,,,
SGV036,2020,B,Bovine,SGV073,2022,B,Canine,12,1,0,,,,,
SGV037,2020,B,Bovine,SGV073,2022,B,Canine,15,1,0,,,,,
SGV038,2020,B,Bovine,SGV073,2022,B,Canine,17,1,0,,,,,
SGV039,2020,B,Canine,SGV073,2022,B,Canine,11,0,0,,,,,
SGV040,2020,B,Bovine,SGV073,2022,B,Canine,19,1,0,,,,,
SGV041,2020,B,Bovine,SGV073,2022,B,Canine,15,1,0,,,,,
SGV042,2020,B,Bovine,SGV073,2022,B,Canine,15,1,0,,,,,
SGV043,2020,B,Bovine,SGV073,2022,B,Canine,18,1,0,,,,,
SGV044,2020,B,Bovine,SGV073,2022,B,Canine,16,1,0,,,,,
SGV045,2020,B,Canine,SGV073,2022,B,Canine,18,0,0,,,,,
SGV046,2020,B,Bovine,SGV073,2022,B,Canine,12,1,0,,,,,
SGV047,2021,B,Bovine,SGV073,2022,B,Canine,20,1,0,,,,,
SGV048,2021,B,Bovine,SGV073,2022,B,Canine,12,1,0,,,,,
SGV049,2021,B,Human,SGV073,2022,B,Canine,16,1,0,,,,,
SGV050,2021,B,Human,SGV073,2022,B,Canine,10,1,0,,,,,
SGV051,2021,B,Bovine,SGV073,2022,B,Canine,19,1,0,,,,,
SGV052,2021,B,Canine,SGV073,2022,B,Canine,9,0,0,,,,,
SGV053,2021,B,Bovine,SGV073,2022,B,Canine,10,1,0,,,,,
SGV054,2020,B,Canine,SGV073,2022,B,Canine,12,0,0,,,,,
SGV055,2021,B,Bovine,SGV073,2022,B,Canine,11,1,0,,,,,
SGV056,2021,B,Canine,SGV073,2022,B,Canine,5,0,0,,,,,
SGV057,2021,B,Bovine,SGV073,2022,B,Canine,9,1,0,,,,,
SGV058,2021,B,Canine,SGV073,2022,B,Canine,9,0,0,,,,,
SGV059,2021,B,Bovine,SGV073,2022,B,Canine,7,1,0,,,,,
SGV060,2021,B,Bovine,SGV073,2022,B,Canine,22,1,0,,,,,
SGV061,2021,B,Canine,SGV073,2022,B,Canine,20,0,0,,,,,
SGV062,2021,B,Bovine,SGV073,2022,B,Canine,9,1,0,,,,,
SGV063,2021,B,Ovine,SGV073,2022,B,Canine,15,1,0,,,,,
SGV064,2021,B,Bovine,SGV073,2022,B,Canine,18,1,0,,,,,
SGV065,2021,B,Canine,SGV073,2022,B,Canine,15,0,0,,,,,
SGV066,2022,B,Human,SGV073,2022,B,Canine,16,1,0,,,,,
SGV067,2022,B,Bovine,SGV073,2022,B,Canine,13,1,0,,,,,
SGV068,2022,B,Canine,SGV073,2022,B,Canine,21,0,0,,,,,
SGV069,2022,B,Bovine,SGV073,2022,B,Canine,19,1,0,,,,,
SGV070,2022,B,Canine,SGV073,2022,B,Canine,10,0,0,,,,,
SGV071,2022,B,Human,SGV073,2022,B,Canine,7,1,0,,,,,
SGV072,2022,B,Feline,SGV073,2022,B,Canine,15,1,0,,,,,
SGV073,2022,B,Canine,SGV073,2022,B,Canine,0,0,0,,,,,
SGV075,2022,B,Bovine,SGV073,2022,B,Canine,8,1,0,,,,,
SGV077,2022,B,Canine,SGV073,2022,B,Canine,9,0,0,,,,,
SGV078,2022,B,Bovine,SGV073,2022,B,Canine,8,1,0,,,,,
SGV079,2022,B,Canine,SGV073,2022,B,Canine,21,0,0,,,,,
SGV080,2022,B,Equine,SGV073,2022,B,Canine,9,1,0,,,,,
SGV004,2005,A,Bovine,SGV075,2022,B,Bovine,100,0,1,,,,,
SGV021,2019,B,Bovine,SGV075,2022,B,Bovine,10,0,0,,,,,
SGV022,2019,B,Bovine,SGV075,2022,B,Bovine,8,0,0,,,,,
SGV023,2019,B,Bovine,SGV075,2022,B,Bovine,12,0,0,,,,,
SGV025,2019,B,Bovine,SGV075,2022,B,Bovine,10,0,0,,,,,
SGV026,2019,B,Bovine,SGV075,2022,B,Bovine,10,0,0,,,,,
SGV028,2019,B,Bovine,SGV075,2022,B,Bovine,12,0,0,,,,,
SGV029,2019,B,Bovine,SGV075,2022,B,Bovine,11,0,0,,,,,
SGV030,2020,B,Bovine,SGV075,2022,B,Bovine,15,0,0,,,,,
SGV031,2020,B,Bovine,SGV075,2022,B,Bovine,12,0,0,,,,,
SGV032,2020,B,Human,SGV075,2022,B,Bovine,14,1,0,,,,,
SGV033,2020,B,Human,SGV075,2022,B,Bovine,14,1,0,,,,,
SGV034,2020,B,Human,SGV075,2022,B,Bovine,15,1,0,,,,,
SGV035,2020,B,Feline,SGV075,2022,B,Bovine,10,1,0,,,,,
SGV036,2020,B,Bovine,SGV075,2022,B,Bovine,10,0,0,,,,,
SGV037,2020,B,Bovine,SGV075,2022,B,Bovine,13,0,0,,,,,
SGV038,2020,B,Bovine,SGV075,2022,B,Bovine,15,0,0,,,,,
SGV039,2020,B,Canine,SGV075,2022,B,Bovine,9,1,0,,,,,
SGV040,2020,B,Bovine,SGV075,2022,B,Bovine,17,0,0,,,,,
SGV041,2020,B,Bovine,SGV075,2022,B,Bovine,13,0,0,,,,,
SGV042,2020,B,Bovine,SGV075,2022,B,Bovine,13,0,0,,,,,
SGV043,2020,B,Bovine,SGV075,2022,B,Bovine,16,0,0,,,,,
SGV044,2020,B,Bovine,SGV075,2022,B,Bovine,14,0,0,,,,,
SGV045,2020,B,Canine,SGV075,2022,B,Bovine,16,1,0,,,,,
SGV046,2020,B,Bovine,SGV075,2022,B,Bovine,10,0,0,,,,,
SGV047,2021,B,Bovine,SGV075,2022,B,Bovine,18,0,0,,,,,
SGV048,2021,B,Bovine,SGV075,2022,B,Bovine,10,0,0,,,,,
SGV049,2021,B,Human,SGV075,2022,B,Bovine,14,1,0,,,,,
SGV050,2021,B,Human,SGV075,2022,B,Bovine,8,1,0,,,,,
SGV051,2021,B,Bovine,SGV075,2022,B,Bovine,17,0,0,,,,,
SGV052,2021,B,Canine,SGV075,2022,B,Bovine,7,1,0,,,,,
SGV053,2021,B,Bovine,SGV075,2022,B,Bovine,8,0,0,,,,,
SGV054,2020,B,Canine,SGV075,2022,B,Bovine,10,1,0,,,,,
SGV055,2021,B,Bovine,SGV075,2022,B,Bovine,9,0,0,,,,,
SGV056,2021,B,Canine,SGV075,2022,B,Bovine,9,1,0,,,,,
SGV057,2021,B,Bovine,SGV075,2022,B,Bovine,7,0,0,,,,,
SGV058,2021,B,Canine,SGV075,2022,B,Bovine,7,1,0,,,,,
SGV059,2021,B,Bovine,SGV075,2022,B,Bovine,5,0,0,,,,,
SGV060,2021,B,Bovine,SGV075,2022,B,Bovine,20,0,0,,,,,
SGV061,2021,B,Canine,SGV075,2022,B,Bovine,18,1,0,,,,,
SGV062,2021,B,Bovine,SGV075,2022,B,Bovine,7,0,0,,,,,
SGV063,2021,B,Ovine,SGV075,2022,B,Bovine,13,1,0,,,,,
SGV064,2021,B,Bovine,SGV075,2022,B,Bovine,16,0,0,,,,,
SGV065,2021,B,Canine,SGV075,2022,B,Bovine,13,1,0,,,,,
SGV066,2022,B,Human,SGV075,2022,B,Bovine,14,1,0,,,,,
SGV067,2022,B,Bovine,SGV075,2022,B,Bovine,11,0,0,,,,,
SGV068,2022,B,Canine,SGV075,2022,B,Bovine,19,1,0,,,,,
SGV069,2022,B,Bovine,SGV075,2022,B,Bovine,17,0,0,,,,,
SGV070,2022,B,Canine,SGV075,2022,B,Bovine,8,1,0,,,,,
SGV071,2022,B,Human,SGV075,2022,B,Bovine,5,1,0,,,,,
SGV072,2022,B,Feline,SGV075,2022,B,Bovine,13,1,0,,,,,
SGV073,2022,B,Canine,SGV075,2022,B,Bovine,8,1,0,,,,,
SGV075,2022,B,Bovine,SGV075,2022,B,Bovine,0,0,0,,,,,
SGV077,2022,B,Canine,SGV075,2022,B,Bovine,7,1,0,,,,,
SGV078,2022,B,Bovine,SGV075,2022,B,Bovine,6,0,0,,,,,
SGV079,2022,B,Canine,SGV075,2022,B,Bovine,19,1,0,,,,,
SGV080,2022,B,Equine,SGV075,2022,B,Bovine,9,1,0,,,,,
SGV004,2005,A,Bovine,SGV077,2022,B,Canine,101,1,1,,,,,
SGV021,2019,B,Bovine,SGV077,2022,B,Canine,11,1,0,,,,,
SGV022,2019,B,Bovine,SGV077,2022,B,Canine,9,1,0,,,,,
SGV023,2019,B,Bovine,SGV077,2022,B,Canine,13,1,0,,,,,
SGV025,2019,B,Bovine,SGV077,2022,B,Canine,11,1,0,,,,,
SGV026,2019,B,Bovine,SGV077,2022,B,Canine,11,1,0,,,,,
SGV028,2019,B,Bovine,SGV077,2022,B,Canine,13,1,0,,,,,
SGV029,2019,B,Bovine,SGV077,2022,B,Canine,12,1,0,,,,,
SGV030,2020,B,Bovine,SGV077,2022,B,Canine,16,1,0,,,,,
SGV031,2020,B,Bovine,SGV077,2022,B,Canine,13,1,0,,,,,
SGV032,2020,B,Human,SGV077,2022,B,Canine,15,1,0,,,,,
SGV033,2020,B,Human,SGV077,2022,B,Canine,15,1,0,,,,,
SGV034,2020,B,Human,SGV077,2022,B,Canine,16,1,0,,,,,
SGV035,2020,B,Feline,SGV077,2022,B,Canine,11,1,0,,,,,
SGV036,2020,B,Bovine,SGV077,2022,B,Canine,11,1,0,,,,,
SGV037,2020,B,Bovine,SGV077,2022,B,Canine,14,1,0,,,,,
SGV038,2020,B,Bovine,SGV077,2022,B,Canine,16,1,0,,,,,
SGV039,2020,B,Canine,SGV077,2022,B,Canine,10,0,0,,,,,
SGV040,2020,B,Bovine,SGV077,2022,B,Canine,18,1,0,,,,,
SGV041,2020,B,Bovine,SGV077,2022,B,Canine,14,1,0,,,,,
SGV042,2020,B,Bovine,SGV077,2022,B,Canine,14,1,0,,,,,
SGV043,2020,B,Bovine,SGV077,2022,B,Canine,17,1,0,,,,,
SGV044,2020,B,Bovine,SGV077,2022,B,Canine,15,1,0,,,,,
SGV045,2020,B,Canine,SGV077,2022,B,Canine,17,0,0,,,,,
SGV046,2020,B,Bovine,SGV077,2022,B,Canine,9,1,0,,,,,
SGV047,2021,B,Bovine,SGV077,2022,B,Canine,19,1,0,,,,,
SGV048,2021,B,Bovine,SGV077,2022,B,Canine,9,1,0,,,,,
SGV049,2021,B,Human,SGV077,2022,B,Canine,15,1,0,,,,,
SGV050,2021,B,Human,SGV077,2022,B,Canine,9,1,0,,,,,
SGV051,2021,B,Bovine,SGV077,2022,B,Canine,18,1,0,,,,,
SGV052,2021,B,Canine,SGV077,2022,B,Canine,8,0,0,,,,,
SGV053,2021,B,Bovine,SGV077,2022,B,Canine,9,1,0,,,,,
SGV054,2020,B,Canine,SGV077,2022,B,Canine,11,0,0,,,,,
SGV055,2021,B,Bovine,SGV077,2022,B,Canine,10,1,0,,,,,
SGV056,2021,B,Canine,SGV077,2022,B,Canine,10,0,0,,,,,
SGV057,2021,B,Bovine,SGV077,2022,B,Canine,8,1,0,,,,,
SGV058,2021,B,Canine,SGV077,2022,B,Canine,8,0,0,,,,,
SGV059,2021,B,Bovine,SGV077,2022,B,Canine,6,1,0,,,,,
SGV060,2021,B,Bovine,SGV077,2022,B,Canine,21,1,0,,,,,
SGV061,2021,B,Canine,SGV077,2022,B,Canine,19,0,0,,,,,
SGV062,2021,B,Bovine,SGV077,2022,B,Canine,8,1,0,,,,,
SGV063,2021,B,Ovine,SGV077,2022,B,Canine,14,1,0,,,,,
SGV064,2021,B,Bovine,SGV077,2022,B,Canine,17,1,0,,,,,
SGV065,2021,B,Canine,SGV077,2022,B,Canine,14,0,0,,,,,
SGV066,2022,B,Human,SGV077,2022,B,Canine,15,1,0,,,,,
SGV067,2022,B,Bovine,SGV077,2022,B,Canine,10,1,0,,,,,
SGV068,2022,B,Canine,SGV077,2022,B,Canine,20,0,0,,,,,
SGV069,2022,B,Bovine,SGV077,2022,B,Canine,18,1,0,,,,,
SGV070,2022,B,Canine,SGV077,2022,B,Canine,9,0,0,,,,,
SGV071,2022,B,Human,SGV077,2022,B,Canine,6,1,0,,,,,
SGV072,2022,B,Feline,SGV077,2022,B,Canine,14,1,0,,,,,
SGV073,2022,B,Canine,SGV077,2022,B,Canine,9,0,0,,,,,
SGV075,2022,B,Bovine,SGV077,2022,B,Canine,7,1,0,,,,,
SGV077,2022,B,Canine,SGV077,2022,B,Canine,0,0,0,,,,,
SGV078,2022,B,Bovine,SGV077,2022,B,Canine,7,1,0,,,,,
SGV079,2022,B,Canine,SGV077,2022,B,Canine,20,0,0,,,,,
SGV080,2022,B,Equine,SGV077,2022,B,Canine,10,1,0,,,,,
SGV004,2005,A,Bovine,SGV078,2022,B,Bovine,100,0,1,,,,,
SGV021,2019,B,Bovine,SGV078,2022,B,Bovine,10,0,0,,,,,
SGV022,2019,B,Bovine,SGV078,2022,B,Bovine,8,0,0,,,,,
SGV023,2019,B,Bovine,SGV078,2022,B,Bovine,12,0,0,,,,,
SGV025,2019,B,Bovine,SGV078,2022,B,Bovine,10,0,0,,,,,
SGV026,2019,B,Bovine,SGV078,2022,B,Bovine,10,0,0,,,,,
SGV028,2019,B,Bovine,SGV078,2022,B,Bovine,12,0,0,,,,,
SGV029,2019,B,Bovine,SGV078,2022,B,Bovine,11,0,0,,,,,
SGV030,2020,B,Bovine,SGV078,2022,B,Bovine,15,0,0,,,,,
SGV031,2020,B,Bovine,SGV078,2022,B,Bovine,12,0,0,,,,,
SGV032,2020,B,Human,SGV078,2022,B,Bovine,14,1,0,,,,,
SGV033,2020,B,Human,SGV078,2022,B,Bovine,14,1,0,,,,,
SGV034,2020,B,Human,SGV078,2022,B,Bovine,15,1,0,,,,,
SGV035,2020,B,Feline,SGV078,2022,B,Bovine,10,1,0,,,,,
SGV036,2020,B,Bovine,SGV078,2022,B,Bovine,10,0,0,,,,,
SGV037,2020,B,Bovine,SGV078,2022,B,Bovine,13,0,0,,,,,
SGV038,2020,B,Bovine,SGV078,2022,B,Bovine,15,0,0,,,,,
SGV039,2020,B,Canine,SGV078,2022,B,Bovine,9,1,0,,,,,
SGV040,2020,B,Bovine,SGV078,2022,B,Bovine,17,0,0,,,,,
SGV041,2020,B,Bovine,SGV078,2022,B,Bovine,13,0,0,,,,,
SGV042,2020,B,Bovine,SGV078,2022,B,Bovine,13,0,0,,,,,
SGV043,2020,B,Bovine,SGV078,2022,B,Bovine,16,0,0,,,,,
SGV044,2020,B,Bovine,SGV078,2022,B,Bovine,14,0,0,,,,,
SGV045,2020,B,Canine,SGV078,2022,B,Bovine,16,1,0,,,,,
SGV046,2020,B,Bovine,SGV078,2022,B,Bovine,10,0,0,,,,,
SGV047,2021,B,Bovine,SGV078,2022,B,Bovine,18,0,0,,,,,
SGV048,2021,B,Bovine,SGV078,2022,B,Bovine,10,0,0,,,,,
SGV049,2021,B,Human,SGV078,2022,B,Bovine,14,1,0,,,,,
SGV050,2021,B,Human,SGV078,2022,B,Bovine,8,1,0,,,,,
SGV051,2021,B,Bovine,SGV078,2022,B,Bovine,17,0,0,,,,,
SGV052,2021,B,Canine,SGV078,2022,B,Bovine,7,1,0,,,,,
SGV053,2021,B,Bovine,SGV078,2022,B,Bovine,8,0,0,,,,,
SGV054,2020,B,Canine,SGV078,2022,B,Bovine,10,1,0,,,,,
SGV055,2021,B,Bovine,SGV078,2022,B,Bovine,9,0,0,,,,,
SGV056,2021,B,Canine,SGV078,2022,B,Bovine,9,1,0,,,,,
SGV057,2021,B,Bovine,SGV078,2022,B,Bovine,7,0,0,,,,,
SGV058,2021,B,Canine,SGV078,2022,B,Bovine,7,1,0,,,,,
SGV059,2021,B,Bovine,SGV078,2022,B,Bovine,5,0,0,,,,,
SGV060,2021,B,Bovine,SGV078,2022,B,Bovine,20,0,0,,,,,
SGV061,2021,B,Canine,SGV078,2022,B,Bovine,18,1,0,,,,,
SGV062,2021,B,Bovine,SGV078,2022,B,Bovine,7,0,0,,,,,
SGV063,2021,B,Ovine,SGV078,2022,B,Bovine,13,1,0,,,,,
SGV064,2021,B,Bovine,SGV078,2022,B,Bovine,16,0,0,,,,,
SGV065,2021,B,Canine,SGV078,2022,B,Bovine,13,1,0,,,,,
SGV066,2022,B,Human,SGV078,2022,B,Bovine,14,1,0,,,,,
SGV067,2022,B,Bovine,SGV078,2022,B,Bovine,11,0,0,,,,,
SGV068,2022,B,Canine,SGV078,2022,B,Bovine,19,1,0,,,,,
SGV069,2022,B,Bovine,SGV078,2022,B,Bovine,17,0,0,,,,,
SGV070,2022,B,Canine,SGV078,2022,B,Bovine,8,1,0,,,,,
SGV071,2022,B,Human,SGV078,2022,B,Bovine,5,1,0,,,,,
SGV072,2022,B,Feline,SGV078,2022,B,Bovine,13,1,0,,,,,
SGV073,2022,B,Canine,SGV078,2022,B,Bovine,8,1,0,,,,,
SGV075,2022,B,Bovine,SGV078,2022,B,Bovine,6,0,0,,,,,
SGV077,2022,B,Canine,SGV078,2022,B,Bovine,7,1,0,,,,,
SGV078,2022,B,Bovine,SGV078,2022,B,Bovine,0,0,0,,,,,
SGV079,2022,B,Canine,SGV078,2022,B,Bovine,19,1,0,,,,,
SGV080,2022,B,Equine,SGV078,2022,B,Bovine,9,1,0,,,,,
SGV004,2005,A,Bovine,SGV079,2022,B,Canine,106,1,1,,,,,
SGV021,2019,B,Bovine,SGV079,2022,B,Canine,19,1,0,,,,,
SGV022,2019,B,Bovine,SGV079,2022,B,Canine,21,1,0,,,,,
SGV023,2019,B,Bovine,SGV079,2022,B,Canine,11,1,0,,,,,
SGV025,2019,B,Bovine,SGV079,2022,B,Canine,19,1,0,,,,,
SGV026,2019,B,Bovine,SGV079,2022,B,Canine,19,1,0,,,,,
SGV028,2019,B,Bovine,SGV079,2022,B,Canine,13,1,0,,,,,
SGV029,2019,B,Bovine,SGV079,2022,B,Canine,18,1,0,,,,,
SGV030,2020,B,Bovine,SGV079,2022,B,Canine,23,1,0,,,,,
SGV031,2020,B,Bovine,SGV079,2022,B,Canine,9,1,0,,,,,
SGV032,2020,B,Human,SGV079,2022,B,Canine,11,1,0,,,,,
SGV033,2020,B,Human,SGV079,2022,B,Canine,23,1,0,,,,,
SGV034,2020,B,Human,SGV079,2022,B,Canine,16,1,0,,,,,
SGV035,2020,B,Feline,SGV079,2022,B,Canine,19,1,0,,,,,
SGV036,2020,B,Bovine,SGV079,2022,B,Canine,19,1,0,,,,,
SGV037,2020,B,Bovine,SGV079,2022,B,Canine,22,1,0,,,,,
SGV038,2020,B,Bovine,SGV079,2022,B,Canine,14,1,0,,,,,
SGV039,2020,B,Canine,SGV079,2022,B,Canine,18,0,0,,,,,
SGV040,2020,B,Bovine,SGV079,2022,B,Canine,12,1,0,,,,,
SGV041,2020,B,Bovine,SGV079,2022,B,Canine,22,1,0,,,,,
SGV042,2020,B,Bovine,SGV079,2022,B,Canine,22,1,0,,,,,
SGV043,2020,B,Bovine,SGV079,2022,B,Canine,25,1,0,,,,,
SGV044,2020,B,Bovine,SGV079,2022,B,Canine,23,1,0,,,,,
SGV045,2020,B,Canine,SGV079,2022,B,Canine,17,0,0,,,,,
SGV046,2020,B,Bovine,SGV079,2022,B,Canine,23,1,0,,,,,
SGV047,2021,B,Bovine,SGV079,2022,B,Canine,27,1,0,,,,,
SGV048,2021,B,Bovine,SGV079,2022,B,Canine,23,1,0,,,,,
SGV049,2021,B,Human,SGV079,2022,B,Canine,15,1,0,,,,,
SGV050,2021,B,Human,SGV079,2022,B,Canine,21,1,0,,,,,
SGV051,2021,B,Bovine,SGV079,2022,B,Canine,8,1,0,,,,,
SGV052,2021,B,Canine,SGV079,2022,B,Canine,20,0,0,,,,,
SGV053,2021,B,Bovine,SGV079,2022,B,Canine,21,1,0,,,,,
SGV054,2020,B,Canine,SGV079,2022,B,Canine,19,0,0,,,,,
SGV055,2021,B,Bovine,SGV079,2022,B,Canine,22,1,0,,,,,
SGV056,2021,B,Canine,SGV079,2022,B,Canine,22,0,0,,,,,
SGV057,2021,B,Bovine,SGV079,2022,B,Canine,20,1,0,,,,,
SGV058,2021,B,Canine,SGV079,2022,B,Canine,20,0,0,,,,,
SGV059,2021,B,Bovine,SGV079,2022,B,Canine,18,1,0,,,,,
SGV060,2021,B,Bovine,SGV079,2022,B,Canine,21,1,0,,,,,
SGV061,2021,B,Canine,SGV079,2022,B,Canine,27,0,0,,,,,
SGV062,2021,B,Bovine,SGV079,2022,B,Canine,20,1,0,,,,,
SGV063,2021,B,Ovine,SGV079,2022,B,Canine,22,1,0,,,,,
SGV064,2021,B,Bovine,SGV079,2022,B,Canine,11,1,0,,,,,
SGV065,2021,B,Canine,SGV079,2022,B,Canine,22,0,0,,,,,
SGV066,2022,B,Human,SGV079,2022,B,Canine,23,1,0,,,,,
SGV067,2022,B,Bovine,SGV079,2022,B,Canine,24,1,0,,,,,
SGV068,2022,B,Canine,SGV079,2022,B,Canine,28,0,0,,,,,
SGV069,2022,B,Bovine,SGV079,2022,B,Canine,14,1,0,,,,,
SGV070,2022,B,Canine,SGV079,2022,B,Canine,21,0,0,,,,,
SGV071,2022,B,Human,SGV079,2022,B,Canine,14,1,0,,,,,
SGV072,2022,B,Feline,SGV079,2022,B,Canine,14,1,0,,,,,
SGV073,2022,B,Canine,SGV079,2022,B,Canine,21,0,0,,,,,
SGV075,2022,B,Bovine,SGV079,2022,B,Canine,19,1,0,,,,,
SGV077,2022,B,Canine,SGV079,2022,B,Canine,20,0,0,,,,,
SGV078,2022,B,Bovine,SGV079,2022,B,Canine,19,1,0,,,,,
SGV079,2022,B,Canine,SGV079,2022,B,Canine,0,0,0,,,,,
SGV080,2022,B,Equine,SGV079,2022,B,Canine,22,1,0,,,,,
SGV004,2005,A,Bovine,SGV080,2022,B,Equine,103,1,1,,,,,
SGV021,2019,B,Bovine,SGV080,2022,B,Equine,13,1,0,,,,,
SGV022,2019,B,Bovine,SGV080,2022,B,Equine,11,1,0,,,,,
SGV023,2019,B,Bovine,SGV080,2022,B,Equine,15,1,0,,,,,
SGV025,2019,B,Bovine,SGV080,2022,B,Equine,13,1,0,,,,,
SGV026,2019,B,Bovine,SGV080,2022,B,Equine,13,1,0,,,,,
SGV028,2019,B,Bovine,SGV080,2022,B,Equine,15,1,0,,,,,
SGV029,2019,B,Bovine,SGV080,2022,B,Equine,13,1,0,,,,,
SGV030,2020,B,Bovine,SGV080,2022,B,Equine,18,1,0,,,,,
SGV031,2020,B,Bovine,SGV080,2022,B,Equine,15,1,0,,,,,
SGV032,2020,B,Human,SGV080,2022,B,Equine,17,1,0,,,,,
SGV033,2020,B,Human,SGV080,2022,B,Equine,17,1,0,,,,,
SGV034,2020,B,Human,SGV080,2022,B,Equine,18,1,0,,,,,
SGV035,2020,B,Feline,SGV080,2022,B,Equine,13,1,0,,,,,
SGV036,2020,B,Bovine,SGV080,2022,B,Equine,13,1,0,,,,,
SGV037,2020,B,Bovine,SGV080,2022,B,Equine,16,1,0,,,,,
SGV038,2020,B,Bovine,SGV080,2022,B,Equine,18,1,0,,,,,
SGV039,2020,B,Canine,SGV080,2022,B,Equine,12,1,0,,,,,
SGV040,2020,B,Bovine,SGV080,2022,B,Equine,20,1,0,,,,,
SGV041,2020,B,Bovine,SGV080,2022,B,Equine,16,1,0,,,,,
SGV042,2020,B,Bovine,SGV080,2022,B,Equine,16,1,0,,,,,
SGV043,2020,B,Bovine,SGV080,2022,B,Equine,19,1,0,,,,,
SGV044,2020,B,Bovine,SGV080,2022,B,Equine,17,1,0,,,,,
SGV045,2020,B,Canine,SGV080,2022,B,Equine,19,1,0,,,,,
SGV046,2020,B,Bovine,SGV080,2022,B,Equine,13,1,0,,,,,
SGV047,2021,B,Bovine,SGV080,2022,B,Equine,21,1,0,,,,,
SGV048,2021,B,Bovine,SGV080,2022,B,Equine,13,1,0,,,,,
SGV049,2021,B,Human,SGV080,2022,B,Equine,17,1,0,,,,,
SGV050,2021,B,Human,SGV080,2022,B,Equine,11,1,0,,,,,
SGV051,2021,B,Bovine,SGV080,2022,B,Equine,20,1,0,,,,,
SGV052,2021,B,Canine,SGV080,2022,B,Equine,10,1,0,,,,,
SGV053,2021,B,Bovine,SGV080,2022,B,Equine,11,1,0,,,,,
SGV054,2020,B,Canine,SGV080,2022,B,Equine,13,1,0,,,,,
SGV055,2021,B,Bovine,SGV080,2022,B,Equine,12,1,0,,,,,
SGV056,2021,B,Canine,SGV080,2022,B,Equine,10,1,0,,,,,
SGV057,2021,B,Bovine,SGV080,2022,B,Equine,10,1,0,,,,,
SGV058,2021,B,Canine,SGV080,2022,B,Equine,10,1,0,,,,,
SGV059,2021,B,Bovine,SGV080,2022,B,Equine,8,1,0,,,,,
SGV060,2021,B,Bovine,SGV080,2022,B,Equine,23,1,0,,,,,
SGV061,2021,B,Canine,SGV080,2022,B,Equine,21,1,0,,,,,
SGV062,2021,B,Bovine,SGV080,2022,B,Equine,10,1,0,,,,,
SGV063,2021,B,Ovine,SGV080,2022,B,Equine,16,1,0,,,,,
SGV064,2021,B,Bovine,SGV080,2022,B,Equine,19,1,0,,,,,
SGV065,2021,B,Canine,SGV080,2022,B,Equine,16,1,0,,,,,
SGV066,2022,B,Human,SGV080,2022,B,Equine,17,1,0,,,,,
SGV067,2022,B,Bovine,SGV080,2022,B,Equine,14,1,0,,,,,
SGV068,2022,B,Canine,SGV080,2022,B,Equine,22,1,0,,,,,
SGV069,2022,B,Bovine,SGV080,2022,B,Equine,20,1,0,,,,,
SGV070,2022,B,Canine,SGV080,2022,B,Equine,11,1,0,,,,,
SGV071,2022,B,Human,SGV080,2022,B,Equine,8,1,0,,,,,
SGV072,2022,B,Feline,SGV080,2022,B,Equine,16,1,0,,,,,
SGV073,2022,B,Canine,SGV080,2022,B,Equine,9,1,0,,,,,
SGV075,2022,B,Bovine,SGV080,2022,B,Equine,9,1,0,,,,,
SGV077,2022,B,Canine,SGV080,2022,B,Equine,10,1,0,,,,,
SGV078,2022,B,Bovine,SGV080,2022,B,Equine,9,1,0,,,,,
SGV079,2022,B,Canine,SGV080,2022,B,Equine,22,1,0,,,,,
SGV080,2022,B,Equine,SGV080,2022,B,Equine,0,0,0,,,,,
