"","snp.dists.0.8.2","ST1","variable","ST2","value"
"157","SGV004",654,"SGV004",654,0
"173","SGV021",654,"SGV004",654,100
"174","SGV022",654,"SGV004",654,102
"175","SGV023",654,"SGV004",654,100
"176","SGV025",654,"SGV004",654,100
"177","SGV026",654,"SGV004",654,100
"179","SGV028",654,"SGV004",654,100
"180","SGV029",654,"SGV004",654,94
"181","SGV030",654,"SGV004",654,105
"182","SGV031",654,"SGV004",654,100
"183","SGV032",654,"SGV004",654,102
"184","SGV033",654,"SGV004",654,104
"185","SGV034",654,"SGV004",654,103
"186","SGV035",654,"SGV004",654,100
"187","SGV036",654,"SGV004",654,100
"188","SGV037",654,"SGV004",654,103
"189","SGV038",654,"SGV004",654,103
"190","SGV039",654,"SGV004",654,99
"191","SGV040",654,"SGV004",654,105
"192","SGV041",654,"SGV004",654,103
"193","SGV042",654,"SGV004",654,103
"194","SGV043",654,"SGV004",654,106
"195","SGV044",654,"SGV004",654,104
"196","SGV045",654,"SGV004",654,104
"197","SGV046",654,"SGV004",654,104
"198","SGV047",654,"SGV004",654,108
"199","SGV048",654,"SGV004",654,104
"200","SGV049",654,"SGV004",654,102
"201","SGV050",654,"SGV004",654,102
"202","SGV051",654,"SGV004",654,104
"203","SGV052",654,"SGV004",654,101
"204","SGV053",654,"SGV004",654,102
"205","SGV054",654,"SGV004",654,100
"206","SGV055",654,"SGV004",654,102
"207","SGV056",654,"SGV004",654,103
"208","SGV057",654,"SGV004",654,101
"209","SGV058",654,"SGV004",654,101
"210","SGV059",654,"SGV004",654,99
"211","SGV060",654,"SGV004",654,108
"212","SGV061",654,"SGV004",654,108
"213","SGV062",654,"SGV004",654,101
"214","SGV063",654,"SGV004",654,103
"215","SGV064",654,"SGV004",654,104
"216","SGV065",654,"SGV004",654,103
"217","SGV066",654,"SGV004",654,104
"218","SGV067",654,"SGV004",654,105
"219","SGV068",654,"SGV004",654,109
"220","SGV069",654,"SGV004",654,105
"221","SGV070",654,"SGV004",654,102
"222","SGV071",654,"SGV004",654,95
"223","SGV072",654,"SGV004",654,101
"224","SGV073",654,"SGV004",654,102
"225","SGV075",654,"SGV004",654,100
"226","SGV077",654,"SGV004",654,101
"227","SGV078",654,"SGV004",654,100
"228","SGV079",654,"SGV004",654,106
"229","SGV080",654,"SGV004",654,103
"1389","SGV004",654,"SGV021",654,100
"1405","SGV021",654,"SGV021",654,0
"1406","SGV022",654,"SGV021",654,12
"1407","SGV023",654,"SGV021",654,12
"1408","SGV025",654,"SGV021",654,0
"1409","SGV026",654,"SGV021",654,2
"1411","SGV028",654,"SGV021",654,12
"1412","SGV029",654,"SGV021",654,1
"1413","SGV030",654,"SGV021",654,5
"1414","SGV031",654,"SGV021",654,12
"1415","SGV032",654,"SGV021",654,14
"1416","SGV033",654,"SGV021",654,4
"1417","SGV034",654,"SGV021",654,15
"1418","SGV035",654,"SGV021",654,2
"1419","SGV036",654,"SGV021",654,2
"1420","SGV037",654,"SGV021",654,3
"1421","SGV038",654,"SGV021",654,15
"1422","SGV039",654,"SGV021",654,1
"1423","SGV040",654,"SGV021",654,15
"1424","SGV041",654,"SGV021",654,3
"1425","SGV042",654,"SGV021",654,13
"1426","SGV043",654,"SGV021",654,6
"1427","SGV044",654,"SGV021",654,4
"1428","SGV045",654,"SGV021",654,16
"1429","SGV046",654,"SGV021",654,14
"1430","SGV047",654,"SGV021",654,8
"1431","SGV048",654,"SGV021",654,13
"1432","SGV049",654,"SGV021",654,14
"1433","SGV050",654,"SGV021",654,12
"1434","SGV051",654,"SGV021",654,17
"1435","SGV052",654,"SGV021",654,11
"1436","SGV053",654,"SGV021",654,12
"1437","SGV054",654,"SGV021",654,2
"1438","SGV055",654,"SGV021",654,12
"1439","SGV056",654,"SGV021",654,13
"1440","SGV057",654,"SGV021",654,11
"1441","SGV058",654,"SGV021",654,11
"1442","SGV059",654,"SGV021",654,9
"1443","SGV060",654,"SGV021",654,20
"1444","SGV061",654,"SGV021",654,18
"1445","SGV062",654,"SGV021",654,9
"1446","SGV063",654,"SGV021",654,3
"1447","SGV064",654,"SGV021",654,16
"1448","SGV065",654,"SGV021",654,13
"1449","SGV066",654,"SGV021",654,4
"1450","SGV067",654,"SGV021",654,15
"1451","SGV068",654,"SGV021",654,9
"1452","SGV069",654,"SGV021",654,17
"1453","SGV070",654,"SGV021",654,12
"1454","SGV071",654,"SGV021",654,5
"1455","SGV072",654,"SGV021",654,13
"1456","SGV073",654,"SGV021",654,12
"1457","SGV075",654,"SGV021",654,10
"1458","SGV077",654,"SGV021",654,11
"1459","SGV078",654,"SGV021",654,10
"1460","SGV079",654,"SGV021",654,19
"1461","SGV080",654,"SGV021",654,13
"1466","SGV004",654,"SGV022",654,102
"1482","SGV021",654,"SGV022",654,12
"1483","SGV022",654,"SGV022",654,0
"1484","SGV023",654,"SGV022",654,14
"1485","SGV025",654,"SGV022",654,12
"1486","SGV026",654,"SGV022",654,12
"1488","SGV028",654,"SGV022",654,14
"1489","SGV029",654,"SGV022",654,13
"1490","SGV030",654,"SGV022",654,17
"1491","SGV031",654,"SGV022",654,14
"1492","SGV032",654,"SGV022",654,16
"1493","SGV033",654,"SGV022",654,16
"1494","SGV034",654,"SGV022",654,17
"1495","SGV035",654,"SGV022",654,12
"1496","SGV036",654,"SGV022",654,12
"1497","SGV037",654,"SGV022",654,15
"1498","SGV038",654,"SGV022",654,17
"1499","SGV039",654,"SGV022",654,11
"1500","SGV040",654,"SGV022",654,19
"1501","SGV041",654,"SGV022",654,15
"1502","SGV042",654,"SGV022",654,15
"1503","SGV043",654,"SGV022",654,18
"1504","SGV044",654,"SGV022",654,16
"1505","SGV045",654,"SGV022",654,18
"1506","SGV046",654,"SGV022",654,12
"1507","SGV047",654,"SGV022",654,20
"1508","SGV048",654,"SGV022",654,12
"1509","SGV049",654,"SGV022",654,16
"1510","SGV050",654,"SGV022",654,10
"1511","SGV051",654,"SGV022",654,19
"1512","SGV052",654,"SGV022",654,9
"1513","SGV053",654,"SGV022",654,10
"1514","SGV054",654,"SGV022",654,12
"1515","SGV055",654,"SGV022",654,11
"1516","SGV056",654,"SGV022",654,11
"1517","SGV057",654,"SGV022",654,9
"1518","SGV058",654,"SGV022",654,9
"1519","SGV059",654,"SGV022",654,7
"1520","SGV060",654,"SGV022",654,22
"1521","SGV061",654,"SGV022",654,20
"1522","SGV062",654,"SGV022",654,9
"1523","SGV063",654,"SGV022",654,15
"1524","SGV064",654,"SGV022",654,18
"1525","SGV065",654,"SGV022",654,15
"1526","SGV066",654,"SGV022",654,16
"1527","SGV067",654,"SGV022",654,13
"1528","SGV068",654,"SGV022",654,21
"1529","SGV069",654,"SGV022",654,19
"1530","SGV070",654,"SGV022",654,10
"1531","SGV071",654,"SGV022",654,7
"1532","SGV072",654,"SGV022",654,15
"1533","SGV073",654,"SGV022",654,10
"1534","SGV075",654,"SGV022",654,8
"1535","SGV077",654,"SGV022",654,9
"1536","SGV078",654,"SGV022",654,8
"1537","SGV079",654,"SGV022",654,21
"1538","SGV080",654,"SGV022",654,11
"1543","SGV004",654,"SGV023",654,100
"1559","SGV021",654,"SGV023",654,12
"1560","SGV022",654,"SGV023",654,14
"1561","SGV023",654,"SGV023",654,0
"1562","SGV025",654,"SGV023",654,12
"1563","SGV026",654,"SGV023",654,12
"1565","SGV028",654,"SGV023",654,6
"1566","SGV029",654,"SGV023",654,13
"1567","SGV030",654,"SGV023",654,16
"1568","SGV031",654,"SGV023",654,4
"1569","SGV032",654,"SGV023",654,6
"1570","SGV033",654,"SGV023",654,16
"1571","SGV034",654,"SGV023",654,9
"1572","SGV035",654,"SGV023",654,12
"1573","SGV036",654,"SGV023",654,12
"1574","SGV037",654,"SGV023",654,15
"1575","SGV038",654,"SGV023",654,3
"1576","SGV039",654,"SGV023",654,11
"1577","SGV040",654,"SGV023",654,9
"1578","SGV041",654,"SGV023",654,15
"1579","SGV042",654,"SGV023",654,15
"1580","SGV043",654,"SGV023",654,18
"1581","SGV044",654,"SGV023",654,16
"1582","SGV045",654,"SGV023",654,10
"1583","SGV046",654,"SGV023",654,16
"1584","SGV047",654,"SGV023",654,20
"1585","SGV048",654,"SGV023",654,16
"1586","SGV049",654,"SGV023",654,8
"1587","SGV050",654,"SGV023",654,14
"1588","SGV051",654,"SGV023",654,9
"1589","SGV052",654,"SGV023",654,13
"1590","SGV053",654,"SGV023",654,14
"1591","SGV054",654,"SGV023",654,12
"1592","SGV055",654,"SGV023",654,15
"1593","SGV056",654,"SGV023",654,15
"1594","SGV057",654,"SGV023",654,13
"1595","SGV058",654,"SGV023",654,13
"1596","SGV059",654,"SGV023",654,11
"1597","SGV060",654,"SGV023",654,14
"1598","SGV061",654,"SGV023",654,20
"1599","SGV062",654,"SGV023",654,13
"1600","SGV063",654,"SGV023",654,15
"1601","SGV064",654,"SGV023",654,8
"1602","SGV065",654,"SGV023",654,15
"1603","SGV066",654,"SGV023",654,16
"1604","SGV067",654,"SGV023",654,17
"1605","SGV068",654,"SGV023",654,21
"1606","SGV069",654,"SGV023",654,9
"1607","SGV070",654,"SGV023",654,14
"1608","SGV071",654,"SGV023",654,7
"1609","SGV072",654,"SGV023",654,7
"1610","SGV073",654,"SGV023",654,14
"1611","SGV075",654,"SGV023",654,12
"1612","SGV077",654,"SGV023",654,13
"1613","SGV078",654,"SGV023",654,12
"1614","SGV079",654,"SGV023",654,11
"1615","SGV080",654,"SGV023",654,15
"1620","SGV004",654,"SGV025",654,100
"1636","SGV021",654,"SGV025",654,0
"1637","SGV022",654,"SGV025",654,12
"1638","SGV023",654,"SGV025",654,12
"1639","SGV025",654,"SGV025",654,0
"1640","SGV026",654,"SGV025",654,2
"1642","SGV028",654,"SGV025",654,12
"1643","SGV029",654,"SGV025",654,1
"1644","SGV030",654,"SGV025",654,5
"1645","SGV031",654,"SGV025",654,12
"1646","SGV032",654,"SGV025",654,14
"1647","SGV033",654,"SGV025",654,4
"1648","SGV034",654,"SGV025",654,15
"1649","SGV035",654,"SGV025",654,2
"1650","SGV036",654,"SGV025",654,2
"1651","SGV037",654,"SGV025",654,3
"1652","SGV038",654,"SGV025",654,15
"1653","SGV039",654,"SGV025",654,1
"1654","SGV040",654,"SGV025",654,15
"1655","SGV041",654,"SGV025",654,3
"1656","SGV042",654,"SGV025",654,13
"1657","SGV043",654,"SGV025",654,6
"1658","SGV044",654,"SGV025",654,4
"1659","SGV045",654,"SGV025",654,16
"1660","SGV046",654,"SGV025",654,14
"1661","SGV047",654,"SGV025",654,8
"1662","SGV048",654,"SGV025",654,13
"1663","SGV049",654,"SGV025",654,14
"1664","SGV050",654,"SGV025",654,12
"1665","SGV051",654,"SGV025",654,17
"1666","SGV052",654,"SGV025",654,11
"1667","SGV053",654,"SGV025",654,12
"1668","SGV054",654,"SGV025",654,2
"1669","SGV055",654,"SGV025",654,12
"1670","SGV056",654,"SGV025",654,13
"1671","SGV057",654,"SGV025",654,11
"1672","SGV058",654,"SGV025",654,11
"1673","SGV059",654,"SGV025",654,9
"1674","SGV060",654,"SGV025",654,20
"1675","SGV061",654,"SGV025",654,18
"1676","SGV062",654,"SGV025",654,9
"1677","SGV063",654,"SGV025",654,3
"1678","SGV064",654,"SGV025",654,16
"1679","SGV065",654,"SGV025",654,13
"1680","SGV066",654,"SGV025",654,4
"1681","SGV067",654,"SGV025",654,15
"1682","SGV068",654,"SGV025",654,9
"1683","SGV069",654,"SGV025",654,17
"1684","SGV070",654,"SGV025",654,12
"1685","SGV071",654,"SGV025",654,5
"1686","SGV072",654,"SGV025",654,13
"1687","SGV073",654,"SGV025",654,12
"1688","SGV075",654,"SGV025",654,10
"1689","SGV077",654,"SGV025",654,11
"1690","SGV078",654,"SGV025",654,10
"1691","SGV079",654,"SGV025",654,19
"1692","SGV080",654,"SGV025",654,13
"1697","SGV004",654,"SGV026",654,100
"1713","SGV021",654,"SGV026",654,2
"1714","SGV022",654,"SGV026",654,12
"1715","SGV023",654,"SGV026",654,12
"1716","SGV025",654,"SGV026",654,2
"1717","SGV026",654,"SGV026",654,0
"1719","SGV028",654,"SGV026",654,12
"1720","SGV029",654,"SGV026",654,3
"1721","SGV030",654,"SGV026",654,7
"1722","SGV031",654,"SGV026",654,12
"1723","SGV032",654,"SGV026",654,14
"1724","SGV033",654,"SGV026",654,6
"1725","SGV034",654,"SGV026",654,15
"1726","SGV035",654,"SGV026",654,2
"1727","SGV036",654,"SGV026",654,2
"1728","SGV037",654,"SGV026",654,5
"1729","SGV038",654,"SGV026",654,15
"1730","SGV039",654,"SGV026",654,1
"1731","SGV040",654,"SGV026",654,15
"1732","SGV041",654,"SGV026",654,5
"1733","SGV042",654,"SGV026",654,13
"1734","SGV043",654,"SGV026",654,8
"1735","SGV044",654,"SGV026",654,6
"1736","SGV045",654,"SGV026",654,16
"1737","SGV046",654,"SGV026",654,14
"1738","SGV047",654,"SGV026",654,10
"1739","SGV048",654,"SGV026",654,13
"1740","SGV049",654,"SGV026",654,14
"1741","SGV050",654,"SGV026",654,12
"1742","SGV051",654,"SGV026",654,17
"1743","SGV052",654,"SGV026",654,11
"1744","SGV053",654,"SGV026",654,12
"1745","SGV054",654,"SGV026",654,2
"1746","SGV055",654,"SGV026",654,12
"1747","SGV056",654,"SGV026",654,13
"1748","SGV057",654,"SGV026",654,11
"1749","SGV058",654,"SGV026",654,11
"1750","SGV059",654,"SGV026",654,9
"1751","SGV060",654,"SGV026",654,20
"1752","SGV061",654,"SGV026",654,18
"1753","SGV062",654,"SGV026",654,9
"1754","SGV063",654,"SGV026",654,5
"1755","SGV064",654,"SGV026",654,16
"1756","SGV065",654,"SGV026",654,13
"1757","SGV066",654,"SGV026",654,6
"1758","SGV067",654,"SGV026",654,15
"1759","SGV068",654,"SGV026",654,11
"1760","SGV069",654,"SGV026",654,17
"1761","SGV070",654,"SGV026",654,12
"1762","SGV071",654,"SGV026",654,5
"1763","SGV072",654,"SGV026",654,13
"1764","SGV073",654,"SGV026",654,12
"1765","SGV075",654,"SGV026",654,10
"1766","SGV077",654,"SGV026",654,11
"1767","SGV078",654,"SGV026",654,10
"1768","SGV079",654,"SGV026",654,19
"1769","SGV080",654,"SGV026",654,13
"1851","SGV004",654,"SGV028",654,100
"1867","SGV021",654,"SGV028",654,12
"1868","SGV022",654,"SGV028",654,14
"1869","SGV023",654,"SGV028",654,6
"1870","SGV025",654,"SGV028",654,12
"1871","SGV026",654,"SGV028",654,12
"1873","SGV028",654,"SGV028",654,0
"1874","SGV029",654,"SGV028",654,13
"1875","SGV030",654,"SGV028",654,17
"1876","SGV031",654,"SGV028",654,6
"1877","SGV032",654,"SGV028",654,8
"1878","SGV033",654,"SGV028",654,16
"1879","SGV034",654,"SGV028",654,3
"1880","SGV035",654,"SGV028",654,12
"1881","SGV036",654,"SGV028",654,12
"1882","SGV037",654,"SGV028",654,15
"1883","SGV038",654,"SGV028",654,9
"1884","SGV039",654,"SGV028",654,11
"1885","SGV040",654,"SGV028",654,11
"1886","SGV041",654,"SGV028",654,15
"1887","SGV042",654,"SGV028",654,15
"1888","SGV043",654,"SGV028",654,18
"1889","SGV044",654,"SGV028",654,16
"1890","SGV045",654,"SGV028",654,4
"1891","SGV046",654,"SGV028",654,16
"1892","SGV047",654,"SGV028",654,20
"1893","SGV048",654,"SGV028",654,16
"1894","SGV049",654,"SGV028",654,2
"1895","SGV050",654,"SGV028",654,14
"1896","SGV051",654,"SGV028",654,11
"1897","SGV052",654,"SGV028",654,13
"1898","SGV053",654,"SGV028",654,14
"1899","SGV054",654,"SGV028",654,12
"1900","SGV055",654,"SGV028",654,15
"1901","SGV056",654,"SGV028",654,15
"1902","SGV057",654,"SGV028",654,13
"1903","SGV058",654,"SGV028",654,13
"1904","SGV059",654,"SGV028",654,11
"1905","SGV060",654,"SGV028",654,8
"1906","SGV061",654,"SGV028",654,20
"1907","SGV062",654,"SGV028",654,13
"1908","SGV063",654,"SGV028",654,15
"1909","SGV064",654,"SGV028",654,10
"1910","SGV065",654,"SGV028",654,15
"1911","SGV066",654,"SGV028",654,16
"1912","SGV067",654,"SGV028",654,17
"1913","SGV068",654,"SGV028",654,21
"1914","SGV069",654,"SGV028",654,11
"1915","SGV070",654,"SGV028",654,14
"1916","SGV071",654,"SGV028",654,7
"1917","SGV072",654,"SGV028",654,1
"1918","SGV073",654,"SGV028",654,14
"1919","SGV075",654,"SGV028",654,12
"1920","SGV077",654,"SGV028",654,13
"1921","SGV078",654,"SGV028",654,12
"1922","SGV079",654,"SGV028",654,13
"1923","SGV080",654,"SGV028",654,15
"1928","SGV004",654,"SGV029",654,94
"1944","SGV021",654,"SGV029",654,1
"1945","SGV022",654,"SGV029",654,13
"1946","SGV023",654,"SGV029",654,13
"1947","SGV025",654,"SGV029",654,1
"1948","SGV026",654,"SGV029",654,3
"1950","SGV028",654,"SGV029",654,13
"1951","SGV029",654,"SGV029",654,0
"1952","SGV030",654,"SGV029",654,6
"1953","SGV031",654,"SGV029",654,13
"1954","SGV032",654,"SGV029",654,15
"1955","SGV033",654,"SGV029",654,5
"1956","SGV034",654,"SGV029",654,16
"1957","SGV035",654,"SGV029",654,3
"1958","SGV036",654,"SGV029",654,3
"1959","SGV037",654,"SGV029",654,4
"1960","SGV038",654,"SGV029",654,16
"1961","SGV039",654,"SGV029",654,2
"1962","SGV040",654,"SGV029",654,16
"1963","SGV041",654,"SGV029",654,4
"1964","SGV042",654,"SGV029",654,13
"1965","SGV043",654,"SGV029",654,7
"1966","SGV044",654,"SGV029",654,5
"1967","SGV045",654,"SGV029",654,16
"1968","SGV046",654,"SGV029",654,15
"1969","SGV047",654,"SGV029",654,9
"1970","SGV048",654,"SGV029",654,13
"1971","SGV049",654,"SGV029",654,15
"1972","SGV050",654,"SGV029",654,12
"1973","SGV051",654,"SGV029",654,18
"1974","SGV052",654,"SGV029",654,12
"1975","SGV053",654,"SGV029",654,12
"1976","SGV054",654,"SGV029",654,3
"1977","SGV055",654,"SGV029",654,13
"1978","SGV056",654,"SGV029",654,13
"1979","SGV057",654,"SGV029",654,12
"1980","SGV058",654,"SGV029",654,12
"1981","SGV059",654,"SGV029",654,10
"1982","SGV060",654,"SGV029",654,20
"1983","SGV061",654,"SGV029",654,19
"1984","SGV062",654,"SGV029",654,10
"1985","SGV063",654,"SGV029",654,4
"1986","SGV064",654,"SGV029",654,16
"1987","SGV065",654,"SGV029",654,14
"1988","SGV066",654,"SGV029",654,5
"1989","SGV067",654,"SGV029",654,16
"1990","SGV068",654,"SGV029",654,10
"1991","SGV069",654,"SGV029",654,17
"1992","SGV070",654,"SGV029",654,13
"1993","SGV071",654,"SGV029",654,6
"1994","SGV072",654,"SGV029",654,14
"1995","SGV073",654,"SGV029",654,13
"1996","SGV075",654,"SGV029",654,11
"1997","SGV077",654,"SGV029",654,12
"1998","SGV078",654,"SGV029",654,11
"1999","SGV079",654,"SGV029",654,18
"2000","SGV080",654,"SGV029",654,13
"2005","SGV004",654,"SGV030",654,105
"2021","SGV021",654,"SGV030",654,5
"2022","SGV022",654,"SGV030",654,17
"2023","SGV023",654,"SGV030",654,16
"2024","SGV025",654,"SGV030",654,5
"2025","SGV026",654,"SGV030",654,7
"2027","SGV028",654,"SGV030",654,17
"2028","SGV029",654,"SGV030",654,6
"2029","SGV030",654,"SGV030",654,0
"2030","SGV031",654,"SGV030",654,16
"2031","SGV032",654,"SGV030",654,18
"2032","SGV033",654,"SGV030",654,9
"2033","SGV034",654,"SGV030",654,20
"2034","SGV035",654,"SGV030",654,7
"2035","SGV036",654,"SGV030",654,7
"2036","SGV037",654,"SGV030",654,8
"2037","SGV038",654,"SGV030",654,19
"2038","SGV039",654,"SGV030",654,6
"2039","SGV040",654,"SGV030",654,19
"2040","SGV041",654,"SGV030",654,6
"2041","SGV042",654,"SGV030",654,18
"2042","SGV043",654,"SGV030",654,11
"2043","SGV044",654,"SGV030",654,7
"2044","SGV045",654,"SGV030",654,21
"2045","SGV046",654,"SGV030",654,19
"2046","SGV047",654,"SGV030",654,13
"2047","SGV048",654,"SGV030",654,18
"2048","SGV049",654,"SGV030",654,19
"2049","SGV050",654,"SGV030",654,17
"2050","SGV051",654,"SGV030",654,21
"2051","SGV052",654,"SGV030",654,16
"2052","SGV053",654,"SGV030",654,17
"2053","SGV054",654,"SGV030",654,7
"2054","SGV055",654,"SGV030",654,17
"2055","SGV056",654,"SGV030",654,18
"2056","SGV057",654,"SGV030",654,16
"2057","SGV058",654,"SGV030",654,16
"2058","SGV059",654,"SGV030",654,14
"2059","SGV060",654,"SGV030",654,25
"2060","SGV061",654,"SGV030",654,23
"2061","SGV062",654,"SGV030",654,14
"2062","SGV063",654,"SGV030",654,8
"2063","SGV064",654,"SGV030",654,20
"2064","SGV065",654,"SGV030",654,18
"2065","SGV066",654,"SGV030",654,9
"2066","SGV067",654,"SGV030",654,20
"2067","SGV068",654,"SGV030",654,14
"2068","SGV069",654,"SGV030",654,21
"2069","SGV070",654,"SGV030",654,17
"2070","SGV071",654,"SGV030",654,10
"2071","SGV072",654,"SGV030",654,18
"2072","SGV073",654,"SGV030",654,17
"2073","SGV075",654,"SGV030",654,15
"2074","SGV077",654,"SGV030",654,16
"2075","SGV078",654,"SGV030",654,15
"2076","SGV079",654,"SGV030",654,23
"2077","SGV080",654,"SGV030",654,18
"2082","SGV004",654,"SGV031",654,100
"2098","SGV021",654,"SGV031",654,12
"2099","SGV022",654,"SGV031",654,14
"2100","SGV023",654,"SGV031",654,4
"2101","SGV025",654,"SGV031",654,12
"2102","SGV026",654,"SGV031",654,12
"2104","SGV028",654,"SGV031",654,6
"2105","SGV029",654,"SGV031",654,13
"2106","SGV030",654,"SGV031",654,16
"2107","SGV031",654,"SGV031",654,0
"2108","SGV032",654,"SGV031",654,4
"2109","SGV033",654,"SGV031",654,16
"2110","SGV034",654,"SGV031",654,9
"2111","SGV035",654,"SGV031",654,12
"2112","SGV036",654,"SGV031",654,12
"2113","SGV037",654,"SGV031",654,15
"2114","SGV038",654,"SGV031",654,7
"2115","SGV039",654,"SGV031",654,11
"2116","SGV040",654,"SGV031",654,7
"2117","SGV041",654,"SGV031",654,15
"2118","SGV042",654,"SGV031",654,15
"2119","SGV043",654,"SGV031",654,18
"2120","SGV044",654,"SGV031",654,16
"2121","SGV045",654,"SGV031",654,10
"2122","SGV046",654,"SGV031",654,16
"2123","SGV047",654,"SGV031",654,20
"2124","SGV048",654,"SGV031",654,16
"2125","SGV049",654,"SGV031",654,8
"2126","SGV050",654,"SGV031",654,14
"2127","SGV051",654,"SGV031",654,7
"2128","SGV052",654,"SGV031",654,13
"2129","SGV053",654,"SGV031",654,14
"2130","SGV054",654,"SGV031",654,12
"2131","SGV055",654,"SGV031",654,15
"2132","SGV056",654,"SGV031",654,15
"2133","SGV057",654,"SGV031",654,13
"2134","SGV058",654,"SGV031",654,13
"2135","SGV059",654,"SGV031",654,11
"2136","SGV060",654,"SGV031",654,14
"2137","SGV061",654,"SGV031",654,20
"2138","SGV062",654,"SGV031",654,13
"2139","SGV063",654,"SGV031",654,15
"2140","SGV064",654,"SGV031",654,6
"2141","SGV065",654,"SGV031",654,15
"2142","SGV066",654,"SGV031",654,16
"2143","SGV067",654,"SGV031",654,17
"2144","SGV068",654,"SGV031",654,21
"2145","SGV069",654,"SGV031",654,5
"2146","SGV070",654,"SGV031",654,14
"2147","SGV071",654,"SGV031",654,7
"2148","SGV072",654,"SGV031",654,7
"2149","SGV073",654,"SGV031",654,14
"2150","SGV075",654,"SGV031",654,12
"2151","SGV077",654,"SGV031",654,13
"2152","SGV078",654,"SGV031",654,12
"2153","SGV079",654,"SGV031",654,9
"2154","SGV080",654,"SGV031",654,15
"2159","SGV004",654,"SGV032",654,102
"2175","SGV021",654,"SGV032",654,14
"2176","SGV022",654,"SGV032",654,16
"2177","SGV023",654,"SGV032",654,6
"2178","SGV025",654,"SGV032",654,14
"2179","SGV026",654,"SGV032",654,14
"2181","SGV028",654,"SGV032",654,8
"2182","SGV029",654,"SGV032",654,15
"2183","SGV030",654,"SGV032",654,18
"2184","SGV031",654,"SGV032",654,4
"2185","SGV032",654,"SGV032",654,0
"2186","SGV033",654,"SGV032",654,18
"2187","SGV034",654,"SGV032",654,11
"2188","SGV035",654,"SGV032",654,14
"2189","SGV036",654,"SGV032",654,14
"2190","SGV037",654,"SGV032",654,17
"2191","SGV038",654,"SGV032",654,9
"2192","SGV039",654,"SGV032",654,13
"2193","SGV040",654,"SGV032",654,9
"2194","SGV041",654,"SGV032",654,17
"2195","SGV042",654,"SGV032",654,17
"2196","SGV043",654,"SGV032",654,20
"2197","SGV044",654,"SGV032",654,18
"2198","SGV045",654,"SGV032",654,12
"2199","SGV046",654,"SGV032",654,18
"2200","SGV047",654,"SGV032",654,22
"2201","SGV048",654,"SGV032",654,18
"2202","SGV049",654,"SGV032",654,10
"2203","SGV050",654,"SGV032",654,16
"2204","SGV051",654,"SGV032",654,9
"2205","SGV052",654,"SGV032",654,15
"2206","SGV053",654,"SGV032",654,16
"2207","SGV054",654,"SGV032",654,14
"2208","SGV055",654,"SGV032",654,17
"2209","SGV056",654,"SGV032",654,17
"2210","SGV057",654,"SGV032",654,15
"2211","SGV058",654,"SGV032",654,15
"2212","SGV059",654,"SGV032",654,13
"2213","SGV060",654,"SGV032",654,16
"2214","SGV061",654,"SGV032",654,22
"2215","SGV062",654,"SGV032",654,15
"2216","SGV063",654,"SGV032",654,17
"2217","SGV064",654,"SGV032",654,8
"2218","SGV065",654,"SGV032",654,17
"2219","SGV066",654,"SGV032",654,18
"2220","SGV067",654,"SGV032",654,19
"2221","SGV068",654,"SGV032",654,23
"2222","SGV069",654,"SGV032",654,9
"2223","SGV070",654,"SGV032",654,16
"2224","SGV071",654,"SGV032",654,9
"2225","SGV072",654,"SGV032",654,9
"2226","SGV073",654,"SGV032",654,16
"2227","SGV075",654,"SGV032",654,14
"2228","SGV077",654,"SGV032",654,15
"2229","SGV078",654,"SGV032",654,14
"2230","SGV079",654,"SGV032",654,11
"2231","SGV080",654,"SGV032",654,17
"2236","SGV004",654,"SGV033",654,104
"2252","SGV021",654,"SGV033",654,4
"2253","SGV022",654,"SGV033",654,16
"2254","SGV023",654,"SGV033",654,16
"2255","SGV025",654,"SGV033",654,4
"2256","SGV026",654,"SGV033",654,6
"2258","SGV028",654,"SGV033",654,16
"2259","SGV029",654,"SGV033",654,5
"2260","SGV030",654,"SGV033",654,9
"2261","SGV031",654,"SGV033",654,16
"2262","SGV032",654,"SGV033",654,18
"2263","SGV033",654,"SGV033",654,0
"2264","SGV034",654,"SGV033",654,19
"2265","SGV035",654,"SGV033",654,6
"2266","SGV036",654,"SGV033",654,6
"2267","SGV037",654,"SGV033",654,7
"2268","SGV038",654,"SGV033",654,19
"2269","SGV039",654,"SGV033",654,5
"2270","SGV040",654,"SGV033",654,19
"2271","SGV041",654,"SGV033",654,7
"2272","SGV042",654,"SGV033",654,17
"2273","SGV043",654,"SGV033",654,10
"2274","SGV044",654,"SGV033",654,8
"2275","SGV045",654,"SGV033",654,20
"2276","SGV046",654,"SGV033",654,18
"2277","SGV047",654,"SGV033",654,12
"2278","SGV048",654,"SGV033",654,17
"2279","SGV049",654,"SGV033",654,18
"2280","SGV050",654,"SGV033",654,16
"2281","SGV051",654,"SGV033",654,21
"2282","SGV052",654,"SGV033",654,15
"2283","SGV053",654,"SGV033",654,16
"2284","SGV054",654,"SGV033",654,6
"2285","SGV055",654,"SGV033",654,16
"2286","SGV056",654,"SGV033",654,17
"2287","SGV057",654,"SGV033",654,15
"2288","SGV058",654,"SGV033",654,15
"2289","SGV059",654,"SGV033",654,13
"2290","SGV060",654,"SGV033",654,24
"2291","SGV061",654,"SGV033",654,22
"2292","SGV062",654,"SGV033",654,13
"2293","SGV063",654,"SGV033",654,3
"2294","SGV064",654,"SGV033",654,20
"2295","SGV065",654,"SGV033",654,17
"2296","SGV066",654,"SGV033",654,8
"2297","SGV067",654,"SGV033",654,19
"2298","SGV068",654,"SGV033",654,13
"2299","SGV069",654,"SGV033",654,21
"2300","SGV070",654,"SGV033",654,16
"2301","SGV071",654,"SGV033",654,9
"2302","SGV072",654,"SGV033",654,17
"2303","SGV073",654,"SGV033",654,16
"2304","SGV075",654,"SGV033",654,14
"2305","SGV077",654,"SGV033",654,15
"2306","SGV078",654,"SGV033",654,14
"2307","SGV079",654,"SGV033",654,23
"2308","SGV080",654,"SGV033",654,17
"2313","SGV004",654,"SGV034",654,103
"2329","SGV021",654,"SGV034",654,15
"2330","SGV022",654,"SGV034",654,17
"2331","SGV023",654,"SGV034",654,9
"2332","SGV025",654,"SGV034",654,15
"2333","SGV026",654,"SGV034",654,15
"2335","SGV028",654,"SGV034",654,3
"2336","SGV029",654,"SGV034",654,16
"2337","SGV030",654,"SGV034",654,20
"2338","SGV031",654,"SGV034",654,9
"2339","SGV032",654,"SGV034",654,11
"2340","SGV033",654,"SGV034",654,19
"2341","SGV034",654,"SGV034",654,0
"2342","SGV035",654,"SGV034",654,15
"2343","SGV036",654,"SGV034",654,15
"2344","SGV037",654,"SGV034",654,18
"2345","SGV038",654,"SGV034",654,12
"2346","SGV039",654,"SGV034",654,14
"2347","SGV040",654,"SGV034",654,14
"2348","SGV041",654,"SGV034",654,18
"2349","SGV042",654,"SGV034",654,18
"2350","SGV043",654,"SGV034",654,21
"2351","SGV044",654,"SGV034",654,19
"2352","SGV045",654,"SGV034",654,7
"2353","SGV046",654,"SGV034",654,19
"2354","SGV047",654,"SGV034",654,23
"2355","SGV048",654,"SGV034",654,19
"2356","SGV049",654,"SGV034",654,5
"2357","SGV050",654,"SGV034",654,17
"2358","SGV051",654,"SGV034",654,14
"2359","SGV052",654,"SGV034",654,16
"2360","SGV053",654,"SGV034",654,17
"2361","SGV054",654,"SGV034",654,15
"2362","SGV055",654,"SGV034",654,18
"2363","SGV056",654,"SGV034",654,18
"2364","SGV057",654,"SGV034",654,16
"2365","SGV058",654,"SGV034",654,16
"2366","SGV059",654,"SGV034",654,14
"2367","SGV060",654,"SGV034",654,5
"2368","SGV061",654,"SGV034",654,23
"2369","SGV062",654,"SGV034",654,16
"2370","SGV063",654,"SGV034",654,18
"2371","SGV064",654,"SGV034",654,13
"2372","SGV065",654,"SGV034",654,18
"2373","SGV066",654,"SGV034",654,19
"2374","SGV067",654,"SGV034",654,20
"2375","SGV068",654,"SGV034",654,24
"2376","SGV069",654,"SGV034",654,14
"2377","SGV070",654,"SGV034",654,17
"2378","SGV071",654,"SGV034",654,10
"2379","SGV072",654,"SGV034",654,4
"2380","SGV073",654,"SGV034",654,17
"2381","SGV075",654,"SGV034",654,15
"2382","SGV077",654,"SGV034",654,16
"2383","SGV078",654,"SGV034",654,15
"2384","SGV079",654,"SGV034",654,16
"2385","SGV080",654,"SGV034",654,18
"2390","SGV004",654,"SGV035",654,100
"2406","SGV021",654,"SGV035",654,2
"2407","SGV022",654,"SGV035",654,12
"2408","SGV023",654,"SGV035",654,12
"2409","SGV025",654,"SGV035",654,2
"2410","SGV026",654,"SGV035",654,2
"2412","SGV028",654,"SGV035",654,12
"2413","SGV029",654,"SGV035",654,3
"2414","SGV030",654,"SGV035",654,7
"2415","SGV031",654,"SGV035",654,12
"2416","SGV032",654,"SGV035",654,14
"2417","SGV033",654,"SGV035",654,6
"2418","SGV034",654,"SGV035",654,15
"2419","SGV035",654,"SGV035",654,0
"2420","SGV036",654,"SGV035",654,2
"2421","SGV037",654,"SGV035",654,3
"2422","SGV038",654,"SGV035",654,15
"2423","SGV039",654,"SGV035",654,1
"2424","SGV040",654,"SGV035",654,15
"2425","SGV041",654,"SGV035",654,5
"2426","SGV042",654,"SGV035",654,13
"2427","SGV043",654,"SGV035",654,8
"2428","SGV044",654,"SGV035",654,6
"2429","SGV045",654,"SGV035",654,16
"2430","SGV046",654,"SGV035",654,14
"2431","SGV047",654,"SGV035",654,8
"2432","SGV048",654,"SGV035",654,13
"2433","SGV049",654,"SGV035",654,14
"2434","SGV050",654,"SGV035",654,12
"2435","SGV051",654,"SGV035",654,17
"2436","SGV052",654,"SGV035",654,11
"2437","SGV053",654,"SGV035",654,12
"2438","SGV054",654,"SGV035",654,2
"2439","SGV055",654,"SGV035",654,12
"2440","SGV056",654,"SGV035",654,13
"2441","SGV057",654,"SGV035",654,11
"2442","SGV058",654,"SGV035",654,11
"2443","SGV059",654,"SGV035",654,9
"2444","SGV060",654,"SGV035",654,20
"2445","SGV061",654,"SGV035",654,18
"2446","SGV062",654,"SGV035",654,9
"2447","SGV063",654,"SGV035",654,5
"2448","SGV064",654,"SGV035",654,16
"2449","SGV065",654,"SGV035",654,13
"2450","SGV066",654,"SGV035",654,6
"2451","SGV067",654,"SGV035",654,15
"2452","SGV068",654,"SGV035",654,9
"2453","SGV069",654,"SGV035",654,17
"2454","SGV070",654,"SGV035",654,12
"2455","SGV071",654,"SGV035",654,5
"2456","SGV072",654,"SGV035",654,13
"2457","SGV073",654,"SGV035",654,12
"2458","SGV075",654,"SGV035",654,10
"2459","SGV077",654,"SGV035",654,11
"2460","SGV078",654,"SGV035",654,10
"2461","SGV079",654,"SGV035",654,19
"2462","SGV080",654,"SGV035",654,13
"2467","SGV004",654,"SGV036",654,100
"2483","SGV021",654,"SGV036",654,2
"2484","SGV022",654,"SGV036",654,12
"2485","SGV023",654,"SGV036",654,12
"2486","SGV025",654,"SGV036",654,2
"2487","SGV026",654,"SGV036",654,2
"2489","SGV028",654,"SGV036",654,12
"2490","SGV029",654,"SGV036",654,3
"2491","SGV030",654,"SGV036",654,7
"2492","SGV031",654,"SGV036",654,12
"2493","SGV032",654,"SGV036",654,14
"2494","SGV033",654,"SGV036",654,6
"2495","SGV034",654,"SGV036",654,15
"2496","SGV035",654,"SGV036",654,2
"2497","SGV036",654,"SGV036",654,0
"2498","SGV037",654,"SGV036",654,5
"2499","SGV038",654,"SGV036",654,15
"2500","SGV039",654,"SGV036",654,1
"2501","SGV040",654,"SGV036",654,15
"2502","SGV041",654,"SGV036",654,5
"2503","SGV042",654,"SGV036",654,13
"2504","SGV043",654,"SGV036",654,8
"2505","SGV044",654,"SGV036",654,6
"2506","SGV045",654,"SGV036",654,16
"2507","SGV046",654,"SGV036",654,14
"2508","SGV047",654,"SGV036",654,10
"2509","SGV048",654,"SGV036",654,13
"2510","SGV049",654,"SGV036",654,14
"2511","SGV050",654,"SGV036",654,12
"2512","SGV051",654,"SGV036",654,17
"2513","SGV052",654,"SGV036",654,11
"2514","SGV053",654,"SGV036",654,12
"2515","SGV054",654,"SGV036",654,2
"2516","SGV055",654,"SGV036",654,12
"2517","SGV056",654,"SGV036",654,13
"2518","SGV057",654,"SGV036",654,11
"2519","SGV058",654,"SGV036",654,11
"2520","SGV059",654,"SGV036",654,9
"2521","SGV060",654,"SGV036",654,20
"2522","SGV061",654,"SGV036",654,18
"2523","SGV062",654,"SGV036",654,9
"2524","SGV063",654,"SGV036",654,5
"2525","SGV064",654,"SGV036",654,16
"2526","SGV065",654,"SGV036",654,13
"2527","SGV066",654,"SGV036",654,6
"2528","SGV067",654,"SGV036",654,15
"2529","SGV068",654,"SGV036",654,11
"2530","SGV069",654,"SGV036",654,17
"2531","SGV070",654,"SGV036",654,12
"2532","SGV071",654,"SGV036",654,5
"2533","SGV072",654,"SGV036",654,13
"2534","SGV073",654,"SGV036",654,12
"2535","SGV075",654,"SGV036",654,10
"2536","SGV077",654,"SGV036",654,11
"2537","SGV078",654,"SGV036",654,10
"2538","SGV079",654,"SGV036",654,19
"2539","SGV080",654,"SGV036",654,13
"2544","SGV004",654,"SGV037",654,103
"2560","SGV021",654,"SGV037",654,3
"2561","SGV022",654,"SGV037",654,15
"2562","SGV023",654,"SGV037",654,15
"2563","SGV025",654,"SGV037",654,3
"2564","SGV026",654,"SGV037",654,5
"2566","SGV028",654,"SGV037",654,15
"2567","SGV029",654,"SGV037",654,4
"2568","SGV030",654,"SGV037",654,8
"2569","SGV031",654,"SGV037",654,15
"2570","SGV032",654,"SGV037",654,17
"2571","SGV033",654,"SGV037",654,7
"2572","SGV034",654,"SGV037",654,18
"2573","SGV035",654,"SGV037",654,3
"2574","SGV036",654,"SGV037",654,5
"2575","SGV037",654,"SGV037",654,0
"2576","SGV038",654,"SGV037",654,18
"2577","SGV039",654,"SGV037",654,4
"2578","SGV040",654,"SGV037",654,18
"2579","SGV041",654,"SGV037",654,6
"2580","SGV042",654,"SGV037",654,16
"2581","SGV043",654,"SGV037",654,9
"2582","SGV044",654,"SGV037",654,7
"2583","SGV045",654,"SGV037",654,19
"2584","SGV046",654,"SGV037",654,17
"2585","SGV047",654,"SGV037",654,7
"2586","SGV048",654,"SGV037",654,16
"2587","SGV049",654,"SGV037",654,17
"2588","SGV050",654,"SGV037",654,15
"2589","SGV051",654,"SGV037",654,20
"2590","SGV052",654,"SGV037",654,14
"2591","SGV053",654,"SGV037",654,15
"2592","SGV054",654,"SGV037",654,5
"2593","SGV055",654,"SGV037",654,15
"2594","SGV056",654,"SGV037",654,16
"2595","SGV057",654,"SGV037",654,14
"2596","SGV058",654,"SGV037",654,14
"2597","SGV059",654,"SGV037",654,12
"2598","SGV060",654,"SGV037",654,23
"2599","SGV061",654,"SGV037",654,21
"2600","SGV062",654,"SGV037",654,12
"2601","SGV063",654,"SGV037",654,6
"2602","SGV064",654,"SGV037",654,19
"2603","SGV065",654,"SGV037",654,16
"2604","SGV066",654,"SGV037",654,7
"2605","SGV067",654,"SGV037",654,18
"2606","SGV068",654,"SGV037",654,8
"2607","SGV069",654,"SGV037",654,20
"2608","SGV070",654,"SGV037",654,15
"2609","SGV071",654,"SGV037",654,8
"2610","SGV072",654,"SGV037",654,16
"2611","SGV073",654,"SGV037",654,15
"2612","SGV075",654,"SGV037",654,13
"2613","SGV077",654,"SGV037",654,14
"2614","SGV078",654,"SGV037",654,13
"2615","SGV079",654,"SGV037",654,22
"2616","SGV080",654,"SGV037",654,16
"2621","SGV004",654,"SGV038",654,103
"2637","SGV021",654,"SGV038",654,15
"2638","SGV022",654,"SGV038",654,17
"2639","SGV023",654,"SGV038",654,3
"2640","SGV025",654,"SGV038",654,15
"2641","SGV026",654,"SGV038",654,15
"2643","SGV028",654,"SGV038",654,9
"2644","SGV029",654,"SGV038",654,16
"2645","SGV030",654,"SGV038",654,19
"2646","SGV031",654,"SGV038",654,7
"2647","SGV032",654,"SGV038",654,9
"2648","SGV033",654,"SGV038",654,19
"2649","SGV034",654,"SGV038",654,12
"2650","SGV035",654,"SGV038",654,15
"2651","SGV036",654,"SGV038",654,15
"2652","SGV037",654,"SGV038",654,18
"2653","SGV038",654,"SGV038",654,0
"2654","SGV039",654,"SGV038",654,14
"2655","SGV040",654,"SGV038",654,12
"2656","SGV041",654,"SGV038",654,18
"2657","SGV042",654,"SGV038",654,18
"2658","SGV043",654,"SGV038",654,21
"2659","SGV044",654,"SGV038",654,19
"2660","SGV045",654,"SGV038",654,13
"2661","SGV046",654,"SGV038",654,19
"2662","SGV047",654,"SGV038",654,23
"2663","SGV048",654,"SGV038",654,19
"2664","SGV049",654,"SGV038",654,11
"2665","SGV050",654,"SGV038",654,17
"2666","SGV051",654,"SGV038",654,12
"2667","SGV052",654,"SGV038",654,16
"2668","SGV053",654,"SGV038",654,17
"2669","SGV054",654,"SGV038",654,15
"2670","SGV055",654,"SGV038",654,18
"2671","SGV056",654,"SGV038",654,18
"2672","SGV057",654,"SGV038",654,16
"2673","SGV058",654,"SGV038",654,16
"2674","SGV059",654,"SGV038",654,14
"2675","SGV060",654,"SGV038",654,17
"2676","SGV061",654,"SGV038",654,23
"2677","SGV062",654,"SGV038",654,16
"2678","SGV063",654,"SGV038",654,18
"2679","SGV064",654,"SGV038",654,11
"2680","SGV065",654,"SGV038",654,18
"2681","SGV066",654,"SGV038",654,19
"2682","SGV067",654,"SGV038",654,20
"2683","SGV068",654,"SGV038",654,24
"2684","SGV069",654,"SGV038",654,12
"2685","SGV070",654,"SGV038",654,17
"2686","SGV071",654,"SGV038",654,10
"2687","SGV072",654,"SGV038",654,10
"2688","SGV073",654,"SGV038",654,17
"2689","SGV075",654,"SGV038",654,15
"2690","SGV077",654,"SGV038",654,16
"2691","SGV078",654,"SGV038",654,15
"2692","SGV079",654,"SGV038",654,14
"2693","SGV080",654,"SGV038",654,18
"2698","SGV004",654,"SGV039",654,99
"2714","SGV021",654,"SGV039",654,1
"2715","SGV022",654,"SGV039",654,11
"2716","SGV023",654,"SGV039",654,11
"2717","SGV025",654,"SGV039",654,1
"2718","SGV026",654,"SGV039",654,1
"2720","SGV028",654,"SGV039",654,11
"2721","SGV029",654,"SGV039",654,2
"2722","SGV030",654,"SGV039",654,6
"2723","SGV031",654,"SGV039",654,11
"2724","SGV032",654,"SGV039",654,13
"2725","SGV033",654,"SGV039",654,5
"2726","SGV034",654,"SGV039",654,14
"2727","SGV035",654,"SGV039",654,1
"2728","SGV036",654,"SGV039",654,1
"2729","SGV037",654,"SGV039",654,4
"2730","SGV038",654,"SGV039",654,14
"2731","SGV039",654,"SGV039",654,0
"2732","SGV040",654,"SGV039",654,14
"2733","SGV041",654,"SGV039",654,4
"2734","SGV042",654,"SGV039",654,12
"2735","SGV043",654,"SGV039",654,7
"2736","SGV044",654,"SGV039",654,5
"2737","SGV045",654,"SGV039",654,15
"2738","SGV046",654,"SGV039",654,13
"2739","SGV047",654,"SGV039",654,9
"2740","SGV048",654,"SGV039",654,12
"2741","SGV049",654,"SGV039",654,13
"2742","SGV050",654,"SGV039",654,11
"2743","SGV051",654,"SGV039",654,16
"2744","SGV052",654,"SGV039",654,10
"2745","SGV053",654,"SGV039",654,11
"2746","SGV054",654,"SGV039",654,1
"2747","SGV055",654,"SGV039",654,11
"2748","SGV056",654,"SGV039",654,12
"2749","SGV057",654,"SGV039",654,10
"2750","SGV058",654,"SGV039",654,10
"2751","SGV059",654,"SGV039",654,8
"2752","SGV060",654,"SGV039",654,19
"2753","SGV061",654,"SGV039",654,17
"2754","SGV062",654,"SGV039",654,8
"2755","SGV063",654,"SGV039",654,4
"2756","SGV064",654,"SGV039",654,15
"2757","SGV065",654,"SGV039",654,12
"2758","SGV066",654,"SGV039",654,5
"2759","SGV067",654,"SGV039",654,14
"2760","SGV068",654,"SGV039",654,10
"2761","SGV069",654,"SGV039",654,16
"2762","SGV070",654,"SGV039",654,11
"2763","SGV071",654,"SGV039",654,4
"2764","SGV072",654,"SGV039",654,12
"2765","SGV073",654,"SGV039",654,11
"2766","SGV075",654,"SGV039",654,9
"2767","SGV077",654,"SGV039",654,10
"2768","SGV078",654,"SGV039",654,9
"2769","SGV079",654,"SGV039",654,18
"2770","SGV080",654,"SGV039",654,12
"2775","SGV004",654,"SGV040",654,105
"2791","SGV021",654,"SGV040",654,15
"2792","SGV022",654,"SGV040",654,19
"2793","SGV023",654,"SGV040",654,9
"2794","SGV025",654,"SGV040",654,15
"2795","SGV026",654,"SGV040",654,15
"2797","SGV028",654,"SGV040",654,11
"2798","SGV029",654,"SGV040",654,16
"2799","SGV030",654,"SGV040",654,19
"2800","SGV031",654,"SGV040",654,7
"2801","SGV032",654,"SGV040",654,9
"2802","SGV033",654,"SGV040",654,19
"2803","SGV034",654,"SGV040",654,14
"2804","SGV035",654,"SGV040",654,15
"2805","SGV036",654,"SGV040",654,15
"2806","SGV037",654,"SGV040",654,18
"2807","SGV038",654,"SGV040",654,12
"2808","SGV039",654,"SGV040",654,14
"2809","SGV040",654,"SGV040",654,0
"2810","SGV041",654,"SGV040",654,18
"2811","SGV042",654,"SGV040",654,20
"2812","SGV043",654,"SGV040",654,21
"2813","SGV044",654,"SGV040",654,19
"2814","SGV045",654,"SGV040",654,15
"2815","SGV046",654,"SGV040",654,21
"2816","SGV047",654,"SGV040",654,23
"2817","SGV048",654,"SGV040",654,20
"2818","SGV049",654,"SGV040",654,13
"2819","SGV050",654,"SGV040",654,19
"2820","SGV051",654,"SGV040",654,10
"2821","SGV052",654,"SGV040",654,18
"2822","SGV053",654,"SGV040",654,19
"2823","SGV054",654,"SGV040",654,15
"2824","SGV055",654,"SGV040",654,19
"2825","SGV056",654,"SGV040",654,20
"2826","SGV057",654,"SGV040",654,18
"2827","SGV058",654,"SGV040",654,18
"2828","SGV059",654,"SGV040",654,16
"2829","SGV060",654,"SGV040",654,19
"2830","SGV061",654,"SGV040",654,25
"2831","SGV062",654,"SGV040",654,16
"2832","SGV063",654,"SGV040",654,18
"2833","SGV064",654,"SGV040",654,9
"2834","SGV065",654,"SGV040",654,20
"2835","SGV066",654,"SGV040",654,19
"2836","SGV067",654,"SGV040",654,22
"2837","SGV068",654,"SGV040",654,24
"2838","SGV069",654,"SGV040",654,12
"2839","SGV070",654,"SGV040",654,19
"2840","SGV071",654,"SGV040",654,12
"2841","SGV072",654,"SGV040",654,12
"2842","SGV073",654,"SGV040",654,19
"2843","SGV075",654,"SGV040",654,17
"2844","SGV077",654,"SGV040",654,18
"2845","SGV078",654,"SGV040",654,17
"2846","SGV079",654,"SGV040",654,12
"2847","SGV080",654,"SGV040",654,20
"2852","SGV004",654,"SGV041",654,103
"2868","SGV021",654,"SGV041",654,3
"2869","SGV022",654,"SGV041",654,15
"2870","SGV023",654,"SGV041",654,15
"2871","SGV025",654,"SGV041",654,3
"2872","SGV026",654,"SGV041",654,5
"2874","SGV028",654,"SGV041",654,15
"2875","SGV029",654,"SGV041",654,4
"2876","SGV030",654,"SGV041",654,6
"2877","SGV031",654,"SGV041",654,15
"2878","SGV032",654,"SGV041",654,17
"2879","SGV033",654,"SGV041",654,7
"2880","SGV034",654,"SGV041",654,18
"2881","SGV035",654,"SGV041",654,5
"2882","SGV036",654,"SGV041",654,5
"2883","SGV037",654,"SGV041",654,6
"2884","SGV038",654,"SGV041",654,18
"2885","SGV039",654,"SGV041",654,4
"2886","SGV040",654,"SGV041",654,18
"2887","SGV041",654,"SGV041",654,0
"2888","SGV042",654,"SGV041",654,16
"2889","SGV043",654,"SGV041",654,9
"2890","SGV044",654,"SGV041",654,5
"2891","SGV045",654,"SGV041",654,19
"2892","SGV046",654,"SGV041",654,17
"2893","SGV047",654,"SGV041",654,11
"2894","SGV048",654,"SGV041",654,16
"2895","SGV049",654,"SGV041",654,17
"2896","SGV050",654,"SGV041",654,15
"2897","SGV051",654,"SGV041",654,20
"2898","SGV052",654,"SGV041",654,14
"2899","SGV053",654,"SGV041",654,15
"2900","SGV054",654,"SGV041",654,5
"2901","SGV055",654,"SGV041",654,15
"2902","SGV056",654,"SGV041",654,16
"2903","SGV057",654,"SGV041",654,14
"2904","SGV058",654,"SGV041",654,14
"2905","SGV059",654,"SGV041",654,12
"2906","SGV060",654,"SGV041",654,23
"2907","SGV061",654,"SGV041",654,21
"2908","SGV062",654,"SGV041",654,12
"2909","SGV063",654,"SGV041",654,6
"2910","SGV064",654,"SGV041",654,19
"2911","SGV065",654,"SGV041",654,16
"2912","SGV066",654,"SGV041",654,7
"2913","SGV067",654,"SGV041",654,18
"2914","SGV068",654,"SGV041",654,12
"2915","SGV069",654,"SGV041",654,20
"2916","SGV070",654,"SGV041",654,15
"2917","SGV071",654,"SGV041",654,8
"2918","SGV072",654,"SGV041",654,16
"2919","SGV073",654,"SGV041",654,15
"2920","SGV075",654,"SGV041",654,13
"2921","SGV077",654,"SGV041",654,14
"2922","SGV078",654,"SGV041",654,13
"2923","SGV079",654,"SGV041",654,22
"2924","SGV080",654,"SGV041",654,16
"2929","SGV004",654,"SGV042",654,103
"2945","SGV021",654,"SGV042",654,13
"2946","SGV022",654,"SGV042",654,15
"2947","SGV023",654,"SGV042",654,15
"2948","SGV025",654,"SGV042",654,13
"2949","SGV026",654,"SGV042",654,13
"2951","SGV028",654,"SGV042",654,15
"2952","SGV029",654,"SGV042",654,13
"2953","SGV030",654,"SGV042",654,18
"2954","SGV031",654,"SGV042",654,15
"2955","SGV032",654,"SGV042",654,17
"2956","SGV033",654,"SGV042",654,17
"2957","SGV034",654,"SGV042",654,18
"2958","SGV035",654,"SGV042",654,13
"2959","SGV036",654,"SGV042",654,13
"2960","SGV037",654,"SGV042",654,16
"2961","SGV038",654,"SGV042",654,18
"2962","SGV039",654,"SGV042",654,12
"2963","SGV040",654,"SGV042",654,20
"2964","SGV041",654,"SGV042",654,16
"2965","SGV042",654,"SGV042",654,0
"2966","SGV043",654,"SGV042",654,19
"2967","SGV044",654,"SGV042",654,17
"2968","SGV045",654,"SGV042",654,19
"2969","SGV046",654,"SGV042",654,17
"2970","SGV047",654,"SGV042",654,21
"2971","SGV048",654,"SGV042",654,17
"2972","SGV049",654,"SGV042",654,17
"2973","SGV050",654,"SGV042",654,15
"2974","SGV051",654,"SGV042",654,20
"2975","SGV052",654,"SGV042",654,14
"2976","SGV053",654,"SGV042",654,15
"2977","SGV054",654,"SGV042",654,13
"2978","SGV055",654,"SGV042",654,16
"2979","SGV056",654,"SGV042",654,16
"2980","SGV057",654,"SGV042",654,14
"2981","SGV058",654,"SGV042",654,14
"2982","SGV059",654,"SGV042",654,12
"2983","SGV060",654,"SGV042",654,23
"2984","SGV061",654,"SGV042",654,9
"2985","SGV062",654,"SGV042",654,14
"2986","SGV063",654,"SGV042",654,16
"2987","SGV064",654,"SGV042",654,19
"2988","SGV065",654,"SGV042",654,4
"2989","SGV066",654,"SGV042",654,17
"2990","SGV067",654,"SGV042",654,18
"2991","SGV068",654,"SGV042",654,22
"2992","SGV069",654,"SGV042",654,20
"2993","SGV070",654,"SGV042",654,15
"2994","SGV071",654,"SGV042",654,8
"2995","SGV072",654,"SGV042",654,16
"2996","SGV073",654,"SGV042",654,15
"2997","SGV075",654,"SGV042",654,13
"2998","SGV077",654,"SGV042",654,14
"2999","SGV078",654,"SGV042",654,13
"3000","SGV079",654,"SGV042",654,22
"3001","SGV080",654,"SGV042",654,16
"3006","SGV004",654,"SGV043",654,106
"3022","SGV021",654,"SGV043",654,6
"3023","SGV022",654,"SGV043",654,18
"3024","SGV023",654,"SGV043",654,18
"3025","SGV025",654,"SGV043",654,6
"3026","SGV026",654,"SGV043",654,8
"3028","SGV028",654,"SGV043",654,18
"3029","SGV029",654,"SGV043",654,7
"3030","SGV030",654,"SGV043",654,11
"3031","SGV031",654,"SGV043",654,18
"3032","SGV032",654,"SGV043",654,20
"3033","SGV033",654,"SGV043",654,10
"3034","SGV034",654,"SGV043",654,21
"3035","SGV035",654,"SGV043",654,8
"3036","SGV036",654,"SGV043",654,8
"3037","SGV037",654,"SGV043",654,9
"3038","SGV038",654,"SGV043",654,21
"3039","SGV039",654,"SGV043",654,7
"3040","SGV040",654,"SGV043",654,21
"3041","SGV041",654,"SGV043",654,9
"3042","SGV042",654,"SGV043",654,19
"3043","SGV043",654,"SGV043",654,0
"3044","SGV044",654,"SGV043",654,10
"3045","SGV045",654,"SGV043",654,22
"3046","SGV046",654,"SGV043",654,20
"3047","SGV047",654,"SGV043",654,14
"3048","SGV048",654,"SGV043",654,19
"3049","SGV049",654,"SGV043",654,20
"3050","SGV050",654,"SGV043",654,18
"3051","SGV051",654,"SGV043",654,23
"3052","SGV052",654,"SGV043",654,17
"3053","SGV053",654,"SGV043",654,18
"3054","SGV054",654,"SGV043",654,8
"3055","SGV055",654,"SGV043",654,18
"3056","SGV056",654,"SGV043",654,19
"3057","SGV057",654,"SGV043",654,17
"3058","SGV058",654,"SGV043",654,17
"3059","SGV059",654,"SGV043",654,15
"3060","SGV060",654,"SGV043",654,26
"3061","SGV061",654,"SGV043",654,24
"3062","SGV062",654,"SGV043",654,15
"3063","SGV063",654,"SGV043",654,9
"3064","SGV064",654,"SGV043",654,22
"3065","SGV065",654,"SGV043",654,19
"3066","SGV066",654,"SGV043",654,8
"3067","SGV067",654,"SGV043",654,21
"3068","SGV068",654,"SGV043",654,15
"3069","SGV069",654,"SGV043",654,23
"3070","SGV070",654,"SGV043",654,18
"3071","SGV071",654,"SGV043",654,11
"3072","SGV072",654,"SGV043",654,19
"3073","SGV073",654,"SGV043",654,18
"3074","SGV075",654,"SGV043",654,16
"3075","SGV077",654,"SGV043",654,17
"3076","SGV078",654,"SGV043",654,16
"3077","SGV079",654,"SGV043",654,25
"3078","SGV080",654,"SGV043",654,19
"3083","SGV004",654,"SGV044",654,104
"3099","SGV021",654,"SGV044",654,4
"3100","SGV022",654,"SGV044",654,16
"3101","SGV023",654,"SGV044",654,16
"3102","SGV025",654,"SGV044",654,4
"3103","SGV026",654,"SGV044",654,6
"3105","SGV028",654,"SGV044",654,16
"3106","SGV029",654,"SGV044",654,5
"3107","SGV030",654,"SGV044",654,7
"3108","SGV031",654,"SGV044",654,16
"3109","SGV032",654,"SGV044",654,18
"3110","SGV033",654,"SGV044",654,8
"3111","SGV034",654,"SGV044",654,19
"3112","SGV035",654,"SGV044",654,6
"3113","SGV036",654,"SGV044",654,6
"3114","SGV037",654,"SGV044",654,7
"3115","SGV038",654,"SGV044",654,19
"3116","SGV039",654,"SGV044",654,5
"3117","SGV040",654,"SGV044",654,19
"3118","SGV041",654,"SGV044",654,5
"3119","SGV042",654,"SGV044",654,17
"3120","SGV043",654,"SGV044",654,10
"3121","SGV044",654,"SGV044",654,0
"3122","SGV045",654,"SGV044",654,20
"3123","SGV046",654,"SGV044",654,18
"3124","SGV047",654,"SGV044",654,12
"3125","SGV048",654,"SGV044",654,17
"3126","SGV049",654,"SGV044",654,18
"3127","SGV050",654,"SGV044",654,16
"3128","SGV051",654,"SGV044",654,21
"3129","SGV052",654,"SGV044",654,15
"3130","SGV053",654,"SGV044",654,16
"3131","SGV054",654,"SGV044",654,6
"3132","SGV055",654,"SGV044",654,16
"3133","SGV056",654,"SGV044",654,17
"3134","SGV057",654,"SGV044",654,15
"3135","SGV058",654,"SGV044",654,15
"3136","SGV059",654,"SGV044",654,13
"3137","SGV060",654,"SGV044",654,24
"3138","SGV061",654,"SGV044",654,22
"3139","SGV062",654,"SGV044",654,13
"3140","SGV063",654,"SGV044",654,7
"3141","SGV064",654,"SGV044",654,20
"3142","SGV065",654,"SGV044",654,17
"3143","SGV066",654,"SGV044",654,8
"3144","SGV067",654,"SGV044",654,19
"3145","SGV068",654,"SGV044",654,13
"3146","SGV069",654,"SGV044",654,21
"3147","SGV070",654,"SGV044",654,16
"3148","SGV071",654,"SGV044",654,9
"3149","SGV072",654,"SGV044",654,17
"3150","SGV073",654,"SGV044",654,16
"3151","SGV075",654,"SGV044",654,14
"3152","SGV077",654,"SGV044",654,15
"3153","SGV078",654,"SGV044",654,14
"3154","SGV079",654,"SGV044",654,23
"3155","SGV080",654,"SGV044",654,17
"3160","SGV004",654,"SGV045",654,104
"3176","SGV021",654,"SGV045",654,16
"3177","SGV022",654,"SGV045",654,18
"3178","SGV023",654,"SGV045",654,10
"3179","SGV025",654,"SGV045",654,16
"3180","SGV026",654,"SGV045",654,16
"3182","SGV028",654,"SGV045",654,4
"3183","SGV029",654,"SGV045",654,16
"3184","SGV030",654,"SGV045",654,21
"3185","SGV031",654,"SGV045",654,10
"3186","SGV032",654,"SGV045",654,12
"3187","SGV033",654,"SGV045",654,20
"3188","SGV034",654,"SGV045",654,7
"3189","SGV035",654,"SGV045",654,16
"3190","SGV036",654,"SGV045",654,16
"3191","SGV037",654,"SGV045",654,19
"3192","SGV038",654,"SGV045",654,13
"3193","SGV039",654,"SGV045",654,15
"3194","SGV040",654,"SGV045",654,15
"3195","SGV041",654,"SGV045",654,19
"3196","SGV042",654,"SGV045",654,19
"3197","SGV043",654,"SGV045",654,22
"3198","SGV044",654,"SGV045",654,20
"3199","SGV045",654,"SGV045",654,0
"3200","SGV046",654,"SGV045",654,20
"3201","SGV047",654,"SGV045",654,24
"3202","SGV048",654,"SGV045",654,20
"3203","SGV049",654,"SGV045",654,6
"3204","SGV050",654,"SGV045",654,18
"3205","SGV051",654,"SGV045",654,15
"3206","SGV052",654,"SGV045",654,17
"3207","SGV053",654,"SGV045",654,18
"3208","SGV054",654,"SGV045",654,16
"3209","SGV055",654,"SGV045",654,19
"3210","SGV056",654,"SGV045",654,19
"3211","SGV057",654,"SGV045",654,17
"3212","SGV058",654,"SGV045",654,17
"3213","SGV059",654,"SGV045",654,15
"3214","SGV060",654,"SGV045",654,12
"3215","SGV061",654,"SGV045",654,24
"3216","SGV062",654,"SGV045",654,17
"3217","SGV063",654,"SGV045",654,19
"3218","SGV064",654,"SGV045",654,14
"3219","SGV065",654,"SGV045",654,19
"3220","SGV066",654,"SGV045",654,20
"3221","SGV067",654,"SGV045",654,21
"3222","SGV068",654,"SGV045",654,25
"3223","SGV069",654,"SGV045",654,15
"3224","SGV070",654,"SGV045",654,18
"3225","SGV071",654,"SGV045",654,11
"3226","SGV072",654,"SGV045",654,5
"3227","SGV073",654,"SGV045",654,18
"3228","SGV075",654,"SGV045",654,16
"3229","SGV077",654,"SGV045",654,17
"3230","SGV078",654,"SGV045",654,16
"3231","SGV079",654,"SGV045",654,17
"3232","SGV080",654,"SGV045",654,19
"3237","SGV004",654,"SGV046",654,104
"3253","SGV021",654,"SGV046",654,14
"3254","SGV022",654,"SGV046",654,12
"3255","SGV023",654,"SGV046",654,16
"3256","SGV025",654,"SGV046",654,14
"3257","SGV026",654,"SGV046",654,14
"3259","SGV028",654,"SGV046",654,16
"3260","SGV029",654,"SGV046",654,15
"3261","SGV030",654,"SGV046",654,19
"3262","SGV031",654,"SGV046",654,16
"3263","SGV032",654,"SGV046",654,18
"3264","SGV033",654,"SGV046",654,18
"3265","SGV034",654,"SGV046",654,19
"3266","SGV035",654,"SGV046",654,14
"3267","SGV036",654,"SGV046",654,14
"3268","SGV037",654,"SGV046",654,17
"3269","SGV038",654,"SGV046",654,19
"3270","SGV039",654,"SGV046",654,13
"3271","SGV040",654,"SGV046",654,21
"3272","SGV041",654,"SGV046",654,17
"3273","SGV042",654,"SGV046",654,17
"3274","SGV043",654,"SGV046",654,20
"3275","SGV044",654,"SGV046",654,18
"3276","SGV045",654,"SGV046",654,20
"3277","SGV046",654,"SGV046",654,0
"3278","SGV047",654,"SGV046",654,22
"3279","SGV048",654,"SGV046",654,0
"3280","SGV049",654,"SGV046",654,18
"3281","SGV050",654,"SGV046",654,12
"3282","SGV051",654,"SGV046",654,21
"3283","SGV052",654,"SGV046",654,11
"3284","SGV053",654,"SGV046",654,12
"3285","SGV054",654,"SGV046",654,14
"3286","SGV055",654,"SGV046",654,13
"3287","SGV056",654,"SGV046",654,13
"3288","SGV057",654,"SGV046",654,11
"3289","SGV058",654,"SGV046",654,11
"3290","SGV059",654,"SGV046",654,9
"3291","SGV060",654,"SGV046",654,24
"3292","SGV061",654,"SGV046",654,22
"3293","SGV062",654,"SGV046",654,11
"3294","SGV063",654,"SGV046",654,17
"3295","SGV064",654,"SGV046",654,20
"3296","SGV065",654,"SGV046",654,17
"3297","SGV066",654,"SGV046",654,18
"3298","SGV067",654,"SGV046",654,3
"3299","SGV068",654,"SGV046",654,23
"3300","SGV069",654,"SGV046",654,21
"3301","SGV070",654,"SGV046",654,12
"3302","SGV071",654,"SGV046",654,9
"3303","SGV072",654,"SGV046",654,17
"3304","SGV073",654,"SGV046",654,12
"3305","SGV075",654,"SGV046",654,10
"3306","SGV077",654,"SGV046",654,9
"3307","SGV078",654,"SGV046",654,10
"3308","SGV079",654,"SGV046",654,23
"3309","SGV080",654,"SGV046",654,13
"3314","SGV004",654,"SGV047",654,108
"3330","SGV021",654,"SGV047",654,8
"3331","SGV022",654,"SGV047",654,20
"3332","SGV023",654,"SGV047",654,20
"3333","SGV025",654,"SGV047",654,8
"3334","SGV026",654,"SGV047",654,10
"3336","SGV028",654,"SGV047",654,20
"3337","SGV029",654,"SGV047",654,9
"3338","SGV030",654,"SGV047",654,13
"3339","SGV031",654,"SGV047",654,20
"3340","SGV032",654,"SGV047",654,22
"3341","SGV033",654,"SGV047",654,12
"3342","SGV034",654,"SGV047",654,23
"3343","SGV035",654,"SGV047",654,8
"3344","SGV036",654,"SGV047",654,10
"3345","SGV037",654,"SGV047",654,7
"3346","SGV038",654,"SGV047",654,23
"3347","SGV039",654,"SGV047",654,9
"3348","SGV040",654,"SGV047",654,23
"3349","SGV041",654,"SGV047",654,11
"3350","SGV042",654,"SGV047",654,21
"3351","SGV043",654,"SGV047",654,14
"3352","SGV044",654,"SGV047",654,12
"3353","SGV045",654,"SGV047",654,24
"3354","SGV046",654,"SGV047",654,22
"3355","SGV047",654,"SGV047",654,0
"3356","SGV048",654,"SGV047",654,21
"3357","SGV049",654,"SGV047",654,22
"3358","SGV050",654,"SGV047",654,20
"3359","SGV051",654,"SGV047",654,25
"3360","SGV052",654,"SGV047",654,19
"3361","SGV053",654,"SGV047",654,20
"3362","SGV054",654,"SGV047",654,10
"3363","SGV055",654,"SGV047",654,20
"3364","SGV056",654,"SGV047",654,21
"3365","SGV057",654,"SGV047",654,19
"3366","SGV058",654,"SGV047",654,19
"3367","SGV059",654,"SGV047",654,17
"3368","SGV060",654,"SGV047",654,28
"3369","SGV061",654,"SGV047",654,26
"3370","SGV062",654,"SGV047",654,17
"3371","SGV063",654,"SGV047",654,11
"3372","SGV064",654,"SGV047",654,24
"3373","SGV065",654,"SGV047",654,21
"3374","SGV066",654,"SGV047",654,12
"3375","SGV067",654,"SGV047",654,23
"3376","SGV068",654,"SGV047",654,1
"3377","SGV069",654,"SGV047",654,25
"3378","SGV070",654,"SGV047",654,20
"3379","SGV071",654,"SGV047",654,13
"3380","SGV072",654,"SGV047",654,21
"3381","SGV073",654,"SGV047",654,20
"3382","SGV075",654,"SGV047",654,18
"3383","SGV077",654,"SGV047",654,19
"3384","SGV078",654,"SGV047",654,18
"3385","SGV079",654,"SGV047",654,27
"3386","SGV080",654,"SGV047",654,21
"3391","SGV004",654,"SGV048",654,104
"3407","SGV021",654,"SGV048",654,13
"3408","SGV022",654,"SGV048",654,12
"3409","SGV023",654,"SGV048",654,16
"3410","SGV025",654,"SGV048",654,13
"3411","SGV026",654,"SGV048",654,13
"3413","SGV028",654,"SGV048",654,16
"3414","SGV029",654,"SGV048",654,13
"3415","SGV030",654,"SGV048",654,18
"3416","SGV031",654,"SGV048",654,16
"3417","SGV032",654,"SGV048",654,18
"3418","SGV033",654,"SGV048",654,17
"3419","SGV034",654,"SGV048",654,19
"3420","SGV035",654,"SGV048",654,13
"3421","SGV036",654,"SGV048",654,13
"3422","SGV037",654,"SGV048",654,16
"3423","SGV038",654,"SGV048",654,19
"3424","SGV039",654,"SGV048",654,12
"3425","SGV040",654,"SGV048",654,20
"3426","SGV041",654,"SGV048",654,16
"3427","SGV042",654,"SGV048",654,17
"3428","SGV043",654,"SGV048",654,19
"3429","SGV044",654,"SGV048",654,17
"3430","SGV045",654,"SGV048",654,20
"3431","SGV046",654,"SGV048",654,0
"3432","SGV047",654,"SGV048",654,21
"3433","SGV048",654,"SGV048",654,0
"3434","SGV049",654,"SGV048",654,18
"3435","SGV050",654,"SGV048",654,12
"3436","SGV051",654,"SGV048",654,21
"3437","SGV052",654,"SGV048",654,11
"3438","SGV053",654,"SGV048",654,12
"3439","SGV054",654,"SGV048",654,13
"3440","SGV055",654,"SGV048",654,13
"3441","SGV056",654,"SGV048",654,13
"3442","SGV057",654,"SGV048",654,11
"3443","SGV058",654,"SGV048",654,11
"3444","SGV059",654,"SGV048",654,9
"3445","SGV060",654,"SGV048",654,24
"3446","SGV061",654,"SGV048",654,22
"3447","SGV062",654,"SGV048",654,10
"3448","SGV063",654,"SGV048",654,16
"3449","SGV064",654,"SGV048",654,20
"3450","SGV065",654,"SGV048",654,17
"3451","SGV066",654,"SGV048",654,17
"3452","SGV067",654,"SGV048",654,3
"3453","SGV068",654,"SGV048",654,22
"3454","SGV069",654,"SGV048",654,21
"3455","SGV070",654,"SGV048",654,12
"3456","SGV071",654,"SGV048",654,9
"3457","SGV072",654,"SGV048",654,17
"3458","SGV073",654,"SGV048",654,12
"3459","SGV075",654,"SGV048",654,10
"3460","SGV077",654,"SGV048",654,9
"3461","SGV078",654,"SGV048",654,10
"3462","SGV079",654,"SGV048",654,23
"3463","SGV080",654,"SGV048",654,13
"3468","SGV004",654,"SGV049",654,102
"3484","SGV021",654,"SGV049",654,14
"3485","SGV022",654,"SGV049",654,16
"3486","SGV023",654,"SGV049",654,8
"3487","SGV025",654,"SGV049",654,14
"3488","SGV026",654,"SGV049",654,14
"3490","SGV028",654,"SGV049",654,2
"3491","SGV029",654,"SGV049",654,15
"3492","SGV030",654,"SGV049",654,19
"3493","SGV031",654,"SGV049",654,8
"3494","SGV032",654,"SGV049",654,10
"3495","SGV033",654,"SGV049",654,18
"3496","SGV034",654,"SGV049",654,5
"3497","SGV035",654,"SGV049",654,14
"3498","SGV036",654,"SGV049",654,14
"3499","SGV037",654,"SGV049",654,17
"3500","SGV038",654,"SGV049",654,11
"3501","SGV039",654,"SGV049",654,13
"3502","SGV040",654,"SGV049",654,13
"3503","SGV041",654,"SGV049",654,17
"3504","SGV042",654,"SGV049",654,17
"3505","SGV043",654,"SGV049",654,20
"3506","SGV044",654,"SGV049",654,18
"3507","SGV045",654,"SGV049",654,6
"3508","SGV046",654,"SGV049",654,18
"3509","SGV047",654,"SGV049",654,22
"3510","SGV048",654,"SGV049",654,18
"3511","SGV049",654,"SGV049",654,0
"3512","SGV050",654,"SGV049",654,16
"3513","SGV051",654,"SGV049",654,13
"3514","SGV052",654,"SGV049",654,15
"3515","SGV053",654,"SGV049",654,16
"3516","SGV054",654,"SGV049",654,14
"3517","SGV055",654,"SGV049",654,17
"3518","SGV056",654,"SGV049",654,17
"3519","SGV057",654,"SGV049",654,15
"3520","SGV058",654,"SGV049",654,15
"3521","SGV059",654,"SGV049",654,13
"3522","SGV060",654,"SGV049",654,10
"3523","SGV061",654,"SGV049",654,22
"3524","SGV062",654,"SGV049",654,15
"3525","SGV063",654,"SGV049",654,17
"3526","SGV064",654,"SGV049",654,12
"3527","SGV065",654,"SGV049",654,17
"3528","SGV066",654,"SGV049",654,18
"3529","SGV067",654,"SGV049",654,19
"3530","SGV068",654,"SGV049",654,23
"3531","SGV069",654,"SGV049",654,13
"3532","SGV070",654,"SGV049",654,16
"3533","SGV071",654,"SGV049",654,9
"3534","SGV072",654,"SGV049",654,3
"3535","SGV073",654,"SGV049",654,16
"3536","SGV075",654,"SGV049",654,14
"3537","SGV077",654,"SGV049",654,15
"3538","SGV078",654,"SGV049",654,14
"3539","SGV079",654,"SGV049",654,15
"3540","SGV080",654,"SGV049",654,17
"3545","SGV004",654,"SGV050",654,102
"3561","SGV021",654,"SGV050",654,12
"3562","SGV022",654,"SGV050",654,10
"3563","SGV023",654,"SGV050",654,14
"3564","SGV025",654,"SGV050",654,12
"3565","SGV026",654,"SGV050",654,12
"3567","SGV028",654,"SGV050",654,14
"3568","SGV029",654,"SGV050",654,12
"3569","SGV030",654,"SGV050",654,17
"3570","SGV031",654,"SGV050",654,14
"3571","SGV032",654,"SGV050",654,16
"3572","SGV033",654,"SGV050",654,16
"3573","SGV034",654,"SGV050",654,17
"3574","SGV035",654,"SGV050",654,12
"3575","SGV036",654,"SGV050",654,12
"3576","SGV037",654,"SGV050",654,15
"3577","SGV038",654,"SGV050",654,17
"3578","SGV039",654,"SGV050",654,11
"3579","SGV040",654,"SGV050",654,19
"3580","SGV041",654,"SGV050",654,15
"3581","SGV042",654,"SGV050",654,15
"3582","SGV043",654,"SGV050",654,18
"3583","SGV044",654,"SGV050",654,16
"3584","SGV045",654,"SGV050",654,18
"3585","SGV046",654,"SGV050",654,12
"3586","SGV047",654,"SGV050",654,20
"3587","SGV048",654,"SGV050",654,12
"3588","SGV049",654,"SGV050",654,16
"3589","SGV050",654,"SGV050",654,0
"3590","SGV051",654,"SGV050",654,19
"3591","SGV052",654,"SGV050",654,9
"3592","SGV053",654,"SGV050",654,10
"3593","SGV054",654,"SGV050",654,12
"3594","SGV055",654,"SGV050",654,11
"3595","SGV056",654,"SGV050",654,11
"3596","SGV057",654,"SGV050",654,9
"3597","SGV058",654,"SGV050",654,9
"3598","SGV059",654,"SGV050",654,7
"3599","SGV060",654,"SGV050",654,22
"3600","SGV061",654,"SGV050",654,20
"3601","SGV062",654,"SGV050",654,9
"3602","SGV063",654,"SGV050",654,15
"3603","SGV064",654,"SGV050",654,18
"3604","SGV065",654,"SGV050",654,15
"3605","SGV066",654,"SGV050",654,16
"3606","SGV067",654,"SGV050",654,13
"3607","SGV068",654,"SGV050",654,21
"3608","SGV069",654,"SGV050",654,19
"3609","SGV070",654,"SGV050",654,10
"3610","SGV071",654,"SGV050",654,7
"3611","SGV072",654,"SGV050",654,15
"3612","SGV073",654,"SGV050",654,10
"3613","SGV075",654,"SGV050",654,8
"3614","SGV077",654,"SGV050",654,9
"3615","SGV078",654,"SGV050",654,8
"3616","SGV079",654,"SGV050",654,21
"3617","SGV080",654,"SGV050",654,11
"3622","SGV004",654,"SGV051",654,104
"3638","SGV021",654,"SGV051",654,17
"3639","SGV022",654,"SGV051",654,19
"3640","SGV023",654,"SGV051",654,9
"3641","SGV025",654,"SGV051",654,17
"3642","SGV026",654,"SGV051",654,17
"3644","SGV028",654,"SGV051",654,11
"3645","SGV029",654,"SGV051",654,18
"3646","SGV030",654,"SGV051",654,21
"3647","SGV031",654,"SGV051",654,7
"3648","SGV032",654,"SGV051",654,9
"3649","SGV033",654,"SGV051",654,21
"3650","SGV034",654,"SGV051",654,14
"3651","SGV035",654,"SGV051",654,17
"3652","SGV036",654,"SGV051",654,17
"3653","SGV037",654,"SGV051",654,20
"3654","SGV038",654,"SGV051",654,12
"3655","SGV039",654,"SGV051",654,16
"3656","SGV040",654,"SGV051",654,10
"3657","SGV041",654,"SGV051",654,20
"3658","SGV042",654,"SGV051",654,20
"3659","SGV043",654,"SGV051",654,23
"3660","SGV044",654,"SGV051",654,21
"3661","SGV045",654,"SGV051",654,15
"3662","SGV046",654,"SGV051",654,21
"3663","SGV047",654,"SGV051",654,25
"3664","SGV048",654,"SGV051",654,21
"3665","SGV049",654,"SGV051",654,13
"3666","SGV050",654,"SGV051",654,19
"3667","SGV051",654,"SGV051",654,0
"3668","SGV052",654,"SGV051",654,18
"3669","SGV053",654,"SGV051",654,19
"3670","SGV054",654,"SGV051",654,17
"3671","SGV055",654,"SGV051",654,20
"3672","SGV056",654,"SGV051",654,20
"3673","SGV057",654,"SGV051",654,18
"3674","SGV058",654,"SGV051",654,18
"3675","SGV059",654,"SGV051",654,16
"3676","SGV060",654,"SGV051",654,19
"3677","SGV061",654,"SGV051",654,25
"3678","SGV062",654,"SGV051",654,18
"3679","SGV063",654,"SGV051",654,20
"3680","SGV064",654,"SGV051",654,9
"3681","SGV065",654,"SGV051",654,20
"3682","SGV066",654,"SGV051",654,21
"3683","SGV067",654,"SGV051",654,22
"3684","SGV068",654,"SGV051",654,26
"3685","SGV069",654,"SGV051",654,12
"3686","SGV070",654,"SGV051",654,19
"3687","SGV071",654,"SGV051",654,12
"3688","SGV072",654,"SGV051",654,12
"3689","SGV073",654,"SGV051",654,19
"3690","SGV075",654,"SGV051",654,17
"3691","SGV077",654,"SGV051",654,18
"3692","SGV078",654,"SGV051",654,17
"3693","SGV079",654,"SGV051",654,8
"3694","SGV080",654,"SGV051",654,20
"3699","SGV004",654,"SGV052",654,101
"3715","SGV021",654,"SGV052",654,11
"3716","SGV022",654,"SGV052",654,9
"3717","SGV023",654,"SGV052",654,13
"3718","SGV025",654,"SGV052",654,11
"3719","SGV026",654,"SGV052",654,11
"3721","SGV028",654,"SGV052",654,13
"3722","SGV029",654,"SGV052",654,12
"3723","SGV030",654,"SGV052",654,16
"3724","SGV031",654,"SGV052",654,13
"3725","SGV032",654,"SGV052",654,15
"3726","SGV033",654,"SGV052",654,15
"3727","SGV034",654,"SGV052",654,16
"3728","SGV035",654,"SGV052",654,11
"3729","SGV036",654,"SGV052",654,11
"3730","SGV037",654,"SGV052",654,14
"3731","SGV038",654,"SGV052",654,16
"3732","SGV039",654,"SGV052",654,10
"3733","SGV040",654,"SGV052",654,18
"3734","SGV041",654,"SGV052",654,14
"3735","SGV042",654,"SGV052",654,14
"3736","SGV043",654,"SGV052",654,17
"3737","SGV044",654,"SGV052",654,15
"3738","SGV045",654,"SGV052",654,17
"3739","SGV046",654,"SGV052",654,11
"3740","SGV047",654,"SGV052",654,19
"3741","SGV048",654,"SGV052",654,11
"3742","SGV049",654,"SGV052",654,15
"3743","SGV050",654,"SGV052",654,9
"3744","SGV051",654,"SGV052",654,18
"3745","SGV052",654,"SGV052",654,0
"3746","SGV053",654,"SGV052",654,1
"3747","SGV054",654,"SGV052",654,11
"3748","SGV055",654,"SGV052",654,2
"3749","SGV056",654,"SGV052",654,10
"3750","SGV057",654,"SGV052",654,8
"3751","SGV058",654,"SGV052",654,0
"3752","SGV059",654,"SGV052",654,6
"3753","SGV060",654,"SGV052",654,21
"3754","SGV061",654,"SGV052",654,19
"3755","SGV062",654,"SGV052",654,4
"3756","SGV063",654,"SGV052",654,14
"3757","SGV064",654,"SGV052",654,17
"3758","SGV065",654,"SGV052",654,14
"3759","SGV066",654,"SGV052",654,15
"3760","SGV067",654,"SGV052",654,12
"3761","SGV068",654,"SGV052",654,20
"3762","SGV069",654,"SGV052",654,18
"3763","SGV070",654,"SGV052",654,9
"3764","SGV071",654,"SGV052",654,6
"3765","SGV072",654,"SGV052",654,14
"3766","SGV073",654,"SGV052",654,9
"3767","SGV075",654,"SGV052",654,7
"3768","SGV077",654,"SGV052",654,8
"3769","SGV078",654,"SGV052",654,7
"3770","SGV079",654,"SGV052",654,20
"3771","SGV080",654,"SGV052",654,10
"3776","SGV004",654,"SGV053",654,102
"3792","SGV021",654,"SGV053",654,12
"3793","SGV022",654,"SGV053",654,10
"3794","SGV023",654,"SGV053",654,14
"3795","SGV025",654,"SGV053",654,12
"3796","SGV026",654,"SGV053",654,12
"3798","SGV028",654,"SGV053",654,14
"3799","SGV029",654,"SGV053",654,12
"3800","SGV030",654,"SGV053",654,17
"3801","SGV031",654,"SGV053",654,14
"3802","SGV032",654,"SGV053",654,16
"3803","SGV033",654,"SGV053",654,16
"3804","SGV034",654,"SGV053",654,17
"3805","SGV035",654,"SGV053",654,12
"3806","SGV036",654,"SGV053",654,12
"3807","SGV037",654,"SGV053",654,15
"3808","SGV038",654,"SGV053",654,17
"3809","SGV039",654,"SGV053",654,11
"3810","SGV040",654,"SGV053",654,19
"3811","SGV041",654,"SGV053",654,15
"3812","SGV042",654,"SGV053",654,15
"3813","SGV043",654,"SGV053",654,18
"3814","SGV044",654,"SGV053",654,16
"3815","SGV045",654,"SGV053",654,18
"3816","SGV046",654,"SGV053",654,12
"3817","SGV047",654,"SGV053",654,20
"3818","SGV048",654,"SGV053",654,12
"3819","SGV049",654,"SGV053",654,16
"3820","SGV050",654,"SGV053",654,10
"3821","SGV051",654,"SGV053",654,19
"3822","SGV052",654,"SGV053",654,1
"3823","SGV053",654,"SGV053",654,0
"3824","SGV054",654,"SGV053",654,12
"3825","SGV055",654,"SGV053",654,3
"3826","SGV056",654,"SGV053",654,11
"3827","SGV057",654,"SGV053",654,9
"3828","SGV058",654,"SGV053",654,1
"3829","SGV059",654,"SGV053",654,7
"3830","SGV060",654,"SGV053",654,22
"3831","SGV061",654,"SGV053",654,20
"3832","SGV062",654,"SGV053",654,5
"3833","SGV063",654,"SGV053",654,15
"3834","SGV064",654,"SGV053",654,18
"3835","SGV065",654,"SGV053",654,15
"3836","SGV066",654,"SGV053",654,16
"3837","SGV067",654,"SGV053",654,13
"3838","SGV068",654,"SGV053",654,21
"3839","SGV069",654,"SGV053",654,19
"3840","SGV070",654,"SGV053",654,10
"3841","SGV071",654,"SGV053",654,7
"3842","SGV072",654,"SGV053",654,15
"3843","SGV073",654,"SGV053",654,10
"3844","SGV075",654,"SGV053",654,8
"3845","SGV077",654,"SGV053",654,9
"3846","SGV078",654,"SGV053",654,8
"3847","SGV079",654,"SGV053",654,21
"3848","SGV080",654,"SGV053",654,11
"3853","SGV004",654,"SGV054",654,100
"3869","SGV021",654,"SGV054",654,2
"3870","SGV022",654,"SGV054",654,12
"3871","SGV023",654,"SGV054",654,12
"3872","SGV025",654,"SGV054",654,2
"3873","SGV026",654,"SGV054",654,2
"3875","SGV028",654,"SGV054",654,12
"3876","SGV029",654,"SGV054",654,3
"3877","SGV030",654,"SGV054",654,7
"3878","SGV031",654,"SGV054",654,12
"3879","SGV032",654,"SGV054",654,14
"3880","SGV033",654,"SGV054",654,6
"3881","SGV034",654,"SGV054",654,15
"3882","SGV035",654,"SGV054",654,2
"3883","SGV036",654,"SGV054",654,2
"3884","SGV037",654,"SGV054",654,5
"3885","SGV038",654,"SGV054",654,15
"3886","SGV039",654,"SGV054",654,1
"3887","SGV040",654,"SGV054",654,15
"3888","SGV041",654,"SGV054",654,5
"3889","SGV042",654,"SGV054",654,13
"3890","SGV043",654,"SGV054",654,8
"3891","SGV044",654,"SGV054",654,6
"3892","SGV045",654,"SGV054",654,16
"3893","SGV046",654,"SGV054",654,14
"3894","SGV047",654,"SGV054",654,10
"3895","SGV048",654,"SGV054",654,13
"3896","SGV049",654,"SGV054",654,14
"3897","SGV050",654,"SGV054",654,12
"3898","SGV051",654,"SGV054",654,17
"3899","SGV052",654,"SGV054",654,11
"3900","SGV053",654,"SGV054",654,12
"3901","SGV054",654,"SGV054",654,0
"3902","SGV055",654,"SGV054",654,12
"3903","SGV056",654,"SGV054",654,13
"3904","SGV057",654,"SGV054",654,11
"3905","SGV058",654,"SGV054",654,11
"3906","SGV059",654,"SGV054",654,9
"3907","SGV060",654,"SGV054",654,20
"3908","SGV061",654,"SGV054",654,18
"3909","SGV062",654,"SGV054",654,9
"3910","SGV063",654,"SGV054",654,5
"3911","SGV064",654,"SGV054",654,16
"3912","SGV065",654,"SGV054",654,13
"3913","SGV066",654,"SGV054",654,6
"3914","SGV067",654,"SGV054",654,15
"3915","SGV068",654,"SGV054",654,11
"3916","SGV069",654,"SGV054",654,17
"3917","SGV070",654,"SGV054",654,12
"3918","SGV071",654,"SGV054",654,5
"3919","SGV072",654,"SGV054",654,13
"3920","SGV073",654,"SGV054",654,12
"3921","SGV075",654,"SGV054",654,10
"3922","SGV077",654,"SGV054",654,11
"3923","SGV078",654,"SGV054",654,10
"3924","SGV079",654,"SGV054",654,19
"3925","SGV080",654,"SGV054",654,13
"3930","SGV004",654,"SGV055",654,102
"3946","SGV021",654,"SGV055",654,12
"3947","SGV022",654,"SGV055",654,11
"3948","SGV023",654,"SGV055",654,15
"3949","SGV025",654,"SGV055",654,12
"3950","SGV026",654,"SGV055",654,12
"3952","SGV028",654,"SGV055",654,15
"3953","SGV029",654,"SGV055",654,13
"3954","SGV030",654,"SGV055",654,17
"3955","SGV031",654,"SGV055",654,15
"3956","SGV032",654,"SGV055",654,17
"3957","SGV033",654,"SGV055",654,16
"3958","SGV034",654,"SGV055",654,18
"3959","SGV035",654,"SGV055",654,12
"3960","SGV036",654,"SGV055",654,12
"3961","SGV037",654,"SGV055",654,15
"3962","SGV038",654,"SGV055",654,18
"3963","SGV039",654,"SGV055",654,11
"3964","SGV040",654,"SGV055",654,19
"3965","SGV041",654,"SGV055",654,15
"3966","SGV042",654,"SGV055",654,16
"3967","SGV043",654,"SGV055",654,18
"3968","SGV044",654,"SGV055",654,16
"3969","SGV045",654,"SGV055",654,19
"3970","SGV046",654,"SGV055",654,13
"3971","SGV047",654,"SGV055",654,20
"3972","SGV048",654,"SGV055",654,13
"3973","SGV049",654,"SGV055",654,17
"3974","SGV050",654,"SGV055",654,11
"3975","SGV051",654,"SGV055",654,20
"3976","SGV052",654,"SGV055",654,2
"3977","SGV053",654,"SGV055",654,3
"3978","SGV054",654,"SGV055",654,12
"3979","SGV055",654,"SGV055",654,0
"3980","SGV056",654,"SGV055",654,12
"3981","SGV057",654,"SGV055",654,10
"3982","SGV058",654,"SGV055",654,2
"3983","SGV059",654,"SGV055",654,8
"3984","SGV060",654,"SGV055",654,23
"3985","SGV061",654,"SGV055",654,21
"3986","SGV062",654,"SGV055",654,5
"3987","SGV063",654,"SGV055",654,15
"3988","SGV064",654,"SGV055",654,19
"3989","SGV065",654,"SGV055",654,16
"3990","SGV066",654,"SGV055",654,16
"3991","SGV067",654,"SGV055",654,14
"3992","SGV068",654,"SGV055",654,21
"3993","SGV069",654,"SGV055",654,20
"3994","SGV070",654,"SGV055",654,11
"3995","SGV071",654,"SGV055",654,8
"3996","SGV072",654,"SGV055",654,16
"3997","SGV073",654,"SGV055",654,11
"3998","SGV075",654,"SGV055",654,9
"3999","SGV077",654,"SGV055",654,10
"4000","SGV078",654,"SGV055",654,9
"4001","SGV079",654,"SGV055",654,22
"4002","SGV080",654,"SGV055",654,12
"4007","SGV004",654,"SGV056",654,103
"4023","SGV021",654,"SGV056",654,13
"4024","SGV022",654,"SGV056",654,11
"4025","SGV023",654,"SGV056",654,15
"4026","SGV025",654,"SGV056",654,13
"4027","SGV026",654,"SGV056",654,13
"4029","SGV028",654,"SGV056",654,15
"4030","SGV029",654,"SGV056",654,13
"4031","SGV030",654,"SGV056",654,18
"4032","SGV031",654,"SGV056",654,15
"4033","SGV032",654,"SGV056",654,17
"4034","SGV033",654,"SGV056",654,17
"4035","SGV034",654,"SGV056",654,18
"4036","SGV035",654,"SGV056",654,13
"4037","SGV036",654,"SGV056",654,13
"4038","SGV037",654,"SGV056",654,16
"4039","SGV038",654,"SGV056",654,18
"4040","SGV039",654,"SGV056",654,12
"4041","SGV040",654,"SGV056",654,20
"4042","SGV041",654,"SGV056",654,16
"4043","SGV042",654,"SGV056",654,16
"4044","SGV043",654,"SGV056",654,19
"4045","SGV044",654,"SGV056",654,17
"4046","SGV045",654,"SGV056",654,19
"4047","SGV046",654,"SGV056",654,13
"4048","SGV047",654,"SGV056",654,21
"4049","SGV048",654,"SGV056",654,13
"4050","SGV049",654,"SGV056",654,17
"4051","SGV050",654,"SGV056",654,11
"4052","SGV051",654,"SGV056",654,20
"4053","SGV052",654,"SGV056",654,10
"4054","SGV053",654,"SGV056",654,11
"4055","SGV054",654,"SGV056",654,13
"4056","SGV055",654,"SGV056",654,12
"4057","SGV056",654,"SGV056",654,0
"4058","SGV057",654,"SGV056",654,10
"4059","SGV058",654,"SGV056",654,10
"4060","SGV059",654,"SGV056",654,8
"4061","SGV060",654,"SGV056",654,23
"4062","SGV061",654,"SGV056",654,21
"4063","SGV062",654,"SGV056",654,10
"4064","SGV063",654,"SGV056",654,16
"4065","SGV064",654,"SGV056",654,19
"4066","SGV065",654,"SGV056",654,16
"4067","SGV066",654,"SGV056",654,17
"4068","SGV067",654,"SGV056",654,14
"4069","SGV068",654,"SGV056",654,22
"4070","SGV069",654,"SGV056",654,20
"4071","SGV070",654,"SGV056",654,11
"4072","SGV071",654,"SGV056",654,8
"4073","SGV072",654,"SGV056",654,16
"4074","SGV073",654,"SGV056",654,5
"4075","SGV075",654,"SGV056",654,9
"4076","SGV077",654,"SGV056",654,10
"4077","SGV078",654,"SGV056",654,9
"4078","SGV079",654,"SGV056",654,22
"4079","SGV080",654,"SGV056",654,10
"4084","SGV004",654,"SGV057",654,101
"4100","SGV021",654,"SGV057",654,11
"4101","SGV022",654,"SGV057",654,9
"4102","SGV023",654,"SGV057",654,13
"4103","SGV025",654,"SGV057",654,11
"4104","SGV026",654,"SGV057",654,11
"4106","SGV028",654,"SGV057",654,13
"4107","SGV029",654,"SGV057",654,12
"4108","SGV030",654,"SGV057",654,16
"4109","SGV031",654,"SGV057",654,13
"4110","SGV032",654,"SGV057",654,15
"4111","SGV033",654,"SGV057",654,15
"4112","SGV034",654,"SGV057",654,16
"4113","SGV035",654,"SGV057",654,11
"4114","SGV036",654,"SGV057",654,11
"4115","SGV037",654,"SGV057",654,14
"4116","SGV038",654,"SGV057",654,16
"4117","SGV039",654,"SGV057",654,10
"4118","SGV040",654,"SGV057",654,18
"4119","SGV041",654,"SGV057",654,14
"4120","SGV042",654,"SGV057",654,14
"4121","SGV043",654,"SGV057",654,17
"4122","SGV044",654,"SGV057",654,15
"4123","SGV045",654,"SGV057",654,17
"4124","SGV046",654,"SGV057",654,11
"4125","SGV047",654,"SGV057",654,19
"4126","SGV048",654,"SGV057",654,11
"4127","SGV049",654,"SGV057",654,15
"4128","SGV050",654,"SGV057",654,9
"4129","SGV051",654,"SGV057",654,18
"4130","SGV052",654,"SGV057",654,8
"4131","SGV053",654,"SGV057",654,9
"4132","SGV054",654,"SGV057",654,11
"4133","SGV055",654,"SGV057",654,10
"4134","SGV056",654,"SGV057",654,10
"4135","SGV057",654,"SGV057",654,0
"4136","SGV058",654,"SGV057",654,8
"4137","SGV059",654,"SGV057",654,6
"4138","SGV060",654,"SGV057",654,21
"4139","SGV061",654,"SGV057",654,19
"4140","SGV062",654,"SGV057",654,8
"4141","SGV063",654,"SGV057",654,14
"4142","SGV064",654,"SGV057",654,17
"4143","SGV065",654,"SGV057",654,14
"4144","SGV066",654,"SGV057",654,15
"4145","SGV067",654,"SGV057",654,12
"4146","SGV068",654,"SGV057",654,20
"4147","SGV069",654,"SGV057",654,18
"4148","SGV070",654,"SGV057",654,9
"4149","SGV071",654,"SGV057",654,6
"4150","SGV072",654,"SGV057",654,14
"4151","SGV073",654,"SGV057",654,9
"4152","SGV075",654,"SGV057",654,7
"4153","SGV077",654,"SGV057",654,8
"4154","SGV078",654,"SGV057",654,7
"4155","SGV079",654,"SGV057",654,20
"4156","SGV080",654,"SGV057",654,10
"4161","SGV004",654,"SGV058",654,101
"4177","SGV021",654,"SGV058",654,11
"4178","SGV022",654,"SGV058",654,9
"4179","SGV023",654,"SGV058",654,13
"4180","SGV025",654,"SGV058",654,11
"4181","SGV026",654,"SGV058",654,11
"4183","SGV028",654,"SGV058",654,13
"4184","SGV029",654,"SGV058",654,12
"4185","SGV030",654,"SGV058",654,16
"4186","SGV031",654,"SGV058",654,13
"4187","SGV032",654,"SGV058",654,15
"4188","SGV033",654,"SGV058",654,15
"4189","SGV034",654,"SGV058",654,16
"4190","SGV035",654,"SGV058",654,11
"4191","SGV036",654,"SGV058",654,11
"4192","SGV037",654,"SGV058",654,14
"4193","SGV038",654,"SGV058",654,16
"4194","SGV039",654,"SGV058",654,10
"4195","SGV040",654,"SGV058",654,18
"4196","SGV041",654,"SGV058",654,14
"4197","SGV042",654,"SGV058",654,14
"4198","SGV043",654,"SGV058",654,17
"4199","SGV044",654,"SGV058",654,15
"4200","SGV045",654,"SGV058",654,17
"4201","SGV046",654,"SGV058",654,11
"4202","SGV047",654,"SGV058",654,19
"4203","SGV048",654,"SGV058",654,11
"4204","SGV049",654,"SGV058",654,15
"4205","SGV050",654,"SGV058",654,9
"4206","SGV051",654,"SGV058",654,18
"4207","SGV052",654,"SGV058",654,0
"4208","SGV053",654,"SGV058",654,1
"4209","SGV054",654,"SGV058",654,11
"4210","SGV055",654,"SGV058",654,2
"4211","SGV056",654,"SGV058",654,10
"4212","SGV057",654,"SGV058",654,8
"4213","SGV058",654,"SGV058",654,0
"4214","SGV059",654,"SGV058",654,6
"4215","SGV060",654,"SGV058",654,21
"4216","SGV061",654,"SGV058",654,19
"4217","SGV062",654,"SGV058",654,4
"4218","SGV063",654,"SGV058",654,14
"4219","SGV064",654,"SGV058",654,17
"4220","SGV065",654,"SGV058",654,14
"4221","SGV066",654,"SGV058",654,15
"4222","SGV067",654,"SGV058",654,12
"4223","SGV068",654,"SGV058",654,20
"4224","SGV069",654,"SGV058",654,18
"4225","SGV070",654,"SGV058",654,9
"4226","SGV071",654,"SGV058",654,6
"4227","SGV072",654,"SGV058",654,14
"4228","SGV073",654,"SGV058",654,9
"4229","SGV075",654,"SGV058",654,7
"4230","SGV077",654,"SGV058",654,8
"4231","SGV078",654,"SGV058",654,7
"4232","SGV079",654,"SGV058",654,20
"4233","SGV080",654,"SGV058",654,10
"4238","SGV004",654,"SGV059",654,99
"4254","SGV021",654,"SGV059",654,9
"4255","SGV022",654,"SGV059",654,7
"4256","SGV023",654,"SGV059",654,11
"4257","SGV025",654,"SGV059",654,9
"4258","SGV026",654,"SGV059",654,9
"4260","SGV028",654,"SGV059",654,11
"4261","SGV029",654,"SGV059",654,10
"4262","SGV030",654,"SGV059",654,14
"4263","SGV031",654,"SGV059",654,11
"4264","SGV032",654,"SGV059",654,13
"4265","SGV033",654,"SGV059",654,13
"4266","SGV034",654,"SGV059",654,14
"4267","SGV035",654,"SGV059",654,9
"4268","SGV036",654,"SGV059",654,9
"4269","SGV037",654,"SGV059",654,12
"4270","SGV038",654,"SGV059",654,14
"4271","SGV039",654,"SGV059",654,8
"4272","SGV040",654,"SGV059",654,16
"4273","SGV041",654,"SGV059",654,12
"4274","SGV042",654,"SGV059",654,12
"4275","SGV043",654,"SGV059",654,15
"4276","SGV044",654,"SGV059",654,13
"4277","SGV045",654,"SGV059",654,15
"4278","SGV046",654,"SGV059",654,9
"4279","SGV047",654,"SGV059",654,17
"4280","SGV048",654,"SGV059",654,9
"4281","SGV049",654,"SGV059",654,13
"4282","SGV050",654,"SGV059",654,7
"4283","SGV051",654,"SGV059",654,16
"4284","SGV052",654,"SGV059",654,6
"4285","SGV053",654,"SGV059",654,7
"4286","SGV054",654,"SGV059",654,9
"4287","SGV055",654,"SGV059",654,8
"4288","SGV056",654,"SGV059",654,8
"4289","SGV057",654,"SGV059",654,6
"4290","SGV058",654,"SGV059",654,6
"4291","SGV059",654,"SGV059",654,0
"4292","SGV060",654,"SGV059",654,19
"4293","SGV061",654,"SGV059",654,17
"4294","SGV062",654,"SGV059",654,6
"4295","SGV063",654,"SGV059",654,12
"4296","SGV064",654,"SGV059",654,15
"4297","SGV065",654,"SGV059",654,12
"4298","SGV066",654,"SGV059",654,13
"4299","SGV067",654,"SGV059",654,10
"4300","SGV068",654,"SGV059",654,18
"4301","SGV069",654,"SGV059",654,16
"4302","SGV070",654,"SGV059",654,7
"4303","SGV071",654,"SGV059",654,4
"4304","SGV072",654,"SGV059",654,12
"4305","SGV073",654,"SGV059",654,7
"4306","SGV075",654,"SGV059",654,5
"4307","SGV077",654,"SGV059",654,6
"4308","SGV078",654,"SGV059",654,5
"4309","SGV079",654,"SGV059",654,18
"4310","SGV080",654,"SGV059",654,8
"4315","SGV004",654,"SGV060",654,108
"4331","SGV021",654,"SGV060",654,20
"4332","SGV022",654,"SGV060",654,22
"4333","SGV023",654,"SGV060",654,14
"4334","SGV025",654,"SGV060",654,20
"4335","SGV026",654,"SGV060",654,20
"4337","SGV028",654,"SGV060",654,8
"4338","SGV029",654,"SGV060",654,20
"4339","SGV030",654,"SGV060",654,25
"4340","SGV031",654,"SGV060",654,14
"4341","SGV032",654,"SGV060",654,16
"4342","SGV033",654,"SGV060",654,24
"4343","SGV034",654,"SGV060",654,5
"4344","SGV035",654,"SGV060",654,20
"4345","SGV036",654,"SGV060",654,20
"4346","SGV037",654,"SGV060",654,23
"4347","SGV038",654,"SGV060",654,17
"4348","SGV039",654,"SGV060",654,19
"4349","SGV040",654,"SGV060",654,19
"4350","SGV041",654,"SGV060",654,23
"4351","SGV042",654,"SGV060",654,23
"4352","SGV043",654,"SGV060",654,26
"4353","SGV044",654,"SGV060",654,24
"4354","SGV045",654,"SGV060",654,12
"4355","SGV046",654,"SGV060",654,24
"4356","SGV047",654,"SGV060",654,28
"4357","SGV048",654,"SGV060",654,24
"4358","SGV049",654,"SGV060",654,10
"4359","SGV050",654,"SGV060",654,22
"4360","SGV051",654,"SGV060",654,19
"4361","SGV052",654,"SGV060",654,21
"4362","SGV053",654,"SGV060",654,22
"4363","SGV054",654,"SGV060",654,20
"4364","SGV055",654,"SGV060",654,23
"4365","SGV056",654,"SGV060",654,23
"4366","SGV057",654,"SGV060",654,21
"4367","SGV058",654,"SGV060",654,21
"4368","SGV059",654,"SGV060",654,19
"4369","SGV060",654,"SGV060",654,0
"4370","SGV061",654,"SGV060",654,28
"4371","SGV062",654,"SGV060",654,21
"4372","SGV063",654,"SGV060",654,23
"4373","SGV064",654,"SGV060",654,18
"4374","SGV065",654,"SGV060",654,23
"4375","SGV066",654,"SGV060",654,24
"4376","SGV067",654,"SGV060",654,25
"4377","SGV068",654,"SGV060",654,29
"4378","SGV069",654,"SGV060",654,19
"4379","SGV070",654,"SGV060",654,22
"4380","SGV071",654,"SGV060",654,15
"4381","SGV072",654,"SGV060",654,9
"4382","SGV073",654,"SGV060",654,22
"4383","SGV075",654,"SGV060",654,20
"4384","SGV077",654,"SGV060",654,21
"4385","SGV078",654,"SGV060",654,20
"4386","SGV079",654,"SGV060",654,21
"4387","SGV080",654,"SGV060",654,23
"4392","SGV004",654,"SGV061",654,108
"4408","SGV021",654,"SGV061",654,18
"4409","SGV022",654,"SGV061",654,20
"4410","SGV023",654,"SGV061",654,20
"4411","SGV025",654,"SGV061",654,18
"4412","SGV026",654,"SGV061",654,18
"4414","SGV028",654,"SGV061",654,20
"4415","SGV029",654,"SGV061",654,19
"4416","SGV030",654,"SGV061",654,23
"4417","SGV031",654,"SGV061",654,20
"4418","SGV032",654,"SGV061",654,22
"4419","SGV033",654,"SGV061",654,22
"4420","SGV034",654,"SGV061",654,23
"4421","SGV035",654,"SGV061",654,18
"4422","SGV036",654,"SGV061",654,18
"4423","SGV037",654,"SGV061",654,21
"4424","SGV038",654,"SGV061",654,23
"4425","SGV039",654,"SGV061",654,17
"4426","SGV040",654,"SGV061",654,25
"4427","SGV041",654,"SGV061",654,21
"4428","SGV042",654,"SGV061",654,9
"4429","SGV043",654,"SGV061",654,24
"4430","SGV044",654,"SGV061",654,22
"4431","SGV045",654,"SGV061",654,24
"4432","SGV046",654,"SGV061",654,22
"4433","SGV047",654,"SGV061",654,26
"4434","SGV048",654,"SGV061",654,22
"4435","SGV049",654,"SGV061",654,22
"4436","SGV050",654,"SGV061",654,20
"4437","SGV051",654,"SGV061",654,25
"4438","SGV052",654,"SGV061",654,19
"4439","SGV053",654,"SGV061",654,20
"4440","SGV054",654,"SGV061",654,18
"4441","SGV055",654,"SGV061",654,21
"4442","SGV056",654,"SGV061",654,21
"4443","SGV057",654,"SGV061",654,19
"4444","SGV058",654,"SGV061",654,19
"4445","SGV059",654,"SGV061",654,17
"4446","SGV060",654,"SGV061",654,28
"4447","SGV061",654,"SGV061",654,0
"4448","SGV062",654,"SGV061",654,19
"4449","SGV063",654,"SGV061",654,21
"4450","SGV064",654,"SGV061",654,24
"4451","SGV065",654,"SGV061",654,5
"4452","SGV066",654,"SGV061",654,22
"4453","SGV067",654,"SGV061",654,23
"4454","SGV068",654,"SGV061",654,27
"4455","SGV069",654,"SGV061",654,25
"4456","SGV070",654,"SGV061",654,20
"4457","SGV071",654,"SGV061",654,13
"4458","SGV072",654,"SGV061",654,21
"4459","SGV073",654,"SGV061",654,20
"4460","SGV075",654,"SGV061",654,18
"4461","SGV077",654,"SGV061",654,19
"4462","SGV078",654,"SGV061",654,18
"4463","SGV079",654,"SGV061",654,27
"4464","SGV080",654,"SGV061",654,21
"4469","SGV004",654,"SGV062",654,101
"4485","SGV021",654,"SGV062",654,9
"4486","SGV022",654,"SGV062",654,9
"4487","SGV023",654,"SGV062",654,13
"4488","SGV025",654,"SGV062",654,9
"4489","SGV026",654,"SGV062",654,9
"4491","SGV028",654,"SGV062",654,13
"4492","SGV029",654,"SGV062",654,10
"4493","SGV030",654,"SGV062",654,14
"4494","SGV031",654,"SGV062",654,13
"4495","SGV032",654,"SGV062",654,15
"4496","SGV033",654,"SGV062",654,13
"4497","SGV034",654,"SGV062",654,16
"4498","SGV035",654,"SGV062",654,9
"4499","SGV036",654,"SGV062",654,9
"4500","SGV037",654,"SGV062",654,12
"4501","SGV038",654,"SGV062",654,16
"4502","SGV039",654,"SGV062",654,8
"4503","SGV040",654,"SGV062",654,16
"4504","SGV041",654,"SGV062",654,12
"4505","SGV042",654,"SGV062",654,14
"4506","SGV043",654,"SGV062",654,15
"4507","SGV044",654,"SGV062",654,13
"4508","SGV045",654,"SGV062",654,17
"4509","SGV046",654,"SGV062",654,11
"4510","SGV047",654,"SGV062",654,17
"4511","SGV048",654,"SGV062",654,10
"4512","SGV049",654,"SGV062",654,15
"4513","SGV050",654,"SGV062",654,9
"4514","SGV051",654,"SGV062",654,18
"4515","SGV052",654,"SGV062",654,4
"4516","SGV053",654,"SGV062",654,5
"4517","SGV054",654,"SGV062",654,9
"4518","SGV055",654,"SGV062",654,5
"4519","SGV056",654,"SGV062",654,10
"4520","SGV057",654,"SGV062",654,8
"4521","SGV058",654,"SGV062",654,4
"4522","SGV059",654,"SGV062",654,6
"4523","SGV060",654,"SGV062",654,21
"4524","SGV061",654,"SGV062",654,19
"4525","SGV062",654,"SGV062",654,0
"4526","SGV063",654,"SGV062",654,12
"4527","SGV064",654,"SGV062",654,17
"4528","SGV065",654,"SGV062",654,14
"4529","SGV066",654,"SGV062",654,13
"4530","SGV067",654,"SGV062",654,12
"4531","SGV068",654,"SGV062",654,18
"4532","SGV069",654,"SGV062",654,18
"4533","SGV070",654,"SGV062",654,9
"4534","SGV071",654,"SGV062",654,6
"4535","SGV072",654,"SGV062",654,14
"4536","SGV073",654,"SGV062",654,9
"4537","SGV075",654,"SGV062",654,7
"4538","SGV077",654,"SGV062",654,8
"4539","SGV078",654,"SGV062",654,7
"4540","SGV079",654,"SGV062",654,20
"4541","SGV080",654,"SGV062",654,10
"4546","SGV004",654,"SGV063",654,103
"4562","SGV021",654,"SGV063",654,3
"4563","SGV022",654,"SGV063",654,15
"4564","SGV023",654,"SGV063",654,15
"4565","SGV025",654,"SGV063",654,3
"4566","SGV026",654,"SGV063",654,5
"4568","SGV028",654,"SGV063",654,15
"4569","SGV029",654,"SGV063",654,4
"4570","SGV030",654,"SGV063",654,8
"4571","SGV031",654,"SGV063",654,15
"4572","SGV032",654,"SGV063",654,17
"4573","SGV033",654,"SGV063",654,3
"4574","SGV034",654,"SGV063",654,18
"4575","SGV035",654,"SGV063",654,5
"4576","SGV036",654,"SGV063",654,5
"4577","SGV037",654,"SGV063",654,6
"4578","SGV038",654,"SGV063",654,18
"4579","SGV039",654,"SGV063",654,4
"4580","SGV040",654,"SGV063",654,18
"4581","SGV041",654,"SGV063",654,6
"4582","SGV042",654,"SGV063",654,16
"4583","SGV043",654,"SGV063",654,9
"4584","SGV044",654,"SGV063",654,7
"4585","SGV045",654,"SGV063",654,19
"4586","SGV046",654,"SGV063",654,17
"4587","SGV047",654,"SGV063",654,11
"4588","SGV048",654,"SGV063",654,16
"4589","SGV049",654,"SGV063",654,17
"4590","SGV050",654,"SGV063",654,15
"4591","SGV051",654,"SGV063",654,20
"4592","SGV052",654,"SGV063",654,14
"4593","SGV053",654,"SGV063",654,15
"4594","SGV054",654,"SGV063",654,5
"4595","SGV055",654,"SGV063",654,15
"4596","SGV056",654,"SGV063",654,16
"4597","SGV057",654,"SGV063",654,14
"4598","SGV058",654,"SGV063",654,14
"4599","SGV059",654,"SGV063",654,12
"4600","SGV060",654,"SGV063",654,23
"4601","SGV061",654,"SGV063",654,21
"4602","SGV062",654,"SGV063",654,12
"4603","SGV063",654,"SGV063",654,0
"4604","SGV064",654,"SGV063",654,19
"4605","SGV065",654,"SGV063",654,16
"4606","SGV066",654,"SGV063",654,7
"4607","SGV067",654,"SGV063",654,18
"4608","SGV068",654,"SGV063",654,12
"4609","SGV069",654,"SGV063",654,20
"4610","SGV070",654,"SGV063",654,15
"4611","SGV071",654,"SGV063",654,8
"4612","SGV072",654,"SGV063",654,16
"4613","SGV073",654,"SGV063",654,15
"4614","SGV075",654,"SGV063",654,13
"4615","SGV077",654,"SGV063",654,14
"4616","SGV078",654,"SGV063",654,13
"4617","SGV079",654,"SGV063",654,22
"4618","SGV080",654,"SGV063",654,16
"4623","SGV004",654,"SGV064",654,104
"4639","SGV021",654,"SGV064",654,16
"4640","SGV022",654,"SGV064",654,18
"4641","SGV023",654,"SGV064",654,8
"4642","SGV025",654,"SGV064",654,16
"4643","SGV026",654,"SGV064",654,16
"4645","SGV028",654,"SGV064",654,10
"4646","SGV029",654,"SGV064",654,16
"4647","SGV030",654,"SGV064",654,20
"4648","SGV031",654,"SGV064",654,6
"4649","SGV032",654,"SGV064",654,8
"4650","SGV033",654,"SGV064",654,20
"4651","SGV034",654,"SGV064",654,13
"4652","SGV035",654,"SGV064",654,16
"4653","SGV036",654,"SGV064",654,16
"4654","SGV037",654,"SGV064",654,19
"4655","SGV038",654,"SGV064",654,11
"4656","SGV039",654,"SGV064",654,15
"4657","SGV040",654,"SGV064",654,9
"4658","SGV041",654,"SGV064",654,19
"4659","SGV042",654,"SGV064",654,19
"4660","SGV043",654,"SGV064",654,22
"4661","SGV044",654,"SGV064",654,20
"4662","SGV045",654,"SGV064",654,14
"4663","SGV046",654,"SGV064",654,20
"4664","SGV047",654,"SGV064",654,24
"4665","SGV048",654,"SGV064",654,20
"4666","SGV049",654,"SGV064",654,12
"4667","SGV050",654,"SGV064",654,18
"4668","SGV051",654,"SGV064",654,9
"4669","SGV052",654,"SGV064",654,17
"4670","SGV053",654,"SGV064",654,18
"4671","SGV054",654,"SGV064",654,16
"4672","SGV055",654,"SGV064",654,19
"4673","SGV056",654,"SGV064",654,19
"4674","SGV057",654,"SGV064",654,17
"4675","SGV058",654,"SGV064",654,17
"4676","SGV059",654,"SGV064",654,15
"4677","SGV060",654,"SGV064",654,18
"4678","SGV061",654,"SGV064",654,24
"4679","SGV062",654,"SGV064",654,17
"4680","SGV063",654,"SGV064",654,19
"4681","SGV064",654,"SGV064",654,0
"4682","SGV065",654,"SGV064",654,19
"4683","SGV066",654,"SGV064",654,20
"4684","SGV067",654,"SGV064",654,21
"4685","SGV068",654,"SGV064",654,25
"4686","SGV069",654,"SGV064",654,11
"4687","SGV070",654,"SGV064",654,18
"4688","SGV071",654,"SGV064",654,11
"4689","SGV072",654,"SGV064",654,11
"4690","SGV073",654,"SGV064",654,18
"4691","SGV075",654,"SGV064",654,16
"4692","SGV077",654,"SGV064",654,17
"4693","SGV078",654,"SGV064",654,16
"4694","SGV079",654,"SGV064",654,11
"4695","SGV080",654,"SGV064",654,19
"4700","SGV004",654,"SGV065",654,103
"4716","SGV021",654,"SGV065",654,13
"4717","SGV022",654,"SGV065",654,15
"4718","SGV023",654,"SGV065",654,15
"4719","SGV025",654,"SGV065",654,13
"4720","SGV026",654,"SGV065",654,13
"4722","SGV028",654,"SGV065",654,15
"4723","SGV029",654,"SGV065",654,14
"4724","SGV030",654,"SGV065",654,18
"4725","SGV031",654,"SGV065",654,15
"4726","SGV032",654,"SGV065",654,17
"4727","SGV033",654,"SGV065",654,17
"4728","SGV034",654,"SGV065",654,18
"4729","SGV035",654,"SGV065",654,13
"4730","SGV036",654,"SGV065",654,13
"4731","SGV037",654,"SGV065",654,16
"4732","SGV038",654,"SGV065",654,18
"4733","SGV039",654,"SGV065",654,12
"4734","SGV040",654,"SGV065",654,20
"4735","SGV041",654,"SGV065",654,16
"4736","SGV042",654,"SGV065",654,4
"4737","SGV043",654,"SGV065",654,19
"4738","SGV044",654,"SGV065",654,17
"4739","SGV045",654,"SGV065",654,19
"4740","SGV046",654,"SGV065",654,17
"4741","SGV047",654,"SGV065",654,21
"4742","SGV048",654,"SGV065",654,17
"4743","SGV049",654,"SGV065",654,17
"4744","SGV050",654,"SGV065",654,15
"4745","SGV051",654,"SGV065",654,20
"4746","SGV052",654,"SGV065",654,14
"4747","SGV053",654,"SGV065",654,15
"4748","SGV054",654,"SGV065",654,13
"4749","SGV055",654,"SGV065",654,16
"4750","SGV056",654,"SGV065",654,16
"4751","SGV057",654,"SGV065",654,14
"4752","SGV058",654,"SGV065",654,14
"4753","SGV059",654,"SGV065",654,12
"4754","SGV060",654,"SGV065",654,23
"4755","SGV061",654,"SGV065",654,5
"4756","SGV062",654,"SGV065",654,14
"4757","SGV063",654,"SGV065",654,16
"4758","SGV064",654,"SGV065",654,19
"4759","SGV065",654,"SGV065",654,0
"4760","SGV066",654,"SGV065",654,17
"4761","SGV067",654,"SGV065",654,18
"4762","SGV068",654,"SGV065",654,22
"4763","SGV069",654,"SGV065",654,20
"4764","SGV070",654,"SGV065",654,15
"4765","SGV071",654,"SGV065",654,8
"4766","SGV072",654,"SGV065",654,16
"4767","SGV073",654,"SGV065",654,15
"4768","SGV075",654,"SGV065",654,13
"4769","SGV077",654,"SGV065",654,14
"4770","SGV078",654,"SGV065",654,13
"4771","SGV079",654,"SGV065",654,22
"4772","SGV080",654,"SGV065",654,16
"4777","SGV004",654,"SGV066",654,104
"4793","SGV021",654,"SGV066",654,4
"4794","SGV022",654,"SGV066",654,16
"4795","SGV023",654,"SGV066",654,16
"4796","SGV025",654,"SGV066",654,4
"4797","SGV026",654,"SGV066",654,6
"4799","SGV028",654,"SGV066",654,16
"4800","SGV029",654,"SGV066",654,5
"4801","SGV030",654,"SGV066",654,9
"4802","SGV031",654,"SGV066",654,16
"4803","SGV032",654,"SGV066",654,18
"4804","SGV033",654,"SGV066",654,8
"4805","SGV034",654,"SGV066",654,19
"4806","SGV035",654,"SGV066",654,6
"4807","SGV036",654,"SGV066",654,6
"4808","SGV037",654,"SGV066",654,7
"4809","SGV038",654,"SGV066",654,19
"4810","SGV039",654,"SGV066",654,5
"4811","SGV040",654,"SGV066",654,19
"4812","SGV041",654,"SGV066",654,7
"4813","SGV042",654,"SGV066",654,17
"4814","SGV043",654,"SGV066",654,8
"4815","SGV044",654,"SGV066",654,8
"4816","SGV045",654,"SGV066",654,20
"4817","SGV046",654,"SGV066",654,18
"4818","SGV047",654,"SGV066",654,12
"4819","SGV048",654,"SGV066",654,17
"4820","SGV049",654,"SGV066",654,18
"4821","SGV050",654,"SGV066",654,16
"4822","SGV051",654,"SGV066",654,21
"4823","SGV052",654,"SGV066",654,15
"4824","SGV053",654,"SGV066",654,16
"4825","SGV054",654,"SGV066",654,6
"4826","SGV055",654,"SGV066",654,16
"4827","SGV056",654,"SGV066",654,17
"4828","SGV057",654,"SGV066",654,15
"4829","SGV058",654,"SGV066",654,15
"4830","SGV059",654,"SGV066",654,13
"4831","SGV060",654,"SGV066",654,24
"4832","SGV061",654,"SGV066",654,22
"4833","SGV062",654,"SGV066",654,13
"4834","SGV063",654,"SGV066",654,7
"4835","SGV064",654,"SGV066",654,20
"4836","SGV065",654,"SGV066",654,17
"4837","SGV066",654,"SGV066",654,0
"4838","SGV067",654,"SGV066",654,19
"4839","SGV068",654,"SGV066",654,13
"4840","SGV069",654,"SGV066",654,21
"4841","SGV070",654,"SGV066",654,16
"4842","SGV071",654,"SGV066",654,9
"4843","SGV072",654,"SGV066",654,17
"4844","SGV073",654,"SGV066",654,16
"4845","SGV075",654,"SGV066",654,14
"4846","SGV077",654,"SGV066",654,15
"4847","SGV078",654,"SGV066",654,14
"4848","SGV079",654,"SGV066",654,23
"4849","SGV080",654,"SGV066",654,17
"4854","SGV004",654,"SGV067",654,105
"4870","SGV021",654,"SGV067",654,15
"4871","SGV022",654,"SGV067",654,13
"4872","SGV023",654,"SGV067",654,17
"4873","SGV025",654,"SGV067",654,15
"4874","SGV026",654,"SGV067",654,15
"4876","SGV028",654,"SGV067",654,17
"4877","SGV029",654,"SGV067",654,16
"4878","SGV030",654,"SGV067",654,20
"4879","SGV031",654,"SGV067",654,17
"4880","SGV032",654,"SGV067",654,19
"4881","SGV033",654,"SGV067",654,19
"4882","SGV034",654,"SGV067",654,20
"4883","SGV035",654,"SGV067",654,15
"4884","SGV036",654,"SGV067",654,15
"4885","SGV037",654,"SGV067",654,18
"4886","SGV038",654,"SGV067",654,20
"4887","SGV039",654,"SGV067",654,14
"4888","SGV040",654,"SGV067",654,22
"4889","SGV041",654,"SGV067",654,18
"4890","SGV042",654,"SGV067",654,18
"4891","SGV043",654,"SGV067",654,21
"4892","SGV044",654,"SGV067",654,19
"4893","SGV045",654,"SGV067",654,21
"4894","SGV046",654,"SGV067",654,3
"4895","SGV047",654,"SGV067",654,23
"4896","SGV048",654,"SGV067",654,3
"4897","SGV049",654,"SGV067",654,19
"4898","SGV050",654,"SGV067",654,13
"4899","SGV051",654,"SGV067",654,22
"4900","SGV052",654,"SGV067",654,12
"4901","SGV053",654,"SGV067",654,13
"4902","SGV054",654,"SGV067",654,15
"4903","SGV055",654,"SGV067",654,14
"4904","SGV056",654,"SGV067",654,14
"4905","SGV057",654,"SGV067",654,12
"4906","SGV058",654,"SGV067",654,12
"4907","SGV059",654,"SGV067",654,10
"4908","SGV060",654,"SGV067",654,25
"4909","SGV061",654,"SGV067",654,23
"4910","SGV062",654,"SGV067",654,12
"4911","SGV063",654,"SGV067",654,18
"4912","SGV064",654,"SGV067",654,21
"4913","SGV065",654,"SGV067",654,18
"4914","SGV066",654,"SGV067",654,19
"4915","SGV067",654,"SGV067",654,0
"4916","SGV068",654,"SGV067",654,24
"4917","SGV069",654,"SGV067",654,22
"4918","SGV070",654,"SGV067",654,13
"4919","SGV071",654,"SGV067",654,10
"4920","SGV072",654,"SGV067",654,18
"4921","SGV073",654,"SGV067",654,13
"4922","SGV075",654,"SGV067",654,11
"4923","SGV077",654,"SGV067",654,10
"4924","SGV078",654,"SGV067",654,11
"4925","SGV079",654,"SGV067",654,24
"4926","SGV080",654,"SGV067",654,14
"4931","SGV004",654,"SGV068",654,109
"4947","SGV021",654,"SGV068",654,9
"4948","SGV022",654,"SGV068",654,21
"4949","SGV023",654,"SGV068",654,21
"4950","SGV025",654,"SGV068",654,9
"4951","SGV026",654,"SGV068",654,11
"4953","SGV028",654,"SGV068",654,21
"4954","SGV029",654,"SGV068",654,10
"4955","SGV030",654,"SGV068",654,14
"4956","SGV031",654,"SGV068",654,21
"4957","SGV032",654,"SGV068",654,23
"4958","SGV033",654,"SGV068",654,13
"4959","SGV034",654,"SGV068",654,24
"4960","SGV035",654,"SGV068",654,9
"4961","SGV036",654,"SGV068",654,11
"4962","SGV037",654,"SGV068",654,8
"4963","SGV038",654,"SGV068",654,24
"4964","SGV039",654,"SGV068",654,10
"4965","SGV040",654,"SGV068",654,24
"4966","SGV041",654,"SGV068",654,12
"4967","SGV042",654,"SGV068",654,22
"4968","SGV043",654,"SGV068",654,15
"4969","SGV044",654,"SGV068",654,13
"4970","SGV045",654,"SGV068",654,25
"4971","SGV046",654,"SGV068",654,23
"4972","SGV047",654,"SGV068",654,1
"4973","SGV048",654,"SGV068",654,22
"4974","SGV049",654,"SGV068",654,23
"4975","SGV050",654,"SGV068",654,21
"4976","SGV051",654,"SGV068",654,26
"4977","SGV052",654,"SGV068",654,20
"4978","SGV053",654,"SGV068",654,21
"4979","SGV054",654,"SGV068",654,11
"4980","SGV055",654,"SGV068",654,21
"4981","SGV056",654,"SGV068",654,22
"4982","SGV057",654,"SGV068",654,20
"4983","SGV058",654,"SGV068",654,20
"4984","SGV059",654,"SGV068",654,18
"4985","SGV060",654,"SGV068",654,29
"4986","SGV061",654,"SGV068",654,27
"4987","SGV062",654,"SGV068",654,18
"4988","SGV063",654,"SGV068",654,12
"4989","SGV064",654,"SGV068",654,25
"4990","SGV065",654,"SGV068",654,22
"4991","SGV066",654,"SGV068",654,13
"4992","SGV067",654,"SGV068",654,24
"4993","SGV068",654,"SGV068",654,0
"4994","SGV069",654,"SGV068",654,26
"4995","SGV070",654,"SGV068",654,21
"4996","SGV071",654,"SGV068",654,14
"4997","SGV072",654,"SGV068",654,22
"4998","SGV073",654,"SGV068",654,21
"4999","SGV075",654,"SGV068",654,19
"5000","SGV077",654,"SGV068",654,20
"5001","SGV078",654,"SGV068",654,19
"5002","SGV079",654,"SGV068",654,28
"5003","SGV080",654,"SGV068",654,22
"5008","SGV004",654,"SGV069",654,105
"5024","SGV021",654,"SGV069",654,17
"5025","SGV022",654,"SGV069",654,19
"5026","SGV023",654,"SGV069",654,9
"5027","SGV025",654,"SGV069",654,17
"5028","SGV026",654,"SGV069",654,17
"5030","SGV028",654,"SGV069",654,11
"5031","SGV029",654,"SGV069",654,17
"5032","SGV030",654,"SGV069",654,21
"5033","SGV031",654,"SGV069",654,5
"5034","SGV032",654,"SGV069",654,9
"5035","SGV033",654,"SGV069",654,21
"5036","SGV034",654,"SGV069",654,14
"5037","SGV035",654,"SGV069",654,17
"5038","SGV036",654,"SGV069",654,17
"5039","SGV037",654,"SGV069",654,20
"5040","SGV038",654,"SGV069",654,12
"5041","SGV039",654,"SGV069",654,16
"5042","SGV040",654,"SGV069",654,12
"5043","SGV041",654,"SGV069",654,20
"5044","SGV042",654,"SGV069",654,20
"5045","SGV043",654,"SGV069",654,23
"5046","SGV044",654,"SGV069",654,21
"5047","SGV045",654,"SGV069",654,15
"5048","SGV046",654,"SGV069",654,21
"5049","SGV047",654,"SGV069",654,25
"5050","SGV048",654,"SGV069",654,21
"5051","SGV049",654,"SGV069",654,13
"5052","SGV050",654,"SGV069",654,19
"5053","SGV051",654,"SGV069",654,12
"5054","SGV052",654,"SGV069",654,18
"5055","SGV053",654,"SGV069",654,19
"5056","SGV054",654,"SGV069",654,17
"5057","SGV055",654,"SGV069",654,20
"5058","SGV056",654,"SGV069",654,20
"5059","SGV057",654,"SGV069",654,18
"5060","SGV058",654,"SGV069",654,18
"5061","SGV059",654,"SGV069",654,16
"5062","SGV060",654,"SGV069",654,19
"5063","SGV061",654,"SGV069",654,25
"5064","SGV062",654,"SGV069",654,18
"5065","SGV063",654,"SGV069",654,20
"5066","SGV064",654,"SGV069",654,11
"5067","SGV065",654,"SGV069",654,20
"5068","SGV066",654,"SGV069",654,21
"5069","SGV067",654,"SGV069",654,22
"5070","SGV068",654,"SGV069",654,26
"5071","SGV069",654,"SGV069",654,0
"5072","SGV070",654,"SGV069",654,19
"5073","SGV071",654,"SGV069",654,12
"5074","SGV072",654,"SGV069",654,12
"5075","SGV073",654,"SGV069",654,19
"5076","SGV075",654,"SGV069",654,17
"5077","SGV077",654,"SGV069",654,18
"5078","SGV078",654,"SGV069",654,17
"5079","SGV079",654,"SGV069",654,14
"5080","SGV080",654,"SGV069",654,20
"5085","SGV004",654,"SGV070",654,102
"5101","SGV021",654,"SGV070",654,12
"5102","SGV022",654,"SGV070",654,10
"5103","SGV023",654,"SGV070",654,14
"5104","SGV025",654,"SGV070",654,12
"5105","SGV026",654,"SGV070",654,12
"5107","SGV028",654,"SGV070",654,14
"5108","SGV029",654,"SGV070",654,13
"5109","SGV030",654,"SGV070",654,17
"5110","SGV031",654,"SGV070",654,14
"5111","SGV032",654,"SGV070",654,16
"5112","SGV033",654,"SGV070",654,16
"5113","SGV034",654,"SGV070",654,17
"5114","SGV035",654,"SGV070",654,12
"5115","SGV036",654,"SGV070",654,12
"5116","SGV037",654,"SGV070",654,15
"5117","SGV038",654,"SGV070",654,17
"5118","SGV039",654,"SGV070",654,11
"5119","SGV040",654,"SGV070",654,19
"5120","SGV041",654,"SGV070",654,15
"5121","SGV042",654,"SGV070",654,15
"5122","SGV043",654,"SGV070",654,18
"5123","SGV044",654,"SGV070",654,16
"5124","SGV045",654,"SGV070",654,18
"5125","SGV046",654,"SGV070",654,12
"5126","SGV047",654,"SGV070",654,20
"5127","SGV048",654,"SGV070",654,12
"5128","SGV049",654,"SGV070",654,16
"5129","SGV050",654,"SGV070",654,10
"5130","SGV051",654,"SGV070",654,19
"5131","SGV052",654,"SGV070",654,9
"5132","SGV053",654,"SGV070",654,10
"5133","SGV054",654,"SGV070",654,12
"5134","SGV055",654,"SGV070",654,11
"5135","SGV056",654,"SGV070",654,11
"5136","SGV057",654,"SGV070",654,9
"5137","SGV058",654,"SGV070",654,9
"5138","SGV059",654,"SGV070",654,7
"5139","SGV060",654,"SGV070",654,22
"5140","SGV061",654,"SGV070",654,20
"5141","SGV062",654,"SGV070",654,9
"5142","SGV063",654,"SGV070",654,15
"5143","SGV064",654,"SGV070",654,18
"5144","SGV065",654,"SGV070",654,15
"5145","SGV066",654,"SGV070",654,16
"5146","SGV067",654,"SGV070",654,13
"5147","SGV068",654,"SGV070",654,21
"5148","SGV069",654,"SGV070",654,19
"5149","SGV070",654,"SGV070",654,0
"5150","SGV071",654,"SGV070",654,7
"5151","SGV072",654,"SGV070",654,15
"5152","SGV073",654,"SGV070",654,10
"5153","SGV075",654,"SGV070",654,8
"5154","SGV077",654,"SGV070",654,9
"5155","SGV078",654,"SGV070",654,8
"5156","SGV079",654,"SGV070",654,21
"5157","SGV080",654,"SGV070",654,11
"5162","SGV004",654,"SGV071",654,95
"5178","SGV021",654,"SGV071",654,5
"5179","SGV022",654,"SGV071",654,7
"5180","SGV023",654,"SGV071",654,7
"5181","SGV025",654,"SGV071",654,5
"5182","SGV026",654,"SGV071",654,5
"5184","SGV028",654,"SGV071",654,7
"5185","SGV029",654,"SGV071",654,6
"5186","SGV030",654,"SGV071",654,10
"5187","SGV031",654,"SGV071",654,7
"5188","SGV032",654,"SGV071",654,9
"5189","SGV033",654,"SGV071",654,9
"5190","SGV034",654,"SGV071",654,10
"5191","SGV035",654,"SGV071",654,5
"5192","SGV036",654,"SGV071",654,5
"5193","SGV037",654,"SGV071",654,8
"5194","SGV038",654,"SGV071",654,10
"5195","SGV039",654,"SGV071",654,4
"5196","SGV040",654,"SGV071",654,12
"5197","SGV041",654,"SGV071",654,8
"5198","SGV042",654,"SGV071",654,8
"5199","SGV043",654,"SGV071",654,11
"5200","SGV044",654,"SGV071",654,9
"5201","SGV045",654,"SGV071",654,11
"5202","SGV046",654,"SGV071",654,9
"5203","SGV047",654,"SGV071",654,13
"5204","SGV048",654,"SGV071",654,9
"5205","SGV049",654,"SGV071",654,9
"5206","SGV050",654,"SGV071",654,7
"5207","SGV051",654,"SGV071",654,12
"5208","SGV052",654,"SGV071",654,6
"5209","SGV053",654,"SGV071",654,7
"5210","SGV054",654,"SGV071",654,5
"5211","SGV055",654,"SGV071",654,8
"5212","SGV056",654,"SGV071",654,8
"5213","SGV057",654,"SGV071",654,6
"5214","SGV058",654,"SGV071",654,6
"5215","SGV059",654,"SGV071",654,4
"5216","SGV060",654,"SGV071",654,15
"5217","SGV061",654,"SGV071",654,13
"5218","SGV062",654,"SGV071",654,6
"5219","SGV063",654,"SGV071",654,8
"5220","SGV064",654,"SGV071",654,11
"5221","SGV065",654,"SGV071",654,8
"5222","SGV066",654,"SGV071",654,9
"5223","SGV067",654,"SGV071",654,10
"5224","SGV068",654,"SGV071",654,14
"5225","SGV069",654,"SGV071",654,12
"5226","SGV070",654,"SGV071",654,7
"5227","SGV071",654,"SGV071",654,0
"5228","SGV072",654,"SGV071",654,8
"5229","SGV073",654,"SGV071",654,7
"5230","SGV075",654,"SGV071",654,5
"5231","SGV077",654,"SGV071",654,6
"5232","SGV078",654,"SGV071",654,5
"5233","SGV079",654,"SGV071",654,14
"5234","SGV080",654,"SGV071",654,8
"5239","SGV004",654,"SGV072",654,101
"5255","SGV021",654,"SGV072",654,13
"5256","SGV022",654,"SGV072",654,15
"5257","SGV023",654,"SGV072",654,7
"5258","SGV025",654,"SGV072",654,13
"5259","SGV026",654,"SGV072",654,13
"5261","SGV028",654,"SGV072",654,1
"5262","SGV029",654,"SGV072",654,14
"5263","SGV030",654,"SGV072",654,18
"5264","SGV031",654,"SGV072",654,7
"5265","SGV032",654,"SGV072",654,9
"5266","SGV033",654,"SGV072",654,17
"5267","SGV034",654,"SGV072",654,4
"5268","SGV035",654,"SGV072",654,13
"5269","SGV036",654,"SGV072",654,13
"5270","SGV037",654,"SGV072",654,16
"5271","SGV038",654,"SGV072",654,10
"5272","SGV039",654,"SGV072",654,12
"5273","SGV040",654,"SGV072",654,12
"5274","SGV041",654,"SGV072",654,16
"5275","SGV042",654,"SGV072",654,16
"5276","SGV043",654,"SGV072",654,19
"5277","SGV044",654,"SGV072",654,17
"5278","SGV045",654,"SGV072",654,5
"5279","SGV046",654,"SGV072",654,17
"5280","SGV047",654,"SGV072",654,21
"5281","SGV048",654,"SGV072",654,17
"5282","SGV049",654,"SGV072",654,3
"5283","SGV050",654,"SGV072",654,15
"5284","SGV051",654,"SGV072",654,12
"5285","SGV052",654,"SGV072",654,14
"5286","SGV053",654,"SGV072",654,15
"5287","SGV054",654,"SGV072",654,13
"5288","SGV055",654,"SGV072",654,16
"5289","SGV056",654,"SGV072",654,16
"5290","SGV057",654,"SGV072",654,14
"5291","SGV058",654,"SGV072",654,14
"5292","SGV059",654,"SGV072",654,12
"5293","SGV060",654,"SGV072",654,9
"5294","SGV061",654,"SGV072",654,21
"5295","SGV062",654,"SGV072",654,14
"5296","SGV063",654,"SGV072",654,16
"5297","SGV064",654,"SGV072",654,11
"5298","SGV065",654,"SGV072",654,16
"5299","SGV066",654,"SGV072",654,17
"5300","SGV067",654,"SGV072",654,18
"5301","SGV068",654,"SGV072",654,22
"5302","SGV069",654,"SGV072",654,12
"5303","SGV070",654,"SGV072",654,15
"5304","SGV071",654,"SGV072",654,8
"5305","SGV072",654,"SGV072",654,0
"5306","SGV073",654,"SGV072",654,15
"5307","SGV075",654,"SGV072",654,13
"5308","SGV077",654,"SGV072",654,14
"5309","SGV078",654,"SGV072",654,13
"5310","SGV079",654,"SGV072",654,14
"5311","SGV080",654,"SGV072",654,16
"5316","SGV004",654,"SGV073",654,102
"5332","SGV021",654,"SGV073",654,12
"5333","SGV022",654,"SGV073",654,10
"5334","SGV023",654,"SGV073",654,14
"5335","SGV025",654,"SGV073",654,12
"5336","SGV026",654,"SGV073",654,12
"5338","SGV028",654,"SGV073",654,14
"5339","SGV029",654,"SGV073",654,13
"5340","SGV030",654,"SGV073",654,17
"5341","SGV031",654,"SGV073",654,14
"5342","SGV032",654,"SGV073",654,16
"5343","SGV033",654,"SGV073",654,16
"5344","SGV034",654,"SGV073",654,17
"5345","SGV035",654,"SGV073",654,12
"5346","SGV036",654,"SGV073",654,12
"5347","SGV037",654,"SGV073",654,15
"5348","SGV038",654,"SGV073",654,17
"5349","SGV039",654,"SGV073",654,11
"5350","SGV040",654,"SGV073",654,19
"5351","SGV041",654,"SGV073",654,15
"5352","SGV042",654,"SGV073",654,15
"5353","SGV043",654,"SGV073",654,18
"5354","SGV044",654,"SGV073",654,16
"5355","SGV045",654,"SGV073",654,18
"5356","SGV046",654,"SGV073",654,12
"5357","SGV047",654,"SGV073",654,20
"5358","SGV048",654,"SGV073",654,12
"5359","SGV049",654,"SGV073",654,16
"5360","SGV050",654,"SGV073",654,10
"5361","SGV051",654,"SGV073",654,19
"5362","SGV052",654,"SGV073",654,9
"5363","SGV053",654,"SGV073",654,10
"5364","SGV054",654,"SGV073",654,12
"5365","SGV055",654,"SGV073",654,11
"5366","SGV056",654,"SGV073",654,5
"5367","SGV057",654,"SGV073",654,9
"5368","SGV058",654,"SGV073",654,9
"5369","SGV059",654,"SGV073",654,7
"5370","SGV060",654,"SGV073",654,22
"5371","SGV061",654,"SGV073",654,20
"5372","SGV062",654,"SGV073",654,9
"5373","SGV063",654,"SGV073",654,15
"5374","SGV064",654,"SGV073",654,18
"5375","SGV065",654,"SGV073",654,15
"5376","SGV066",654,"SGV073",654,16
"5377","SGV067",654,"SGV073",654,13
"5378","SGV068",654,"SGV073",654,21
"5379","SGV069",654,"SGV073",654,19
"5380","SGV070",654,"SGV073",654,10
"5381","SGV071",654,"SGV073",654,7
"5382","SGV072",654,"SGV073",654,15
"5383","SGV073",654,"SGV073",654,0
"5384","SGV075",654,"SGV073",654,8
"5385","SGV077",654,"SGV073",654,9
"5386","SGV078",654,"SGV073",654,8
"5387","SGV079",654,"SGV073",654,21
"5388","SGV080",654,"SGV073",654,9
"5393","SGV004",654,"SGV075",654,100
"5409","SGV021",654,"SGV075",654,10
"5410","SGV022",654,"SGV075",654,8
"5411","SGV023",654,"SGV075",654,12
"5412","SGV025",654,"SGV075",654,10
"5413","SGV026",654,"SGV075",654,10
"5415","SGV028",654,"SGV075",654,12
"5416","SGV029",654,"SGV075",654,11
"5417","SGV030",654,"SGV075",654,15
"5418","SGV031",654,"SGV075",654,12
"5419","SGV032",654,"SGV075",654,14
"5420","SGV033",654,"SGV075",654,14
"5421","SGV034",654,"SGV075",654,15
"5422","SGV035",654,"SGV075",654,10
"5423","SGV036",654,"SGV075",654,10
"5424","SGV037",654,"SGV075",654,13
"5425","SGV038",654,"SGV075",654,15
"5426","SGV039",654,"SGV075",654,9
"5427","SGV040",654,"SGV075",654,17
"5428","SGV041",654,"SGV075",654,13
"5429","SGV042",654,"SGV075",654,13
"5430","SGV043",654,"SGV075",654,16
"5431","SGV044",654,"SGV075",654,14
"5432","SGV045",654,"SGV075",654,16
"5433","SGV046",654,"SGV075",654,10
"5434","SGV047",654,"SGV075",654,18
"5435","SGV048",654,"SGV075",654,10
"5436","SGV049",654,"SGV075",654,14
"5437","SGV050",654,"SGV075",654,8
"5438","SGV051",654,"SGV075",654,17
"5439","SGV052",654,"SGV075",654,7
"5440","SGV053",654,"SGV075",654,8
"5441","SGV054",654,"SGV075",654,10
"5442","SGV055",654,"SGV075",654,9
"5443","SGV056",654,"SGV075",654,9
"5444","SGV057",654,"SGV075",654,7
"5445","SGV058",654,"SGV075",654,7
"5446","SGV059",654,"SGV075",654,5
"5447","SGV060",654,"SGV075",654,20
"5448","SGV061",654,"SGV075",654,18
"5449","SGV062",654,"SGV075",654,7
"5450","SGV063",654,"SGV075",654,13
"5451","SGV064",654,"SGV075",654,16
"5452","SGV065",654,"SGV075",654,13
"5453","SGV066",654,"SGV075",654,14
"5454","SGV067",654,"SGV075",654,11
"5455","SGV068",654,"SGV075",654,19
"5456","SGV069",654,"SGV075",654,17
"5457","SGV070",654,"SGV075",654,8
"5458","SGV071",654,"SGV075",654,5
"5459","SGV072",654,"SGV075",654,13
"5460","SGV073",654,"SGV075",654,8
"5461","SGV075",654,"SGV075",654,0
"5462","SGV077",654,"SGV075",654,7
"5463","SGV078",654,"SGV075",654,6
"5464","SGV079",654,"SGV075",654,19
"5465","SGV080",654,"SGV075",654,9
"5470","SGV004",654,"SGV077",654,101
"5486","SGV021",654,"SGV077",654,11
"5487","SGV022",654,"SGV077",654,9
"5488","SGV023",654,"SGV077",654,13
"5489","SGV025",654,"SGV077",654,11
"5490","SGV026",654,"SGV077",654,11
"5492","SGV028",654,"SGV077",654,13
"5493","SGV029",654,"SGV077",654,12
"5494","SGV030",654,"SGV077",654,16
"5495","SGV031",654,"SGV077",654,13
"5496","SGV032",654,"SGV077",654,15
"5497","SGV033",654,"SGV077",654,15
"5498","SGV034",654,"SGV077",654,16
"5499","SGV035",654,"SGV077",654,11
"5500","SGV036",654,"SGV077",654,11
"5501","SGV037",654,"SGV077",654,14
"5502","SGV038",654,"SGV077",654,16
"5503","SGV039",654,"SGV077",654,10
"5504","SGV040",654,"SGV077",654,18
"5505","SGV041",654,"SGV077",654,14
"5506","SGV042",654,"SGV077",654,14
"5507","SGV043",654,"SGV077",654,17
"5508","SGV044",654,"SGV077",654,15
"5509","SGV045",654,"SGV077",654,17
"5510","SGV046",654,"SGV077",654,9
"5511","SGV047",654,"SGV077",654,19
"5512","SGV048",654,"SGV077",654,9
"5513","SGV049",654,"SGV077",654,15
"5514","SGV050",654,"SGV077",654,9
"5515","SGV051",654,"SGV077",654,18
"5516","SGV052",654,"SGV077",654,8
"5517","SGV053",654,"SGV077",654,9
"5518","SGV054",654,"SGV077",654,11
"5519","SGV055",654,"SGV077",654,10
"5520","SGV056",654,"SGV077",654,10
"5521","SGV057",654,"SGV077",654,8
"5522","SGV058",654,"SGV077",654,8
"5523","SGV059",654,"SGV077",654,6
"5524","SGV060",654,"SGV077",654,21
"5525","SGV061",654,"SGV077",654,19
"5526","SGV062",654,"SGV077",654,8
"5527","SGV063",654,"SGV077",654,14
"5528","SGV064",654,"SGV077",654,17
"5529","SGV065",654,"SGV077",654,14
"5530","SGV066",654,"SGV077",654,15
"5531","SGV067",654,"SGV077",654,10
"5532","SGV068",654,"SGV077",654,20
"5533","SGV069",654,"SGV077",654,18
"5534","SGV070",654,"SGV077",654,9
"5535","SGV071",654,"SGV077",654,6
"5536","SGV072",654,"SGV077",654,14
"5537","SGV073",654,"SGV077",654,9
"5538","SGV075",654,"SGV077",654,7
"5539","SGV077",654,"SGV077",654,0
"5540","SGV078",654,"SGV077",654,7
"5541","SGV079",654,"SGV077",654,20
"5542","SGV080",654,"SGV077",654,10
"5547","SGV004",654,"SGV078",654,100
"5563","SGV021",654,"SGV078",654,10
"5564","SGV022",654,"SGV078",654,8
"5565","SGV023",654,"SGV078",654,12
"5566","SGV025",654,"SGV078",654,10
"5567","SGV026",654,"SGV078",654,10
"5569","SGV028",654,"SGV078",654,12
"5570","SGV029",654,"SGV078",654,11
"5571","SGV030",654,"SGV078",654,15
"5572","SGV031",654,"SGV078",654,12
"5573","SGV032",654,"SGV078",654,14
"5574","SGV033",654,"SGV078",654,14
"5575","SGV034",654,"SGV078",654,15
"5576","SGV035",654,"SGV078",654,10
"5577","SGV036",654,"SGV078",654,10
"5578","SGV037",654,"SGV078",654,13
"5579","SGV038",654,"SGV078",654,15
"5580","SGV039",654,"SGV078",654,9
"5581","SGV040",654,"SGV078",654,17
"5582","SGV041",654,"SGV078",654,13
"5583","SGV042",654,"SGV078",654,13
"5584","SGV043",654,"SGV078",654,16
"5585","SGV044",654,"SGV078",654,14
"5586","SGV045",654,"SGV078",654,16
"5587","SGV046",654,"SGV078",654,10
"5588","SGV047",654,"SGV078",654,18
"5589","SGV048",654,"SGV078",654,10
"5590","SGV049",654,"SGV078",654,14
"5591","SGV050",654,"SGV078",654,8
"5592","SGV051",654,"SGV078",654,17
"5593","SGV052",654,"SGV078",654,7
"5594","SGV053",654,"SGV078",654,8
"5595","SGV054",654,"SGV078",654,10
"5596","SGV055",654,"SGV078",654,9
"5597","SGV056",654,"SGV078",654,9
"5598","SGV057",654,"SGV078",654,7
"5599","SGV058",654,"SGV078",654,7
"5600","SGV059",654,"SGV078",654,5
"5601","SGV060",654,"SGV078",654,20
"5602","SGV061",654,"SGV078",654,18
"5603","SGV062",654,"SGV078",654,7
"5604","SGV063",654,"SGV078",654,13
"5605","SGV064",654,"SGV078",654,16
"5606","SGV065",654,"SGV078",654,13
"5607","SGV066",654,"SGV078",654,14
"5608","SGV067",654,"SGV078",654,11
"5609","SGV068",654,"SGV078",654,19
"5610","SGV069",654,"SGV078",654,17
"5611","SGV070",654,"SGV078",654,8
"5612","SGV071",654,"SGV078",654,5
"5613","SGV072",654,"SGV078",654,13
"5614","SGV073",654,"SGV078",654,8
"5615","SGV075",654,"SGV078",654,6
"5616","SGV077",654,"SGV078",654,7
"5617","SGV078",654,"SGV078",654,0
"5618","SGV079",654,"SGV078",654,19
"5619","SGV080",654,"SGV078",654,9
"5624","SGV004",654,"SGV079",654,106
"5640","SGV021",654,"SGV079",654,19
"5641","SGV022",654,"SGV079",654,21
"5642","SGV023",654,"SGV079",654,11
"5643","SGV025",654,"SGV079",654,19
"5644","SGV026",654,"SGV079",654,19
"5646","SGV028",654,"SGV079",654,13
"5647","SGV029",654,"SGV079",654,18
"5648","SGV030",654,"SGV079",654,23
"5649","SGV031",654,"SGV079",654,9
"5650","SGV032",654,"SGV079",654,11
"5651","SGV033",654,"SGV079",654,23
"5652","SGV034",654,"SGV079",654,16
"5653","SGV035",654,"SGV079",654,19
"5654","SGV036",654,"SGV079",654,19
"5655","SGV037",654,"SGV079",654,22
"5656","SGV038",654,"SGV079",654,14
"5657","SGV039",654,"SGV079",654,18
"5658","SGV040",654,"SGV079",654,12
"5659","SGV041",654,"SGV079",654,22
"5660","SGV042",654,"SGV079",654,22
"5661","SGV043",654,"SGV079",654,25
"5662","SGV044",654,"SGV079",654,23
"5663","SGV045",654,"SGV079",654,17
"5664","SGV046",654,"SGV079",654,23
"5665","SGV047",654,"SGV079",654,27
"5666","SGV048",654,"SGV079",654,23
"5667","SGV049",654,"SGV079",654,15
"5668","SGV050",654,"SGV079",654,21
"5669","SGV051",654,"SGV079",654,8
"5670","SGV052",654,"SGV079",654,20
"5671","SGV053",654,"SGV079",654,21
"5672","SGV054",654,"SGV079",654,19
"5673","SGV055",654,"SGV079",654,22
"5674","SGV056",654,"SGV079",654,22
"5675","SGV057",654,"SGV079",654,20
"5676","SGV058",654,"SGV079",654,20
"5677","SGV059",654,"SGV079",654,18
"5678","SGV060",654,"SGV079",654,21
"5679","SGV061",654,"SGV079",654,27
"5680","SGV062",654,"SGV079",654,20
"5681","SGV063",654,"SGV079",654,22
"5682","SGV064",654,"SGV079",654,11
"5683","SGV065",654,"SGV079",654,22
"5684","SGV066",654,"SGV079",654,23
"5685","SGV067",654,"SGV079",654,24
"5686","SGV068",654,"SGV079",654,28
"5687","SGV069",654,"SGV079",654,14
"5688","SGV070",654,"SGV079",654,21
"5689","SGV071",654,"SGV079",654,14
"5690","SGV072",654,"SGV079",654,14
"5691","SGV073",654,"SGV079",654,21
"5692","SGV075",654,"SGV079",654,19
"5693","SGV077",654,"SGV079",654,20
"5694","SGV078",654,"SGV079",654,19
"5695","SGV079",654,"SGV079",654,0
"5696","SGV080",654,"SGV079",654,22
"5701","SGV004",654,"SGV080",654,103
"5717","SGV021",654,"SGV080",654,13
"5718","SGV022",654,"SGV080",654,11
"5719","SGV023",654,"SGV080",654,15
"5720","SGV025",654,"SGV080",654,13
"5721","SGV026",654,"SGV080",654,13
"5723","SGV028",654,"SGV080",654,15
"5724","SGV029",654,"SGV080",654,13
"5725","SGV030",654,"SGV080",654,18
"5726","SGV031",654,"SGV080",654,15
"5727","SGV032",654,"SGV080",654,17
"5728","SGV033",654,"SGV080",654,17
"5729","SGV034",654,"SGV080",654,18
"5730","SGV035",654,"SGV080",654,13
"5731","SGV036",654,"SGV080",654,13
"5732","SGV037",654,"SGV080",654,16
"5733","SGV038",654,"SGV080",654,18
"5734","SGV039",654,"SGV080",654,12
"5735","SGV040",654,"SGV080",654,20
"5736","SGV041",654,"SGV080",654,16
"5737","SGV042",654,"SGV080",654,16
"5738","SGV043",654,"SGV080",654,19
"5739","SGV044",654,"SGV080",654,17
"5740","SGV045",654,"SGV080",654,19
"5741","SGV046",654,"SGV080",654,13
"5742","SGV047",654,"SGV080",654,21
"5743","SGV048",654,"SGV080",654,13
"5744","SGV049",654,"SGV080",654,17
"5745","SGV050",654,"SGV080",654,11
"5746","SGV051",654,"SGV080",654,20
"5747","SGV052",654,"SGV080",654,10
"5748","SGV053",654,"SGV080",654,11
"5749","SGV054",654,"SGV080",654,13
"5750","SGV055",654,"SGV080",654,12
"5751","SGV056",654,"SGV080",654,10
"5752","SGV057",654,"SGV080",654,10
"5753","SGV058",654,"SGV080",654,10
"5754","SGV059",654,"SGV080",654,8
"5755","SGV060",654,"SGV080",654,23
"5756","SGV061",654,"SGV080",654,21
"5757","SGV062",654,"SGV080",654,10
"5758","SGV063",654,"SGV080",654,16
"5759","SGV064",654,"SGV080",654,19
"5760","SGV065",654,"SGV080",654,16
"5761","SGV066",654,"SGV080",654,17
"5762","SGV067",654,"SGV080",654,14
"5763","SGV068",654,"SGV080",654,22
"5764","SGV069",654,"SGV080",654,20
"5765","SGV070",654,"SGV080",654,11
"5766","SGV071",654,"SGV080",654,8
"5767","SGV072",654,"SGV080",654,16
"5768","SGV073",654,"SGV080",654,9
"5769","SGV075",654,"SGV080",654,9
"5770","SGV077",654,"SGV080",654,10
"5771","SGV078",654,"SGV080",654,9
"5772","SGV079",654,"SGV080",654,22
"5773","SGV080",654,"SGV080",654,0
