snp.dists.0.8.2,ST1,variable,ST2,value
SGV002,516,SGV002,516,0
SGV003,516,SGV002,516,69
SGV004,654,SGV002,516,28405
SGV005,516,SGV002,516,272
SGV006,516,SGV002,516,600
SGV007,516,SGV002,516,375
SGV008,516,SGV002,516,270
SGV009,516,SGV002,516,301
SGV010,516,SGV002,516,286
SGV011,516,SGV002,516,304
SGV012,516,SGV002,516,399
SGV013,516,SGV002,516,74
SGV014,516,SGV002,516,415
SGV016,516,SGV002,516,285
SGV017,516,SGV002,516,263
SGV018,2227,SGV002,516,28507
SGV019,516,SGV002,516,129
SGV020,516,SGV002,516,388
SGV021,654,SGV002,516,28410
SGV022,654,SGV002,516,28411
SGV023,654,SGV002,516,28376
SGV025,654,SGV002,516,28410
SGV026,654,SGV002,516,28409
SGV027,0,SGV002,516,27063
SGV028,654,SGV002,516,28410
SGV029,654,SGV002,516,27230
SGV030,654,SGV002,516,28286
SGV031,654,SGV002,516,28410
SGV032,654,SGV002,516,28412
SGV033,654,SGV002,516,28412
SGV034,654,SGV002,516,28413
SGV035,654,SGV002,516,28410
SGV036,654,SGV002,516,28410
SGV037,654,SGV002,516,28412
SGV038,654,SGV002,516,28412
SGV039,654,SGV002,516,28409
SGV040,654,SGV002,516,28414
SGV041,654,SGV002,516,28413
SGV042,654,SGV002,516,28411
SGV043,654,SGV002,516,28415
SGV044,654,SGV002,516,28413
SGV045,654,SGV002,516,28414
SGV046,654,SGV002,516,28413
SGV047,654,SGV002,516,28417
SGV048,654,SGV002,516,28346
SGV049,654,SGV002,516,28410
SGV050,654,SGV002,516,28412
SGV051,654,SGV002,516,28413
SGV052,654,SGV002,516,28410
SGV053,654,SGV002,516,28411
SGV054,654,SGV002,516,28410
SGV055,654,SGV002,516,28372
SGV056,654,SGV002,516,28412
SGV057,654,SGV002,516,28410
SGV058,654,SGV002,516,28410
SGV059,654,SGV002,516,28408
SGV060,654,SGV002,516,28417
SGV061,654,SGV002,516,28416
SGV062,654,SGV002,516,28410
SGV063,654,SGV002,516,28412
SGV064,654,SGV002,516,28413
SGV065,654,SGV002,516,28411
SGV066,654,SGV002,516,28413
SGV067,654,SGV002,516,28414
SGV068,654,SGV002,516,28418
SGV069,654,SGV002,516,28415
SGV070,654,SGV002,516,28412
SGV071,654,SGV002,516,28405
SGV072,654,SGV002,516,28411
SGV073,654,SGV002,516,28411
SGV075,654,SGV002,516,28410
SGV077,654,SGV002,516,28409
SGV078,654,SGV002,516,28410
SGV079,654,SGV002,516,28415
SGV080,654,SGV002,516,28413
SGV081,0,SGV002,516,28352
SGV082,0,SGV002,516,28146
SGV002,516,SGV003,516,69
SGV003,516,SGV003,516,0
SGV004,654,SGV003,516,28402
SGV005,516,SGV003,516,268
SGV006,516,SGV003,516,606
SGV007,516,SGV003,516,376
SGV008,516,SGV003,516,264
SGV009,516,SGV003,516,304
SGV010,516,SGV003,516,283
SGV011,516,SGV003,516,302
SGV012,516,SGV003,516,403
SGV013,516,SGV003,516,75
SGV014,516,SGV003,516,416
SGV016,516,SGV003,516,294
SGV017,516,SGV003,516,266
SGV018,2227,SGV003,516,28504
SGV019,516,SGV003,516,138
SGV020,516,SGV003,516,391
SGV021,654,SGV003,516,28407
SGV022,654,SGV003,516,28408
SGV023,654,SGV003,516,28373
SGV025,654,SGV003,516,28407
SGV026,654,SGV003,516,28406
SGV027,0,SGV003,516,27062
SGV028,654,SGV003,516,28407
SGV029,654,SGV003,516,27228
SGV030,654,SGV003,516,28282
SGV031,654,SGV003,516,28407
SGV032,654,SGV003,516,28409
SGV033,654,SGV003,516,28409
SGV034,654,SGV003,516,28410
SGV035,654,SGV003,516,28407
SGV036,654,SGV003,516,28407
SGV037,654,SGV003,516,28409
SGV038,654,SGV003,516,28409
SGV039,654,SGV003,516,28406
SGV040,654,SGV003,516,28411
SGV041,654,SGV003,516,28410
SGV042,654,SGV003,516,28408
SGV043,654,SGV003,516,28412
SGV044,654,SGV003,516,28410
SGV045,654,SGV003,516,28411
SGV046,654,SGV003,516,28410
SGV047,654,SGV003,516,28414
SGV048,654,SGV003,516,28343
SGV049,654,SGV003,516,28407
SGV050,654,SGV003,516,28409
SGV051,654,SGV003,516,28410
SGV052,654,SGV003,516,28407
SGV053,654,SGV003,516,28408
SGV054,654,SGV003,516,28407
SGV055,654,SGV003,516,28369
SGV056,654,SGV003,516,28409
SGV057,654,SGV003,516,28407
SGV058,654,SGV003,516,28407
SGV059,654,SGV003,516,28405
SGV060,654,SGV003,516,28414
SGV061,654,SGV003,516,28413
SGV062,654,SGV003,516,28407
SGV063,654,SGV003,516,28409
SGV064,654,SGV003,516,28410
SGV065,654,SGV003,516,28408
SGV066,654,SGV003,516,28410
SGV067,654,SGV003,516,28411
SGV068,654,SGV003,516,28415
SGV069,654,SGV003,516,28412
SGV070,654,SGV003,516,28409
SGV071,654,SGV003,516,28402
SGV072,654,SGV003,516,28408
SGV073,654,SGV003,516,28408
SGV075,654,SGV003,516,28407
SGV077,654,SGV003,516,28406
SGV078,654,SGV003,516,28407
SGV079,654,SGV003,516,28412
SGV080,654,SGV003,516,28410
SGV081,0,SGV003,516,28349
SGV082,0,SGV003,516,28143
SGV002,516,SGV004,654,28405
SGV003,516,SGV004,654,28402
SGV004,654,SGV004,654,0
SGV005,516,SGV004,654,28281
SGV006,516,SGV004,654,29043
SGV007,516,SGV004,654,26299
SGV008,516,SGV004,654,28399
SGV009,516,SGV004,654,28003
SGV010,516,SGV004,654,28397
SGV011,516,SGV004,654,28297
SGV012,516,SGV004,654,26383
SGV013,516,SGV004,654,28375
SGV014,516,SGV004,654,26382
SGV016,516,SGV004,654,28078
SGV017,516,SGV004,654,28448
SGV018,2227,SGV004,654,295
SGV019,516,SGV004,654,28380
SGV020,516,SGV004,654,26167
SGV021,654,SGV004,654,100
SGV022,654,SGV004,654,102
SGV023,654,SGV004,654,100
SGV025,654,SGV004,654,100
SGV026,654,SGV004,654,100
SGV027,0,SGV004,654,95
SGV028,654,SGV004,654,100
SGV029,654,SGV004,654,94
SGV030,654,SGV004,654,105
SGV031,654,SGV004,654,100
SGV032,654,SGV004,654,102
SGV033,654,SGV004,654,104
SGV034,654,SGV004,654,103
SGV035,654,SGV004,654,100
SGV036,654,SGV004,654,100
SGV037,654,SGV004,654,103
SGV038,654,SGV004,654,103
SGV039,654,SGV004,654,99
SGV040,654,SGV004,654,105
SGV041,654,SGV004,654,103
SGV042,654,SGV004,654,103
SGV043,654,SGV004,654,106
SGV044,654,SGV004,654,104
SGV045,654,SGV004,654,104
SGV046,654,SGV004,654,104
SGV047,654,SGV004,654,108
SGV048,654,SGV004,654,104
SGV049,654,SGV004,654,102
SGV050,654,SGV004,654,102
SGV051,654,SGV004,654,104
SGV052,654,SGV004,654,101
SGV053,654,SGV004,654,102
SGV054,654,SGV004,654,100
SGV055,654,SGV004,654,102
SGV056,654,SGV004,654,103
SGV057,654,SGV004,654,101
SGV058,654,SGV004,654,101
SGV059,654,SGV004,654,99
SGV060,654,SGV004,654,108
SGV061,654,SGV004,654,108
SGV062,654,SGV004,654,101
SGV063,654,SGV004,654,103
SGV064,654,SGV004,654,104
SGV065,654,SGV004,654,103
SGV066,654,SGV004,654,104
SGV067,654,SGV004,654,105
SGV068,654,SGV004,654,109
SGV069,654,SGV004,654,105
SGV070,654,SGV004,654,102
SGV071,654,SGV004,654,95
SGV072,654,SGV004,654,101
SGV073,654,SGV004,654,102
SGV075,654,SGV004,654,100
SGV077,654,SGV004,654,101
SGV078,654,SGV004,654,100
SGV079,654,SGV004,654,106
SGV080,654,SGV004,654,103
SGV081,0,SGV004,654,93
SGV082,0,SGV004,654,102
SGV002,516,SGV005,516,272
SGV003,516,SGV005,516,268
SGV004,654,SGV005,516,28281
SGV005,516,SGV005,516,0
SGV006,516,SGV005,516,586
SGV007,516,SGV005,516,358
SGV008,516,SGV005,516,49
SGV009,516,SGV005,516,150
SGV010,516,SGV005,516,84
SGV011,516,SGV005,516,99
SGV012,516,SGV005,516,390
SGV013,516,SGV005,516,281
SGV014,516,SGV005,516,407
SGV016,516,SGV005,516,90
SGV017,516,SGV005,516,98
SGV018,2227,SGV005,516,28384
SGV019,516,SGV005,516,253
SGV020,516,SGV005,516,362
SGV021,654,SGV005,516,28286
SGV022,654,SGV005,516,28287
SGV023,654,SGV005,516,28252
SGV025,654,SGV005,516,28286
SGV026,654,SGV005,516,28285
SGV027,0,SGV005,516,26959
SGV028,654,SGV005,516,28286
SGV029,654,SGV005,516,27120
SGV030,654,SGV005,516,28163
SGV031,654,SGV005,516,28286
SGV032,654,SGV005,516,28288
SGV033,654,SGV005,516,28288
SGV034,654,SGV005,516,28289
SGV035,654,SGV005,516,28286
SGV036,654,SGV005,516,28286
SGV037,654,SGV005,516,28288
SGV038,654,SGV005,516,28288
SGV039,654,SGV005,516,28285
SGV040,654,SGV005,516,28290
SGV041,654,SGV005,516,28289
SGV042,654,SGV005,516,28287
SGV043,654,SGV005,516,28291
SGV044,654,SGV005,516,28289
SGV045,654,SGV005,516,28290
SGV046,654,SGV005,516,28289
SGV047,654,SGV005,516,28293
SGV048,654,SGV005,516,28223
SGV049,654,SGV005,516,28286
SGV050,654,SGV005,516,28288
SGV051,654,SGV005,516,28288
SGV052,654,SGV005,516,28286
SGV053,654,SGV005,516,28287
SGV054,654,SGV005,516,28286
SGV055,654,SGV005,516,28248
SGV056,654,SGV005,516,28288
SGV057,654,SGV005,516,28286
SGV058,654,SGV005,516,28286
SGV059,654,SGV005,516,28284
SGV060,654,SGV005,516,28293
SGV061,654,SGV005,516,28292
SGV062,654,SGV005,516,28286
SGV063,654,SGV005,516,28288
SGV064,654,SGV005,516,28289
SGV065,654,SGV005,516,28287
SGV066,654,SGV005,516,28289
SGV067,654,SGV005,516,28290
SGV068,654,SGV005,516,28294
SGV069,654,SGV005,516,28291
SGV070,654,SGV005,516,28288
SGV071,654,SGV005,516,28281
SGV072,654,SGV005,516,28287
SGV073,654,SGV005,516,28287
SGV075,654,SGV005,516,28286
SGV077,654,SGV005,516,28285
SGV078,654,SGV005,516,28286
SGV079,654,SGV005,516,28291
SGV080,654,SGV005,516,28289
SGV081,0,SGV005,516,28229
SGV082,0,SGV005,516,28068
SGV002,516,SGV006,516,600
SGV003,516,SGV006,516,606
SGV004,654,SGV006,516,29043
SGV005,516,SGV006,516,586
SGV006,516,SGV006,516,0
SGV007,516,SGV006,516,632
SGV008,516,SGV006,516,587
SGV009,516,SGV006,516,591
SGV010,516,SGV006,516,606
SGV011,516,SGV006,516,607
SGV012,516,SGV006,516,677
SGV013,516,SGV006,516,620
SGV014,516,SGV006,516,680
SGV016,516,SGV006,516,583
SGV017,516,SGV006,516,583
SGV018,2227,SGV006,516,29205
SGV019,516,SGV006,516,602
SGV020,516,SGV006,516,654
SGV021,654,SGV006,516,29047
SGV022,654,SGV006,516,29050
SGV023,654,SGV006,516,29015
SGV025,654,SGV006,516,29047
SGV026,654,SGV006,516,29048
SGV027,0,SGV006,516,27707
SGV028,654,SGV006,516,29048
SGV029,654,SGV006,516,27877
SGV030,654,SGV006,516,28926
SGV031,654,SGV006,516,29047
SGV032,654,SGV006,516,29050
SGV033,654,SGV006,516,29051
SGV034,654,SGV006,516,29051
SGV035,654,SGV006,516,29048
SGV036,654,SGV006,516,29048
SGV037,654,SGV006,516,29049
SGV038,654,SGV006,516,29050
SGV039,654,SGV006,516,29047
SGV040,654,SGV006,516,29051
SGV041,654,SGV006,516,29050
SGV042,654,SGV006,516,29050
SGV043,654,SGV006,516,29053
SGV044,654,SGV006,516,29050
SGV045,654,SGV006,516,29052
SGV046,654,SGV006,516,29051
SGV047,654,SGV006,516,29054
SGV048,654,SGV006,516,28984
SGV049,654,SGV006,516,29049
SGV050,654,SGV006,516,29050
SGV051,654,SGV006,516,29051
SGV052,654,SGV006,516,29048
SGV053,654,SGV006,516,29049
SGV054,654,SGV006,516,29047
SGV055,654,SGV006,516,29010
SGV056,654,SGV006,516,29050
SGV057,654,SGV006,516,29048
SGV058,654,SGV006,516,29048
SGV059,654,SGV006,516,29046
SGV060,654,SGV006,516,29055
SGV061,654,SGV006,516,29055
SGV062,654,SGV006,516,29048
SGV063,654,SGV006,516,29050
SGV064,654,SGV006,516,29050
SGV065,654,SGV006,516,29050
SGV066,654,SGV006,516,29050
SGV067,654,SGV006,516,29052
SGV068,654,SGV006,516,29055
SGV069,654,SGV006,516,29052
SGV070,654,SGV006,516,29037
SGV071,654,SGV006,516,29043
SGV072,654,SGV006,516,29049
SGV073,654,SGV006,516,29049
SGV075,654,SGV006,516,29048
SGV077,654,SGV006,516,29049
SGV078,654,SGV006,516,29048
SGV079,654,SGV006,516,29052
SGV080,654,SGV006,516,29051
SGV081,0,SGV006,516,28989
SGV082,0,SGV006,516,28782
SGV002,516,SGV007,516,375
SGV003,516,SGV007,516,376
SGV004,654,SGV007,516,26299
SGV005,516,SGV007,516,358
SGV006,516,SGV007,516,632
SGV007,516,SGV007,516,0
SGV008,516,SGV007,516,347
SGV009,516,SGV007,516,390
SGV010,516,SGV007,516,370
SGV011,516,SGV007,516,395
SGV012,516,SGV007,516,128
SGV013,516,SGV007,516,396
SGV014,516,SGV007,516,114
SGV016,516,SGV007,516,364
SGV017,516,SGV007,516,361
SGV018,2227,SGV007,516,26398
SGV019,516,SGV007,516,361
SGV020,516,SGV007,516,81
SGV021,654,SGV007,516,26307
SGV022,654,SGV007,516,26308
SGV023,654,SGV007,516,26272
SGV025,654,SGV007,516,26307
SGV026,654,SGV007,516,26306
SGV027,0,SGV007,516,25171
SGV028,654,SGV007,516,26307
SGV029,654,SGV007,516,25264
SGV030,654,SGV007,516,26185
SGV031,654,SGV007,516,26307
SGV032,654,SGV007,516,26309
SGV033,654,SGV007,516,26309
SGV034,654,SGV007,516,26310
SGV035,654,SGV007,516,26307
SGV036,654,SGV007,516,26306
SGV037,654,SGV007,516,26309
SGV038,654,SGV007,516,26308
SGV039,654,SGV007,516,26306
SGV040,654,SGV007,516,26311
SGV041,654,SGV007,516,26309
SGV042,654,SGV007,516,26307
SGV043,654,SGV007,516,26311
SGV044,654,SGV007,516,26310
SGV045,654,SGV007,516,26310
SGV046,654,SGV007,516,26308
SGV047,654,SGV007,516,26314
SGV048,654,SGV007,516,26243
SGV049,654,SGV007,516,26307
SGV050,654,SGV007,516,26309
SGV051,654,SGV007,516,26308
SGV052,654,SGV007,516,26307
SGV053,654,SGV007,516,26308
SGV054,654,SGV007,516,26306
SGV055,654,SGV007,516,26270
SGV056,654,SGV007,516,26308
SGV057,654,SGV007,516,26308
SGV058,654,SGV007,516,26307
SGV059,654,SGV007,516,26305
SGV060,654,SGV007,516,26313
SGV061,654,SGV007,516,26312
SGV062,654,SGV007,516,26307
SGV063,654,SGV007,516,26309
SGV064,654,SGV007,516,26310
SGV065,654,SGV007,516,26307
SGV066,654,SGV007,516,26310
SGV067,654,SGV007,516,26309
SGV068,654,SGV007,516,26315
SGV069,654,SGV007,516,26312
SGV070,654,SGV007,516,26309
SGV071,654,SGV007,516,26302
SGV072,654,SGV007,516,26308
SGV073,654,SGV007,516,26307
SGV075,654,SGV007,516,26307
SGV077,654,SGV007,516,26306
SGV078,654,SGV007,516,26307
SGV079,654,SGV007,516,26312
SGV080,654,SGV007,516,26309
SGV081,0,SGV007,516,26251
SGV082,0,SGV007,516,26067
SGV002,516,SGV008,516,270
SGV003,516,SGV008,516,264
SGV004,654,SGV008,516,28399
SGV005,516,SGV008,516,49
SGV006,516,SGV008,516,587
SGV007,516,SGV008,516,347
SGV008,516,SGV008,516,0
SGV009,516,SGV008,516,141
SGV010,516,SGV008,516,51
SGV011,516,SGV008,516,87
SGV012,516,SGV008,516,381
SGV013,516,SGV008,516,272
SGV014,516,SGV008,516,393
SGV016,516,SGV008,516,79
SGV017,516,SGV008,516,90
SGV018,2227,SGV008,516,28503
SGV019,516,SGV008,516,241
SGV020,516,SGV008,516,359
SGV021,654,SGV008,516,28404
SGV022,654,SGV008,516,28405
SGV023,654,SGV008,516,28370
SGV025,654,SGV008,516,28404
SGV026,654,SGV008,516,28403
SGV027,0,SGV008,516,27064
SGV028,654,SGV008,516,28404
SGV029,654,SGV008,516,27225
SGV030,654,SGV008,516,28281
SGV031,654,SGV008,516,28404
SGV032,654,SGV008,516,28406
SGV033,654,SGV008,516,28406
SGV034,654,SGV008,516,28407
SGV035,654,SGV008,516,28404
SGV036,654,SGV008,516,28404
SGV037,654,SGV008,516,28406
SGV038,654,SGV008,516,28406
SGV039,654,SGV008,516,28403
SGV040,654,SGV008,516,28408
SGV041,654,SGV008,516,28407
SGV042,654,SGV008,516,28405
SGV043,654,SGV008,516,28409
SGV044,654,SGV008,516,28407
SGV045,654,SGV008,516,28408
SGV046,654,SGV008,516,28407
SGV047,654,SGV008,516,28411
SGV048,654,SGV008,516,28341
SGV049,654,SGV008,516,28404
SGV050,654,SGV008,516,28406
SGV051,654,SGV008,516,28406
SGV052,654,SGV008,516,28404
SGV053,654,SGV008,516,28405
SGV054,654,SGV008,516,28404
SGV055,654,SGV008,516,28366
SGV056,654,SGV008,516,28406
SGV057,654,SGV008,516,28404
SGV058,654,SGV008,516,28404
SGV059,654,SGV008,516,28402
SGV060,654,SGV008,516,28411
SGV061,654,SGV008,516,28410
SGV062,654,SGV008,516,28404
SGV063,654,SGV008,516,28406
SGV064,654,SGV008,516,28407
SGV065,654,SGV008,516,28405
SGV066,654,SGV008,516,28407
SGV067,654,SGV008,516,28408
SGV068,654,SGV008,516,28412
SGV069,654,SGV008,516,28409
SGV070,654,SGV008,516,28406
SGV071,654,SGV008,516,28399
SGV072,654,SGV008,516,28405
SGV073,654,SGV008,516,28405
SGV075,654,SGV008,516,28404
SGV077,654,SGV008,516,28403
SGV078,654,SGV008,516,28404
SGV079,654,SGV008,516,28409
SGV080,654,SGV008,516,28407
SGV081,0,SGV008,516,28347
SGV082,0,SGV008,516,28141
SGV002,516,SGV009,516,301
SGV003,516,SGV009,516,304
SGV004,654,SGV009,516,28003
SGV005,516,SGV009,516,150
SGV006,516,SGV009,516,591
SGV007,516,SGV009,516,390
SGV008,516,SGV009,516,141
SGV009,516,SGV009,516,0
SGV010,516,SGV009,516,158
SGV011,516,SGV009,516,134
SGV012,516,SGV009,516,414
SGV013,516,SGV009,516,298
SGV014,516,SGV009,516,405
SGV016,516,SGV009,516,162
SGV017,516,SGV009,516,136
SGV018,2227,SGV009,516,28099
SGV019,516,SGV009,516,281
SGV020,516,SGV009,516,404
SGV021,654,SGV009,516,28007
SGV022,654,SGV009,516,28009
SGV023,654,SGV009,516,27974
SGV025,654,SGV009,516,28007
SGV026,654,SGV009,516,28007
SGV027,0,SGV009,516,26715
SGV028,654,SGV009,516,28008
SGV029,654,SGV009,516,26839
SGV030,654,SGV009,516,27885
SGV031,654,SGV009,516,28008
SGV032,654,SGV009,516,28010
SGV033,654,SGV009,516,28009
SGV034,654,SGV009,516,28011
SGV035,654,SGV009,516,28008
SGV036,654,SGV009,516,28008
SGV037,654,SGV009,516,28009
SGV038,654,SGV009,516,28010
SGV039,654,SGV009,516,28007
SGV040,654,SGV009,516,28010
SGV041,654,SGV009,516,28010
SGV042,654,SGV009,516,28009
SGV043,654,SGV009,516,28012
SGV044,654,SGV009,516,28010
SGV045,654,SGV009,516,28012
SGV046,654,SGV009,516,28011
SGV047,654,SGV009,516,28014
SGV048,654,SGV009,516,27944
SGV049,654,SGV009,516,28008
SGV050,654,SGV009,516,28010
SGV051,654,SGV009,516,28011
SGV052,654,SGV009,516,28008
SGV053,654,SGV009,516,28009
SGV054,654,SGV009,516,28008
SGV055,654,SGV009,516,27970
SGV056,654,SGV009,516,28010
SGV057,654,SGV009,516,28008
SGV058,654,SGV009,516,28008
SGV059,654,SGV009,516,28006
SGV060,654,SGV009,516,28015
SGV061,654,SGV009,516,28014
SGV062,654,SGV009,516,28008
SGV063,654,SGV009,516,28009
SGV064,654,SGV009,516,28011
SGV065,654,SGV009,516,28009
SGV066,654,SGV009,516,28010
SGV067,654,SGV009,516,28012
SGV068,654,SGV009,516,28015
SGV069,654,SGV009,516,28013
SGV070,654,SGV009,516,28010
SGV071,654,SGV009,516,28003
SGV072,654,SGV009,516,28009
SGV073,654,SGV009,516,28009
SGV075,654,SGV009,516,28007
SGV077,654,SGV009,516,28007
SGV078,654,SGV009,516,28008
SGV079,654,SGV009,516,28013
SGV080,654,SGV009,516,28011
SGV081,0,SGV009,516,27950
SGV082,0,SGV009,516,27744
SGV002,516,SGV010,516,286
SGV003,516,SGV010,516,283
SGV004,654,SGV010,516,28397
SGV005,516,SGV010,516,84
SGV006,516,SGV010,516,606
SGV007,516,SGV010,516,370
SGV008,516,SGV010,516,51
SGV009,516,SGV010,516,158
SGV010,516,SGV010,516,0
SGV011,516,SGV010,516,95
SGV012,516,SGV010,516,394
SGV013,516,SGV010,516,278
SGV014,516,SGV010,516,398
SGV016,516,SGV010,516,104
SGV017,516,SGV010,516,111
SGV018,2227,SGV010,516,28499
SGV019,516,SGV010,516,255
SGV020,516,SGV010,516,383
SGV021,654,SGV010,516,28403
SGV022,654,SGV010,516,28404
SGV023,654,SGV010,516,28369
SGV025,654,SGV010,516,28403
SGV026,654,SGV010,516,28402
SGV027,0,SGV010,516,27060
SGV028,654,SGV010,516,28403
SGV029,654,SGV010,516,27220
SGV030,654,SGV010,516,28280
SGV031,654,SGV010,516,28403
SGV032,654,SGV010,516,28405
SGV033,654,SGV010,516,28405
SGV034,654,SGV010,516,28406
SGV035,654,SGV010,516,28403
SGV036,654,SGV010,516,28403
SGV037,654,SGV010,516,28405
SGV038,654,SGV010,516,28405
SGV039,654,SGV010,516,28402
SGV040,654,SGV010,516,28407
SGV041,654,SGV010,516,28406
SGV042,654,SGV010,516,28404
SGV043,654,SGV010,516,28408
SGV044,654,SGV010,516,28406
SGV045,654,SGV010,516,28407
SGV046,654,SGV010,516,28406
SGV047,654,SGV010,516,28409
SGV048,654,SGV010,516,28340
SGV049,654,SGV010,516,28403
SGV050,654,SGV010,516,28405
SGV051,654,SGV010,516,28404
SGV052,654,SGV010,516,28403
SGV053,654,SGV010,516,28404
SGV054,654,SGV010,516,28403
SGV055,654,SGV010,516,28365
SGV056,654,SGV010,516,28405
SGV057,654,SGV010,516,28403
SGV058,654,SGV010,516,28403
SGV059,654,SGV010,516,28401
SGV060,654,SGV010,516,28410
SGV061,654,SGV010,516,28409
SGV062,654,SGV010,516,28403
SGV063,654,SGV010,516,28405
SGV064,654,SGV010,516,28406
SGV065,654,SGV010,516,28404
SGV066,654,SGV010,516,28406
SGV067,654,SGV010,516,28407
SGV068,654,SGV010,516,28410
SGV069,654,SGV010,516,28408
SGV070,654,SGV010,516,28405
SGV071,654,SGV010,516,28398
SGV072,654,SGV010,516,28404
SGV073,654,SGV010,516,28404
SGV075,654,SGV010,516,28403
SGV077,654,SGV010,516,28402
SGV078,654,SGV010,516,28403
SGV079,654,SGV010,516,28408
SGV080,654,SGV010,516,28406
SGV081,0,SGV010,516,28346
SGV082,0,SGV010,516,28139
SGV002,516,SGV011,516,304
SGV003,516,SGV011,516,302
SGV004,654,SGV011,516,28297
SGV005,516,SGV011,516,99
SGV006,516,SGV011,516,607
SGV007,516,SGV011,516,395
SGV008,516,SGV011,516,87
SGV009,516,SGV011,516,134
SGV010,516,SGV011,516,95
SGV011,516,SGV011,516,0
SGV012,516,SGV011,516,411
SGV013,516,SGV011,516,298
SGV014,516,SGV011,516,410
SGV016,516,SGV011,516,121
SGV017,516,SGV011,516,121
SGV018,2227,SGV011,516,28407
SGV019,516,SGV011,516,274
SGV020,516,SGV011,516,403
SGV021,654,SGV011,516,28301
SGV022,654,SGV011,516,28303
SGV023,654,SGV011,516,28268
SGV025,654,SGV011,516,28301
SGV026,654,SGV011,516,28301
SGV027,0,SGV011,516,27009
SGV028,654,SGV011,516,28302
SGV029,654,SGV011,516,27132
SGV030,654,SGV011,516,28178
SGV031,654,SGV011,516,28302
SGV032,654,SGV011,516,28304
SGV033,654,SGV011,516,28303
SGV034,654,SGV011,516,28305
SGV035,654,SGV011,516,28302
SGV036,654,SGV011,516,28302
SGV037,654,SGV011,516,28303
SGV038,654,SGV011,516,28304
SGV039,654,SGV011,516,28301
SGV040,654,SGV011,516,28304
SGV041,654,SGV011,516,28304
SGV042,654,SGV011,516,28303
SGV043,654,SGV011,516,28306
SGV044,654,SGV011,516,28304
SGV045,654,SGV011,516,28306
SGV046,654,SGV011,516,28305
SGV047,654,SGV011,516,28308
SGV048,654,SGV011,516,28238
SGV049,654,SGV011,516,28302
SGV050,654,SGV011,516,28304
SGV051,654,SGV011,516,28304
SGV052,654,SGV011,516,28302
SGV053,654,SGV011,516,28303
SGV054,654,SGV011,516,28302
SGV055,654,SGV011,516,28264
SGV056,654,SGV011,516,28304
SGV057,654,SGV011,516,28302
SGV058,654,SGV011,516,28302
SGV059,654,SGV011,516,28300
SGV060,654,SGV011,516,28309
SGV061,654,SGV011,516,28308
SGV062,654,SGV011,516,28302
SGV063,654,SGV011,516,28303
SGV064,654,SGV011,516,28305
SGV065,654,SGV011,516,28303
SGV066,654,SGV011,516,28304
SGV067,654,SGV011,516,28306
SGV068,654,SGV011,516,28309
SGV069,654,SGV011,516,28307
SGV070,654,SGV011,516,28304
SGV071,654,SGV011,516,28297
SGV072,654,SGV011,516,28303
SGV073,654,SGV011,516,28303
SGV075,654,SGV011,516,28302
SGV077,654,SGV011,516,28301
SGV078,654,SGV011,516,28302
SGV079,654,SGV011,516,28307
SGV080,654,SGV011,516,28305
SGV081,0,SGV011,516,28244
SGV082,0,SGV011,516,28035
SGV002,516,SGV012,516,399
SGV003,516,SGV012,516,403
SGV004,654,SGV012,516,26383
SGV005,516,SGV012,516,390
SGV006,516,SGV012,516,677
SGV007,516,SGV012,516,128
SGV008,516,SGV012,516,381
SGV009,516,SGV012,516,414
SGV010,516,SGV012,516,394
SGV011,516,SGV012,516,411
SGV012,516,SGV012,516,0
SGV013,516,SGV012,516,406
SGV014,516,SGV012,516,158
SGV016,516,SGV012,516,410
SGV017,516,SGV012,516,375
SGV018,2227,SGV012,516,26482
SGV019,516,SGV012,516,384
SGV020,516,SGV012,516,148
SGV021,654,SGV012,516,26391
SGV022,654,SGV012,516,26392
SGV023,654,SGV012,516,26356
SGV025,654,SGV012,516,26391
SGV026,654,SGV012,516,26390
SGV027,0,SGV012,516,25257
SGV028,654,SGV012,516,26391
SGV029,654,SGV012,516,25350
SGV030,654,SGV012,516,26271
SGV031,654,SGV012,516,26391
SGV032,654,SGV012,516,26393
SGV033,654,SGV012,516,26393
SGV034,654,SGV012,516,26394
SGV035,654,SGV012,516,26391
SGV036,654,SGV012,516,26390
SGV037,654,SGV012,516,26393
SGV038,654,SGV012,516,26392
SGV039,654,SGV012,516,26390
SGV040,654,SGV012,516,26395
SGV041,654,SGV012,516,26393
SGV042,654,SGV012,516,26391
SGV043,654,SGV012,516,26395
SGV044,654,SGV012,516,26394
SGV045,654,SGV012,516,26394
SGV046,654,SGV012,516,26392
SGV047,654,SGV012,516,26398
SGV048,654,SGV012,516,26325
SGV049,654,SGV012,516,26391
SGV050,654,SGV012,516,26393
SGV051,654,SGV012,516,26392
SGV052,654,SGV012,516,26391
SGV053,654,SGV012,516,26392
SGV054,654,SGV012,516,26390
SGV055,654,SGV012,516,26353
SGV056,654,SGV012,516,26392
SGV057,654,SGV012,516,26392
SGV058,654,SGV012,516,26391
SGV059,654,SGV012,516,26389
SGV060,654,SGV012,516,26397
SGV061,654,SGV012,516,26396
SGV062,654,SGV012,516,26391
SGV063,654,SGV012,516,26393
SGV064,654,SGV012,516,26394
SGV065,654,SGV012,516,26391
SGV066,654,SGV012,516,26394
SGV067,654,SGV012,516,26393
SGV068,654,SGV012,516,26399
SGV069,654,SGV012,516,26396
SGV070,654,SGV012,516,26393
SGV071,654,SGV012,516,26386
SGV072,654,SGV012,516,26392
SGV073,654,SGV012,516,26391
SGV075,654,SGV012,516,26391
SGV077,654,SGV012,516,26390
SGV078,654,SGV012,516,26391
SGV079,654,SGV012,516,26396
SGV080,654,SGV012,516,26393
SGV081,0,SGV012,516,26333
SGV082,0,SGV012,516,26140
SGV002,516,SGV013,516,74
SGV003,516,SGV013,516,75
SGV004,654,SGV013,516,28375
SGV005,516,SGV013,516,281
SGV006,516,SGV013,516,620
SGV007,516,SGV013,516,396
SGV008,516,SGV013,516,272
SGV009,516,SGV013,516,298
SGV010,516,SGV013,516,278
SGV011,516,SGV013,516,298
SGV012,516,SGV013,516,406
SGV013,516,SGV013,516,0
SGV014,516,SGV013,516,415
SGV016,516,SGV013,516,304
SGV017,516,SGV013,516,269
SGV018,2227,SGV013,516,28486
SGV019,516,SGV013,516,142
SGV020,516,SGV013,516,405
SGV021,654,SGV013,516,28379
SGV022,654,SGV013,516,28380
SGV023,654,SGV013,516,28345
SGV025,654,SGV013,516,28379
SGV026,654,SGV013,516,28378
SGV027,0,SGV013,516,27046
SGV028,654,SGV013,516,28379
SGV029,654,SGV013,516,27213
SGV030,654,SGV013,516,28254
SGV031,654,SGV013,516,28379
SGV032,654,SGV013,516,28381
SGV033,654,SGV013,516,28381
SGV034,654,SGV013,516,28382
SGV035,654,SGV013,516,28379
SGV036,654,SGV013,516,28379
SGV037,654,SGV013,516,28381
SGV038,654,SGV013,516,28381
SGV039,654,SGV013,516,28378
SGV040,654,SGV013,516,28383
SGV041,654,SGV013,516,28382
SGV042,654,SGV013,516,28380
SGV043,654,SGV013,516,28384
SGV044,654,SGV013,516,28382
SGV045,654,SGV013,516,28383
SGV046,654,SGV013,516,28382
SGV047,654,SGV013,516,28386
SGV048,654,SGV013,516,28315
SGV049,654,SGV013,516,28379
SGV050,654,SGV013,516,28381
SGV051,654,SGV013,516,28382
SGV052,654,SGV013,516,28379
SGV053,654,SGV013,516,28380
SGV054,654,SGV013,516,28379
SGV055,654,SGV013,516,28341
SGV056,654,SGV013,516,28381
SGV057,654,SGV013,516,28379
SGV058,654,SGV013,516,28379
SGV059,654,SGV013,516,28377
SGV060,654,SGV013,516,28386
SGV061,654,SGV013,516,28385
SGV062,654,SGV013,516,28379
SGV063,654,SGV013,516,28381
SGV064,654,SGV013,516,28382
SGV065,654,SGV013,516,28380
SGV066,654,SGV013,516,28382
SGV067,654,SGV013,516,28383
SGV068,654,SGV013,516,28387
SGV069,654,SGV013,516,28384
SGV070,654,SGV013,516,28381
SGV071,654,SGV013,516,28374
SGV072,654,SGV013,516,28380
SGV073,654,SGV013,516,28380
SGV075,654,SGV013,516,28379
SGV077,654,SGV013,516,28378
SGV078,654,SGV013,516,28379
SGV079,654,SGV013,516,28384
SGV080,654,SGV013,516,28382
SGV081,0,SGV013,516,28321
SGV082,0,SGV013,516,28115
SGV002,516,SGV014,516,415
SGV003,516,SGV014,516,416
SGV004,654,SGV014,516,26382
SGV005,516,SGV014,516,407
SGV006,516,SGV014,516,680
SGV007,516,SGV014,516,114
SGV008,516,SGV014,516,393
SGV009,516,SGV014,516,405
SGV010,516,SGV014,516,398
SGV011,516,SGV014,516,410
SGV012,516,SGV014,516,158
SGV013,516,SGV014,516,415
SGV014,516,SGV014,516,0
SGV016,516,SGV014,516,412
SGV017,516,SGV014,516,391
SGV018,2227,SGV014,516,26488
SGV019,516,SGV014,516,401
SGV020,516,SGV014,516,142
SGV021,654,SGV014,516,26391
SGV022,654,SGV014,516,26392
SGV023,654,SGV014,516,26356
SGV025,654,SGV014,516,26391
SGV026,654,SGV014,516,26390
SGV027,0,SGV014,516,25255
SGV028,654,SGV014,516,26391
SGV029,654,SGV014,516,25344
SGV030,654,SGV014,516,26270
SGV031,654,SGV014,516,26390
SGV032,654,SGV014,516,26393
SGV033,654,SGV014,516,26393
SGV034,654,SGV014,516,26394
SGV035,654,SGV014,516,26391
SGV036,654,SGV014,516,26390
SGV037,654,SGV014,516,26393
SGV038,654,SGV014,516,26392
SGV039,654,SGV014,516,26390
SGV040,654,SGV014,516,26394
SGV041,654,SGV014,516,26393
SGV042,654,SGV014,516,26391
SGV043,654,SGV014,516,26395
SGV044,654,SGV014,516,26394
SGV045,654,SGV014,516,26394
SGV046,654,SGV014,516,26392
SGV047,654,SGV014,516,26398
SGV048,654,SGV014,516,26325
SGV049,654,SGV014,516,26391
SGV050,654,SGV014,516,26393
SGV051,654,SGV014,516,26391
SGV052,654,SGV014,516,26391
SGV053,654,SGV014,516,26392
SGV054,654,SGV014,516,26389
SGV055,654,SGV014,516,26353
SGV056,654,SGV014,516,26392
SGV057,654,SGV014,516,26392
SGV058,654,SGV014,516,26391
SGV059,654,SGV014,516,26389
SGV060,654,SGV014,516,26397
SGV061,654,SGV014,516,26396
SGV062,654,SGV014,516,26391
SGV063,654,SGV014,516,26393
SGV064,654,SGV014,516,26393
SGV065,654,SGV014,516,26391
SGV066,654,SGV014,516,26394
SGV067,654,SGV014,516,26393
SGV068,654,SGV014,516,26399
SGV069,654,SGV014,516,26395
SGV070,654,SGV014,516,26393
SGV071,654,SGV014,516,26386
SGV072,654,SGV014,516,26392
SGV073,654,SGV014,516,26391
SGV075,654,SGV014,516,26391
SGV077,654,SGV014,516,26390
SGV078,654,SGV014,516,26391
SGV079,654,SGV014,516,26395
SGV080,654,SGV014,516,26393
SGV081,0,SGV014,516,26332
SGV082,0,SGV014,516,26145
SGV002,516,SGV016,516,285
SGV003,516,SGV016,516,294
SGV004,654,SGV016,516,28078
SGV005,516,SGV016,516,90
SGV006,516,SGV016,516,583
SGV007,516,SGV016,516,364
SGV008,516,SGV016,516,79
SGV009,516,SGV016,516,162
SGV010,516,SGV016,516,104
SGV011,516,SGV016,516,121
SGV012,516,SGV016,516,410
SGV013,516,SGV016,516,304
SGV014,516,SGV016,516,412
SGV016,516,SGV016,516,0
SGV017,516,SGV016,516,122
SGV018,2227,SGV016,516,28195
SGV019,516,SGV016,516,265
SGV020,516,SGV016,516,382
SGV021,654,SGV016,516,28080
SGV022,654,SGV016,516,28082
SGV023,654,SGV016,516,28047
SGV025,654,SGV016,516,28080
SGV026,654,SGV016,516,28079
SGV027,0,SGV016,516,26804
SGV028,654,SGV016,516,28081
SGV029,654,SGV016,516,26934
SGV030,654,SGV016,516,27957
SGV031,654,SGV016,516,28081
SGV032,654,SGV016,516,28083
SGV033,654,SGV016,516,28082
SGV034,654,SGV016,516,28084
SGV035,654,SGV016,516,28080
SGV036,654,SGV016,516,28080
SGV037,654,SGV016,516,28082
SGV038,654,SGV016,516,28083
SGV039,654,SGV016,516,28079
SGV040,654,SGV016,516,28084
SGV041,654,SGV016,516,28083
SGV042,654,SGV016,516,28082
SGV043,654,SGV016,516,28085
SGV044,654,SGV016,516,28083
SGV045,654,SGV016,516,28085
SGV046,654,SGV016,516,28084
SGV047,654,SGV016,516,28087
SGV048,654,SGV016,516,28074
SGV049,654,SGV016,516,28081
SGV050,654,SGV016,516,28083
SGV051,654,SGV016,516,28085
SGV052,654,SGV016,516,28081
SGV053,654,SGV016,516,28082
SGV054,654,SGV016,516,28080
SGV055,654,SGV016,516,28082
SGV056,654,SGV016,516,28083
SGV057,654,SGV016,516,28082
SGV058,654,SGV016,516,28081
SGV059,654,SGV016,516,28079
SGV060,654,SGV016,516,28088
SGV061,654,SGV016,516,28087
SGV062,654,SGV016,516,28080
SGV063,654,SGV016,516,28082
SGV064,654,SGV016,516,28084
SGV065,654,SGV016,516,28082
SGV066,654,SGV016,516,28083
SGV067,654,SGV016,516,28085
SGV068,654,SGV016,516,28088
SGV069,654,SGV016,516,28086
SGV070,654,SGV016,516,28083
SGV071,654,SGV016,516,28076
SGV072,654,SGV016,516,28082
SGV073,654,SGV016,516,28082
SGV075,654,SGV016,516,28081
SGV077,654,SGV016,516,28080
SGV078,654,SGV016,516,28081
SGV079,654,SGV016,516,28086
SGV080,654,SGV016,516,28084
SGV081,0,SGV016,516,28075
SGV082,0,SGV016,516,27936
SGV002,516,SGV017,516,263
SGV003,516,SGV017,516,266
SGV004,654,SGV017,516,28448
SGV005,516,SGV017,516,98
SGV006,516,SGV017,516,583
SGV007,516,SGV017,516,361
SGV008,516,SGV017,516,90
SGV009,516,SGV017,516,136
SGV010,516,SGV017,516,111
SGV011,516,SGV017,516,121
SGV012,516,SGV017,516,375
SGV013,516,SGV017,516,269
SGV014,516,SGV017,516,391
SGV016,516,SGV017,516,122
SGV017,516,SGV017,516,0
SGV018,2227,SGV017,516,28501
SGV019,516,SGV017,516,242
SGV020,516,SGV017,516,371
SGV021,654,SGV017,516,28453
SGV022,654,SGV017,516,28454
SGV023,654,SGV017,516,28419
SGV025,654,SGV017,516,28453
SGV026,654,SGV017,516,28452
SGV027,0,SGV017,516,27111
SGV028,654,SGV017,516,28453
SGV029,654,SGV017,516,27260
SGV030,654,SGV017,516,28330
SGV031,654,SGV017,516,28453
SGV032,654,SGV017,516,28455
SGV033,654,SGV017,516,28455
SGV034,654,SGV017,516,28456
SGV035,654,SGV017,516,28453
SGV036,654,SGV017,516,28453
SGV037,654,SGV017,516,28455
SGV038,654,SGV017,516,28455
SGV039,654,SGV017,516,28452
SGV040,654,SGV017,516,28457
SGV041,654,SGV017,516,28456
SGV042,654,SGV017,516,28454
SGV043,654,SGV017,516,28458
SGV044,654,SGV017,516,28456
SGV045,654,SGV017,516,28457
SGV046,654,SGV017,516,28456
SGV047,654,SGV017,516,28460
SGV048,654,SGV017,516,28389
SGV049,654,SGV017,516,28453
SGV050,654,SGV017,516,28455
SGV051,654,SGV017,516,28457
SGV052,654,SGV017,516,28453
SGV053,654,SGV017,516,28454
SGV054,654,SGV017,516,28453
SGV055,654,SGV017,516,28415
SGV056,654,SGV017,516,28455
SGV057,654,SGV017,516,28453
SGV058,654,SGV017,516,28453
SGV059,654,SGV017,516,28451
SGV060,654,SGV017,516,28460
SGV061,654,SGV017,516,28459
SGV062,654,SGV017,516,28453
SGV063,654,SGV017,516,28455
SGV064,654,SGV017,516,28456
SGV065,654,SGV017,516,28454
SGV066,654,SGV017,516,28456
SGV067,654,SGV017,516,28457
SGV068,654,SGV017,516,28461
SGV069,654,SGV017,516,28458
SGV070,654,SGV017,516,28455
SGV071,654,SGV017,516,28448
SGV072,654,SGV017,516,28454
SGV073,654,SGV017,516,28454
SGV075,654,SGV017,516,28453
SGV077,654,SGV017,516,28452
SGV078,654,SGV017,516,28453
SGV079,654,SGV017,516,28458
SGV080,654,SGV017,516,28456
SGV081,0,SGV017,516,28394
SGV082,0,SGV017,516,28160
SGV002,516,SGV018,2227,28507
SGV003,516,SGV018,2227,28504
SGV004,654,SGV018,2227,295
SGV005,516,SGV018,2227,28384
SGV006,516,SGV018,2227,29205
SGV007,516,SGV018,2227,26398
SGV008,516,SGV018,2227,28503
SGV009,516,SGV018,2227,28099
SGV010,516,SGV018,2227,28499
SGV011,516,SGV018,2227,28407
SGV012,516,SGV018,2227,26482
SGV013,516,SGV018,2227,28486
SGV014,516,SGV018,2227,26488
SGV016,516,SGV018,2227,28195
SGV017,516,SGV018,2227,28501
SGV018,2227,SGV018,2227,0
SGV019,516,SGV018,2227,28484
SGV020,516,SGV018,2227,26261
SGV021,654,SGV018,2227,290
SGV022,654,SGV018,2227,292
SGV023,654,SGV018,2227,290
SGV025,654,SGV018,2227,290
SGV026,654,SGV018,2227,290
SGV027,0,SGV018,2227,274
SGV028,654,SGV018,2227,290
SGV029,654,SGV018,2227,279
SGV030,654,SGV018,2227,294
SGV031,654,SGV018,2227,290
SGV032,654,SGV018,2227,292
SGV033,654,SGV018,2227,294
SGV034,654,SGV018,2227,293
SGV035,654,SGV018,2227,290
SGV036,654,SGV018,2227,290
SGV037,654,SGV018,2227,293
SGV038,654,SGV018,2227,292
SGV039,654,SGV018,2227,289
SGV040,654,SGV018,2227,294
SGV041,654,SGV018,2227,293
SGV042,654,SGV018,2227,293
SGV043,654,SGV018,2227,296
SGV044,654,SGV018,2227,294
SGV045,654,SGV018,2227,294
SGV046,654,SGV018,2227,294
SGV047,654,SGV018,2227,298
SGV048,654,SGV018,2227,294
SGV049,654,SGV018,2227,292
SGV050,654,SGV018,2227,292
SGV051,654,SGV018,2227,294
SGV052,654,SGV018,2227,290
SGV053,654,SGV018,2227,291
SGV054,654,SGV018,2227,290
SGV055,654,SGV018,2227,291
SGV056,654,SGV018,2227,292
SGV057,654,SGV018,2227,291
SGV058,654,SGV018,2227,290
SGV059,654,SGV018,2227,289
SGV060,654,SGV018,2227,298
SGV061,654,SGV018,2227,298
SGV062,654,SGV018,2227,290
SGV063,654,SGV018,2227,293
SGV064,654,SGV018,2227,293
SGV065,654,SGV018,2227,293
SGV066,654,SGV018,2227,292
SGV067,654,SGV018,2227,295
SGV068,654,SGV018,2227,299
SGV069,654,SGV018,2227,293
SGV070,654,SGV018,2227,292
SGV071,654,SGV018,2227,285
SGV072,654,SGV018,2227,291
SGV073,654,SGV018,2227,291
SGV075,654,SGV018,2227,290
SGV077,654,SGV018,2227,291
SGV078,654,SGV018,2227,290
SGV079,654,SGV018,2227,295
SGV080,654,SGV018,2227,293
SGV081,0,SGV018,2227,281
SGV082,0,SGV018,2227,287
SGV002,516,SGV019,516,129
SGV003,516,SGV019,516,138
SGV004,654,SGV019,516,28380
SGV005,516,SGV019,516,253
SGV006,516,SGV019,516,602
SGV007,516,SGV019,516,361
SGV008,516,SGV019,516,241
SGV009,516,SGV019,516,281
SGV010,516,SGV019,516,255
SGV011,516,SGV019,516,274
SGV012,516,SGV019,516,384
SGV013,516,SGV019,516,142
SGV014,516,SGV019,516,401
SGV016,516,SGV019,516,265
SGV017,516,SGV019,516,242
SGV018,2227,SGV019,516,28484
SGV019,516,SGV019,516,0
SGV020,516,SGV019,516,367
SGV021,654,SGV019,516,28385
SGV022,654,SGV019,516,28386
SGV023,654,SGV019,516,28351
SGV025,654,SGV019,516,28385
SGV026,654,SGV019,516,28384
SGV027,0,SGV019,516,27039
SGV028,654,SGV019,516,28385
SGV029,654,SGV019,516,27207
SGV030,654,SGV019,516,28261
SGV031,654,SGV019,516,28385
SGV032,654,SGV019,516,28387
SGV033,654,SGV019,516,28387
SGV034,654,SGV019,516,28388
SGV035,654,SGV019,516,28385
SGV036,654,SGV019,516,28385
SGV037,654,SGV019,516,28387
SGV038,654,SGV019,516,28387
SGV039,654,SGV019,516,28384
SGV040,654,SGV019,516,28389
SGV041,654,SGV019,516,28388
SGV042,654,SGV019,516,28386
SGV043,654,SGV019,516,28390
SGV044,654,SGV019,516,28388
SGV045,654,SGV019,516,28389
SGV046,654,SGV019,516,28388
SGV047,654,SGV019,516,28392
SGV048,654,SGV019,516,28321
SGV049,654,SGV019,516,28385
SGV050,654,SGV019,516,28387
SGV051,654,SGV019,516,28388
SGV052,654,SGV019,516,28385
SGV053,654,SGV019,516,28386
SGV054,654,SGV019,516,28385
SGV055,654,SGV019,516,28347
SGV056,654,SGV019,516,28387
SGV057,654,SGV019,516,28385
SGV058,654,SGV019,516,28385
SGV059,654,SGV019,516,28383
SGV060,654,SGV019,516,28392
SGV061,654,SGV019,516,28391
SGV062,654,SGV019,516,28385
SGV063,654,SGV019,516,28387
SGV064,654,SGV019,516,28388
SGV065,654,SGV019,516,28386
SGV066,654,SGV019,516,28388
SGV067,654,SGV019,516,28389
SGV068,654,SGV019,516,28393
SGV069,654,SGV019,516,28390
SGV070,654,SGV019,516,28387
SGV071,654,SGV019,516,28380
SGV072,654,SGV019,516,28386
SGV073,654,SGV019,516,28386
SGV075,654,SGV019,516,28385
SGV077,654,SGV019,516,28384
SGV078,654,SGV019,516,28385
SGV079,654,SGV019,516,28390
SGV080,654,SGV019,516,28388
SGV081,0,SGV019,516,28326
SGV082,0,SGV019,516,28122
SGV002,516,SGV020,516,388
SGV003,516,SGV020,516,391
SGV004,654,SGV020,516,26167
SGV005,516,SGV020,516,362
SGV006,516,SGV020,516,654
SGV007,516,SGV020,516,81
SGV008,516,SGV020,516,359
SGV009,516,SGV020,516,404
SGV010,516,SGV020,516,383
SGV011,516,SGV020,516,403
SGV012,516,SGV020,516,148
SGV013,516,SGV020,516,405
SGV014,516,SGV020,516,142
SGV016,516,SGV020,516,382
SGV017,516,SGV020,516,371
SGV018,2227,SGV020,516,26261
SGV019,516,SGV020,516,367
SGV020,516,SGV020,516,0
SGV021,654,SGV020,516,26174
SGV022,654,SGV020,516,26176
SGV023,654,SGV020,516,26140
SGV025,654,SGV020,516,26174
SGV026,654,SGV020,516,26173
SGV027,0,SGV020,516,25046
SGV028,654,SGV020,516,26175
SGV029,654,SGV020,516,25145
SGV030,654,SGV020,516,26053
SGV031,654,SGV020,516,26175
SGV032,654,SGV020,516,26177
SGV033,654,SGV020,516,26176
SGV034,654,SGV020,516,26178
SGV035,654,SGV020,516,26174
SGV036,654,SGV020,516,26173
SGV037,654,SGV020,516,26176
SGV038,654,SGV020,516,26176
SGV039,654,SGV020,516,26173
SGV040,654,SGV020,516,26178
SGV041,654,SGV020,516,26176
SGV042,654,SGV020,516,26175
SGV043,654,SGV020,516,26178
SGV044,654,SGV020,516,26177
SGV045,654,SGV020,516,26178
SGV046,654,SGV020,516,26176
SGV047,654,SGV020,516,26181
SGV048,654,SGV020,516,26166
SGV049,654,SGV020,516,26175
SGV050,654,SGV020,516,26177
SGV051,654,SGV020,516,26176
SGV052,654,SGV020,516,26175
SGV053,654,SGV020,516,26176
SGV054,654,SGV020,516,26173
SGV055,654,SGV020,516,26176
SGV056,654,SGV020,516,26176
SGV057,654,SGV020,516,26176
SGV058,654,SGV020,516,26175
SGV059,654,SGV020,516,26173
SGV060,654,SGV020,516,26181
SGV061,654,SGV020,516,26180
SGV062,654,SGV020,516,26174
SGV063,654,SGV020,516,26176
SGV064,654,SGV020,516,26178
SGV065,654,SGV020,516,26175
SGV066,654,SGV020,516,26177
SGV067,654,SGV020,516,26177
SGV068,654,SGV020,516,26182
SGV069,654,SGV020,516,26180
SGV070,654,SGV020,516,26177
SGV071,654,SGV020,516,26170
SGV072,654,SGV020,516,26176
SGV073,654,SGV020,516,26175
SGV075,654,SGV020,516,26175
SGV077,654,SGV020,516,26174
SGV078,654,SGV020,516,26175
SGV079,654,SGV020,516,26180
SGV080,654,SGV020,516,26177
SGV081,0,SGV020,516,26169
SGV082,0,SGV020,516,26025
SGV002,516,SGV021,654,28410
SGV003,516,SGV021,654,28407
SGV004,654,SGV021,654,100
SGV005,516,SGV021,654,28286
SGV006,516,SGV021,654,29047
SGV007,516,SGV021,654,26307
SGV008,516,SGV021,654,28404
SGV009,516,SGV021,654,28007
SGV010,516,SGV021,654,28403
SGV011,516,SGV021,654,28301
SGV012,516,SGV021,654,26391
SGV013,516,SGV021,654,28379
SGV014,516,SGV021,654,26391
SGV016,516,SGV021,654,28080
SGV017,516,SGV021,654,28453
SGV018,2227,SGV021,654,290
SGV019,516,SGV021,654,28385
SGV020,516,SGV021,654,26174
SGV021,654,SGV021,654,0
SGV022,654,SGV021,654,12
SGV023,654,SGV021,654,12
SGV025,654,SGV021,654,0
SGV026,654,SGV021,654,2
SGV027,0,SGV021,654,12
SGV028,654,SGV021,654,12
SGV029,654,SGV021,654,1
SGV030,654,SGV021,654,5
SGV031,654,SGV021,654,12
SGV032,654,SGV021,654,14
SGV033,654,SGV021,654,4
SGV034,654,SGV021,654,15
SGV035,654,SGV021,654,2
SGV036,654,SGV021,654,2
SGV037,654,SGV021,654,3
SGV038,654,SGV021,654,15
SGV039,654,SGV021,654,1
SGV040,654,SGV021,654,15
SGV041,654,SGV021,654,3
SGV042,654,SGV021,654,13
SGV043,654,SGV021,654,6
SGV044,654,SGV021,654,4
SGV045,654,SGV021,654,16
SGV046,654,SGV021,654,14
SGV047,654,SGV021,654,8
SGV048,654,SGV021,654,13
SGV049,654,SGV021,654,14
SGV050,654,SGV021,654,12
SGV051,654,SGV021,654,17
SGV052,654,SGV021,654,11
SGV053,654,SGV021,654,12
SGV054,654,SGV021,654,2
SGV055,654,SGV021,654,12
SGV056,654,SGV021,654,13
SGV057,654,SGV021,654,11
SGV058,654,SGV021,654,11
SGV059,654,SGV021,654,9
SGV060,654,SGV021,654,20
SGV061,654,SGV021,654,18
SGV062,654,SGV021,654,9
SGV063,654,SGV021,654,3
SGV064,654,SGV021,654,16
SGV065,654,SGV021,654,13
SGV066,654,SGV021,654,4
SGV067,654,SGV021,654,15
SGV068,654,SGV021,654,9
SGV069,654,SGV021,654,17
SGV070,654,SGV021,654,12
SGV071,654,SGV021,654,5
SGV072,654,SGV021,654,13
SGV073,654,SGV021,654,12
SGV075,654,SGV021,654,10
SGV077,654,SGV021,654,11
SGV078,654,SGV021,654,10
SGV079,654,SGV021,654,19
SGV080,654,SGV021,654,13
SGV081,0,SGV021,654,6
SGV082,0,SGV021,654,4
SGV002,516,SGV022,654,28411
SGV003,516,SGV022,654,28408
SGV004,654,SGV022,654,102
SGV005,516,SGV022,654,28287
SGV006,516,SGV022,654,29050
SGV007,516,SGV022,654,26308
SGV008,516,SGV022,654,28405
SGV009,516,SGV022,654,28009
SGV010,516,SGV022,654,28404
SGV011,516,SGV022,654,28303
SGV012,516,SGV022,654,26392
SGV013,516,SGV022,654,28380
SGV014,516,SGV022,654,26392
SGV016,516,SGV022,654,28082
SGV017,516,SGV022,654,28454
SGV018,2227,SGV022,654,292
SGV019,516,SGV022,654,28386
SGV020,516,SGV022,654,26176
SGV021,654,SGV022,654,12
SGV022,654,SGV022,654,0
SGV023,654,SGV022,654,14
SGV025,654,SGV022,654,12
SGV026,654,SGV022,654,12
SGV027,0,SGV022,654,14
SGV028,654,SGV022,654,14
SGV029,654,SGV022,654,13
SGV030,654,SGV022,654,17
SGV031,654,SGV022,654,14
SGV032,654,SGV022,654,16
SGV033,654,SGV022,654,16
SGV034,654,SGV022,654,17
SGV035,654,SGV022,654,12
SGV036,654,SGV022,654,12
SGV037,654,SGV022,654,15
SGV038,654,SGV022,654,17
SGV039,654,SGV022,654,11
SGV040,654,SGV022,654,19
SGV041,654,SGV022,654,15
SGV042,654,SGV022,654,15
SGV043,654,SGV022,654,18
SGV044,654,SGV022,654,16
SGV045,654,SGV022,654,18
SGV046,654,SGV022,654,12
SGV047,654,SGV022,654,20
SGV048,654,SGV022,654,12
SGV049,654,SGV022,654,16
SGV050,654,SGV022,654,10
SGV051,654,SGV022,654,19
SGV052,654,SGV022,654,9
SGV053,654,SGV022,654,10
SGV054,654,SGV022,654,12
SGV055,654,SGV022,654,11
SGV056,654,SGV022,654,11
SGV057,654,SGV022,654,9
SGV058,654,SGV022,654,9
SGV059,654,SGV022,654,7
SGV060,654,SGV022,654,22
SGV061,654,SGV022,654,20
SGV062,654,SGV022,654,9
SGV063,654,SGV022,654,15
SGV064,654,SGV022,654,18
SGV065,654,SGV022,654,15
SGV066,654,SGV022,654,16
SGV067,654,SGV022,654,13
SGV068,654,SGV022,654,21
SGV069,654,SGV022,654,19
SGV070,654,SGV022,654,10
SGV071,654,SGV022,654,7
SGV072,654,SGV022,654,15
SGV073,654,SGV022,654,10
SGV075,654,SGV022,654,8
SGV077,654,SGV022,654,9
SGV078,654,SGV022,654,8
SGV079,654,SGV022,654,21
SGV080,654,SGV022,654,11
SGV081,0,SGV022,654,9
SGV082,0,SGV022,654,15
SGV002,516,SGV023,654,28376
SGV003,516,SGV023,654,28373
SGV004,654,SGV023,654,100
SGV005,516,SGV023,654,28252
SGV006,516,SGV023,654,29015
SGV007,516,SGV023,654,26272
SGV008,516,SGV023,654,28370
SGV009,516,SGV023,654,27974
SGV010,516,SGV023,654,28369
SGV011,516,SGV023,654,28268
SGV012,516,SGV023,654,26356
SGV013,516,SGV023,654,28345
SGV014,516,SGV023,654,26356
SGV016,516,SGV023,654,28047
SGV017,516,SGV023,654,28419
SGV018,2227,SGV023,654,290
SGV019,516,SGV023,654,28351
SGV020,516,SGV023,654,26140
SGV021,654,SGV023,654,12
SGV022,654,SGV023,654,14
SGV023,654,SGV023,654,0
SGV025,654,SGV023,654,12
SGV026,654,SGV023,654,12
SGV027,0,SGV023,654,0
SGV028,654,SGV023,654,6
SGV029,654,SGV023,654,13
SGV030,654,SGV023,654,16
SGV031,654,SGV023,654,4
SGV032,654,SGV023,654,6
SGV033,654,SGV023,654,16
SGV034,654,SGV023,654,9
SGV035,654,SGV023,654,12
SGV036,654,SGV023,654,12
SGV037,654,SGV023,654,15
SGV038,654,SGV023,654,3
SGV039,654,SGV023,654,11
SGV040,654,SGV023,654,9
SGV041,654,SGV023,654,15
SGV042,654,SGV023,654,15
SGV043,654,SGV023,654,18
SGV044,654,SGV023,654,16
SGV045,654,SGV023,654,10
SGV046,654,SGV023,654,16
SGV047,654,SGV023,654,20
SGV048,654,SGV023,654,16
SGV049,654,SGV023,654,8
SGV050,654,SGV023,654,14
SGV051,654,SGV023,654,9
SGV052,654,SGV023,654,13
SGV053,654,SGV023,654,14
SGV054,654,SGV023,654,12
SGV055,654,SGV023,654,15
SGV056,654,SGV023,654,15
SGV057,654,SGV023,654,13
SGV058,654,SGV023,654,13
SGV059,654,SGV023,654,11
SGV060,654,SGV023,654,14
SGV061,654,SGV023,654,20
SGV062,654,SGV023,654,13
SGV063,654,SGV023,654,15
SGV064,654,SGV023,654,8
SGV065,654,SGV023,654,15
SGV066,654,SGV023,654,16
SGV067,654,SGV023,654,17
SGV068,654,SGV023,654,21
SGV069,654,SGV023,654,9
SGV070,654,SGV023,654,14
SGV071,654,SGV023,654,7
SGV072,654,SGV023,654,7
SGV073,654,SGV023,654,14
SGV075,654,SGV023,654,12
SGV077,654,SGV023,654,13
SGV078,654,SGV023,654,12
SGV079,654,SGV023,654,11
SGV080,654,SGV023,654,15
SGV081,0,SGV023,654,7
SGV082,0,SGV023,654,15
SGV002,516,SGV025,654,28410
SGV003,516,SGV025,654,28407
SGV004,654,SGV025,654,100
SGV005,516,SGV025,654,28286
SGV006,516,SGV025,654,29047
SGV007,516,SGV025,654,26307
SGV008,516,SGV025,654,28404
SGV009,516,SGV025,654,28007
SGV010,516,SGV025,654,28403
SGV011,516,SGV025,654,28301
SGV012,516,SGV025,654,26391
SGV013,516,SGV025,654,28379
SGV014,516,SGV025,654,26391
SGV016,516,SGV025,654,28080
SGV017,516,SGV025,654,28453
SGV018,2227,SGV025,654,290
SGV019,516,SGV025,654,28385
SGV020,516,SGV025,654,26174
SGV021,654,SGV025,654,0
SGV022,654,SGV025,654,12
SGV023,654,SGV025,654,12
SGV025,654,SGV025,654,0
SGV026,654,SGV025,654,2
SGV027,0,SGV025,654,12
SGV028,654,SGV025,654,12
SGV029,654,SGV025,654,1
SGV030,654,SGV025,654,5
SGV031,654,SGV025,654,12
SGV032,654,SGV025,654,14
SGV033,654,SGV025,654,4
SGV034,654,SGV025,654,15
SGV035,654,SGV025,654,2
SGV036,654,SGV025,654,2
SGV037,654,SGV025,654,3
SGV038,654,SGV025,654,15
SGV039,654,SGV025,654,1
SGV040,654,SGV025,654,15
SGV041,654,SGV025,654,3
SGV042,654,SGV025,654,13
SGV043,654,SGV025,654,6
SGV044,654,SGV025,654,4
SGV045,654,SGV025,654,16
SGV046,654,SGV025,654,14
SGV047,654,SGV025,654,8
SGV048,654,SGV025,654,13
SGV049,654,SGV025,654,14
SGV050,654,SGV025,654,12
SGV051,654,SGV025,654,17
SGV052,654,SGV025,654,11
SGV053,654,SGV025,654,12
SGV054,654,SGV025,654,2
SGV055,654,SGV025,654,12
SGV056,654,SGV025,654,13
SGV057,654,SGV025,654,11
SGV058,654,SGV025,654,11
SGV059,654,SGV025,654,9
SGV060,654,SGV025,654,20
SGV061,654,SGV025,654,18
SGV062,654,SGV025,654,9
SGV063,654,SGV025,654,3
SGV064,654,SGV025,654,16
SGV065,654,SGV025,654,13
SGV066,654,SGV025,654,4
SGV067,654,SGV025,654,15
SGV068,654,SGV025,654,9
SGV069,654,SGV025,654,17
SGV070,654,SGV025,654,12
SGV071,654,SGV025,654,5
SGV072,654,SGV025,654,13
SGV073,654,SGV025,654,12
SGV075,654,SGV025,654,10
SGV077,654,SGV025,654,11
SGV078,654,SGV025,654,10
SGV079,654,SGV025,654,19
SGV080,654,SGV025,654,13
SGV081,0,SGV025,654,6
SGV082,0,SGV025,654,4
SGV002,516,SGV026,654,28409
SGV003,516,SGV026,654,28406
SGV004,654,SGV026,654,100
SGV005,516,SGV026,654,28285
SGV006,516,SGV026,654,29048
SGV007,516,SGV026,654,26306
SGV008,516,SGV026,654,28403
SGV009,516,SGV026,654,28007
SGV010,516,SGV026,654,28402
SGV011,516,SGV026,654,28301
SGV012,516,SGV026,654,26390
SGV013,516,SGV026,654,28378
SGV014,516,SGV026,654,26390
SGV016,516,SGV026,654,28079
SGV017,516,SGV026,654,28452
SGV018,2227,SGV026,654,290
SGV019,516,SGV026,654,28384
SGV020,516,SGV026,654,26173
SGV021,654,SGV026,654,2
SGV022,654,SGV026,654,12
SGV023,654,SGV026,654,12
SGV025,654,SGV026,654,2
SGV026,654,SGV026,654,0
SGV027,0,SGV026,654,12
SGV028,654,SGV026,654,12
SGV029,654,SGV026,654,3
SGV030,654,SGV026,654,7
SGV031,654,SGV026,654,12
SGV032,654,SGV026,654,14
SGV033,654,SGV026,654,6
SGV034,654,SGV026,654,15
SGV035,654,SGV026,654,2
SGV036,654,SGV026,654,2
SGV037,654,SGV026,654,5
SGV038,654,SGV026,654,15
SGV039,654,SGV026,654,1
SGV040,654,SGV026,654,15
SGV041,654,SGV026,654,5
SGV042,654,SGV026,654,13
SGV043,654,SGV026,654,8
SGV044,654,SGV026,654,6
SGV045,654,SGV026,654,16
SGV046,654,SGV026,654,14
SGV047,654,SGV026,654,10
SGV048,654,SGV026,654,13
SGV049,654,SGV026,654,14
SGV050,654,SGV026,654,12
SGV051,654,SGV026,654,17
SGV052,654,SGV026,654,11
SGV053,654,SGV026,654,12
SGV054,654,SGV026,654,2
SGV055,654,SGV026,654,12
SGV056,654,SGV026,654,13
SGV057,654,SGV026,654,11
SGV058,654,SGV026,654,11
SGV059,654,SGV026,654,9
SGV060,654,SGV026,654,20
SGV061,654,SGV026,654,18
SGV062,654,SGV026,654,9
SGV063,654,SGV026,654,5
SGV064,654,SGV026,654,16
SGV065,654,SGV026,654,13
SGV066,654,SGV026,654,6
SGV067,654,SGV026,654,15
SGV068,654,SGV026,654,11
SGV069,654,SGV026,654,17
SGV070,654,SGV026,654,12
SGV071,654,SGV026,654,5
SGV072,654,SGV026,654,13
SGV073,654,SGV026,654,12
SGV075,654,SGV026,654,10
SGV077,654,SGV026,654,11
SGV078,654,SGV026,654,10
SGV079,654,SGV026,654,19
SGV080,654,SGV026,654,13
SGV081,0,SGV026,654,6
SGV082,0,SGV026,654,6
SGV002,516,SGV027,0,27063
SGV003,516,SGV027,0,27062
SGV004,654,SGV027,0,95
SGV005,516,SGV027,0,26959
SGV006,516,SGV027,0,27707
SGV007,516,SGV027,0,25171
SGV008,516,SGV027,0,27064
SGV009,516,SGV027,0,26715
SGV010,516,SGV027,0,27060
SGV011,516,SGV027,0,27009
SGV012,516,SGV027,0,25257
SGV013,516,SGV027,0,27046
SGV014,516,SGV027,0,25255
SGV016,516,SGV027,0,26804
SGV017,516,SGV027,0,27111
SGV018,2227,SGV027,0,274
SGV019,516,SGV027,0,27039
SGV020,516,SGV027,0,25046
SGV021,654,SGV027,0,12
SGV022,654,SGV027,0,14
SGV023,654,SGV027,0,0
SGV025,654,SGV027,0,12
SGV026,654,SGV027,0,12
SGV027,0,SGV027,0,0
SGV028,654,SGV027,0,6
SGV029,654,SGV027,0,13
SGV030,654,SGV027,0,16
SGV031,654,SGV027,0,4
SGV032,654,SGV027,0,6
SGV033,654,SGV027,0,16
SGV034,654,SGV027,0,9
SGV035,654,SGV027,0,12
SGV036,654,SGV027,0,12
SGV037,654,SGV027,0,15
SGV038,654,SGV027,0,3
SGV039,654,SGV027,0,11
SGV040,654,SGV027,0,9
SGV041,654,SGV027,0,15
SGV042,654,SGV027,0,12
SGV043,654,SGV027,0,18
SGV044,654,SGV027,0,16
SGV045,654,SGV027,0,10
SGV046,654,SGV027,0,16
SGV047,654,SGV027,0,20
SGV048,654,SGV027,0,16
SGV049,654,SGV027,0,8
SGV050,654,SGV027,0,13
SGV051,654,SGV027,0,9
SGV052,654,SGV027,0,12
SGV053,654,SGV027,0,12
SGV054,654,SGV027,0,12
SGV055,654,SGV027,0,14
SGV056,654,SGV027,0,13
SGV057,654,SGV027,0,12
SGV058,654,SGV027,0,12
SGV059,654,SGV027,0,11
SGV060,654,SGV027,0,14
SGV061,654,SGV027,0,18
SGV062,654,SGV027,0,12
SGV063,654,SGV027,0,15
SGV064,654,SGV027,0,8
SGV065,654,SGV027,0,13
SGV066,654,SGV027,0,15
SGV067,654,SGV027,0,17
SGV068,654,SGV027,0,21
SGV069,654,SGV027,0,8
SGV070,654,SGV027,0,14
SGV071,654,SGV027,0,7
SGV072,654,SGV027,0,7
SGV073,654,SGV027,0,13
SGV075,654,SGV027,0,12
SGV077,654,SGV027,0,13
SGV078,654,SGV027,0,12
SGV079,654,SGV027,0,9
SGV080,654,SGV027,0,13
SGV081,0,SGV027,0,7
SGV082,0,SGV027,0,14
SGV002,516,SGV028,654,28410
SGV003,516,SGV028,654,28407
SGV004,654,SGV028,654,100
SGV005,516,SGV028,654,28286
SGV006,516,SGV028,654,29048
SGV007,516,SGV028,654,26307
SGV008,516,SGV028,654,28404
SGV009,516,SGV028,654,28008
SGV010,516,SGV028,654,28403
SGV011,516,SGV028,654,28302
SGV012,516,SGV028,654,26391
SGV013,516,SGV028,654,28379
SGV014,516,SGV028,654,26391
SGV016,516,SGV028,654,28081
SGV017,516,SGV028,654,28453
SGV018,2227,SGV028,654,290
SGV019,516,SGV028,654,28385
SGV020,516,SGV028,654,26175
SGV021,654,SGV028,654,12
SGV022,654,SGV028,654,14
SGV023,654,SGV028,654,6
SGV025,654,SGV028,654,12
SGV026,654,SGV028,654,12
SGV027,0,SGV028,654,6
SGV028,654,SGV028,654,0
SGV029,654,SGV028,654,13
SGV030,654,SGV028,654,17
SGV031,654,SGV028,654,6
SGV032,654,SGV028,654,8
SGV033,654,SGV028,654,16
SGV034,654,SGV028,654,3
SGV035,654,SGV028,654,12
SGV036,654,SGV028,654,12
SGV037,654,SGV028,654,15
SGV038,654,SGV028,654,9
SGV039,654,SGV028,654,11
SGV040,654,SGV028,654,11
SGV041,654,SGV028,654,15
SGV042,654,SGV028,654,15
SGV043,654,SGV028,654,18
SGV044,654,SGV028,654,16
SGV045,654,SGV028,654,4
SGV046,654,SGV028,654,16
SGV047,654,SGV028,654,20
SGV048,654,SGV028,654,16
SGV049,654,SGV028,654,2
SGV050,654,SGV028,654,14
SGV051,654,SGV028,654,11
SGV052,654,SGV028,654,13
SGV053,654,SGV028,654,14
SGV054,654,SGV028,654,12
SGV055,654,SGV028,654,15
SGV056,654,SGV028,654,15
SGV057,654,SGV028,654,13
SGV058,654,SGV028,654,13
SGV059,654,SGV028,654,11
SGV060,654,SGV028,654,8
SGV061,654,SGV028,654,20
SGV062,654,SGV028,654,13
SGV063,654,SGV028,654,15
SGV064,654,SGV028,654,10
SGV065,654,SGV028,654,15
SGV066,654,SGV028,654,16
SGV067,654,SGV028,654,17
SGV068,654,SGV028,654,21
SGV069,654,SGV028,654,11
SGV070,654,SGV028,654,14
SGV071,654,SGV028,654,7
SGV072,654,SGV028,654,1
SGV073,654,SGV028,654,14
SGV075,654,SGV028,654,12
SGV077,654,SGV028,654,13
SGV078,654,SGV028,654,12
SGV079,654,SGV028,654,13
SGV080,654,SGV028,654,15
SGV081,0,SGV028,654,7
SGV082,0,SGV028,654,15
SGV002,516,SGV029,654,27230
SGV003,516,SGV029,654,27228
SGV004,654,SGV029,654,94
SGV005,516,SGV029,654,27120
SGV006,516,SGV029,654,27877
SGV007,516,SGV029,654,25264
SGV008,516,SGV029,654,27225
SGV009,516,SGV029,654,26839
SGV010,516,SGV029,654,27220
SGV011,516,SGV029,654,27132
SGV012,516,SGV029,654,25350
SGV013,516,SGV029,654,27213
SGV014,516,SGV029,654,25344
SGV016,516,SGV029,654,26934
SGV017,516,SGV029,654,27260
SGV018,2227,SGV029,654,279
SGV019,516,SGV029,654,27207
SGV020,516,SGV029,654,25145
SGV021,654,SGV029,654,1
SGV022,654,SGV029,654,13
SGV023,654,SGV029,654,13
SGV025,654,SGV029,654,1
SGV026,654,SGV029,654,3
SGV027,0,SGV029,654,13
SGV028,654,SGV029,654,13
SGV029,654,SGV029,654,0
SGV030,654,SGV029,654,6
SGV031,654,SGV029,654,13
SGV032,654,SGV029,654,15
SGV033,654,SGV029,654,5
SGV034,654,SGV029,654,16
SGV035,654,SGV029,654,3
SGV036,654,SGV029,654,3
SGV037,654,SGV029,654,4
SGV038,654,SGV029,654,16
SGV039,654,SGV029,654,2
SGV040,654,SGV029,654,16
SGV041,654,SGV029,654,4
SGV042,654,SGV029,654,13
SGV043,654,SGV029,654,7
SGV044,654,SGV029,654,5
SGV045,654,SGV029,654,16
SGV046,654,SGV029,654,15
SGV047,654,SGV029,654,9
SGV048,654,SGV029,654,13
SGV049,654,SGV029,654,15
SGV050,654,SGV029,654,12
SGV051,654,SGV029,654,18
SGV052,654,SGV029,654,12
SGV053,654,SGV029,654,12
SGV054,654,SGV029,654,3
SGV055,654,SGV029,654,13
SGV056,654,SGV029,654,13
SGV057,654,SGV029,654,12
SGV058,654,SGV029,654,12
SGV059,654,SGV029,654,10
SGV060,654,SGV029,654,20
SGV061,654,SGV029,654,19
SGV062,654,SGV029,654,10
SGV063,654,SGV029,654,4
SGV064,654,SGV029,654,16
SGV065,654,SGV029,654,14
SGV066,654,SGV029,654,5
SGV067,654,SGV029,654,16
SGV068,654,SGV029,654,10
SGV069,654,SGV029,654,17
SGV070,654,SGV029,654,13
SGV071,654,SGV029,654,6
SGV072,654,SGV029,654,14
SGV073,654,SGV029,654,13
SGV075,654,SGV029,654,11
SGV077,654,SGV029,654,12
SGV078,654,SGV029,654,11
SGV079,654,SGV029,654,18
SGV080,654,SGV029,654,13
SGV081,0,SGV029,654,6
SGV082,0,SGV029,654,3
SGV002,516,SGV030,654,28286
SGV003,516,SGV030,654,28282
SGV004,654,SGV030,654,105
SGV005,516,SGV030,654,28163
SGV006,516,SGV030,654,28926
SGV007,516,SGV030,654,26185
SGV008,516,SGV030,654,28281
SGV009,516,SGV030,654,27885
SGV010,516,SGV030,654,28280
SGV011,516,SGV030,654,28178
SGV012,516,SGV030,654,26271
SGV013,516,SGV030,654,28254
SGV014,516,SGV030,654,26270
SGV016,516,SGV030,654,27957
SGV017,516,SGV030,654,28330
SGV018,2227,SGV030,654,294
SGV019,516,SGV030,654,28261
SGV020,516,SGV030,654,26053
SGV021,654,SGV030,654,5
SGV022,654,SGV030,654,17
SGV023,654,SGV030,654,16
SGV025,654,SGV030,654,5
SGV026,654,SGV030,654,7
SGV027,0,SGV030,654,16
SGV028,654,SGV030,654,17
SGV029,654,SGV030,654,6
SGV030,654,SGV030,654,0
SGV031,654,SGV030,654,16
SGV032,654,SGV030,654,18
SGV033,654,SGV030,654,9
SGV034,654,SGV030,654,20
SGV035,654,SGV030,654,7
SGV036,654,SGV030,654,7
SGV037,654,SGV030,654,8
SGV038,654,SGV030,654,19
SGV039,654,SGV030,654,6
SGV040,654,SGV030,654,19
SGV041,654,SGV030,654,6
SGV042,654,SGV030,654,18
SGV043,654,SGV030,654,11
SGV044,654,SGV030,654,7
SGV045,654,SGV030,654,21
SGV046,654,SGV030,654,19
SGV047,654,SGV030,654,13
SGV048,654,SGV030,654,18
SGV049,654,SGV030,654,19
SGV050,654,SGV030,654,17
SGV051,654,SGV030,654,21
SGV052,654,SGV030,654,16
SGV053,654,SGV030,654,17
SGV054,654,SGV030,654,7
SGV055,654,SGV030,654,17
SGV056,654,SGV030,654,18
SGV057,654,SGV030,654,16
SGV058,654,SGV030,654,16
SGV059,654,SGV030,654,14
SGV060,654,SGV030,654,25
SGV061,654,SGV030,654,23
SGV062,654,SGV030,654,14
SGV063,654,SGV030,654,8
SGV064,654,SGV030,654,20
SGV065,654,SGV030,654,18
SGV066,654,SGV030,654,9
SGV067,654,SGV030,654,20
SGV068,654,SGV030,654,14
SGV069,654,SGV030,654,21
SGV070,654,SGV030,654,17
SGV071,654,SGV030,654,10
SGV072,654,SGV030,654,18
SGV073,654,SGV030,654,17
SGV075,654,SGV030,654,15
SGV077,654,SGV030,654,16
SGV078,654,SGV030,654,15
SGV079,654,SGV030,654,23
SGV080,654,SGV030,654,18
SGV081,0,SGV030,654,10
SGV082,0,SGV030,654,8
SGV002,516,SGV031,654,28410
SGV003,516,SGV031,654,28407
SGV004,654,SGV031,654,100
SGV005,516,SGV031,654,28286
SGV006,516,SGV031,654,29047
SGV007,516,SGV031,654,26307
SGV008,516,SGV031,654,28404
SGV009,516,SGV031,654,28008
SGV010,516,SGV031,654,28403
SGV011,516,SGV031,654,28302
SGV012,516,SGV031,654,26391
SGV013,516,SGV031,654,28379
SGV014,516,SGV031,654,26390
SGV016,516,SGV031,654,28081
SGV017,516,SGV031,654,28453
SGV018,2227,SGV031,654,290
SGV019,516,SGV031,654,28385
SGV020,516,SGV031,654,26175
SGV021,654,SGV031,654,12
SGV022,654,SGV031,654,14
SGV023,654,SGV031,654,4
SGV025,654,SGV031,654,12
SGV026,654,SGV031,654,12
SGV027,0,SGV031,654,4
SGV028,654,SGV031,654,6
SGV029,654,SGV031,654,13
SGV030,654,SGV031,654,16
SGV031,654,SGV031,654,0
SGV032,654,SGV031,654,4
SGV033,654,SGV031,654,16
SGV034,654,SGV031,654,9
SGV035,654,SGV031,654,12
SGV036,654,SGV031,654,12
SGV037,654,SGV031,654,15
SGV038,654,SGV031,654,7
SGV039,654,SGV031,654,11
SGV040,654,SGV031,654,7
SGV041,654,SGV031,654,15
SGV042,654,SGV031,654,15
SGV043,654,SGV031,654,18
SGV044,654,SGV031,654,16
SGV045,654,SGV031,654,10
SGV046,654,SGV031,654,16
SGV047,654,SGV031,654,20
SGV048,654,SGV031,654,16
SGV049,654,SGV031,654,8
SGV050,654,SGV031,654,14
SGV051,654,SGV031,654,7
SGV052,654,SGV031,654,13
SGV053,654,SGV031,654,14
SGV054,654,SGV031,654,12
SGV055,654,SGV031,654,15
SGV056,654,SGV031,654,15
SGV057,654,SGV031,654,13
SGV058,654,SGV031,654,13
SGV059,654,SGV031,654,11
SGV060,654,SGV031,654,14
SGV061,654,SGV031,654,20
SGV062,654,SGV031,654,13
SGV063,654,SGV031,654,15
SGV064,654,SGV031,654,6
SGV065,654,SGV031,654,15
SGV066,654,SGV031,654,16
SGV067,654,SGV031,654,17
SGV068,654,SGV031,654,21
SGV069,654,SGV031,654,5
SGV070,654,SGV031,654,14
SGV071,654,SGV031,654,7
SGV072,654,SGV031,654,7
SGV073,654,SGV031,654,14
SGV075,654,SGV031,654,12
SGV077,654,SGV031,654,13
SGV078,654,SGV031,654,12
SGV079,654,SGV031,654,9
SGV080,654,SGV031,654,15
SGV081,0,SGV031,654,7
SGV082,0,SGV031,654,15
SGV002,516,SGV032,654,28412
SGV003,516,SGV032,654,28409
SGV004,654,SGV032,654,102
SGV005,516,SGV032,654,28288
SGV006,516,SGV032,654,29050
SGV007,516,SGV032,654,26309
SGV008,516,SGV032,654,28406
SGV009,516,SGV032,654,28010
SGV010,516,SGV032,654,28405
SGV011,516,SGV032,654,28304
SGV012,516,SGV032,654,26393
SGV013,516,SGV032,654,28381
SGV014,516,SGV032,654,26393
SGV016,516,SGV032,654,28083
SGV017,516,SGV032,654,28455
SGV018,2227,SGV032,654,292
SGV019,516,SGV032,654,28387
SGV020,516,SGV032,654,26177
SGV021,654,SGV032,654,14
SGV022,654,SGV032,654,16
SGV023,654,SGV032,654,6
SGV025,654,SGV032,654,14
SGV026,654,SGV032,654,14
SGV027,0,SGV032,654,6
SGV028,654,SGV032,654,8
SGV029,654,SGV032,654,15
SGV030,654,SGV032,654,18
SGV031,654,SGV032,654,4
SGV032,654,SGV032,654,0
SGV033,654,SGV032,654,18
SGV034,654,SGV032,654,11
SGV035,654,SGV032,654,14
SGV036,654,SGV032,654,14
SGV037,654,SGV032,654,17
SGV038,654,SGV032,654,9
SGV039,654,SGV032,654,13
SGV040,654,SGV032,654,9
SGV041,654,SGV032,654,17
SGV042,654,SGV032,654,17
SGV043,654,SGV032,654,20
SGV044,654,SGV032,654,18
SGV045,654,SGV032,654,12
SGV046,654,SGV032,654,18
SGV047,654,SGV032,654,22
SGV048,654,SGV032,654,18
SGV049,654,SGV032,654,10
SGV050,654,SGV032,654,16
SGV051,654,SGV032,654,9
SGV052,654,SGV032,654,15
SGV053,654,SGV032,654,16
SGV054,654,SGV032,654,14
SGV055,654,SGV032,654,17
SGV056,654,SGV032,654,17
SGV057,654,SGV032,654,15
SGV058,654,SGV032,654,15
SGV059,654,SGV032,654,13
SGV060,654,SGV032,654,16
SGV061,654,SGV032,654,22
SGV062,654,SGV032,654,15
SGV063,654,SGV032,654,17
SGV064,654,SGV032,654,8
SGV065,654,SGV032,654,17
SGV066,654,SGV032,654,18
SGV067,654,SGV032,654,19
SGV068,654,SGV032,654,23
SGV069,654,SGV032,654,9
SGV070,654,SGV032,654,16
SGV071,654,SGV032,654,9
SGV072,654,SGV032,654,9
SGV073,654,SGV032,654,16
SGV075,654,SGV032,654,14
SGV077,654,SGV032,654,15
SGV078,654,SGV032,654,14
SGV079,654,SGV032,654,11
SGV080,654,SGV032,654,17
SGV081,0,SGV032,654,9
SGV082,0,SGV032,654,17
SGV002,516,SGV033,654,28412
SGV003,516,SGV033,654,28409
SGV004,654,SGV033,654,104
SGV005,516,SGV033,654,28288
SGV006,516,SGV033,654,29051
SGV007,516,SGV033,654,26309
SGV008,516,SGV033,654,28406
SGV009,516,SGV033,654,28009
SGV010,516,SGV033,654,28405
SGV011,516,SGV033,654,28303
SGV012,516,SGV033,654,26393
SGV013,516,SGV033,654,28381
SGV014,516,SGV033,654,26393
SGV016,516,SGV033,654,28082
SGV017,516,SGV033,654,28455
SGV018,2227,SGV033,654,294
SGV019,516,SGV033,654,28387
SGV020,516,SGV033,654,26176
SGV021,654,SGV033,654,4
SGV022,654,SGV033,654,16
SGV023,654,SGV033,654,16
SGV025,654,SGV033,654,4
SGV026,654,SGV033,654,6
SGV027,0,SGV033,654,16
SGV028,654,SGV033,654,16
SGV029,654,SGV033,654,5
SGV030,654,SGV033,654,9
SGV031,654,SGV033,654,16
SGV032,654,SGV033,654,18
SGV033,654,SGV033,654,0
SGV034,654,SGV033,654,19
SGV035,654,SGV033,654,6
SGV036,654,SGV033,654,6
SGV037,654,SGV033,654,7
SGV038,654,SGV033,654,19
SGV039,654,SGV033,654,5
SGV040,654,SGV033,654,19
SGV041,654,SGV033,654,7
SGV042,654,SGV033,654,17
SGV043,654,SGV033,654,10
SGV044,654,SGV033,654,8
SGV045,654,SGV033,654,20
SGV046,654,SGV033,654,18
SGV047,654,SGV033,654,12
SGV048,654,SGV033,654,17
SGV049,654,SGV033,654,18
SGV050,654,SGV033,654,16
SGV051,654,SGV033,654,21
SGV052,654,SGV033,654,15
SGV053,654,SGV033,654,16
SGV054,654,SGV033,654,6
SGV055,654,SGV033,654,16
SGV056,654,SGV033,654,17
SGV057,654,SGV033,654,15
SGV058,654,SGV033,654,15
SGV059,654,SGV033,654,13
SGV060,654,SGV033,654,24
SGV061,654,SGV033,654,22
SGV062,654,SGV033,654,13
SGV063,654,SGV033,654,3
SGV064,654,SGV033,654,20
SGV065,654,SGV033,654,17
SGV066,654,SGV033,654,8
SGV067,654,SGV033,654,19
SGV068,654,SGV033,654,13
SGV069,654,SGV033,654,21
SGV070,654,SGV033,654,16
SGV071,654,SGV033,654,9
SGV072,654,SGV033,654,17
SGV073,654,SGV033,654,16
SGV075,654,SGV033,654,14
SGV077,654,SGV033,654,15
SGV078,654,SGV033,654,14
SGV079,654,SGV033,654,23
SGV080,654,SGV033,654,17
SGV081,0,SGV033,654,10
SGV082,0,SGV033,654,8
SGV002,516,SGV034,654,28413
SGV003,516,SGV034,654,28410
SGV004,654,SGV034,654,103
SGV005,516,SGV034,654,28289
SGV006,516,SGV034,654,29051
SGV007,516,SGV034,654,26310
SGV008,516,SGV034,654,28407
SGV009,516,SGV034,654,28011
SGV010,516,SGV034,654,28406
SGV011,516,SGV034,654,28305
SGV012,516,SGV034,654,26394
SGV013,516,SGV034,654,28382
SGV014,516,SGV034,654,26394
SGV016,516,SGV034,654,28084
SGV017,516,SGV034,654,28456
SGV018,2227,SGV034,654,293
SGV019,516,SGV034,654,28388
SGV020,516,SGV034,654,26178
SGV021,654,SGV034,654,15
SGV022,654,SGV034,654,17
SGV023,654,SGV034,654,9
SGV025,654,SGV034,654,15
SGV026,654,SGV034,654,15
SGV027,0,SGV034,654,9
SGV028,654,SGV034,654,3
SGV029,654,SGV034,654,16
SGV030,654,SGV034,654,20
SGV031,654,SGV034,654,9
SGV032,654,SGV034,654,11
SGV033,654,SGV034,654,19
SGV034,654,SGV034,654,0
SGV035,654,SGV034,654,15
SGV036,654,SGV034,654,15
SGV037,654,SGV034,654,18
SGV038,654,SGV034,654,12
SGV039,654,SGV034,654,14
SGV040,654,SGV034,654,14
SGV041,654,SGV034,654,18
SGV042,654,SGV034,654,18
SGV043,654,SGV034,654,21
SGV044,654,SGV034,654,19
SGV045,654,SGV034,654,7
SGV046,654,SGV034,654,19
SGV047,654,SGV034,654,23
SGV048,654,SGV034,654,19
SGV049,654,SGV034,654,5
SGV050,654,SGV034,654,17
SGV051,654,SGV034,654,14
SGV052,654,SGV034,654,16
SGV053,654,SGV034,654,17
SGV054,654,SGV034,654,15
SGV055,654,SGV034,654,18
SGV056,654,SGV034,654,18
SGV057,654,SGV034,654,16
SGV058,654,SGV034,654,16
SGV059,654,SGV034,654,14
SGV060,654,SGV034,654,5
SGV061,654,SGV034,654,23
SGV062,654,SGV034,654,16
SGV063,654,SGV034,654,18
SGV064,654,SGV034,654,13
SGV065,654,SGV034,654,18
SGV066,654,SGV034,654,19
SGV067,654,SGV034,654,20
SGV068,654,SGV034,654,24
SGV069,654,SGV034,654,14
SGV070,654,SGV034,654,17
SGV071,654,SGV034,654,10
SGV072,654,SGV034,654,4
SGV073,654,SGV034,654,17
SGV075,654,SGV034,654,15
SGV077,654,SGV034,654,16
SGV078,654,SGV034,654,15
SGV079,654,SGV034,654,16
SGV080,654,SGV034,654,18
SGV081,0,SGV034,654,10
SGV082,0,SGV034,654,18
SGV002,516,SGV035,654,28410
SGV003,516,SGV035,654,28407
SGV004,654,SGV035,654,100
SGV005,516,SGV035,654,28286
SGV006,516,SGV035,654,29048
SGV007,516,SGV035,654,26307
SGV008,516,SGV035,654,28404
SGV009,516,SGV035,654,28008
SGV010,516,SGV035,654,28403
SGV011,516,SGV035,654,28302
SGV012,516,SGV035,654,26391
SGV013,516,SGV035,654,28379
SGV014,516,SGV035,654,26391
SGV016,516,SGV035,654,28080
SGV017,516,SGV035,654,28453
SGV018,2227,SGV035,654,290
SGV019,516,SGV035,654,28385
SGV020,516,SGV035,654,26174
SGV021,654,SGV035,654,2
SGV022,654,SGV035,654,12
SGV023,654,SGV035,654,12
SGV025,654,SGV035,654,2
SGV026,654,SGV035,654,2
SGV027,0,SGV035,654,12
SGV028,654,SGV035,654,12
SGV029,654,SGV035,654,3
SGV030,654,SGV035,654,7
SGV031,654,SGV035,654,12
SGV032,654,SGV035,654,14
SGV033,654,SGV035,654,6
SGV034,654,SGV035,654,15
SGV035,654,SGV035,654,0
SGV036,654,SGV035,654,2
SGV037,654,SGV035,654,3
SGV038,654,SGV035,654,15
SGV039,654,SGV035,654,1
SGV040,654,SGV035,654,15
SGV041,654,SGV035,654,5
SGV042,654,SGV035,654,13
SGV043,654,SGV035,654,8
SGV044,654,SGV035,654,6
SGV045,654,SGV035,654,16
SGV046,654,SGV035,654,14
SGV047,654,SGV035,654,8
SGV048,654,SGV035,654,13
SGV049,654,SGV035,654,14
SGV050,654,SGV035,654,12
SGV051,654,SGV035,654,17
SGV052,654,SGV035,654,11
SGV053,654,SGV035,654,12
SGV054,654,SGV035,654,2
SGV055,654,SGV035,654,12
SGV056,654,SGV035,654,13
SGV057,654,SGV035,654,11
SGV058,654,SGV035,654,11
SGV059,654,SGV035,654,9
SGV060,654,SGV035,654,20
SGV061,654,SGV035,654,18
SGV062,654,SGV035,654,9
SGV063,654,SGV035,654,5
SGV064,654,SGV035,654,16
SGV065,654,SGV035,654,13
SGV066,654,SGV035,654,6
SGV067,654,SGV035,654,15
SGV068,654,SGV035,654,9
SGV069,654,SGV035,654,17
SGV070,654,SGV035,654,12
SGV071,654,SGV035,654,5
SGV072,654,SGV035,654,13
SGV073,654,SGV035,654,12
SGV075,654,SGV035,654,10
SGV077,654,SGV035,654,11
SGV078,654,SGV035,654,10
SGV079,654,SGV035,654,19
SGV080,654,SGV035,654,13
SGV081,0,SGV035,654,6
SGV082,0,SGV035,654,6
SGV002,516,SGV036,654,28410
SGV003,516,SGV036,654,28407
SGV004,654,SGV036,654,100
SGV005,516,SGV036,654,28286
SGV006,516,SGV036,654,29048
SGV007,516,SGV036,654,26306
SGV008,516,SGV036,654,28404
SGV009,516,SGV036,654,28008
SGV010,516,SGV036,654,28403
SGV011,516,SGV036,654,28302
SGV012,516,SGV036,654,26390
SGV013,516,SGV036,654,28379
SGV014,516,SGV036,654,26390
SGV016,516,SGV036,654,28080
SGV017,516,SGV036,654,28453
SGV018,2227,SGV036,654,290
SGV019,516,SGV036,654,28385
SGV020,516,SGV036,654,26173
SGV021,654,SGV036,654,2
SGV022,654,SGV036,654,12
SGV023,654,SGV036,654,12
SGV025,654,SGV036,654,2
SGV026,654,SGV036,654,2
SGV027,0,SGV036,654,12
SGV028,654,SGV036,654,12
SGV029,654,SGV036,654,3
SGV030,654,SGV036,654,7
SGV031,654,SGV036,654,12
SGV032,654,SGV036,654,14
SGV033,654,SGV036,654,6
SGV034,654,SGV036,654,15
SGV035,654,SGV036,654,2
SGV036,654,SGV036,654,0
SGV037,654,SGV036,654,5
SGV038,654,SGV036,654,15
SGV039,654,SGV036,654,1
SGV040,654,SGV036,654,15
SGV041,654,SGV036,654,5
SGV042,654,SGV036,654,13
SGV043,654,SGV036,654,8
SGV044,654,SGV036,654,6
SGV045,654,SGV036,654,16
SGV046,654,SGV036,654,14
SGV047,654,SGV036,654,10
SGV048,654,SGV036,654,13
SGV049,654,SGV036,654,14
SGV050,654,SGV036,654,12
SGV051,654,SGV036,654,17
SGV052,654,SGV036,654,11
SGV053,654,SGV036,654,12
SGV054,654,SGV036,654,2
SGV055,654,SGV036,654,12
SGV056,654,SGV036,654,13
SGV057,654,SGV036,654,11
SGV058,654,SGV036,654,11
SGV059,654,SGV036,654,9
SGV060,654,SGV036,654,20
SGV061,654,SGV036,654,18
SGV062,654,SGV036,654,9
SGV063,654,SGV036,654,5
SGV064,654,SGV036,654,16
SGV065,654,SGV036,654,13
SGV066,654,SGV036,654,6
SGV067,654,SGV036,654,15
SGV068,654,SGV036,654,11
SGV069,654,SGV036,654,17
SGV070,654,SGV036,654,12
SGV071,654,SGV036,654,5
SGV072,654,SGV036,654,13
SGV073,654,SGV036,654,12
SGV075,654,SGV036,654,10
SGV077,654,SGV036,654,11
SGV078,654,SGV036,654,10
SGV079,654,SGV036,654,19
SGV080,654,SGV036,654,13
SGV081,0,SGV036,654,6
SGV082,0,SGV036,654,6
SGV002,516,SGV037,654,28412
SGV003,516,SGV037,654,28409
SGV004,654,SGV037,654,103
SGV005,516,SGV037,654,28288
SGV006,516,SGV037,654,29049
SGV007,516,SGV037,654,26309
SGV008,516,SGV037,654,28406
SGV009,516,SGV037,654,28009
SGV010,516,SGV037,654,28405
SGV011,516,SGV037,654,28303
SGV012,516,SGV037,654,26393
SGV013,516,SGV037,654,28381
SGV014,516,SGV037,654,26393
SGV016,516,SGV037,654,28082
SGV017,516,SGV037,654,28455
SGV018,2227,SGV037,654,293
SGV019,516,SGV037,654,28387
SGV020,516,SGV037,654,26176
SGV021,654,SGV037,654,3
SGV022,654,SGV037,654,15
SGV023,654,SGV037,654,15
SGV025,654,SGV037,654,3
SGV026,654,SGV037,654,5
SGV027,0,SGV037,654,15
SGV028,654,SGV037,654,15
SGV029,654,SGV037,654,4
SGV030,654,SGV037,654,8
SGV031,654,SGV037,654,15
SGV032,654,SGV037,654,17
SGV033,654,SGV037,654,7
SGV034,654,SGV037,654,18
SGV035,654,SGV037,654,3
SGV036,654,SGV037,654,5
SGV037,654,SGV037,654,0
SGV038,654,SGV037,654,18
SGV039,654,SGV037,654,4
SGV040,654,SGV037,654,18
SGV041,654,SGV037,654,6
SGV042,654,SGV037,654,16
SGV043,654,SGV037,654,9
SGV044,654,SGV037,654,7
SGV045,654,SGV037,654,19
SGV046,654,SGV037,654,17
SGV047,654,SGV037,654,7
SGV048,654,SGV037,654,16
SGV049,654,SGV037,654,17
SGV050,654,SGV037,654,15
SGV051,654,SGV037,654,20
SGV052,654,SGV037,654,14
SGV053,654,SGV037,654,15
SGV054,654,SGV037,654,5
SGV055,654,SGV037,654,15
SGV056,654,SGV037,654,16
SGV057,654,SGV037,654,14
SGV058,654,SGV037,654,14
SGV059,654,SGV037,654,12
SGV060,654,SGV037,654,23
SGV061,654,SGV037,654,21
SGV062,654,SGV037,654,12
SGV063,654,SGV037,654,6
SGV064,654,SGV037,654,19
SGV065,654,SGV037,654,16
SGV066,654,SGV037,654,7
SGV067,654,SGV037,654,18
SGV068,654,SGV037,654,8
SGV069,654,SGV037,654,20
SGV070,654,SGV037,654,15
SGV071,654,SGV037,654,8
SGV072,654,SGV037,654,16
SGV073,654,SGV037,654,15
SGV075,654,SGV037,654,13
SGV077,654,SGV037,654,14
SGV078,654,SGV037,654,13
SGV079,654,SGV037,654,22
SGV080,654,SGV037,654,16
SGV081,0,SGV037,654,9
SGV082,0,SGV037,654,7
SGV002,516,SGV038,654,28412
SGV003,516,SGV038,654,28409
SGV004,654,SGV038,654,103
SGV005,516,SGV038,654,28288
SGV006,516,SGV038,654,29050
SGV007,516,SGV038,654,26308
SGV008,516,SGV038,654,28406
SGV009,516,SGV038,654,28010
SGV010,516,SGV038,654,28405
SGV011,516,SGV038,654,28304
SGV012,516,SGV038,654,26392
SGV013,516,SGV038,654,28381
SGV014,516,SGV038,654,26392
SGV016,516,SGV038,654,28083
SGV017,516,SGV038,654,28455
SGV018,2227,SGV038,654,292
SGV019,516,SGV038,654,28387
SGV020,516,SGV038,654,26176
SGV021,654,SGV038,654,15
SGV022,654,SGV038,654,17
SGV023,654,SGV038,654,3
SGV025,654,SGV038,654,15
SGV026,654,SGV038,654,15
SGV027,0,SGV038,654,3
SGV028,654,SGV038,654,9
SGV029,654,SGV038,654,16
SGV030,654,SGV038,654,19
SGV031,654,SGV038,654,7
SGV032,654,SGV038,654,9
SGV033,654,SGV038,654,19
SGV034,654,SGV038,654,12
SGV035,654,SGV038,654,15
SGV036,654,SGV038,654,15
SGV037,654,SGV038,654,18
SGV038,654,SGV038,654,0
SGV039,654,SGV038,654,14
SGV040,654,SGV038,654,12
SGV041,654,SGV038,654,18
SGV042,654,SGV038,654,18
SGV043,654,SGV038,654,21
SGV044,654,SGV038,654,19
SGV045,654,SGV038,654,13
SGV046,654,SGV038,654,19
SGV047,654,SGV038,654,23
SGV048,654,SGV038,654,19
SGV049,654,SGV038,654,11
SGV050,654,SGV038,654,17
SGV051,654,SGV038,654,12
SGV052,654,SGV038,654,16
SGV053,654,SGV038,654,17
SGV054,654,SGV038,654,15
SGV055,654,SGV038,654,18
SGV056,654,SGV038,654,18
SGV057,654,SGV038,654,16
SGV058,654,SGV038,654,16
SGV059,654,SGV038,654,14
SGV060,654,SGV038,654,17
SGV061,654,SGV038,654,23
SGV062,654,SGV038,654,16
SGV063,654,SGV038,654,18
SGV064,654,SGV038,654,11
SGV065,654,SGV038,654,18
SGV066,654,SGV038,654,19
SGV067,654,SGV038,654,20
SGV068,654,SGV038,654,24
SGV069,654,SGV038,654,12
SGV070,654,SGV038,654,17
SGV071,654,SGV038,654,10
SGV072,654,SGV038,654,10
SGV073,654,SGV038,654,17
SGV075,654,SGV038,654,15
SGV077,654,SGV038,654,16
SGV078,654,SGV038,654,15
SGV079,654,SGV038,654,14
SGV080,654,SGV038,654,18
SGV081,0,SGV038,654,10
SGV082,0,SGV038,654,18
SGV002,516,SGV039,654,28409
SGV003,516,SGV039,654,28406
SGV004,654,SGV039,654,99
SGV005,516,SGV039,654,28285
SGV006,516,SGV039,654,29047
SGV007,516,SGV039,654,26306
SGV008,516,SGV039,654,28403
SGV009,516,SGV039,654,28007
SGV010,516,SGV039,654,28402
SGV011,516,SGV039,654,28301
SGV012,516,SGV039,654,26390
SGV013,516,SGV039,654,28378
SGV014,516,SGV039,654,26390
SGV016,516,SGV039,654,28079
SGV017,516,SGV039,654,28452
SGV018,2227,SGV039,654,289
SGV019,516,SGV039,654,28384
SGV020,516,SGV039,654,26173
SGV021,654,SGV039,654,1
SGV022,654,SGV039,654,11
SGV023,654,SGV039,654,11
SGV025,654,SGV039,654,1
SGV026,654,SGV039,654,1
SGV027,0,SGV039,654,11
SGV028,654,SGV039,654,11
SGV029,654,SGV039,654,2
SGV030,654,SGV039,654,6
SGV031,654,SGV039,654,11
SGV032,654,SGV039,654,13
SGV033,654,SGV039,654,5
SGV034,654,SGV039,654,14
SGV035,654,SGV039,654,1
SGV036,654,SGV039,654,1
SGV037,654,SGV039,654,4
SGV038,654,SGV039,654,14
SGV039,654,SGV039,654,0
SGV040,654,SGV039,654,14
SGV041,654,SGV039,654,4
SGV042,654,SGV039,654,12
SGV043,654,SGV039,654,7
SGV044,654,SGV039,654,5
SGV045,654,SGV039,654,15
SGV046,654,SGV039,654,13
SGV047,654,SGV039,654,9
SGV048,654,SGV039,654,12
SGV049,654,SGV039,654,13
SGV050,654,SGV039,654,11
SGV051,654,SGV039,654,16
SGV052,654,SGV039,654,10
SGV053,654,SGV039,654,11
SGV054,654,SGV039,654,1
SGV055,654,SGV039,654,11
SGV056,654,SGV039,654,12
SGV057,654,SGV039,654,10
SGV058,654,SGV039,654,10
SGV059,654,SGV039,654,8
SGV060,654,SGV039,654,19
SGV061,654,SGV039,654,17
SGV062,654,SGV039,654,8
SGV063,654,SGV039,654,4
SGV064,654,SGV039,654,15
SGV065,654,SGV039,654,12
SGV066,654,SGV039,654,5
SGV067,654,SGV039,654,14
SGV068,654,SGV039,654,10
SGV069,654,SGV039,654,16
SGV070,654,SGV039,654,11
SGV071,654,SGV039,654,4
SGV072,654,SGV039,654,12
SGV073,654,SGV039,654,11
SGV075,654,SGV039,654,9
SGV077,654,SGV039,654,10
SGV078,654,SGV039,654,9
SGV079,654,SGV039,654,18
SGV080,654,SGV039,654,12
SGV081,0,SGV039,654,5
SGV082,0,SGV039,654,5
SGV002,516,SGV040,654,28414
SGV003,516,SGV040,654,28411
SGV004,654,SGV040,654,105
SGV005,516,SGV040,654,28290
SGV006,516,SGV040,654,29051
SGV007,516,SGV040,654,26311
SGV008,516,SGV040,654,28408
SGV009,516,SGV040,654,28010
SGV010,516,SGV040,654,28407
SGV011,516,SGV040,654,28304
SGV012,516,SGV040,654,26395
SGV013,516,SGV040,654,28383
SGV014,516,SGV040,654,26394
SGV016,516,SGV040,654,28084
SGV017,516,SGV040,654,28457
SGV018,2227,SGV040,654,294
SGV019,516,SGV040,654,28389
SGV020,516,SGV040,654,26178
SGV021,654,SGV040,654,15
SGV022,654,SGV040,654,19
SGV023,654,SGV040,654,9
SGV025,654,SGV040,654,15
SGV026,654,SGV040,654,15
SGV027,0,SGV040,654,9
SGV028,654,SGV040,654,11
SGV029,654,SGV040,654,16
SGV030,654,SGV040,654,19
SGV031,654,SGV040,654,7
SGV032,654,SGV040,654,9
SGV033,654,SGV040,654,19
SGV034,654,SGV040,654,14
SGV035,654,SGV040,654,15
SGV036,654,SGV040,654,15
SGV037,654,SGV040,654,18
SGV038,654,SGV040,654,12
SGV039,654,SGV040,654,14
SGV040,654,SGV040,654,0
SGV041,654,SGV040,654,18
SGV042,654,SGV040,654,20
SGV043,654,SGV040,654,21
SGV044,654,SGV040,654,19
SGV045,654,SGV040,654,15
SGV046,654,SGV040,654,21
SGV047,654,SGV040,654,23
SGV048,654,SGV040,654,20
SGV049,654,SGV040,654,13
SGV050,654,SGV040,654,19
SGV051,654,SGV040,654,10
SGV052,654,SGV040,654,18
SGV053,654,SGV040,654,19
SGV054,654,SGV040,654,15
SGV055,654,SGV040,654,19
SGV056,654,SGV040,654,20
SGV057,654,SGV040,654,18
SGV058,654,SGV040,654,18
SGV059,654,SGV040,654,16
SGV060,654,SGV040,654,19
SGV061,654,SGV040,654,25
SGV062,654,SGV040,654,16
SGV063,654,SGV040,654,18
SGV064,654,SGV040,654,9
SGV065,654,SGV040,654,20
SGV066,654,SGV040,654,19
SGV067,654,SGV040,654,22
SGV068,654,SGV040,654,24
SGV069,654,SGV040,654,12
SGV070,654,SGV040,654,19
SGV071,654,SGV040,654,12
SGV072,654,SGV040,654,12
SGV073,654,SGV040,654,19
SGV075,654,SGV040,654,17
SGV077,654,SGV040,654,18
SGV078,654,SGV040,654,17
SGV079,654,SGV040,654,12
SGV080,654,SGV040,654,20
SGV081,0,SGV040,654,9
SGV082,0,SGV040,654,19
SGV002,516,SGV041,654,28413
SGV003,516,SGV041,654,28410
SGV004,654,SGV041,654,103
SGV005,516,SGV041,654,28289
SGV006,516,SGV041,654,29050
SGV007,516,SGV041,654,26309
SGV008,516,SGV041,654,28407
SGV009,516,SGV041,654,28010
SGV010,516,SGV041,654,28406
SGV011,516,SGV041,654,28304
SGV012,516,SGV041,654,26393
SGV013,516,SGV041,654,28382
SGV014,516,SGV041,654,26393
SGV016,516,SGV041,654,28083
SGV017,516,SGV041,654,28456
SGV018,2227,SGV041,654,293
SGV019,516,SGV041,654,28388
SGV020,516,SGV041,654,26176
SGV021,654,SGV041,654,3
SGV022,654,SGV041,654,15
SGV023,654,SGV041,654,15
SGV025,654,SGV041,654,3
SGV026,654,SGV041,654,5
SGV027,0,SGV041,654,15
SGV028,654,SGV041,654,15
SGV029,654,SGV041,654,4
SGV030,654,SGV041,654,6
SGV031,654,SGV041,654,15
SGV032,654,SGV041,654,17
SGV033,654,SGV041,654,7
SGV034,654,SGV041,654,18
SGV035,654,SGV041,654,5
SGV036,654,SGV041,654,5
SGV037,654,SGV041,654,6
SGV038,654,SGV041,654,18
SGV039,654,SGV041,654,4
SGV040,654,SGV041,654,18
SGV041,654,SGV041,654,0
SGV042,654,SGV041,654,16
SGV043,654,SGV041,654,9
SGV044,654,SGV041,654,5
SGV045,654,SGV041,654,19
SGV046,654,SGV041,654,17
SGV047,654,SGV041,654,11
SGV048,654,SGV041,654,16
SGV049,654,SGV041,654,17
SGV050,654,SGV041,654,15
SGV051,654,SGV041,654,20
SGV052,654,SGV041,654,14
SGV053,654,SGV041,654,15
SGV054,654,SGV041,654,5
SGV055,654,SGV041,654,15
SGV056,654,SGV041,654,16
SGV057,654,SGV041,654,14
SGV058,654,SGV041,654,14
SGV059,654,SGV041,654,12
SGV060,654,SGV041,654,23
SGV061,654,SGV041,654,21
SGV062,654,SGV041,654,12
SGV063,654,SGV041,654,6
SGV064,654,SGV041,654,19
SGV065,654,SGV041,654,16
SGV066,654,SGV041,654,7
SGV067,654,SGV041,654,18
SGV068,654,SGV041,654,12
SGV069,654,SGV041,654,20
SGV070,654,SGV041,654,15
SGV071,654,SGV041,654,8
SGV072,654,SGV041,654,16
SGV073,654,SGV041,654,15
SGV075,654,SGV041,654,13
SGV077,654,SGV041,654,14
SGV078,654,SGV041,654,13
SGV079,654,SGV041,654,22
SGV080,654,SGV041,654,16
SGV081,0,SGV041,654,9
SGV082,0,SGV041,654,7
SGV002,516,SGV042,654,28411
SGV003,516,SGV042,654,28408
SGV004,654,SGV042,654,103
SGV005,516,SGV042,654,28287
SGV006,516,SGV042,654,29050
SGV007,516,SGV042,654,26307
SGV008,516,SGV042,654,28405
SGV009,516,SGV042,654,28009
SGV010,516,SGV042,654,28404
SGV011,516,SGV042,654,28303
SGV012,516,SGV042,654,26391
SGV013,516,SGV042,654,28380
SGV014,516,SGV042,654,26391
SGV016,516,SGV042,654,28082
SGV017,516,SGV042,654,28454
SGV018,2227,SGV042,654,293
SGV019,516,SGV042,654,28386
SGV020,516,SGV042,654,26175
SGV021,654,SGV042,654,13
SGV022,654,SGV042,654,15
SGV023,654,SGV042,654,15
SGV025,654,SGV042,654,13
SGV026,654,SGV042,654,13
SGV027,0,SGV042,654,12
SGV028,654,SGV042,654,15
SGV029,654,SGV042,654,13
SGV030,654,SGV042,654,18
SGV031,654,SGV042,654,15
SGV032,654,SGV042,654,17
SGV033,654,SGV042,654,17
SGV034,654,SGV042,654,18
SGV035,654,SGV042,654,13
SGV036,654,SGV042,654,13
SGV037,654,SGV042,654,16
SGV038,654,SGV042,654,18
SGV039,654,SGV042,654,12
SGV040,654,SGV042,654,20
SGV041,654,SGV042,654,16
SGV042,654,SGV042,654,0
SGV043,654,SGV042,654,19
SGV044,654,SGV042,654,17
SGV045,654,SGV042,654,19
SGV046,654,SGV042,654,17
SGV047,654,SGV042,654,21
SGV048,654,SGV042,654,17
SGV049,654,SGV042,654,17
SGV050,654,SGV042,654,15
SGV051,654,SGV042,654,20
SGV052,654,SGV042,654,14
SGV053,654,SGV042,654,15
SGV054,654,SGV042,654,13
SGV055,654,SGV042,654,16
SGV056,654,SGV042,654,16
SGV057,654,SGV042,654,14
SGV058,654,SGV042,654,14
SGV059,654,SGV042,654,12
SGV060,654,SGV042,654,23
SGV061,654,SGV042,654,9
SGV062,654,SGV042,654,14
SGV063,654,SGV042,654,16
SGV064,654,SGV042,654,19
SGV065,654,SGV042,654,4
SGV066,654,SGV042,654,17
SGV067,654,SGV042,654,18
SGV068,654,SGV042,654,22
SGV069,654,SGV042,654,20
SGV070,654,SGV042,654,15
SGV071,654,SGV042,654,8
SGV072,654,SGV042,654,16
SGV073,654,SGV042,654,15
SGV075,654,SGV042,654,13
SGV077,654,SGV042,654,14
SGV078,654,SGV042,654,13
SGV079,654,SGV042,654,22
SGV080,654,SGV042,654,16
SGV081,0,SGV042,654,10
SGV082,0,SGV042,654,15
SGV002,516,SGV043,654,28415
SGV003,516,SGV043,654,28412
SGV004,654,SGV043,654,106
SGV005,516,SGV043,654,28291
SGV006,516,SGV043,654,29053
SGV007,516,SGV043,654,26311
SGV008,516,SGV043,654,28409
SGV009,516,SGV043,654,28012
SGV010,516,SGV043,654,28408
SGV011,516,SGV043,654,28306
SGV012,516,SGV043,654,26395
SGV013,516,SGV043,654,28384
SGV014,516,SGV043,654,26395
SGV016,516,SGV043,654,28085
SGV017,516,SGV043,654,28458
SGV018,2227,SGV043,654,296
SGV019,516,SGV043,654,28390
SGV020,516,SGV043,654,26178
SGV021,654,SGV043,654,6
SGV022,654,SGV043,654,18
SGV023,654,SGV043,654,18
SGV025,654,SGV043,654,6
SGV026,654,SGV043,654,8
SGV027,0,SGV043,654,18
SGV028,654,SGV043,654,18
SGV029,654,SGV043,654,7
SGV030,654,SGV043,654,11
SGV031,654,SGV043,654,18
SGV032,654,SGV043,654,20
SGV033,654,SGV043,654,10
SGV034,654,SGV043,654,21
SGV035,654,SGV043,654,8
SGV036,654,SGV043,654,8
SGV037,654,SGV043,654,9
SGV038,654,SGV043,654,21
SGV039,654,SGV043,654,7
SGV040,654,SGV043,654,21
SGV041,654,SGV043,654,9
SGV042,654,SGV043,654,19
SGV043,654,SGV043,654,0
SGV044,654,SGV043,654,10
SGV045,654,SGV043,654,22
SGV046,654,SGV043,654,20
SGV047,654,SGV043,654,14
SGV048,654,SGV043,654,19
SGV049,654,SGV043,654,20
SGV050,654,SGV043,654,18
SGV051,654,SGV043,654,23
SGV052,654,SGV043,654,17
SGV053,654,SGV043,654,18
SGV054,654,SGV043,654,8
SGV055,654,SGV043,654,18
SGV056,654,SGV043,654,19
SGV057,654,SGV043,654,17
SGV058,654,SGV043,654,17
SGV059,654,SGV043,654,15
SGV060,654,SGV043,654,26
SGV061,654,SGV043,654,24
SGV062,654,SGV043,654,15
SGV063,654,SGV043,654,9
SGV064,654,SGV043,654,22
SGV065,654,SGV043,654,19
SGV066,654,SGV043,654,8
SGV067,654,SGV043,654,21
SGV068,654,SGV043,654,15
SGV069,654,SGV043,654,23
SGV070,654,SGV043,654,18
SGV071,654,SGV043,654,11
SGV072,654,SGV043,654,19
SGV073,654,SGV043,654,18
SGV075,654,SGV043,654,16
SGV077,654,SGV043,654,17
SGV078,654,SGV043,654,16
SGV079,654,SGV043,654,25
SGV080,654,SGV043,654,19
SGV081,0,SGV043,654,12
SGV082,0,SGV043,654,8
SGV002,516,SGV044,654,28413
SGV003,516,SGV044,654,28410
SGV004,654,SGV044,654,104
SGV005,516,SGV044,654,28289
SGV006,516,SGV044,654,29050
SGV007,516,SGV044,654,26310
SGV008,516,SGV044,654,28407
SGV009,516,SGV044,654,28010
SGV010,516,SGV044,654,28406
SGV011,516,SGV044,654,28304
SGV012,516,SGV044,654,26394
SGV013,516,SGV044,654,28382
SGV014,516,SGV044,654,26394
SGV016,516,SGV044,654,28083
SGV017,516,SGV044,654,28456
SGV018,2227,SGV044,654,294
SGV019,516,SGV044,654,28388
SGV020,516,SGV044,654,26177
SGV021,654,SGV044,654,4
SGV022,654,SGV044,654,16
SGV023,654,SGV044,654,16
SGV025,654,SGV044,654,4
SGV026,654,SGV044,654,6
SGV027,0,SGV044,654,16
SGV028,654,SGV044,654,16
SGV029,654,SGV044,654,5
SGV030,654,SGV044,654,7
SGV031,654,SGV044,654,16
SGV032,654,SGV044,654,18
SGV033,654,SGV044,654,8
SGV034,654,SGV044,654,19
SGV035,654,SGV044,654,6
SGV036,654,SGV044,654,6
SGV037,654,SGV044,654,7
SGV038,654,SGV044,654,19
SGV039,654,SGV044,654,5
SGV040,654,SGV044,654,19
SGV041,654,SGV044,654,5
SGV042,654,SGV044,654,17
SGV043,654,SGV044,654,10
SGV044,654,SGV044,654,0
SGV045,654,SGV044,654,20
SGV046,654,SGV044,654,18
SGV047,654,SGV044,654,12
SGV048,654,SGV044,654,17
SGV049,654,SGV044,654,18
SGV050,654,SGV044,654,16
SGV051,654,SGV044,654,21
SGV052,654,SGV044,654,15
SGV053,654,SGV044,654,16
SGV054,654,SGV044,654,6
SGV055,654,SGV044,654,16
SGV056,654,SGV044,654,17
SGV057,654,SGV044,654,15
SGV058,654,SGV044,654,15
SGV059,654,SGV044,654,13
SGV060,654,SGV044,654,24
SGV061,654,SGV044,654,22
SGV062,654,SGV044,654,13
SGV063,654,SGV044,654,7
SGV064,654,SGV044,654,20
SGV065,654,SGV044,654,17
SGV066,654,SGV044,654,8
SGV067,654,SGV044,654,19
SGV068,654,SGV044,654,13
SGV069,654,SGV044,654,21
SGV070,654,SGV044,654,16
SGV071,654,SGV044,654,9
SGV072,654,SGV044,654,17
SGV073,654,SGV044,654,16
SGV075,654,SGV044,654,14
SGV077,654,SGV044,654,15
SGV078,654,SGV044,654,14
SGV079,654,SGV044,654,23
SGV080,654,SGV044,654,17
SGV081,0,SGV044,654,10
SGV082,0,SGV044,654,8
SGV002,516,SGV045,654,28414
SGV003,516,SGV045,654,28411
SGV004,654,SGV045,654,104
SGV005,516,SGV045,654,28290
SGV006,516,SGV045,654,29052
SGV007,516,SGV045,654,26310
SGV008,516,SGV045,654,28408
SGV009,516,SGV045,654,28012
SGV010,516,SGV045,654,28407
SGV011,516,SGV045,654,28306
SGV012,516,SGV045,654,26394
SGV013,516,SGV045,654,28383
SGV014,516,SGV045,654,26394
SGV016,516,SGV045,654,28085
SGV017,516,SGV045,654,28457
SGV018,2227,SGV045,654,294
SGV019,516,SGV045,654,28389
SGV020,516,SGV045,654,26178
SGV021,654,SGV045,654,16
SGV022,654,SGV045,654,18
SGV023,654,SGV045,654,10
SGV025,654,SGV045,654,16
SGV026,654,SGV045,654,16
SGV027,0,SGV045,654,10
SGV028,654,SGV045,654,4
SGV029,654,SGV045,654,16
SGV030,654,SGV045,654,21
SGV031,654,SGV045,654,10
SGV032,654,SGV045,654,12
SGV033,654,SGV045,654,20
SGV034,654,SGV045,654,7
SGV035,654,SGV045,654,16
SGV036,654,SGV045,654,16
SGV037,654,SGV045,654,19
SGV038,654,SGV045,654,13
SGV039,654,SGV045,654,15
SGV040,654,SGV045,654,15
SGV041,654,SGV045,654,19
SGV042,654,SGV045,654,19
SGV043,654,SGV045,654,22
SGV044,654,SGV045,654,20
SGV045,654,SGV045,654,0
SGV046,654,SGV045,654,20
SGV047,654,SGV045,654,24
SGV048,654,SGV045,654,20
SGV049,654,SGV045,654,6
SGV050,654,SGV045,654,18
SGV051,654,SGV045,654,15
SGV052,654,SGV045,654,17
SGV053,654,SGV045,654,18
SGV054,654,SGV045,654,16
SGV055,654,SGV045,654,19
SGV056,654,SGV045,654,19
SGV057,654,SGV045,654,17
SGV058,654,SGV045,654,17
SGV059,654,SGV045,654,15
SGV060,654,SGV045,654,12
SGV061,654,SGV045,654,24
SGV062,654,SGV045,654,17
SGV063,654,SGV045,654,19
SGV064,654,SGV045,654,14
SGV065,654,SGV045,654,19
SGV066,654,SGV045,654,20
SGV067,654,SGV045,654,21
SGV068,654,SGV045,654,25
SGV069,654,SGV045,654,15
SGV070,654,SGV045,654,18
SGV071,654,SGV045,654,11
SGV072,654,SGV045,654,5
SGV073,654,SGV045,654,18
SGV075,654,SGV045,654,16
SGV077,654,SGV045,654,17
SGV078,654,SGV045,654,16
SGV079,654,SGV045,654,17
SGV080,654,SGV045,654,19
SGV081,0,SGV045,654,11
SGV082,0,SGV045,654,19
SGV002,516,SGV046,654,28413
SGV003,516,SGV046,654,28410
SGV004,654,SGV046,654,104
SGV005,516,SGV046,654,28289
SGV006,516,SGV046,654,29051
SGV007,516,SGV046,654,26308
SGV008,516,SGV046,654,28407
SGV009,516,SGV046,654,28011
SGV010,516,SGV046,654,28406
SGV011,516,SGV046,654,28305
SGV012,516,SGV046,654,26392
SGV013,516,SGV046,654,28382
SGV014,516,SGV046,654,26392
SGV016,516,SGV046,654,28084
SGV017,516,SGV046,654,28456
SGV018,2227,SGV046,654,294
SGV019,516,SGV046,654,28388
SGV020,516,SGV046,654,26176
SGV021,654,SGV046,654,14
SGV022,654,SGV046,654,12
SGV023,654,SGV046,654,16
SGV025,654,SGV046,654,14
SGV026,654,SGV046,654,14
SGV027,0,SGV046,654,16
SGV028,654,SGV046,654,16
SGV029,654,SGV046,654,15
SGV030,654,SGV046,654,19
SGV031,654,SGV046,654,16
SGV032,654,SGV046,654,18
SGV033,654,SGV046,654,18
SGV034,654,SGV046,654,19
SGV035,654,SGV046,654,14
SGV036,654,SGV046,654,14
SGV037,654,SGV046,654,17
SGV038,654,SGV046,654,19
SGV039,654,SGV046,654,13
SGV040,654,SGV046,654,21
SGV041,654,SGV046,654,17
SGV042,654,SGV046,654,17
SGV043,654,SGV046,654,20
SGV044,654,SGV046,654,18
SGV045,654,SGV046,654,20
SGV046,654,SGV046,654,0
SGV047,654,SGV046,654,22
SGV048,654,SGV046,654,0
SGV049,654,SGV046,654,18
SGV050,654,SGV046,654,12
SGV051,654,SGV046,654,21
SGV052,654,SGV046,654,11
SGV053,654,SGV046,654,12
SGV054,654,SGV046,654,14
SGV055,654,SGV046,654,13
SGV056,654,SGV046,654,13
SGV057,654,SGV046,654,11
SGV058,654,SGV046,654,11
SGV059,654,SGV046,654,9
SGV060,654,SGV046,654,24
SGV061,654,SGV046,654,22
SGV062,654,SGV046,654,11
SGV063,654,SGV046,654,17
SGV064,654,SGV046,654,20
SGV065,654,SGV046,654,17
SGV066,654,SGV046,654,18
SGV067,654,SGV046,654,3
SGV068,654,SGV046,654,23
SGV069,654,SGV046,654,21
SGV070,654,SGV046,654,12
SGV071,654,SGV046,654,9
SGV072,654,SGV046,654,17
SGV073,654,SGV046,654,12
SGV075,654,SGV046,654,10
SGV077,654,SGV046,654,9
SGV078,654,SGV046,654,10
SGV079,654,SGV046,654,23
SGV080,654,SGV046,654,13
SGV081,0,SGV046,654,11
SGV082,0,SGV046,654,17
SGV002,516,SGV047,654,28417
SGV003,516,SGV047,654,28414
SGV004,654,SGV047,654,108
SGV005,516,SGV047,654,28293
SGV006,516,SGV047,654,29054
SGV007,516,SGV047,654,26314
SGV008,516,SGV047,654,28411
SGV009,516,SGV047,654,28014
SGV010,516,SGV047,654,28409
SGV011,516,SGV047,654,28308
SGV012,516,SGV047,654,26398
SGV013,516,SGV047,654,28386
SGV014,516,SGV047,654,26398
SGV016,516,SGV047,654,28087
SGV017,516,SGV047,654,28460
SGV018,2227,SGV047,654,298
SGV019,516,SGV047,654,28392
SGV020,516,SGV047,654,26181
SGV021,654,SGV047,654,8
SGV022,654,SGV047,654,20
SGV023,654,SGV047,654,20
SGV025,654,SGV047,654,8
SGV026,654,SGV047,654,10
SGV027,0,SGV047,654,20
SGV028,654,SGV047,654,20
SGV029,654,SGV047,654,9
SGV030,654,SGV047,654,13
SGV031,654,SGV047,654,20
SGV032,654,SGV047,654,22
SGV033,654,SGV047,654,12
SGV034,654,SGV047,654,23
SGV035,654,SGV047,654,8
SGV036,654,SGV047,654,10
SGV037,654,SGV047,654,7
SGV038,654,SGV047,654,23
SGV039,654,SGV047,654,9
SGV040,654,SGV047,654,23
SGV041,654,SGV047,654,11
SGV042,654,SGV047,654,21
SGV043,654,SGV047,654,14
SGV044,654,SGV047,654,12
SGV045,654,SGV047,654,24
SGV046,654,SGV047,654,22
SGV047,654,SGV047,654,0
SGV048,654,SGV047,654,21
SGV049,654,SGV047,654,22
SGV050,654,SGV047,654,20
SGV051,654,SGV047,654,25
SGV052,654,SGV047,654,19
SGV053,654,SGV047,654,20
SGV054,654,SGV047,654,10
SGV055,654,SGV047,654,20
SGV056,654,SGV047,654,21
SGV057,654,SGV047,654,19
SGV058,654,SGV047,654,19
SGV059,654,SGV047,654,17
SGV060,654,SGV047,654,28
SGV061,654,SGV047,654,26
SGV062,654,SGV047,654,17
SGV063,654,SGV047,654,11
SGV064,654,SGV047,654,24
SGV065,654,SGV047,654,21
SGV066,654,SGV047,654,12
SGV067,654,SGV047,654,23
SGV068,654,SGV047,654,1
SGV069,654,SGV047,654,25
SGV070,654,SGV047,654,20
SGV071,654,SGV047,654,13
SGV072,654,SGV047,654,21
SGV073,654,SGV047,654,20
SGV075,654,SGV047,654,18
SGV077,654,SGV047,654,19
SGV078,654,SGV047,654,18
SGV079,654,SGV047,654,27
SGV080,654,SGV047,654,21
SGV081,0,SGV047,654,14
SGV082,0,SGV047,654,12
SGV002,516,SGV048,654,28346
SGV003,516,SGV048,654,28343
SGV004,654,SGV048,654,104
SGV005,516,SGV048,654,28223
SGV006,516,SGV048,654,28984
SGV007,516,SGV048,654,26243
SGV008,516,SGV048,654,28341
SGV009,516,SGV048,654,27944
SGV010,516,SGV048,654,28340
SGV011,516,SGV048,654,28238
SGV012,516,SGV048,654,26325
SGV013,516,SGV048,654,28315
SGV014,516,SGV048,654,26325
SGV016,516,SGV048,654,28074
SGV017,516,SGV048,654,28389
SGV018,2227,SGV048,654,294
SGV019,516,SGV048,654,28321
SGV020,516,SGV048,654,26166
SGV021,654,SGV048,654,13
SGV022,654,SGV048,654,12
SGV023,654,SGV048,654,16
SGV025,654,SGV048,654,13
SGV026,654,SGV048,654,13
SGV027,0,SGV048,654,16
SGV028,654,SGV048,654,16
SGV029,654,SGV048,654,13
SGV030,654,SGV048,654,18
SGV031,654,SGV048,654,16
SGV032,654,SGV048,654,18
SGV033,654,SGV048,654,17
SGV034,654,SGV048,654,19
SGV035,654,SGV048,654,13
SGV036,654,SGV048,654,13
SGV037,654,SGV048,654,16
SGV038,654,SGV048,654,19
SGV039,654,SGV048,654,12
SGV040,654,SGV048,654,20
SGV041,654,SGV048,654,16
SGV042,654,SGV048,654,17
SGV043,654,SGV048,654,19
SGV044,654,SGV048,654,17
SGV045,654,SGV048,654,20
SGV046,654,SGV048,654,0
SGV047,654,SGV048,654,21
SGV048,654,SGV048,654,0
SGV049,654,SGV048,654,18
SGV050,654,SGV048,654,12
SGV051,654,SGV048,654,21
SGV052,654,SGV048,654,11
SGV053,654,SGV048,654,12
SGV054,654,SGV048,654,13
SGV055,654,SGV048,654,13
SGV056,654,SGV048,654,13
SGV057,654,SGV048,654,11
SGV058,654,SGV048,654,11
SGV059,654,SGV048,654,9
SGV060,654,SGV048,654,24
SGV061,654,SGV048,654,22
SGV062,654,SGV048,654,10
SGV063,654,SGV048,654,16
SGV064,654,SGV048,654,20
SGV065,654,SGV048,654,17
SGV066,654,SGV048,654,17
SGV067,654,SGV048,654,3
SGV068,654,SGV048,654,22
SGV069,654,SGV048,654,21
SGV070,654,SGV048,654,12
SGV071,654,SGV048,654,9
SGV072,654,SGV048,654,17
SGV073,654,SGV048,654,12
SGV075,654,SGV048,654,10
SGV077,654,SGV048,654,9
SGV078,654,SGV048,654,10
SGV079,654,SGV048,654,23
SGV080,654,SGV048,654,13
SGV081,0,SGV048,654,11
SGV082,0,SGV048,654,17
SGV002,516,SGV049,654,28410
SGV003,516,SGV049,654,28407
SGV004,654,SGV049,654,102
SGV005,516,SGV049,654,28286
SGV006,516,SGV049,654,29049
SGV007,516,SGV049,654,26307
SGV008,516,SGV049,654,28404
SGV009,516,SGV049,654,28008
SGV010,516,SGV049,654,28403
SGV011,516,SGV049,654,28302
SGV012,516,SGV049,654,26391
SGV013,516,SGV049,654,28379
SGV014,516,SGV049,654,26391
SGV016,516,SGV049,654,28081
SGV017,516,SGV049,654,28453
SGV018,2227,SGV049,654,292
SGV019,516,SGV049,654,28385
SGV020,516,SGV049,654,26175
SGV021,654,SGV049,654,14
SGV022,654,SGV049,654,16
SGV023,654,SGV049,654,8
SGV025,654,SGV049,654,14
SGV026,654,SGV049,654,14
SGV027,0,SGV049,654,8
SGV028,654,SGV049,654,2
SGV029,654,SGV049,654,15
SGV030,654,SGV049,654,19
SGV031,654,SGV049,654,8
SGV032,654,SGV049,654,10
SGV033,654,SGV049,654,18
SGV034,654,SGV049,654,5
SGV035,654,SGV049,654,14
SGV036,654,SGV049,654,14
SGV037,654,SGV049,654,17
SGV038,654,SGV049,654,11
SGV039,654,SGV049,654,13
SGV040,654,SGV049,654,13
SGV041,654,SGV049,654,17
SGV042,654,SGV049,654,17
SGV043,654,SGV049,654,20
SGV044,654,SGV049,654,18
SGV045,654,SGV049,654,6
SGV046,654,SGV049,654,18
SGV047,654,SGV049,654,22
SGV048,654,SGV049,654,18
SGV049,654,SGV049,654,0
SGV050,654,SGV049,654,16
SGV051,654,SGV049,654,13
SGV052,654,SGV049,654,15
SGV053,654,SGV049,654,16
SGV054,654,SGV049,654,14
SGV055,654,SGV049,654,17
SGV056,654,SGV049,654,17
SGV057,654,SGV049,654,15
SGV058,654,SGV049,654,15
SGV059,654,SGV049,654,13
SGV060,654,SGV049,654,10
SGV061,654,SGV049,654,22
SGV062,654,SGV049,654,15
SGV063,654,SGV049,654,17
SGV064,654,SGV049,654,12
SGV065,654,SGV049,654,17
SGV066,654,SGV049,654,18
SGV067,654,SGV049,654,19
SGV068,654,SGV049,654,23
SGV069,654,SGV049,654,13
SGV070,654,SGV049,654,16
SGV071,654,SGV049,654,9
SGV072,654,SGV049,654,3
SGV073,654,SGV049,654,16
SGV075,654,SGV049,654,14
SGV077,654,SGV049,654,15
SGV078,654,SGV049,654,14
SGV079,654,SGV049,654,15
SGV080,654,SGV049,654,17
SGV081,0,SGV049,654,9
SGV082,0,SGV049,654,17
SGV002,516,SGV050,654,28412
SGV003,516,SGV050,654,28409
SGV004,654,SGV050,654,102
SGV005,516,SGV050,654,28288
SGV006,516,SGV050,654,29050
SGV007,516,SGV050,654,26309
SGV008,516,SGV050,654,28406
SGV009,516,SGV050,654,28010
SGV010,516,SGV050,654,28405
SGV011,516,SGV050,654,28304
SGV012,516,SGV050,654,26393
SGV013,516,SGV050,654,28381
SGV014,516,SGV050,654,26393
SGV016,516,SGV050,654,28083
SGV017,516,SGV050,654,28455
SGV018,2227,SGV050,654,292
SGV019,516,SGV050,654,28387
SGV020,516,SGV050,654,26177
SGV021,654,SGV050,654,12
SGV022,654,SGV050,654,10
SGV023,654,SGV050,654,14
SGV025,654,SGV050,654,12
SGV026,654,SGV050,654,12
SGV027,0,SGV050,654,13
SGV028,654,SGV050,654,14
SGV029,654,SGV050,654,12
SGV030,654,SGV050,654,17
SGV031,654,SGV050,654,14
SGV032,654,SGV050,654,16
SGV033,654,SGV050,654,16
SGV034,654,SGV050,654,17
SGV035,654,SGV050,654,12
SGV036,654,SGV050,654,12
SGV037,654,SGV050,654,15
SGV038,654,SGV050,654,17
SGV039,654,SGV050,654,11
SGV040,654,SGV050,654,19
SGV041,654,SGV050,654,15
SGV042,654,SGV050,654,15
SGV043,654,SGV050,654,18
SGV044,654,SGV050,654,16
SGV045,654,SGV050,654,18
SGV046,654,SGV050,654,12
SGV047,654,SGV050,654,20
SGV048,654,SGV050,654,12
SGV049,654,SGV050,654,16
SGV050,654,SGV050,654,0
SGV051,654,SGV050,654,19
SGV052,654,SGV050,654,9
SGV053,654,SGV050,654,10
SGV054,654,SGV050,654,12
SGV055,654,SGV050,654,11
SGV056,654,SGV050,654,11
SGV057,654,SGV050,654,9
SGV058,654,SGV050,654,9
SGV059,654,SGV050,654,7
SGV060,654,SGV050,654,22
SGV061,654,SGV050,654,20
SGV062,654,SGV050,654,9
SGV063,654,SGV050,654,15
SGV064,654,SGV050,654,18
SGV065,654,SGV050,654,15
SGV066,654,SGV050,654,16
SGV067,654,SGV050,654,13
SGV068,654,SGV050,654,21
SGV069,654,SGV050,654,19
SGV070,654,SGV050,654,10
SGV071,654,SGV050,654,7
SGV072,654,SGV050,654,15
SGV073,654,SGV050,654,10
SGV075,654,SGV050,654,8
SGV077,654,SGV050,654,9
SGV078,654,SGV050,654,8
SGV079,654,SGV050,654,21
SGV080,654,SGV050,654,11
SGV081,0,SGV050,654,9
SGV082,0,SGV050,654,15
SGV002,516,SGV051,654,28413
SGV003,516,SGV051,654,28410
SGV004,654,SGV051,654,104
SGV005,516,SGV051,654,28288
SGV006,516,SGV051,654,29051
SGV007,516,SGV051,654,26308
SGV008,516,SGV051,654,28406
SGV009,516,SGV051,654,28011
SGV010,516,SGV051,654,28404
SGV011,516,SGV051,654,28304
SGV012,516,SGV051,654,26392
SGV013,516,SGV051,654,28382
SGV014,516,SGV051,654,26391
SGV016,516,SGV051,654,28085
SGV017,516,SGV051,654,28457
SGV018,2227,SGV051,654,294
SGV019,516,SGV051,654,28388
SGV020,516,SGV051,654,26176
SGV021,654,SGV051,654,17
SGV022,654,SGV051,654,19
SGV023,654,SGV051,654,9
SGV025,654,SGV051,654,17
SGV026,654,SGV051,654,17
SGV027,0,SGV051,654,9
SGV028,654,SGV051,654,11
SGV029,654,SGV051,654,18
SGV030,654,SGV051,654,21
SGV031,654,SGV051,654,7
SGV032,654,SGV051,654,9
SGV033,654,SGV051,654,21
SGV034,654,SGV051,654,14
SGV035,654,SGV051,654,17
SGV036,654,SGV051,654,17
SGV037,654,SGV051,654,20
SGV038,654,SGV051,654,12
SGV039,654,SGV051,654,16
SGV040,654,SGV051,654,10
SGV041,654,SGV051,654,20
SGV042,654,SGV051,654,20
SGV043,654,SGV051,654,23
SGV044,654,SGV051,654,21
SGV045,654,SGV051,654,15
SGV046,654,SGV051,654,21
SGV047,654,SGV051,654,25
SGV048,654,SGV051,654,21
SGV049,654,SGV051,654,13
SGV050,654,SGV051,654,19
SGV051,654,SGV051,654,0
SGV052,654,SGV051,654,18
SGV053,654,SGV051,654,19
SGV054,654,SGV051,654,17
SGV055,654,SGV051,654,20
SGV056,654,SGV051,654,20
SGV057,654,SGV051,654,18
SGV058,654,SGV051,654,18
SGV059,654,SGV051,654,16
SGV060,654,SGV051,654,19
SGV061,654,SGV051,654,25
SGV062,654,SGV051,654,18
SGV063,654,SGV051,654,20
SGV064,654,SGV051,654,9
SGV065,654,SGV051,654,20
SGV066,654,SGV051,654,21
SGV067,654,SGV051,654,22
SGV068,654,SGV051,654,26
SGV069,654,SGV051,654,12
SGV070,654,SGV051,654,19
SGV071,654,SGV051,654,12
SGV072,654,SGV051,654,12
SGV073,654,SGV051,654,19
SGV075,654,SGV051,654,17
SGV077,654,SGV051,654,18
SGV078,654,SGV051,654,17
SGV079,654,SGV051,654,8
SGV080,654,SGV051,654,20
SGV081,0,SGV051,654,10
SGV082,0,SGV051,654,20
SGV002,516,SGV052,654,28410
SGV003,516,SGV052,654,28407
SGV004,654,SGV052,654,101
SGV005,516,SGV052,654,28286
SGV006,516,SGV052,654,29048
SGV007,516,SGV052,654,26307
SGV008,516,SGV052,654,28404
SGV009,516,SGV052,654,28008
SGV010,516,SGV052,654,28403
SGV011,516,SGV052,654,28302
SGV012,516,SGV052,654,26391
SGV013,516,SGV052,654,28379
SGV014,516,SGV052,654,26391
SGV016,516,SGV052,654,28081
SGV017,516,SGV052,654,28453
SGV018,2227,SGV052,654,290
SGV019,516,SGV052,654,28385
SGV020,516,SGV052,654,26175
SGV021,654,SGV052,654,11
SGV022,654,SGV052,654,9
SGV023,654,SGV052,654,13
SGV025,654,SGV052,654,11
SGV026,654,SGV052,654,11
SGV027,0,SGV052,654,12
SGV028,654,SGV052,654,13
SGV029,654,SGV052,654,12
SGV030,654,SGV052,654,16
SGV031,654,SGV052,654,13
SGV032,654,SGV052,654,15
SGV033,654,SGV052,654,15
SGV034,654,SGV052,654,16
SGV035,654,SGV052,654,11
SGV036,654,SGV052,654,11
SGV037,654,SGV052,654,14
SGV038,654,SGV052,654,16
SGV039,654,SGV052,654,10
SGV040,654,SGV052,654,18
SGV041,654,SGV052,654,14
SGV042,654,SGV052,654,14
SGV043,654,SGV052,654,17
SGV044,654,SGV052,654,15
SGV045,654,SGV052,654,17
SGV046,654,SGV052,654,11
SGV047,654,SGV052,654,19
SGV048,654,SGV052,654,11
SGV049,654,SGV052,654,15
SGV050,654,SGV052,654,9
SGV051,654,SGV052,654,18
SGV052,654,SGV052,654,0
SGV053,654,SGV052,654,1
SGV054,654,SGV052,654,11
SGV055,654,SGV052,654,2
SGV056,654,SGV052,654,10
SGV057,654,SGV052,654,8
SGV058,654,SGV052,654,0
SGV059,654,SGV052,654,6
SGV060,654,SGV052,654,21
SGV061,654,SGV052,654,19
SGV062,654,SGV052,654,4
SGV063,654,SGV052,654,14
SGV064,654,SGV052,654,17
SGV065,654,SGV052,654,14
SGV066,654,SGV052,654,15
SGV067,654,SGV052,654,12
SGV068,654,SGV052,654,20
SGV069,654,SGV052,654,18
SGV070,654,SGV052,654,9
SGV071,654,SGV052,654,6
SGV072,654,SGV052,654,14
SGV073,654,SGV052,654,9
SGV075,654,SGV052,654,7
SGV077,654,SGV052,654,8
SGV078,654,SGV052,654,7
SGV079,654,SGV052,654,20
SGV080,654,SGV052,654,10
SGV081,0,SGV052,654,8
SGV082,0,SGV052,654,14
SGV002,516,SGV053,654,28411
SGV003,516,SGV053,654,28408
SGV004,654,SGV053,654,102
SGV005,516,SGV053,654,28287
SGV006,516,SGV053,654,29049
SGV007,516,SGV053,654,26308
SGV008,516,SGV053,654,28405
SGV009,516,SGV053,654,28009
SGV010,516,SGV053,654,28404
SGV011,516,SGV053,654,28303
SGV012,516,SGV053,654,26392
SGV013,516,SGV053,654,28380
SGV014,516,SGV053,654,26392
SGV016,516,SGV053,654,28082
SGV017,516,SGV053,654,28454
SGV018,2227,SGV053,654,291
SGV019,516,SGV053,654,28386
SGV020,516,SGV053,654,26176
SGV021,654,SGV053,654,12
SGV022,654,SGV053,654,10
SGV023,654,SGV053,654,14
SGV025,654,SGV053,654,12
SGV026,654,SGV053,654,12
SGV027,0,SGV053,654,12
SGV028,654,SGV053,654,14
SGV029,654,SGV053,654,12
SGV030,654,SGV053,654,17
SGV031,654,SGV053,654,14
SGV032,654,SGV053,654,16
SGV033,654,SGV053,654,16
SGV034,654,SGV053,654,17
SGV035,654,SGV053,654,12
SGV036,654,SGV053,654,12
SGV037,654,SGV053,654,15
SGV038,654,SGV053,654,17
SGV039,654,SGV053,654,11
SGV040,654,SGV053,654,19
SGV041,654,SGV053,654,15
SGV042,654,SGV053,654,15
SGV043,654,SGV053,654,18
SGV044,654,SGV053,654,16
SGV045,654,SGV053,654,18
SGV046,654,SGV053,654,12
SGV047,654,SGV053,654,20
SGV048,654,SGV053,654,12
SGV049,654,SGV053,654,16
SGV050,654,SGV053,654,10
SGV051,654,SGV053,654,19
SGV052,654,SGV053,654,1
SGV053,654,SGV053,654,0
SGV054,654,SGV053,654,12
SGV055,654,SGV053,654,3
SGV056,654,SGV053,654,11
SGV057,654,SGV053,654,9
SGV058,654,SGV053,654,1
SGV059,654,SGV053,654,7
SGV060,654,SGV053,654,22
SGV061,654,SGV053,654,20
SGV062,654,SGV053,654,5
SGV063,654,SGV053,654,15
SGV064,654,SGV053,654,18
SGV065,654,SGV053,654,15
SGV066,654,SGV053,654,16
SGV067,654,SGV053,654,13
SGV068,654,SGV053,654,21
SGV069,654,SGV053,654,19
SGV070,654,SGV053,654,10
SGV071,654,SGV053,654,7
SGV072,654,SGV053,654,15
SGV073,654,SGV053,654,10
SGV075,654,SGV053,654,8
SGV077,654,SGV053,654,9
SGV078,654,SGV053,654,8
SGV079,654,SGV053,654,21
SGV080,654,SGV053,654,11
SGV081,0,SGV053,654,9
SGV082,0,SGV053,654,15
SGV002,516,SGV054,654,28410
SGV003,516,SGV054,654,28407
SGV004,654,SGV054,654,100
SGV005,516,SGV054,654,28286
SGV006,516,SGV054,654,29047
SGV007,516,SGV054,654,26306
SGV008,516,SGV054,654,28404
SGV009,516,SGV054,654,28008
SGV010,516,SGV054,654,28403
SGV011,516,SGV054,654,28302
SGV012,516,SGV054,654,26390
SGV013,516,SGV054,654,28379
SGV014,516,SGV054,654,26389
SGV016,516,SGV054,654,28080
SGV017,516,SGV054,654,28453
SGV018,2227,SGV054,654,290
SGV019,516,SGV054,654,28385
SGV020,516,SGV054,654,26173
SGV021,654,SGV054,654,2
SGV022,654,SGV054,654,12
SGV023,654,SGV054,654,12
SGV025,654,SGV054,654,2
SGV026,654,SGV054,654,2
SGV027,0,SGV054,654,12
SGV028,654,SGV054,654,12
SGV029,654,SGV054,654,3
SGV030,654,SGV054,654,7
SGV031,654,SGV054,654,12
SGV032,654,SGV054,654,14
SGV033,654,SGV054,654,6
SGV034,654,SGV054,654,15
SGV035,654,SGV054,654,2
SGV036,654,SGV054,654,2
SGV037,654,SGV054,654,5
SGV038,654,SGV054,654,15
SGV039,654,SGV054,654,1
SGV040,654,SGV054,654,15
SGV041,654,SGV054,654,5
SGV042,654,SGV054,654,13
SGV043,654,SGV054,654,8
SGV044,654,SGV054,654,6
SGV045,654,SGV054,654,16
SGV046,654,SGV054,654,14
SGV047,654,SGV054,654,10
SGV048,654,SGV054,654,13
SGV049,654,SGV054,654,14
SGV050,654,SGV054,654,12
SGV051,654,SGV054,654,17
SGV052,654,SGV054,654,11
SGV053,654,SGV054,654,12
SGV054,654,SGV054,654,0
SGV055,654,SGV054,654,12
SGV056,654,SGV054,654,13
SGV057,654,SGV054,654,11
SGV058,654,SGV054,654,11
SGV059,654,SGV054,654,9
SGV060,654,SGV054,654,20
SGV061,654,SGV054,654,18
SGV062,654,SGV054,654,9
SGV063,654,SGV054,654,5
SGV064,654,SGV054,654,16
SGV065,654,SGV054,654,13
SGV066,654,SGV054,654,6
SGV067,654,SGV054,654,15
SGV068,654,SGV054,654,11
SGV069,654,SGV054,654,17
SGV070,654,SGV054,654,12
SGV071,654,SGV054,654,5
SGV072,654,SGV054,654,13
SGV073,654,SGV054,654,12
SGV075,654,SGV054,654,10
SGV077,654,SGV054,654,11
SGV078,654,SGV054,654,10
SGV079,654,SGV054,654,19
SGV080,654,SGV054,654,13
SGV081,0,SGV054,654,6
SGV082,0,SGV054,654,6
SGV002,516,SGV055,654,28372
SGV003,516,SGV055,654,28369
SGV004,654,SGV055,654,102
SGV005,516,SGV055,654,28248
SGV006,516,SGV055,654,29010
SGV007,516,SGV055,654,26270
SGV008,516,SGV055,654,28366
SGV009,516,SGV055,654,27970
SGV010,516,SGV055,654,28365
SGV011,516,SGV055,654,28264
SGV012,516,SGV055,654,26353
SGV013,516,SGV055,654,28341
SGV014,516,SGV055,654,26353
SGV016,516,SGV055,654,28082
SGV017,516,SGV055,654,28415
SGV018,2227,SGV055,654,291
SGV019,516,SGV055,654,28347
SGV020,516,SGV055,654,26176
SGV021,654,SGV055,654,12
SGV022,654,SGV055,654,11
SGV023,654,SGV055,654,15
SGV025,654,SGV055,654,12
SGV026,654,SGV055,654,12
SGV027,0,SGV055,654,14
SGV028,654,SGV055,654,15
SGV029,654,SGV055,654,13
SGV030,654,SGV055,654,17
SGV031,654,SGV055,654,15
SGV032,654,SGV055,654,17
SGV033,654,SGV055,654,16
SGV034,654,SGV055,654,18
SGV035,654,SGV055,654,12
SGV036,654,SGV055,654,12
SGV037,654,SGV055,654,15
SGV038,654,SGV055,654,18
SGV039,654,SGV055,654,11
SGV040,654,SGV055,654,19
SGV041,654,SGV055,654,15
SGV042,654,SGV055,654,16
SGV043,654,SGV055,654,18
SGV044,654,SGV055,654,16
SGV045,654,SGV055,654,19
SGV046,654,SGV055,654,13
SGV047,654,SGV055,654,20
SGV048,654,SGV055,654,13
SGV049,654,SGV055,654,17
SGV050,654,SGV055,654,11
SGV051,654,SGV055,654,20
SGV052,654,SGV055,654,2
SGV053,654,SGV055,654,3
SGV054,654,SGV055,654,12
SGV055,654,SGV055,654,0
SGV056,654,SGV055,654,12
SGV057,654,SGV055,654,10
SGV058,654,SGV055,654,2
SGV059,654,SGV055,654,8
SGV060,654,SGV055,654,23
SGV061,654,SGV055,654,21
SGV062,654,SGV055,654,5
SGV063,654,SGV055,654,15
SGV064,654,SGV055,654,19
SGV065,654,SGV055,654,16
SGV066,654,SGV055,654,16
SGV067,654,SGV055,654,14
SGV068,654,SGV055,654,21
SGV069,654,SGV055,654,20
SGV070,654,SGV055,654,11
SGV071,654,SGV055,654,8
SGV072,654,SGV055,654,16
SGV073,654,SGV055,654,11
SGV075,654,SGV055,654,9
SGV077,654,SGV055,654,10
SGV078,654,SGV055,654,9
SGV079,654,SGV055,654,22
SGV080,654,SGV055,654,12
SGV081,0,SGV055,654,10
SGV082,0,SGV055,654,16
SGV002,516,SGV056,654,28412
SGV003,516,SGV056,654,28409
SGV004,654,SGV056,654,103
SGV005,516,SGV056,654,28288
SGV006,516,SGV056,654,29050
SGV007,516,SGV056,654,26308
SGV008,516,SGV056,654,28406
SGV009,516,SGV056,654,28010
SGV010,516,SGV056,654,28405
SGV011,516,SGV056,654,28304
SGV012,516,SGV056,654,26392
SGV013,516,SGV056,654,28381
SGV014,516,SGV056,654,26392
SGV016,516,SGV056,654,28083
SGV017,516,SGV056,654,28455
SGV018,2227,SGV056,654,292
SGV019,516,SGV056,654,28387
SGV020,516,SGV056,654,26176
SGV021,654,SGV056,654,13
SGV022,654,SGV056,654,11
SGV023,654,SGV056,654,15
SGV025,654,SGV056,654,13
SGV026,654,SGV056,654,13
SGV027,0,SGV056,654,13
SGV028,654,SGV056,654,15
SGV029,654,SGV056,654,13
SGV030,654,SGV056,654,18
SGV031,654,SGV056,654,15
SGV032,654,SGV056,654,17
SGV033,654,SGV056,654,17
SGV034,654,SGV056,654,18
SGV035,654,SGV056,654,13
SGV036,654,SGV056,654,13
SGV037,654,SGV056,654,16
SGV038,654,SGV056,654,18
SGV039,654,SGV056,654,12
SGV040,654,SGV056,654,20
SGV041,654,SGV056,654,16
SGV042,654,SGV056,654,16
SGV043,654,SGV056,654,19
SGV044,654,SGV056,654,17
SGV045,654,SGV056,654,19
SGV046,654,SGV056,654,13
SGV047,654,SGV056,654,21
SGV048,654,SGV056,654,13
SGV049,654,SGV056,654,17
SGV050,654,SGV056,654,11
SGV051,654,SGV056,654,20
SGV052,654,SGV056,654,10
SGV053,654,SGV056,654,11
SGV054,654,SGV056,654,13
SGV055,654,SGV056,654,12
SGV056,654,SGV056,654,0
SGV057,654,SGV056,654,10
SGV058,654,SGV056,654,10
SGV059,654,SGV056,654,8
SGV060,654,SGV056,654,23
SGV061,654,SGV056,654,21
SGV062,654,SGV056,654,10
SGV063,654,SGV056,654,16
SGV064,654,SGV056,654,19
SGV065,654,SGV056,654,16
SGV066,654,SGV056,654,17
SGV067,654,SGV056,654,14
SGV068,654,SGV056,654,22
SGV069,654,SGV056,654,20
SGV070,654,SGV056,654,11
SGV071,654,SGV056,654,8
SGV072,654,SGV056,654,16
SGV073,654,SGV056,654,5
SGV075,654,SGV056,654,9
SGV077,654,SGV056,654,10
SGV078,654,SGV056,654,9
SGV079,654,SGV056,654,22
SGV080,654,SGV056,654,10
SGV081,0,SGV056,654,10
SGV082,0,SGV056,654,16
SGV002,516,SGV057,654,28410
SGV003,516,SGV057,654,28407
SGV004,654,SGV057,654,101
SGV005,516,SGV057,654,28286
SGV006,516,SGV057,654,29048
SGV007,516,SGV057,654,26308
SGV008,516,SGV057,654,28404
SGV009,516,SGV057,654,28008
SGV010,516,SGV057,654,28403
SGV011,516,SGV057,654,28302
SGV012,516,SGV057,654,26392
SGV013,516,SGV057,654,28379
SGV014,516,SGV057,654,26392
SGV016,516,SGV057,654,28082
SGV017,516,SGV057,654,28453
SGV018,2227,SGV057,654,291
SGV019,516,SGV057,654,28385
SGV020,516,SGV057,654,26176
SGV021,654,SGV057,654,11
SGV022,654,SGV057,654,9
SGV023,654,SGV057,654,13
SGV025,654,SGV057,654,11
SGV026,654,SGV057,654,11
SGV027,0,SGV057,654,12
SGV028,654,SGV057,654,13
SGV029,654,SGV057,654,12
SGV030,654,SGV057,654,16
SGV031,654,SGV057,654,13
SGV032,654,SGV057,654,15
SGV033,654,SGV057,654,15
SGV034,654,SGV057,654,16
SGV035,654,SGV057,654,11
SGV036,654,SGV057,654,11
SGV037,654,SGV057,654,14
SGV038,654,SGV057,654,16
SGV039,654,SGV057,654,10
SGV040,654,SGV057,654,18
SGV041,654,SGV057,654,14
SGV042,654,SGV057,654,14
SGV043,654,SGV057,654,17
SGV044,654,SGV057,654,15
SGV045,654,SGV057,654,17
SGV046,654,SGV057,654,11
SGV047,654,SGV057,654,19
SGV048,654,SGV057,654,11
SGV049,654,SGV057,654,15
SGV050,654,SGV057,654,9
SGV051,654,SGV057,654,18
SGV052,654,SGV057,654,8
SGV053,654,SGV057,654,9
SGV054,654,SGV057,654,11
SGV055,654,SGV057,654,10
SGV056,654,SGV057,654,10
SGV057,654,SGV057,654,0
SGV058,654,SGV057,654,8
SGV059,654,SGV057,654,6
SGV060,654,SGV057,654,21
SGV061,654,SGV057,654,19
SGV062,654,SGV057,654,8
SGV063,654,SGV057,654,14
SGV064,654,SGV057,654,17
SGV065,654,SGV057,654,14
SGV066,654,SGV057,654,15
SGV067,654,SGV057,654,12
SGV068,654,SGV057,654,20
SGV069,654,SGV057,654,18
SGV070,654,SGV057,654,9
SGV071,654,SGV057,654,6
SGV072,654,SGV057,654,14
SGV073,654,SGV057,654,9
SGV075,654,SGV057,654,7
SGV077,654,SGV057,654,8
SGV078,654,SGV057,654,7
SGV079,654,SGV057,654,20
SGV080,654,SGV057,654,10
SGV081,0,SGV057,654,8
SGV082,0,SGV057,654,14
SGV002,516,SGV058,654,28410
SGV003,516,SGV058,654,28407
SGV004,654,SGV058,654,101
SGV005,516,SGV058,654,28286
SGV006,516,SGV058,654,29048
SGV007,516,SGV058,654,26307
SGV008,516,SGV058,654,28404
SGV009,516,SGV058,654,28008
SGV010,516,SGV058,654,28403
SGV011,516,SGV058,654,28302
SGV012,516,SGV058,654,26391
SGV013,516,SGV058,654,28379
SGV014,516,SGV058,654,26391
SGV016,516,SGV058,654,28081
SGV017,516,SGV058,654,28453
SGV018,2227,SGV058,654,290
SGV019,516,SGV058,654,28385
SGV020,516,SGV058,654,26175
SGV021,654,SGV058,654,11
SGV022,654,SGV058,654,9
SGV023,654,SGV058,654,13
SGV025,654,SGV058,654,11
SGV026,654,SGV058,654,11
SGV027,0,SGV058,654,12
SGV028,654,SGV058,654,13
SGV029,654,SGV058,654,12
SGV030,654,SGV058,654,16
SGV031,654,SGV058,654,13
SGV032,654,SGV058,654,15
SGV033,654,SGV058,654,15
SGV034,654,SGV058,654,16
SGV035,654,SGV058,654,11
SGV036,654,SGV058,654,11
SGV037,654,SGV058,654,14
SGV038,654,SGV058,654,16
SGV039,654,SGV058,654,10
SGV040,654,SGV058,654,18
SGV041,654,SGV058,654,14
SGV042,654,SGV058,654,14
SGV043,654,SGV058,654,17
SGV044,654,SGV058,654,15
SGV045,654,SGV058,654,17
SGV046,654,SGV058,654,11
SGV047,654,SGV058,654,19
SGV048,654,SGV058,654,11
SGV049,654,SGV058,654,15
SGV050,654,SGV058,654,9
SGV051,654,SGV058,654,18
SGV052,654,SGV058,654,0
SGV053,654,SGV058,654,1
SGV054,654,SGV058,654,11
SGV055,654,SGV058,654,2
SGV056,654,SGV058,654,10
SGV057,654,SGV058,654,8
SGV058,654,SGV058,654,0
SGV059,654,SGV058,654,6
SGV060,654,SGV058,654,21
SGV061,654,SGV058,654,19
SGV062,654,SGV058,654,4
SGV063,654,SGV058,654,14
SGV064,654,SGV058,654,17
SGV065,654,SGV058,654,14
SGV066,654,SGV058,654,15
SGV067,654,SGV058,654,12
SGV068,654,SGV058,654,20
SGV069,654,SGV058,654,18
SGV070,654,SGV058,654,9
SGV071,654,SGV058,654,6
SGV072,654,SGV058,654,14
SGV073,654,SGV058,654,9
SGV075,654,SGV058,654,7
SGV077,654,SGV058,654,8
SGV078,654,SGV058,654,7
SGV079,654,SGV058,654,20
SGV080,654,SGV058,654,10
SGV081,0,SGV058,654,8
SGV082,0,SGV058,654,14
SGV002,516,SGV059,654,28408
SGV003,516,SGV059,654,28405
SGV004,654,SGV059,654,99
SGV005,516,SGV059,654,28284
SGV006,516,SGV059,654,29046
SGV007,516,SGV059,654,26305
SGV008,516,SGV059,654,28402
SGV009,516,SGV059,654,28006
SGV010,516,SGV059,654,28401
SGV011,516,SGV059,654,28300
SGV012,516,SGV059,654,26389
SGV013,516,SGV059,654,28377
SGV014,516,SGV059,654,26389
SGV016,516,SGV059,654,28079
SGV017,516,SGV059,654,28451
SGV018,2227,SGV059,654,289
SGV019,516,SGV059,654,28383
SGV020,516,SGV059,654,26173
SGV021,654,SGV059,654,9
SGV022,654,SGV059,654,7
SGV023,654,SGV059,654,11
SGV025,654,SGV059,654,9
SGV026,654,SGV059,654,9
SGV027,0,SGV059,654,11
SGV028,654,SGV059,654,11
SGV029,654,SGV059,654,10
SGV030,654,SGV059,654,14
SGV031,654,SGV059,654,11
SGV032,654,SGV059,654,13
SGV033,654,SGV059,654,13
SGV034,654,SGV059,654,14
SGV035,654,SGV059,654,9
SGV036,654,SGV059,654,9
SGV037,654,SGV059,654,12
SGV038,654,SGV059,654,14
SGV039,654,SGV059,654,8
SGV040,654,SGV059,654,16
SGV041,654,SGV059,654,12
SGV042,654,SGV059,654,12
SGV043,654,SGV059,654,15
SGV044,654,SGV059,654,13
SGV045,654,SGV059,654,15
SGV046,654,SGV059,654,9
SGV047,654,SGV059,654,17
SGV048,654,SGV059,654,9
SGV049,654,SGV059,654,13
SGV050,654,SGV059,654,7
SGV051,654,SGV059,654,16
SGV052,654,SGV059,654,6
SGV053,654,SGV059,654,7
SGV054,654,SGV059,654,9
SGV055,654,SGV059,654,8
SGV056,654,SGV059,654,8
SGV057,654,SGV059,654,6
SGV058,654,SGV059,654,6
SGV059,654,SGV059,654,0
SGV060,654,SGV059,654,19
SGV061,654,SGV059,654,17
SGV062,654,SGV059,654,6
SGV063,654,SGV059,654,12
SGV064,654,SGV059,654,15
SGV065,654,SGV059,654,12
SGV066,654,SGV059,654,13
SGV067,654,SGV059,654,10
SGV068,654,SGV059,654,18
SGV069,654,SGV059,654,16
SGV070,654,SGV059,654,7
SGV071,654,SGV059,654,4
SGV072,654,SGV059,654,12
SGV073,654,SGV059,654,7
SGV075,654,SGV059,654,5
SGV077,654,SGV059,654,6
SGV078,654,SGV059,654,5
SGV079,654,SGV059,654,18
SGV080,654,SGV059,654,8
SGV081,0,SGV059,654,6
SGV082,0,SGV059,654,12
SGV002,516,SGV060,654,28417
SGV003,516,SGV060,654,28414
SGV004,654,SGV060,654,108
SGV005,516,SGV060,654,28293
SGV006,516,SGV060,654,29055
SGV007,516,SGV060,654,26313
SGV008,516,SGV060,654,28411
SGV009,516,SGV060,654,28015
SGV010,516,SGV060,654,28410
SGV011,516,SGV060,654,28309
SGV012,516,SGV060,654,26397
SGV013,516,SGV060,654,28386
SGV014,516,SGV060,654,26397
SGV016,516,SGV060,654,28088
SGV017,516,SGV060,654,28460
SGV018,2227,SGV060,654,298
SGV019,516,SGV060,654,28392
SGV020,516,SGV060,654,26181
SGV021,654,SGV060,654,20
SGV022,654,SGV060,654,22
SGV023,654,SGV060,654,14
SGV025,654,SGV060,654,20
SGV026,654,SGV060,654,20
SGV027,0,SGV060,654,14
SGV028,654,SGV060,654,8
SGV029,654,SGV060,654,20
SGV030,654,SGV060,654,25
SGV031,654,SGV060,654,14
SGV032,654,SGV060,654,16
SGV033,654,SGV060,654,24
SGV034,654,SGV060,654,5
SGV035,654,SGV060,654,20
SGV036,654,SGV060,654,20
SGV037,654,SGV060,654,23
SGV038,654,SGV060,654,17
SGV039,654,SGV060,654,19
SGV040,654,SGV060,654,19
SGV041,654,SGV060,654,23
SGV042,654,SGV060,654,23
SGV043,654,SGV060,654,26
SGV044,654,SGV060,654,24
SGV045,654,SGV060,654,12
SGV046,654,SGV060,654,24
SGV047,654,SGV060,654,28
SGV048,654,SGV060,654,24
SGV049,654,SGV060,654,10
SGV050,654,SGV060,654,22
SGV051,654,SGV060,654,19
SGV052,654,SGV060,654,21
SGV053,654,SGV060,654,22
SGV054,654,SGV060,654,20
SGV055,654,SGV060,654,23
SGV056,654,SGV060,654,23
SGV057,654,SGV060,654,21
SGV058,654,SGV060,654,21
SGV059,654,SGV060,654,19
SGV060,654,SGV060,654,0
SGV061,654,SGV060,654,28
SGV062,654,SGV060,654,21
SGV063,654,SGV060,654,23
SGV064,654,SGV060,654,18
SGV065,654,SGV060,654,23
SGV066,654,SGV060,654,24
SGV067,654,SGV060,654,25
SGV068,654,SGV060,654,29
SGV069,654,SGV060,654,19
SGV070,654,SGV060,654,22
SGV071,654,SGV060,654,15
SGV072,654,SGV060,654,9
SGV073,654,SGV060,654,22
SGV075,654,SGV060,654,20
SGV077,654,SGV060,654,21
SGV078,654,SGV060,654,20
SGV079,654,SGV060,654,21
SGV080,654,SGV060,654,23
SGV081,0,SGV060,654,15
SGV082,0,SGV060,654,23
SGV002,516,SGV061,654,28416
SGV003,516,SGV061,654,28413
SGV004,654,SGV061,654,108
SGV005,516,SGV061,654,28292
SGV006,516,SGV061,654,29055
SGV007,516,SGV061,654,26312
SGV008,516,SGV061,654,28410
SGV009,516,SGV061,654,28014
SGV010,516,SGV061,654,28409
SGV011,516,SGV061,654,28308
SGV012,516,SGV061,654,26396
SGV013,516,SGV061,654,28385
SGV014,516,SGV061,654,26396
SGV016,516,SGV061,654,28087
SGV017,516,SGV061,654,28459
SGV018,2227,SGV061,654,298
SGV019,516,SGV061,654,28391
SGV020,516,SGV061,654,26180
SGV021,654,SGV061,654,18
SGV022,654,SGV061,654,20
SGV023,654,SGV061,654,20
SGV025,654,SGV061,654,18
SGV026,654,SGV061,654,18
SGV027,0,SGV061,654,18
SGV028,654,SGV061,654,20
SGV029,654,SGV061,654,19
SGV030,654,SGV061,654,23
SGV031,654,SGV061,654,20
SGV032,654,SGV061,654,22
SGV033,654,SGV061,654,22
SGV034,654,SGV061,654,23
SGV035,654,SGV061,654,18
SGV036,654,SGV061,654,18
SGV037,654,SGV061,654,21
SGV038,654,SGV061,654,23
SGV039,654,SGV061,654,17
SGV040,654,SGV061,654,25
SGV041,654,SGV061,654,21
SGV042,654,SGV061,654,9
SGV043,654,SGV061,654,24
SGV044,654,SGV061,654,22
SGV045,654,SGV061,654,24
SGV046,654,SGV061,654,22
SGV047,654,SGV061,654,26
SGV048,654,SGV061,654,22
SGV049,654,SGV061,654,22
SGV050,654,SGV061,654,20
SGV051,654,SGV061,654,25
SGV052,654,SGV061,654,19
SGV053,654,SGV061,654,20
SGV054,654,SGV061,654,18
SGV055,654,SGV061,654,21
SGV056,654,SGV061,654,21
SGV057,654,SGV061,654,19
SGV058,654,SGV061,654,19
SGV059,654,SGV061,654,17
SGV060,654,SGV061,654,28
SGV061,654,SGV061,654,0
SGV062,654,SGV061,654,19
SGV063,654,SGV061,654,21
SGV064,654,SGV061,654,24
SGV065,654,SGV061,654,5
SGV066,654,SGV061,654,22
SGV067,654,SGV061,654,23
SGV068,654,SGV061,654,27
SGV069,654,SGV061,654,25
SGV070,654,SGV061,654,20
SGV071,654,SGV061,654,13
SGV072,654,SGV061,654,21
SGV073,654,SGV061,654,20
SGV075,654,SGV061,654,18
SGV077,654,SGV061,654,19
SGV078,654,SGV061,654,18
SGV079,654,SGV061,654,27
SGV080,654,SGV061,654,21
SGV081,0,SGV061,654,15
SGV082,0,SGV061,654,20
SGV002,516,SGV062,654,28410
SGV003,516,SGV062,654,28407
SGV004,654,SGV062,654,101
SGV005,516,SGV062,654,28286
SGV006,516,SGV062,654,29048
SGV007,516,SGV062,654,26307
SGV008,516,SGV062,654,28404
SGV009,516,SGV062,654,28008
SGV010,516,SGV062,654,28403
SGV011,516,SGV062,654,28302
SGV012,516,SGV062,654,26391
SGV013,516,SGV062,654,28379
SGV014,516,SGV062,654,26391
SGV016,516,SGV062,654,28080
SGV017,516,SGV062,654,28453
SGV018,2227,SGV062,654,290
SGV019,516,SGV062,654,28385
SGV020,516,SGV062,654,26174
SGV021,654,SGV062,654,9
SGV022,654,SGV062,654,9
SGV023,654,SGV062,654,13
SGV025,654,SGV062,654,9
SGV026,654,SGV062,654,9
SGV027,0,SGV062,654,12
SGV028,654,SGV062,654,13
SGV029,654,SGV062,654,10
SGV030,654,SGV062,654,14
SGV031,654,SGV062,654,13
SGV032,654,SGV062,654,15
SGV033,654,SGV062,654,13
SGV034,654,SGV062,654,16
SGV035,654,SGV062,654,9
SGV036,654,SGV062,654,9
SGV037,654,SGV062,654,12
SGV038,654,SGV062,654,16
SGV039,654,SGV062,654,8
SGV040,654,SGV062,654,16
SGV041,654,SGV062,654,12
SGV042,654,SGV062,654,14
SGV043,654,SGV062,654,15
SGV044,654,SGV062,654,13
SGV045,654,SGV062,654,17
SGV046,654,SGV062,654,11
SGV047,654,SGV062,654,17
SGV048,654,SGV062,654,10
SGV049,654,SGV062,654,15
SGV050,654,SGV062,654,9
SGV051,654,SGV062,654,18
SGV052,654,SGV062,654,4
SGV053,654,SGV062,654,5
SGV054,654,SGV062,654,9
SGV055,654,SGV062,654,5
SGV056,654,SGV062,654,10
SGV057,654,SGV062,654,8
SGV058,654,SGV062,654,4
SGV059,654,SGV062,654,6
SGV060,654,SGV062,654,21
SGV061,654,SGV062,654,19
SGV062,654,SGV062,654,0
SGV063,654,SGV062,654,12
SGV064,654,SGV062,654,17
SGV065,654,SGV062,654,14
SGV066,654,SGV062,654,13
SGV067,654,SGV062,654,12
SGV068,654,SGV062,654,18
SGV069,654,SGV062,654,18
SGV070,654,SGV062,654,9
SGV071,654,SGV062,654,6
SGV072,654,SGV062,654,14
SGV073,654,SGV062,654,9
SGV075,654,SGV062,654,7
SGV077,654,SGV062,654,8
SGV078,654,SGV062,654,7
SGV079,654,SGV062,654,20
SGV080,654,SGV062,654,10
SGV081,0,SGV062,654,7
SGV082,0,SGV062,654,13
SGV002,516,SGV063,654,28412
SGV003,516,SGV063,654,28409
SGV004,654,SGV063,654,103
SGV005,516,SGV063,654,28288
SGV006,516,SGV063,654,29050
SGV007,516,SGV063,654,26309
SGV008,516,SGV063,654,28406
SGV009,516,SGV063,654,28009
SGV010,516,SGV063,654,28405
SGV011,516,SGV063,654,28303
SGV012,516,SGV063,654,26393
SGV013,516,SGV063,654,28381
SGV014,516,SGV063,654,26393
SGV016,516,SGV063,654,28082
SGV017,516,SGV063,654,28455
SGV018,2227,SGV063,654,293
SGV019,516,SGV063,654,28387
SGV020,516,SGV063,654,26176
SGV021,654,SGV063,654,3
SGV022,654,SGV063,654,15
SGV023,654,SGV063,654,15
SGV025,654,SGV063,654,3
SGV026,654,SGV063,654,5
SGV027,0,SGV063,654,15
SGV028,654,SGV063,654,15
SGV029,654,SGV063,654,4
SGV030,654,SGV063,654,8
SGV031,654,SGV063,654,15
SGV032,654,SGV063,654,17
SGV033,654,SGV063,654,3
SGV034,654,SGV063,654,18
SGV035,654,SGV063,654,5
SGV036,654,SGV063,654,5
SGV037,654,SGV063,654,6
SGV038,654,SGV063,654,18
SGV039,654,SGV063,654,4
SGV040,654,SGV063,654,18
SGV041,654,SGV063,654,6
SGV042,654,SGV063,654,16
SGV043,654,SGV063,654,9
SGV044,654,SGV063,654,7
SGV045,654,SGV063,654,19
SGV046,654,SGV063,654,17
SGV047,654,SGV063,654,11
SGV048,654,SGV063,654,16
SGV049,654,SGV063,654,17
SGV050,654,SGV063,654,15
SGV051,654,SGV063,654,20
SGV052,654,SGV063,654,14
SGV053,654,SGV063,654,15
SGV054,654,SGV063,654,5
SGV055,654,SGV063,654,15
SGV056,654,SGV063,654,16
SGV057,654,SGV063,654,14
SGV058,654,SGV063,654,14
SGV059,654,SGV063,654,12
SGV060,654,SGV063,654,23
SGV061,654,SGV063,654,21
SGV062,654,SGV063,654,12
SGV063,654,SGV063,654,0
SGV064,654,SGV063,654,19
SGV065,654,SGV063,654,16
SGV066,654,SGV063,654,7
SGV067,654,SGV063,654,18
SGV068,654,SGV063,654,12
SGV069,654,SGV063,654,20
SGV070,654,SGV063,654,15
SGV071,654,SGV063,654,8
SGV072,654,SGV063,654,16
SGV073,654,SGV063,654,15
SGV075,654,SGV063,654,13
SGV077,654,SGV063,654,14
SGV078,654,SGV063,654,13
SGV079,654,SGV063,654,22
SGV080,654,SGV063,654,16
SGV081,0,SGV063,654,9
SGV082,0,SGV063,654,7
SGV002,516,SGV064,654,28413
SGV003,516,SGV064,654,28410
SGV004,654,SGV064,654,104
SGV005,516,SGV064,654,28289
SGV006,516,SGV064,654,29050
SGV007,516,SGV064,654,26310
SGV008,516,SGV064,654,28407
SGV009,516,SGV064,654,28011
SGV010,516,SGV064,654,28406
SGV011,516,SGV064,654,28305
SGV012,516,SGV064,654,26394
SGV013,516,SGV064,654,28382
SGV014,516,SGV064,654,26393
SGV016,516,SGV064,654,28084
SGV017,516,SGV064,654,28456
SGV018,2227,SGV064,654,293
SGV019,516,SGV064,654,28388
SGV020,516,SGV064,654,26178
SGV021,654,SGV064,654,16
SGV022,654,SGV064,654,18
SGV023,654,SGV064,654,8
SGV025,654,SGV064,654,16
SGV026,654,SGV064,654,16
SGV027,0,SGV064,654,8
SGV028,654,SGV064,654,10
SGV029,654,SGV064,654,16
SGV030,654,SGV064,654,20
SGV031,654,SGV064,654,6
SGV032,654,SGV064,654,8
SGV033,654,SGV064,654,20
SGV034,654,SGV064,654,13
SGV035,654,SGV064,654,16
SGV036,654,SGV064,654,16
SGV037,654,SGV064,654,19
SGV038,654,SGV064,654,11
SGV039,654,SGV064,654,15
SGV040,654,SGV064,654,9
SGV041,654,SGV064,654,19
SGV042,654,SGV064,654,19
SGV043,654,SGV064,654,22
SGV044,654,SGV064,654,20
SGV045,654,SGV064,654,14
SGV046,654,SGV064,654,20
SGV047,654,SGV064,654,24
SGV048,654,SGV064,654,20
SGV049,654,SGV064,654,12
SGV050,654,SGV064,654,18
SGV051,654,SGV064,654,9
SGV052,654,SGV064,654,17
SGV053,654,SGV064,654,18
SGV054,654,SGV064,654,16
SGV055,654,SGV064,654,19
SGV056,654,SGV064,654,19
SGV057,654,SGV064,654,17
SGV058,654,SGV064,654,17
SGV059,654,SGV064,654,15
SGV060,654,SGV064,654,18
SGV061,654,SGV064,654,24
SGV062,654,SGV064,654,17
SGV063,654,SGV064,654,19
SGV064,654,SGV064,654,0
SGV065,654,SGV064,654,19
SGV066,654,SGV064,654,20
SGV067,654,SGV064,654,21
SGV068,654,SGV064,654,25
SGV069,654,SGV064,654,11
SGV070,654,SGV064,654,18
SGV071,654,SGV064,654,11
SGV072,654,SGV064,654,11
SGV073,654,SGV064,654,18
SGV075,654,SGV064,654,16
SGV077,654,SGV064,654,17
SGV078,654,SGV064,654,16
SGV079,654,SGV064,654,11
SGV080,654,SGV064,654,19
SGV081,0,SGV064,654,9
SGV082,0,SGV064,654,19
SGV002,516,SGV065,654,28411
SGV003,516,SGV065,654,28408
SGV004,654,SGV065,654,103
SGV005,516,SGV065,654,28287
SGV006,516,SGV065,654,29050
SGV007,516,SGV065,654,26307
SGV008,516,SGV065,654,28405
SGV009,516,SGV065,654,28009
SGV010,516,SGV065,654,28404
SGV011,516,SGV065,654,28303
SGV012,516,SGV065,654,26391
SGV013,516,SGV065,654,28380
SGV014,516,SGV065,654,26391
SGV016,516,SGV065,654,28082
SGV017,516,SGV065,654,28454
SGV018,2227,SGV065,654,293
SGV019,516,SGV065,654,28386
SGV020,516,SGV065,654,26175
SGV021,654,SGV065,654,13
SGV022,654,SGV065,654,15
SGV023,654,SGV065,654,15
SGV025,654,SGV065,654,13
SGV026,654,SGV065,654,13
SGV027,0,SGV065,654,13
SGV028,654,SGV065,654,15
SGV029,654,SGV065,654,14
SGV030,654,SGV065,654,18
SGV031,654,SGV065,654,15
SGV032,654,SGV065,654,17
SGV033,654,SGV065,654,17
SGV034,654,SGV065,654,18
SGV035,654,SGV065,654,13
SGV036,654,SGV065,654,13
SGV037,654,SGV065,654,16
SGV038,654,SGV065,654,18
SGV039,654,SGV065,654,12
SGV040,654,SGV065,654,20
SGV041,654,SGV065,654,16
SGV042,654,SGV065,654,4
SGV043,654,SGV065,654,19
SGV044,654,SGV065,654,17
SGV045,654,SGV065,654,19
SGV046,654,SGV065,654,17
SGV047,654,SGV065,654,21
SGV048,654,SGV065,654,17
SGV049,654,SGV065,654,17
SGV050,654,SGV065,654,15
SGV051,654,SGV065,654,20
SGV052,654,SGV065,654,14
SGV053,654,SGV065,654,15
SGV054,654,SGV065,654,13
SGV055,654,SGV065,654,16
SGV056,654,SGV065,654,16
SGV057,654,SGV065,654,14
SGV058,654,SGV065,654,14
SGV059,654,SGV065,654,12
SGV060,654,SGV065,654,23
SGV061,654,SGV065,654,5
SGV062,654,SGV065,654,14
SGV063,654,SGV065,654,16
SGV064,654,SGV065,654,19
SGV065,654,SGV065,654,0
SGV066,654,SGV065,654,17
SGV067,654,SGV065,654,18
SGV068,654,SGV065,654,22
SGV069,654,SGV065,654,20
SGV070,654,SGV065,654,15
SGV071,654,SGV065,654,8
SGV072,654,SGV065,654,16
SGV073,654,SGV065,654,15
SGV075,654,SGV065,654,13
SGV077,654,SGV065,654,14
SGV078,654,SGV065,654,13
SGV079,654,SGV065,654,22
SGV080,654,SGV065,654,16
SGV081,0,SGV065,654,10
SGV082,0,SGV065,654,15
SGV002,516,SGV066,654,28413
SGV003,516,SGV066,654,28410
SGV004,654,SGV066,654,104
SGV005,516,SGV066,654,28289
SGV006,516,SGV066,654,29050
SGV007,516,SGV066,654,26310
SGV008,516,SGV066,654,28407
SGV009,516,SGV066,654,28010
SGV010,516,SGV066,654,28406
SGV011,516,SGV066,654,28304
SGV012,516,SGV066,654,26394
SGV013,516,SGV066,654,28382
SGV014,516,SGV066,654,26394
SGV016,516,SGV066,654,28083
SGV017,516,SGV066,654,28456
SGV018,2227,SGV066,654,292
SGV019,516,SGV066,654,28388
SGV020,516,SGV066,654,26177
SGV021,654,SGV066,654,4
SGV022,654,SGV066,654,16
SGV023,654,SGV066,654,16
SGV025,654,SGV066,654,4
SGV026,654,SGV066,654,6
SGV027,0,SGV066,654,15
SGV028,654,SGV066,654,16
SGV029,654,SGV066,654,5
SGV030,654,SGV066,654,9
SGV031,654,SGV066,654,16
SGV032,654,SGV066,654,18
SGV033,654,SGV066,654,8
SGV034,654,SGV066,654,19
SGV035,654,SGV066,654,6
SGV036,654,SGV066,654,6
SGV037,654,SGV066,654,7
SGV038,654,SGV066,654,19
SGV039,654,SGV066,654,5
SGV040,654,SGV066,654,19
SGV041,654,SGV066,654,7
SGV042,654,SGV066,654,17
SGV043,654,SGV066,654,8
SGV044,654,SGV066,654,8
SGV045,654,SGV066,654,20
SGV046,654,SGV066,654,18
SGV047,654,SGV066,654,12
SGV048,654,SGV066,654,17
SGV049,654,SGV066,654,18
SGV050,654,SGV066,654,16
SGV051,654,SGV066,654,21
SGV052,654,SGV066,654,15
SGV053,654,SGV066,654,16
SGV054,654,SGV066,654,6
SGV055,654,SGV066,654,16
SGV056,654,SGV066,654,17
SGV057,654,SGV066,654,15
SGV058,654,SGV066,654,15
SGV059,654,SGV066,654,13
SGV060,654,SGV066,654,24
SGV061,654,SGV066,654,22
SGV062,654,SGV066,654,13
SGV063,654,SGV066,654,7
SGV064,654,SGV066,654,20
SGV065,654,SGV066,654,17
SGV066,654,SGV066,654,0
SGV067,654,SGV066,654,19
SGV068,654,SGV066,654,13
SGV069,654,SGV066,654,21
SGV070,654,SGV066,654,16
SGV071,654,SGV066,654,9
SGV072,654,SGV066,654,17
SGV073,654,SGV066,654,16
SGV075,654,SGV066,654,14
SGV077,654,SGV066,654,15
SGV078,654,SGV066,654,14
SGV079,654,SGV066,654,23
SGV080,654,SGV066,654,17
SGV081,0,SGV066,654,10
SGV082,0,SGV066,654,4
SGV002,516,SGV067,654,28414
SGV003,516,SGV067,654,28411
SGV004,654,SGV067,654,105
SGV005,516,SGV067,654,28290
SGV006,516,SGV067,654,29052
SGV007,516,SGV067,654,26309
SGV008,516,SGV067,654,28408
SGV009,516,SGV067,654,28012
SGV010,516,SGV067,654,28407
SGV011,516,SGV067,654,28306
SGV012,516,SGV067,654,26393
SGV013,516,SGV067,654,28383
SGV014,516,SGV067,654,26393
SGV016,516,SGV067,654,28085
SGV017,516,SGV067,654,28457
SGV018,2227,SGV067,654,295
SGV019,516,SGV067,654,28389
SGV020,516,SGV067,654,26177
SGV021,654,SGV067,654,15
SGV022,654,SGV067,654,13
SGV023,654,SGV067,654,17
SGV025,654,SGV067,654,15
SGV026,654,SGV067,654,15
SGV027,0,SGV067,654,17
SGV028,654,SGV067,654,17
SGV029,654,SGV067,654,16
SGV030,654,SGV067,654,20
SGV031,654,SGV067,654,17
SGV032,654,SGV067,654,19
SGV033,654,SGV067,654,19
SGV034,654,SGV067,654,20
SGV035,654,SGV067,654,15
SGV036,654,SGV067,654,15
SGV037,654,SGV067,654,18
SGV038,654,SGV067,654,20
SGV039,654,SGV067,654,14
SGV040,654,SGV067,654,22
SGV041,654,SGV067,654,18
SGV042,654,SGV067,654,18
SGV043,654,SGV067,654,21
SGV044,654,SGV067,654,19
SGV045,654,SGV067,654,21
SGV046,654,SGV067,654,3
SGV047,654,SGV067,654,23
SGV048,654,SGV067,654,3
SGV049,654,SGV067,654,19
SGV050,654,SGV067,654,13
SGV051,654,SGV067,654,22
SGV052,654,SGV067,654,12
SGV053,654,SGV067,654,13
SGV054,654,SGV067,654,15
SGV055,654,SGV067,654,14
SGV056,654,SGV067,654,14
SGV057,654,SGV067,654,12
SGV058,654,SGV067,654,12
SGV059,654,SGV067,654,10
SGV060,654,SGV067,654,25
SGV061,654,SGV067,654,23
SGV062,654,SGV067,654,12
SGV063,654,SGV067,654,18
SGV064,654,SGV067,654,21
SGV065,654,SGV067,654,18
SGV066,654,SGV067,654,19
SGV067,654,SGV067,654,0
SGV068,654,SGV067,654,24
SGV069,654,SGV067,654,22
SGV070,654,SGV067,654,13
SGV071,654,SGV067,654,10
SGV072,654,SGV067,654,18
SGV073,654,SGV067,654,13
SGV075,654,SGV067,654,11
SGV077,654,SGV067,654,10
SGV078,654,SGV067,654,11
SGV079,654,SGV067,654,24
SGV080,654,SGV067,654,14
SGV081,0,SGV067,654,12
SGV082,0,SGV067,654,18
SGV002,516,SGV068,654,28418
SGV003,516,SGV068,654,28415
SGV004,654,SGV068,654,109
SGV005,516,SGV068,654,28294
SGV006,516,SGV068,654,29055
SGV007,516,SGV068,654,26315
SGV008,516,SGV068,654,28412
SGV009,516,SGV068,654,28015
SGV010,516,SGV068,654,28410
SGV011,516,SGV068,654,28309
SGV012,516,SGV068,654,26399
SGV013,516,SGV068,654,28387
SGV014,516,SGV068,654,26399
SGV016,516,SGV068,654,28088
SGV017,516,SGV068,654,28461
SGV018,2227,SGV068,654,299
SGV019,516,SGV068,654,28393
SGV020,516,SGV068,654,26182
SGV021,654,SGV068,654,9
SGV022,654,SGV068,654,21
SGV023,654,SGV068,654,21
SGV025,654,SGV068,654,9
SGV026,654,SGV068,654,11
SGV027,0,SGV068,654,21
SGV028,654,SGV068,654,21
SGV029,654,SGV068,654,10
SGV030,654,SGV068,654,14
SGV031,654,SGV068,654,21
SGV032,654,SGV068,654,23
SGV033,654,SGV068,654,13
SGV034,654,SGV068,654,24
SGV035,654,SGV068,654,9
SGV036,654,SGV068,654,11
SGV037,654,SGV068,654,8
SGV038,654,SGV068,654,24
SGV039,654,SGV068,654,10
SGV040,654,SGV068,654,24
SGV041,654,SGV068,654,12
SGV042,654,SGV068,654,22
SGV043,654,SGV068,654,15
SGV044,654,SGV068,654,13
SGV045,654,SGV068,654,25
SGV046,654,SGV068,654,23
SGV047,654,SGV068,654,1
SGV048,654,SGV068,654,22
SGV049,654,SGV068,654,23
SGV050,654,SGV068,654,21
SGV051,654,SGV068,654,26
SGV052,654,SGV068,654,20
SGV053,654,SGV068,654,21
SGV054,654,SGV068,654,11
SGV055,654,SGV068,654,21
SGV056,654,SGV068,654,22
SGV057,654,SGV068,654,20
SGV058,654,SGV068,654,20
SGV059,654,SGV068,654,18
SGV060,654,SGV068,654,29
SGV061,654,SGV068,654,27
SGV062,654,SGV068,654,18
SGV063,654,SGV068,654,12
SGV064,654,SGV068,654,25
SGV065,654,SGV068,654,22
SGV066,654,SGV068,654,13
SGV067,654,SGV068,654,24
SGV068,654,SGV068,654,0
SGV069,654,SGV068,654,26
SGV070,654,SGV068,654,21
SGV071,654,SGV068,654,14
SGV072,654,SGV068,654,22
SGV073,654,SGV068,654,21
SGV075,654,SGV068,654,19
SGV077,654,SGV068,654,20
SGV078,654,SGV068,654,19
SGV079,654,SGV068,654,28
SGV080,654,SGV068,654,22
SGV081,0,SGV068,654,15
SGV082,0,SGV068,654,13
SGV002,516,SGV069,654,28415
SGV003,516,SGV069,654,28412
SGV004,654,SGV069,654,105
SGV005,516,SGV069,654,28291
SGV006,516,SGV069,654,29052
SGV007,516,SGV069,654,26312
SGV008,516,SGV069,654,28409
SGV009,516,SGV069,654,28013
SGV010,516,SGV069,654,28408
SGV011,516,SGV069,654,28307
SGV012,516,SGV069,654,26396
SGV013,516,SGV069,654,28384
SGV014,516,SGV069,654,26395
SGV016,516,SGV069,654,28086
SGV017,516,SGV069,654,28458
SGV018,2227,SGV069,654,293
SGV019,516,SGV069,654,28390
SGV020,516,SGV069,654,26180
SGV021,654,SGV069,654,17
SGV022,654,SGV069,654,19
SGV023,654,SGV069,654,9
SGV025,654,SGV069,654,17
SGV026,654,SGV069,654,17
SGV027,0,SGV069,654,8
SGV028,654,SGV069,654,11
SGV029,654,SGV069,654,17
SGV030,654,SGV069,654,21
SGV031,654,SGV069,654,5
SGV032,654,SGV069,654,9
SGV033,654,SGV069,654,21
SGV034,654,SGV069,654,14
SGV035,654,SGV069,654,17
SGV036,654,SGV069,654,17
SGV037,654,SGV069,654,20
SGV038,654,SGV069,654,12
SGV039,654,SGV069,654,16
SGV040,654,SGV069,654,12
SGV041,654,SGV069,654,20
SGV042,654,SGV069,654,20
SGV043,654,SGV069,654,23
SGV044,654,SGV069,654,21
SGV045,654,SGV069,654,15
SGV046,654,SGV069,654,21
SGV047,654,SGV069,654,25
SGV048,654,SGV069,654,21
SGV049,654,SGV069,654,13
SGV050,654,SGV069,654,19
SGV051,654,SGV069,654,12
SGV052,654,SGV069,654,18
SGV053,654,SGV069,654,19
SGV054,654,SGV069,654,17
SGV055,654,SGV069,654,20
SGV056,654,SGV069,654,20
SGV057,654,SGV069,654,18
SGV058,654,SGV069,654,18
SGV059,654,SGV069,654,16
SGV060,654,SGV069,654,19
SGV061,654,SGV069,654,25
SGV062,654,SGV069,654,18
SGV063,654,SGV069,654,20
SGV064,654,SGV069,654,11
SGV065,654,SGV069,654,20
SGV066,654,SGV069,654,21
SGV067,654,SGV069,654,22
SGV068,654,SGV069,654,26
SGV069,654,SGV069,654,0
SGV070,654,SGV069,654,19
SGV071,654,SGV069,654,12
SGV072,654,SGV069,654,12
SGV073,654,SGV069,654,19
SGV075,654,SGV069,654,17
SGV077,654,SGV069,654,18
SGV078,654,SGV069,654,17
SGV079,654,SGV069,654,14
SGV080,654,SGV069,654,20
SGV081,0,SGV069,654,12
SGV082,0,SGV069,654,20
SGV002,516,SGV070,654,28412
SGV003,516,SGV070,654,28409
SGV004,654,SGV070,654,102
SGV005,516,SGV070,654,28288
SGV006,516,SGV070,654,29037
SGV007,516,SGV070,654,26309
SGV008,516,SGV070,654,28406
SGV009,516,SGV070,654,28010
SGV010,516,SGV070,654,28405
SGV011,516,SGV070,654,28304
SGV012,516,SGV070,654,26393
SGV013,516,SGV070,654,28381
SGV014,516,SGV070,654,26393
SGV016,516,SGV070,654,28083
SGV017,516,SGV070,654,28455
SGV018,2227,SGV070,654,292
SGV019,516,SGV070,654,28387
SGV020,516,SGV070,654,26177
SGV021,654,SGV070,654,12
SGV022,654,SGV070,654,10
SGV023,654,SGV070,654,14
SGV025,654,SGV070,654,12
SGV026,654,SGV070,654,12
SGV027,0,SGV070,654,14
SGV028,654,SGV070,654,14
SGV029,654,SGV070,654,13
SGV030,654,SGV070,654,17
SGV031,654,SGV070,654,14
SGV032,654,SGV070,654,16
SGV033,654,SGV070,654,16
SGV034,654,SGV070,654,17
SGV035,654,SGV070,654,12
SGV036,654,SGV070,654,12
SGV037,654,SGV070,654,15
SGV038,654,SGV070,654,17
SGV039,654,SGV070,654,11
SGV040,654,SGV070,654,19
SGV041,654,SGV070,654,15
SGV042,654,SGV070,654,15
SGV043,654,SGV070,654,18
SGV044,654,SGV070,654,16
SGV045,654,SGV070,654,18
SGV046,654,SGV070,654,12
SGV047,654,SGV070,654,20
SGV048,654,SGV070,654,12
SGV049,654,SGV070,654,16
SGV050,654,SGV070,654,10
SGV051,654,SGV070,654,19
SGV052,654,SGV070,654,9
SGV053,654,SGV070,654,10
SGV054,654,SGV070,654,12
SGV055,654,SGV070,654,11
SGV056,654,SGV070,654,11
SGV057,654,SGV070,654,9
SGV058,654,SGV070,654,9
SGV059,654,SGV070,654,7
SGV060,654,SGV070,654,22
SGV061,654,SGV070,654,20
SGV062,654,SGV070,654,9
SGV063,654,SGV070,654,15
SGV064,654,SGV070,654,18
SGV065,654,SGV070,654,15
SGV066,654,SGV070,654,16
SGV067,654,SGV070,654,13
SGV068,654,SGV070,654,21
SGV069,654,SGV070,654,19
SGV070,654,SGV070,654,0
SGV071,654,SGV070,654,7
SGV072,654,SGV070,654,15
SGV073,654,SGV070,654,10
SGV075,654,SGV070,654,8
SGV077,654,SGV070,654,9
SGV078,654,SGV070,654,8
SGV079,654,SGV070,654,21
SGV080,654,SGV070,654,11
SGV081,0,SGV070,654,9
SGV082,0,SGV070,654,15
SGV002,516,SGV071,654,28405
SGV003,516,SGV071,654,28402
SGV004,654,SGV071,654,95
SGV005,516,SGV071,654,28281
SGV006,516,SGV071,654,29043
SGV007,516,SGV071,654,26302
SGV008,516,SGV071,654,28399
SGV009,516,SGV071,654,28003
SGV010,516,SGV071,654,28398
SGV011,516,SGV071,654,28297
SGV012,516,SGV071,654,26386
SGV013,516,SGV071,654,28374
SGV014,516,SGV071,654,26386
SGV016,516,SGV071,654,28076
SGV017,516,SGV071,654,28448
SGV018,2227,SGV071,654,285
SGV019,516,SGV071,654,28380
SGV020,516,SGV071,654,26170
SGV021,654,SGV071,654,5
SGV022,654,SGV071,654,7
SGV023,654,SGV071,654,7
SGV025,654,SGV071,654,5
SGV026,654,SGV071,654,5
SGV027,0,SGV071,654,7
SGV028,654,SGV071,654,7
SGV029,654,SGV071,654,6
SGV030,654,SGV071,654,10
SGV031,654,SGV071,654,7
SGV032,654,SGV071,654,9
SGV033,654,SGV071,654,9
SGV034,654,SGV071,654,10
SGV035,654,SGV071,654,5
SGV036,654,SGV071,654,5
SGV037,654,SGV071,654,8
SGV038,654,SGV071,654,10
SGV039,654,SGV071,654,4
SGV040,654,SGV071,654,12
SGV041,654,SGV071,654,8
SGV042,654,SGV071,654,8
SGV043,654,SGV071,654,11
SGV044,654,SGV071,654,9
SGV045,654,SGV071,654,11
SGV046,654,SGV071,654,9
SGV047,654,SGV071,654,13
SGV048,654,SGV071,654,9
SGV049,654,SGV071,654,9
SGV050,654,SGV071,654,7
SGV051,654,SGV071,654,12
SGV052,654,SGV071,654,6
SGV053,654,SGV071,654,7
SGV054,654,SGV071,654,5
SGV055,654,SGV071,654,8
SGV056,654,SGV071,654,8
SGV057,654,SGV071,654,6
SGV058,654,SGV071,654,6
SGV059,654,SGV071,654,4
SGV060,654,SGV071,654,15
SGV061,654,SGV071,654,13
SGV062,654,SGV071,654,6
SGV063,654,SGV071,654,8
SGV064,654,SGV071,654,11
SGV065,654,SGV071,654,8
SGV066,654,SGV071,654,9
SGV067,654,SGV071,654,10
SGV068,654,SGV071,654,14
SGV069,654,SGV071,654,12
SGV070,654,SGV071,654,7
SGV071,654,SGV071,654,0
SGV072,654,SGV071,654,8
SGV073,654,SGV071,654,7
SGV075,654,SGV071,654,5
SGV077,654,SGV071,654,6
SGV078,654,SGV071,654,5
SGV079,654,SGV071,654,14
SGV080,654,SGV071,654,8
SGV081,0,SGV071,654,2
SGV082,0,SGV071,654,8
SGV002,516,SGV072,654,28411
SGV003,516,SGV072,654,28408
SGV004,654,SGV072,654,101
SGV005,516,SGV072,654,28287
SGV006,516,SGV072,654,29049
SGV007,516,SGV072,654,26308
SGV008,516,SGV072,654,28405
SGV009,516,SGV072,654,28009
SGV010,516,SGV072,654,28404
SGV011,516,SGV072,654,28303
SGV012,516,SGV072,654,26392
SGV013,516,SGV072,654,28380
SGV014,516,SGV072,654,26392
SGV016,516,SGV072,654,28082
SGV017,516,SGV072,654,28454
SGV018,2227,SGV072,654,291
SGV019,516,SGV072,654,28386
SGV020,516,SGV072,654,26176
SGV021,654,SGV072,654,13
SGV022,654,SGV072,654,15
SGV023,654,SGV072,654,7
SGV025,654,SGV072,654,13
SGV026,654,SGV072,654,13
SGV027,0,SGV072,654,7
SGV028,654,SGV072,654,1
SGV029,654,SGV072,654,14
SGV030,654,SGV072,654,18
SGV031,654,SGV072,654,7
SGV032,654,SGV072,654,9
SGV033,654,SGV072,654,17
SGV034,654,SGV072,654,4
SGV035,654,SGV072,654,13
SGV036,654,SGV072,654,13
SGV037,654,SGV072,654,16
SGV038,654,SGV072,654,10
SGV039,654,SGV072,654,12
SGV040,654,SGV072,654,12
SGV041,654,SGV072,654,16
SGV042,654,SGV072,654,16
SGV043,654,SGV072,654,19
SGV044,654,SGV072,654,17
SGV045,654,SGV072,654,5
SGV046,654,SGV072,654,17
SGV047,654,SGV072,654,21
SGV048,654,SGV072,654,17
SGV049,654,SGV072,654,3
SGV050,654,SGV072,654,15
SGV051,654,SGV072,654,12
SGV052,654,SGV072,654,14
SGV053,654,SGV072,654,15
SGV054,654,SGV072,654,13
SGV055,654,SGV072,654,16
SGV056,654,SGV072,654,16
SGV057,654,SGV072,654,14
SGV058,654,SGV072,654,14
SGV059,654,SGV072,654,12
SGV060,654,SGV072,654,9
SGV061,654,SGV072,654,21
SGV062,654,SGV072,654,14
SGV063,654,SGV072,654,16
SGV064,654,SGV072,654,11
SGV065,654,SGV072,654,16
SGV066,654,SGV072,654,17
SGV067,654,SGV072,654,18
SGV068,654,SGV072,654,22
SGV069,654,SGV072,654,12
SGV070,654,SGV072,654,15
SGV071,654,SGV072,654,8
SGV072,654,SGV072,654,0
SGV073,654,SGV072,654,15
SGV075,654,SGV072,654,13
SGV077,654,SGV072,654,14
SGV078,654,SGV072,654,13
SGV079,654,SGV072,654,14
SGV080,654,SGV072,654,16
SGV081,0,SGV072,654,8
SGV082,0,SGV072,654,16
SGV002,516,SGV073,654,28411
SGV003,516,SGV073,654,28408
SGV004,654,SGV073,654,102
SGV005,516,SGV073,654,28287
SGV006,516,SGV073,654,29049
SGV007,516,SGV073,654,26307
SGV008,516,SGV073,654,28405
SGV009,516,SGV073,654,28009
SGV010,516,SGV073,654,28404
SGV011,516,SGV073,654,28303
SGV012,516,SGV073,654,26391
SGV013,516,SGV073,654,28380
SGV014,516,SGV073,654,26391
SGV016,516,SGV073,654,28082
SGV017,516,SGV073,654,28454
SGV018,2227,SGV073,654,291
SGV019,516,SGV073,654,28386
SGV020,516,SGV073,654,26175
SGV021,654,SGV073,654,12
SGV022,654,SGV073,654,10
SGV023,654,SGV073,654,14
SGV025,654,SGV073,654,12
SGV026,654,SGV073,654,12
SGV027,0,SGV073,654,13
SGV028,654,SGV073,654,14
SGV029,654,SGV073,654,13
SGV030,654,SGV073,654,17
SGV031,654,SGV073,654,14
SGV032,654,SGV073,654,16
SGV033,654,SGV073,654,16
SGV034,654,SGV073,654,17
SGV035,654,SGV073,654,12
SGV036,654,SGV073,654,12
SGV037,654,SGV073,654,15
SGV038,654,SGV073,654,17
SGV039,654,SGV073,654,11
SGV040,654,SGV073,654,19
SGV041,654,SGV073,654,15
SGV042,654,SGV073,654,15
SGV043,654,SGV073,654,18
SGV044,654,SGV073,654,16
SGV045,654,SGV073,654,18
SGV046,654,SGV073,654,12
SGV047,654,SGV073,654,20
SGV048,654,SGV073,654,12
SGV049,654,SGV073,654,16
SGV050,654,SGV073,654,10
SGV051,654,SGV073,654,19
SGV052,654,SGV073,654,9
SGV053,654,SGV073,654,10
SGV054,654,SGV073,654,12
SGV055,654,SGV073,654,11
SGV056,654,SGV073,654,5
SGV057,654,SGV073,654,9
SGV058,654,SGV073,654,9
SGV059,654,SGV073,654,7
SGV060,654,SGV073,654,22
SGV061,654,SGV073,654,20
SGV062,654,SGV073,654,9
SGV063,654,SGV073,654,15
SGV064,654,SGV073,654,18
SGV065,654,SGV073,654,15
SGV066,654,SGV073,654,16
SGV067,654,SGV073,654,13
SGV068,654,SGV073,654,21
SGV069,654,SGV073,654,19
SGV070,654,SGV073,654,10
SGV071,654,SGV073,654,7
SGV072,654,SGV073,654,15
SGV073,654,SGV073,654,0
SGV075,654,SGV073,654,8
SGV077,654,SGV073,654,9
SGV078,654,SGV073,654,8
SGV079,654,SGV073,654,21
SGV080,654,SGV073,654,9
SGV081,0,SGV073,654,9
SGV082,0,SGV073,654,15
SGV002,516,SGV075,654,28410
SGV003,516,SGV075,654,28407
SGV004,654,SGV075,654,100
SGV005,516,SGV075,654,28286
SGV006,516,SGV075,654,29048
SGV007,516,SGV075,654,26307
SGV008,516,SGV075,654,28404
SGV009,516,SGV075,654,28007
SGV010,516,SGV075,654,28403
SGV011,516,SGV075,654,28302
SGV012,516,SGV075,654,26391
SGV013,516,SGV075,654,28379
SGV014,516,SGV075,654,26391
SGV016,516,SGV075,654,28081
SGV017,516,SGV075,654,28453
SGV018,2227,SGV075,654,290
SGV019,516,SGV075,654,28385
SGV020,516,SGV075,654,26175
SGV021,654,SGV075,654,10
SGV022,654,SGV075,654,8
SGV023,654,SGV075,654,12
SGV025,654,SGV075,654,10
SGV026,654,SGV075,654,10
SGV027,0,SGV075,654,12
SGV028,654,SGV075,654,12
SGV029,654,SGV075,654,11
SGV030,654,SGV075,654,15
SGV031,654,SGV075,654,12
SGV032,654,SGV075,654,14
SGV033,654,SGV075,654,14
SGV034,654,SGV075,654,15
SGV035,654,SGV075,654,10
SGV036,654,SGV075,654,10
SGV037,654,SGV075,654,13
SGV038,654,SGV075,654,15
SGV039,654,SGV075,654,9
SGV040,654,SGV075,654,17
SGV041,654,SGV075,654,13
SGV042,654,SGV075,654,13
SGV043,654,SGV075,654,16
SGV044,654,SGV075,654,14
SGV045,654,SGV075,654,16
SGV046,654,SGV075,654,10
SGV047,654,SGV075,654,18
SGV048,654,SGV075,654,10
SGV049,654,SGV075,654,14
SGV050,654,SGV075,654,8
SGV051,654,SGV075,654,17
SGV052,654,SGV075,654,7
SGV053,654,SGV075,654,8
SGV054,654,SGV075,654,10
SGV055,654,SGV075,654,9
SGV056,654,SGV075,654,9
SGV057,654,SGV075,654,7
SGV058,654,SGV075,654,7
SGV059,654,SGV075,654,5
SGV060,654,SGV075,654,20
SGV061,654,SGV075,654,18
SGV062,654,SGV075,654,7
SGV063,654,SGV075,654,13
SGV064,654,SGV075,654,16
SGV065,654,SGV075,654,13
SGV066,654,SGV075,654,14
SGV067,654,SGV075,654,11
SGV068,654,SGV075,654,19
SGV069,654,SGV075,654,17
SGV070,654,SGV075,654,8
SGV071,654,SGV075,654,5
SGV072,654,SGV075,654,13
SGV073,654,SGV075,654,8
SGV075,654,SGV075,654,0
SGV077,654,SGV075,654,7
SGV078,654,SGV075,654,6
SGV079,654,SGV075,654,19
SGV080,654,SGV075,654,9
SGV081,0,SGV075,654,7
SGV082,0,SGV075,654,13
SGV002,516,SGV077,654,28409
SGV003,516,SGV077,654,28406
SGV004,654,SGV077,654,101
SGV005,516,SGV077,654,28285
SGV006,516,SGV077,654,29049
SGV007,516,SGV077,654,26306
SGV008,516,SGV077,654,28403
SGV009,516,SGV077,654,28007
SGV010,516,SGV077,654,28402
SGV011,516,SGV077,654,28301
SGV012,516,SGV077,654,26390
SGV013,516,SGV077,654,28378
SGV014,516,SGV077,654,26390
SGV016,516,SGV077,654,28080
SGV017,516,SGV077,654,28452
SGV018,2227,SGV077,654,291
SGV019,516,SGV077,654,28384
SGV020,516,SGV077,654,26174
SGV021,654,SGV077,654,11
SGV022,654,SGV077,654,9
SGV023,654,SGV077,654,13
SGV025,654,SGV077,654,11
SGV026,654,SGV077,654,11
SGV027,0,SGV077,654,13
SGV028,654,SGV077,654,13
SGV029,654,SGV077,654,12
SGV030,654,SGV077,654,16
SGV031,654,SGV077,654,13
SGV032,654,SGV077,654,15
SGV033,654,SGV077,654,15
SGV034,654,SGV077,654,16
SGV035,654,SGV077,654,11
SGV036,654,SGV077,654,11
SGV037,654,SGV077,654,14
SGV038,654,SGV077,654,16
SGV039,654,SGV077,654,10
SGV040,654,SGV077,654,18
SGV041,654,SGV077,654,14
SGV042,654,SGV077,654,14
SGV043,654,SGV077,654,17
SGV044,654,SGV077,654,15
SGV045,654,SGV077,654,17
SGV046,654,SGV077,654,9
SGV047,654,SGV077,654,19
SGV048,654,SGV077,654,9
SGV049,654,SGV077,654,15
SGV050,654,SGV077,654,9
SGV051,654,SGV077,654,18
SGV052,654,SGV077,654,8
SGV053,654,SGV077,654,9
SGV054,654,SGV077,654,11
SGV055,654,SGV077,654,10
SGV056,654,SGV077,654,10
SGV057,654,SGV077,654,8
SGV058,654,SGV077,654,8
SGV059,654,SGV077,654,6
SGV060,654,SGV077,654,21
SGV061,654,SGV077,654,19
SGV062,654,SGV077,654,8
SGV063,654,SGV077,654,14
SGV064,654,SGV077,654,17
SGV065,654,SGV077,654,14
SGV066,654,SGV077,654,15
SGV067,654,SGV077,654,10
SGV068,654,SGV077,654,20
SGV069,654,SGV077,654,18
SGV070,654,SGV077,654,9
SGV071,654,SGV077,654,6
SGV072,654,SGV077,654,14
SGV073,654,SGV077,654,9
SGV075,654,SGV077,654,7
SGV077,654,SGV077,654,0
SGV078,654,SGV077,654,7
SGV079,654,SGV077,654,20
SGV080,654,SGV077,654,10
SGV081,0,SGV077,654,8
SGV082,0,SGV077,654,14
SGV002,516,SGV078,654,28410
SGV003,516,SGV078,654,28407
SGV004,654,SGV078,654,100
SGV005,516,SGV078,654,28286
SGV006,516,SGV078,654,29048
SGV007,516,SGV078,654,26307
SGV008,516,SGV078,654,28404
SGV009,516,SGV078,654,28008
SGV010,516,SGV078,654,28403
SGV011,516,SGV078,654,28302
SGV012,516,SGV078,654,26391
SGV013,516,SGV078,654,28379
SGV014,516,SGV078,654,26391
SGV016,516,SGV078,654,28081
SGV017,516,SGV078,654,28453
SGV018,2227,SGV078,654,290
SGV019,516,SGV078,654,28385
SGV020,516,SGV078,654,26175
SGV021,654,SGV078,654,10
SGV022,654,SGV078,654,8
SGV023,654,SGV078,654,12
SGV025,654,SGV078,654,10
SGV026,654,SGV078,654,10
SGV027,0,SGV078,654,12
SGV028,654,SGV078,654,12
SGV029,654,SGV078,654,11
SGV030,654,SGV078,654,15
SGV031,654,SGV078,654,12
SGV032,654,SGV078,654,14
SGV033,654,SGV078,654,14
SGV034,654,SGV078,654,15
SGV035,654,SGV078,654,10
SGV036,654,SGV078,654,10
SGV037,654,SGV078,654,13
SGV038,654,SGV078,654,15
SGV039,654,SGV078,654,9
SGV040,654,SGV078,654,17
SGV041,654,SGV078,654,13
SGV042,654,SGV078,654,13
SGV043,654,SGV078,654,16
SGV044,654,SGV078,654,14
SGV045,654,SGV078,654,16
SGV046,654,SGV078,654,10
SGV047,654,SGV078,654,18
SGV048,654,SGV078,654,10
SGV049,654,SGV078,654,14
SGV050,654,SGV078,654,8
SGV051,654,SGV078,654,17
SGV052,654,SGV078,654,7
SGV053,654,SGV078,654,8
SGV054,654,SGV078,654,10
SGV055,654,SGV078,654,9
SGV056,654,SGV078,654,9
SGV057,654,SGV078,654,7
SGV058,654,SGV078,654,7
SGV059,654,SGV078,654,5
SGV060,654,SGV078,654,20
SGV061,654,SGV078,654,18
SGV062,654,SGV078,654,7
SGV063,654,SGV078,654,13
SGV064,654,SGV078,654,16
SGV065,654,SGV078,654,13
SGV066,654,SGV078,654,14
SGV067,654,SGV078,654,11
SGV068,654,SGV078,654,19
SGV069,654,SGV078,654,17
SGV070,654,SGV078,654,8
SGV071,654,SGV078,654,5
SGV072,654,SGV078,654,13
SGV073,654,SGV078,654,8
SGV075,654,SGV078,654,6
SGV077,654,SGV078,654,7
SGV078,654,SGV078,654,0
SGV079,654,SGV078,654,19
SGV080,654,SGV078,654,9
SGV081,0,SGV078,654,7
SGV082,0,SGV078,654,13
SGV002,516,SGV079,654,28415
SGV003,516,SGV079,654,28412
SGV004,654,SGV079,654,106
SGV005,516,SGV079,654,28291
SGV006,516,SGV079,654,29052
SGV007,516,SGV079,654,26312
SGV008,516,SGV079,654,28409
SGV009,516,SGV079,654,28013
SGV010,516,SGV079,654,28408
SGV011,516,SGV079,654,28307
SGV012,516,SGV079,654,26396
SGV013,516,SGV079,654,28384
SGV014,516,SGV079,654,26395
SGV016,516,SGV079,654,28086
SGV017,516,SGV079,654,28458
SGV018,2227,SGV079,654,295
SGV019,516,SGV079,654,28390
SGV020,516,SGV079,654,26180
SGV021,654,SGV079,654,19
SGV022,654,SGV079,654,21
SGV023,654,SGV079,654,11
SGV025,654,SGV079,654,19
SGV026,654,SGV079,654,19
SGV027,0,SGV079,654,9
SGV028,654,SGV079,654,13
SGV029,654,SGV079,654,18
SGV030,654,SGV079,654,23
SGV031,654,SGV079,654,9
SGV032,654,SGV079,654,11
SGV033,654,SGV079,654,23
SGV034,654,SGV079,654,16
SGV035,654,SGV079,654,19
SGV036,654,SGV079,654,19
SGV037,654,SGV079,654,22
SGV038,654,SGV079,654,14
SGV039,654,SGV079,654,18
SGV040,654,SGV079,654,12
SGV041,654,SGV079,654,22
SGV042,654,SGV079,654,22
SGV043,654,SGV079,654,25
SGV044,654,SGV079,654,23
SGV045,654,SGV079,654,17
SGV046,654,SGV079,654,23
SGV047,654,SGV079,654,27
SGV048,654,SGV079,654,23
SGV049,654,SGV079,654,15
SGV050,654,SGV079,654,21
SGV051,654,SGV079,654,8
SGV052,654,SGV079,654,20
SGV053,654,SGV079,654,21
SGV054,654,SGV079,654,19
SGV055,654,SGV079,654,22
SGV056,654,SGV079,654,22
SGV057,654,SGV079,654,20
SGV058,654,SGV079,654,20
SGV059,654,SGV079,654,18
SGV060,654,SGV079,654,21
SGV061,654,SGV079,654,27
SGV062,654,SGV079,654,20
SGV063,654,SGV079,654,22
SGV064,654,SGV079,654,11
SGV065,654,SGV079,654,22
SGV066,654,SGV079,654,23
SGV067,654,SGV079,654,24
SGV068,654,SGV079,654,28
SGV069,654,SGV079,654,14
SGV070,654,SGV079,654,21
SGV071,654,SGV079,654,14
SGV072,654,SGV079,654,14
SGV073,654,SGV079,654,21
SGV075,654,SGV079,654,19
SGV077,654,SGV079,654,20
SGV078,654,SGV079,654,19
SGV079,654,SGV079,654,0
SGV080,654,SGV079,654,22
SGV081,0,SGV079,654,12
SGV082,0,SGV079,654,22
SGV002,516,SGV080,654,28413
SGV003,516,SGV080,654,28410
SGV004,654,SGV080,654,103
SGV005,516,SGV080,654,28289
SGV006,516,SGV080,654,29051
SGV007,516,SGV080,654,26309
SGV008,516,SGV080,654,28407
SGV009,516,SGV080,654,28011
SGV010,516,SGV080,654,28406
SGV011,516,SGV080,654,28305
SGV012,516,SGV080,654,26393
SGV013,516,SGV080,654,28382
SGV014,516,SGV080,654,26393
SGV016,516,SGV080,654,28084
SGV017,516,SGV080,654,28456
SGV018,2227,SGV080,654,293
SGV019,516,SGV080,654,28388
SGV020,516,SGV080,654,26177
SGV021,654,SGV080,654,13
SGV022,654,SGV080,654,11
SGV023,654,SGV080,654,15
SGV025,654,SGV080,654,13
SGV026,654,SGV080,654,13
SGV027,0,SGV080,654,13
SGV028,654,SGV080,654,15
SGV029,654,SGV080,654,13
SGV030,654,SGV080,654,18
SGV031,654,SGV080,654,15
SGV032,654,SGV080,654,17
SGV033,654,SGV080,654,17
SGV034,654,SGV080,654,18
SGV035,654,SGV080,654,13
SGV036,654,SGV080,654,13
SGV037,654,SGV080,654,16
SGV038,654,SGV080,654,18
SGV039,654,SGV080,654,12
SGV040,654,SGV080,654,20
SGV041,654,SGV080,654,16
SGV042,654,SGV080,654,16
SGV043,654,SGV080,654,19
SGV044,654,SGV080,654,17
SGV045,654,SGV080,654,19
SGV046,654,SGV080,654,13
SGV047,654,SGV080,654,21
SGV048,654,SGV080,654,13
SGV049,654,SGV080,654,17
SGV050,654,SGV080,654,11
SGV051,654,SGV080,654,20
SGV052,654,SGV080,654,10
SGV053,654,SGV080,654,11
SGV054,654,SGV080,654,13
SGV055,654,SGV080,654,12
SGV056,654,SGV080,654,10
SGV057,654,SGV080,654,10
SGV058,654,SGV080,654,10
SGV059,654,SGV080,654,8
SGV060,654,SGV080,654,23
SGV061,654,SGV080,654,21
SGV062,654,SGV080,654,10
SGV063,654,SGV080,654,16
SGV064,654,SGV080,654,19
SGV065,654,SGV080,654,16
SGV066,654,SGV080,654,17
SGV067,654,SGV080,654,14
SGV068,654,SGV080,654,22
SGV069,654,SGV080,654,20
SGV070,654,SGV080,654,11
SGV071,654,SGV080,654,8
SGV072,654,SGV080,654,16
SGV073,654,SGV080,654,9
SGV075,654,SGV080,654,9
SGV077,654,SGV080,654,10
SGV078,654,SGV080,654,9
SGV079,654,SGV080,654,22
SGV080,654,SGV080,654,0
SGV081,0,SGV080,654,10
SGV082,0,SGV080,654,16
SGV002,516,SGV081,0,28352
SGV003,516,SGV081,0,28349
SGV004,654,SGV081,0,93
SGV005,516,SGV081,0,28229
SGV006,516,SGV081,0,28989
SGV007,516,SGV081,0,26251
SGV008,516,SGV081,0,28347
SGV009,516,SGV081,0,27950
SGV010,516,SGV081,0,28346
SGV011,516,SGV081,0,28244
SGV012,516,SGV081,0,26333
SGV013,516,SGV081,0,28321
SGV014,516,SGV081,0,26332
SGV016,516,SGV081,0,28075
SGV017,516,SGV081,0,28394
SGV018,2227,SGV081,0,281
SGV019,516,SGV081,0,28326
SGV020,516,SGV081,0,26169
SGV021,654,SGV081,0,6
SGV022,654,SGV081,0,9
SGV023,654,SGV081,0,7
SGV025,654,SGV081,0,6
SGV026,654,SGV081,0,6
SGV027,0,SGV081,0,7
SGV028,654,SGV081,0,7
SGV029,654,SGV081,0,6
SGV030,654,SGV081,0,10
SGV031,654,SGV081,0,7
SGV032,654,SGV081,0,9
SGV033,654,SGV081,0,10
SGV034,654,SGV081,0,10
SGV035,654,SGV081,0,6
SGV036,654,SGV081,0,6
SGV037,654,SGV081,0,9
SGV038,654,SGV081,0,10
SGV039,654,SGV081,0,5
SGV040,654,SGV081,0,9
SGV041,654,SGV081,0,9
SGV042,654,SGV081,0,10
SGV043,654,SGV081,0,12
SGV044,654,SGV081,0,10
SGV045,654,SGV081,0,11
SGV046,654,SGV081,0,11
SGV047,654,SGV081,0,14
SGV048,654,SGV081,0,11
SGV049,654,SGV081,0,9
SGV050,654,SGV081,0,9
SGV051,654,SGV081,0,10
SGV052,654,SGV081,0,8
SGV053,654,SGV081,0,9
SGV054,654,SGV081,0,6
SGV055,654,SGV081,0,10
SGV056,654,SGV081,0,10
SGV057,654,SGV081,0,8
SGV058,654,SGV081,0,8
SGV059,654,SGV081,0,6
SGV060,654,SGV081,0,15
SGV061,654,SGV081,0,15
SGV062,654,SGV081,0,7
SGV063,654,SGV081,0,9
SGV064,654,SGV081,0,9
SGV065,654,SGV081,0,10
SGV066,654,SGV081,0,10
SGV067,654,SGV081,0,12
SGV068,654,SGV081,0,15
SGV069,654,SGV081,0,12
SGV070,654,SGV081,0,9
SGV071,654,SGV081,0,2
SGV072,654,SGV081,0,8
SGV073,654,SGV081,0,9
SGV075,654,SGV081,0,7
SGV077,654,SGV081,0,8
SGV078,654,SGV081,0,7
SGV079,654,SGV081,0,12
SGV080,654,SGV081,0,10
SGV081,0,SGV081,0,0
SGV082,0,SGV081,0,10
SGV002,516,SGV082,0,28146
SGV003,516,SGV082,0,28143
SGV004,654,SGV082,0,102
SGV005,516,SGV082,0,28068
SGV006,516,SGV082,0,28782
SGV007,516,SGV082,0,26067
SGV008,516,SGV082,0,28141
SGV009,516,SGV082,0,27744
SGV010,516,SGV082,0,28139
SGV011,516,SGV082,0,28035
SGV012,516,SGV082,0,26140
SGV013,516,SGV082,0,28115
SGV014,516,SGV082,0,26145
SGV016,516,SGV082,0,27936
SGV017,516,SGV082,0,28160
SGV018,2227,SGV082,0,287
SGV019,516,SGV082,0,28122
SGV020,516,SGV082,0,26025
SGV021,654,SGV082,0,4
SGV022,654,SGV082,0,15
SGV023,654,SGV082,0,15
SGV025,654,SGV082,0,4
SGV026,654,SGV082,0,6
SGV027,0,SGV082,0,14
SGV028,654,SGV082,0,15
SGV029,654,SGV082,0,3
SGV030,654,SGV082,0,8
SGV031,654,SGV082,0,15
SGV032,654,SGV082,0,17
SGV033,654,SGV082,0,8
SGV034,654,SGV082,0,18
SGV035,654,SGV082,0,6
SGV036,654,SGV082,0,6
SGV037,654,SGV082,0,7
SGV038,654,SGV082,0,18
SGV039,654,SGV082,0,5
SGV040,654,SGV082,0,19
SGV041,654,SGV082,0,7
SGV042,654,SGV082,0,15
SGV043,654,SGV082,0,8
SGV044,654,SGV082,0,8
SGV045,654,SGV082,0,19
SGV046,654,SGV082,0,17
SGV047,654,SGV082,0,12
SGV048,654,SGV082,0,17
SGV049,654,SGV082,0,17
SGV050,654,SGV082,0,15
SGV051,654,SGV082,0,20
SGV052,654,SGV082,0,14
SGV053,654,SGV082,0,15
SGV054,654,SGV082,0,6
SGV055,654,SGV082,0,16
SGV056,654,SGV082,0,16
SGV057,654,SGV082,0,14
SGV058,654,SGV082,0,14
SGV059,654,SGV082,0,12
SGV060,654,SGV082,0,23
SGV061,654,SGV082,0,20
SGV062,654,SGV082,0,13
SGV063,654,SGV082,0,7
SGV064,654,SGV082,0,19
SGV065,654,SGV082,0,15
SGV066,654,SGV082,0,4
SGV067,654,SGV082,0,18
SGV068,654,SGV082,0,13
SGV069,654,SGV082,0,20
SGV070,654,SGV082,0,15
SGV071,654,SGV082,0,8
SGV072,654,SGV082,0,16
SGV073,654,SGV082,0,15
SGV075,654,SGV082,0,13
SGV077,654,SGV082,0,14
SGV078,654,SGV082,0,13
SGV079,654,SGV082,0,22
SGV080,654,SGV082,0,16
SGV081,0,SGV082,0,10
SGV082,0,SGV082,0,0
