snp-dists 0.8.2,Reference,SBV001_plate05,SBV002_plate01,SBV003_plate01,SBV004_plate01,SBV005_plate01,SBV006_plate01,SBV007_plate01,SBV008_plate01,SBV009_plate01,SBV010_plate01,SBV011_plate01,SBV012_plate01,SBV013_plate01,SBV014_plate01,SBV015_plate01,SBV016_plate01,SBV017_plate01,SBV018_plate01,SBV019_plate01,SBV020_plate01,SBV021_plate01,SBV022_plate01,SBV023_plate01,SBV024_plate01,SBV025_plate01,SBV026_plate01,SBV027_plate01,SBV028_plate01,SBV029_plate01,SBV030_plate01,SBV031_plate01,SBV032_plate01,SBV033_plate01,SBV035_plate01,SBV036_plate01,SBV037_plate01,SBV038_plate01,SBV039_plate01,SBV040_plate03,SBV041_plate01,SBV042_plate01,SBV043_plate01,SBV044_plate01,SBV045_plate01,SBV046_plate01,SBV047_plate01,SBV048_plate01,SBV049_plate01,SBV050_plate01,SBV051_plate01,SBV052_plate01,SBV053_plate01,SBV054_plate01,SBV055_plate01,SBV056_plate01,SBV057_plate01,SBV058_plate01,SBV059_plate01,SBV060_plate01,SBV061_plate01,SBV062_plate01,SBV063_plate01,SBV064_plate01,SBV065_plate03,SBV067_plate01,SBV068_plate01,SBV069_plate01,SBV070_plate01,SBV071_plate01,SBV072_plate02,SBV073_plate03,SBV074_plate03,SBV075_plate02,SBV076_plate02,SBV077_plate02,SBV078_plate02,SBV079_plate02,SBV080_plate02,SBV081_plate02,SBV082_plate02,SBV083_plate02,SBV084_plate02,SBV085_plate03,SBV086_plate02,SBV087_plate02,SBV088_plate02,SBV089_plate02,SBV090_plate02,SBV091_plate02,SBV092_plate02,SBV093_plate02,SBV094_plate02,SBV095_plate02,SBV096_plate02,SBV097_plate02,SBV098_plate02,SBV099_plate02,SBV100_plate02,SBV101_plate02,SBV102_plate02,SBV103_plate02,SBV104_plate02,SBV105_plate02,SBV106_plate02,SBV107_plate02,SBV108_plate02,SBV109_plate02,SBV110_plate02,SBV111_plate02,SBV112_plate02,SBV113_plate02,SBV114_plate02,SBV115_plate02,SBV116_plate02,SBV117_plate02,SBV118_plate02,SBV119_plate02,SBV120_plate02,SBV121_plate02,SBV122_plate02,SBV123_plate02,SBV124_plate02,SBV125_plate02,SBV126_plate03,SBV127_plate02,SBV128_plate02,SBV130_plate02,SBV131_plate03,SBV132_plate02,SBV133_plate02,SBV134_plate02,SBV135_plate02,SBV136_plate02,SBV137_plate03,SBV138_plate02,SBV139_plate02,SBV140_plate02,SBV141_plate02,SBV142_plate02,SBV143_plate02,SBV144_plate02,SBV145_plate02,SBV146_plate02,SBV147_plate02,SBV148_plate02,SBV149_plate03,SBV150_plate02,SBV151_plate02,SBV152_plate02,SBV153_plate02,SBV154_plate03,SBV155_plate03,SBV156_plate02,SBV157_plate02,SBV158_plate02,SBV159_plate02,SBV160_plate02,SBV161_plate02,SBV162_plate02,SBV163_plate02,SBV164_plate02,SBV165_plate02,SBV166_plate02,SBV167_plate02,SBV168_plate02,SBV169_plate02,SBV170_plate02,SBV171_plate02,SBV172_plate02,SBV173_plate02,SBV174_plate02,SBV175_plate02,SBV176_plate02,SBV177_plate03,SBV178_plate03,SBV179_plate03,SBV180_plate03,SBV181_plate03,SBV183_plate03,SBV184_plate03,SBV185_plate03,SBV186_plate03,SBV187_plate03,SBV188_plate03,SBV189_plate03,SBV190_plate03,SBV191_plate03,SBV192_plate03,SBV193_plate03,SBV194_plate03,SBV195_plate03,SBV196_plate03,SBV197_plate03,SBV198_plate03,SBV199_plate03,SBV200_plate03,SBV201_plate03,SBV202_plate03,SBV203_plate03,SBV204_plate03,SBV205_plate03,SBV206_plate03,SBV207_plate03,SBV208_plate03,SBV209_plate03,SBV210_plate03,SBV211_plate03,SBV212_plate03,SBV213_plate03,SBV214_plate03,SBV215_plate03,SBV216_plate03,SBV217_plate03,SBV218_plate05,SBV219_plate03,SBV220_plate03,SBV221_plate03,SBV222_plate03,SBV223_plate03,SBV224_plate03,SBV225_plate03,SBV226_plate03,SBV227_plate03,SBV228_plate03,SBV229_plate03,SBV230_plate03,SBV231_plate03,SBV232_plate03,SBV233_plate03,SBV234_plate05,SBV235_plate05,SBV236_plate03,SBV237_plate03,SBV238_plate03,SBV239_plate03,SBV240_plate05,SBV241_plate03,SBV242_plate03,SBV243_plate03,SBV244_plate03,SBV245_plate03,SBV246_plate03,SBV247_plate03,SBV248_plate05,SBV249_plate03,SBV251_plate03,SBV252_plate03,SBV253_plate03,SBV254_plate03,SBV255_plate03,SBV256_plate03,SBV257_plate05,SBV258_plate03,SBV259_plate03,SBV260_plate03,SBV261_plate03,SBV262_plate03,SBV263_plate03,SBV265_plate03,SBV266_plate03,SBV267_plate03,SBV268_plate03,SBV269_plate05,SBV270_plate04,SBV271_plate04,SBV272_plate04,SBV273_plate04,SBV274_plate04,SBV275_plate04,SBV276_plate04,SBV277_plate04,SBV278_plate04,SBV279_plate04,SBV280_plate05,SBV281_plate04,SBV282_plate04,SBV283_plate04,SBV284_plate04,SBV285_plate04,SBV286_plate04,SBV287_plate04,SBV288_plate04,SBV289_plate04,SBV290_plate04,SBV291_plate04,SBV292_plate04,SBV293_plate04,SBV294_plate04,SBV295_plate04,SBV296_plate04,SBV297_plate04,SBV298_plate04,SBV299_plate04,SBV300_plate04,SBV301_plate04,SBV302_plate04,SBV304_plate04,SBV305_plate04,SBV306_plate04,SBV307_plate04,SBV308_plate04,SBV310_plate04,SBV311_plate04,SBV312_plate04,SBV313_plate04,SBV314_plate04,SBV315_plate04,SBV316_plate04,SBV317_plate04,SBV318_plate04,SBV319_plate04,SBV320_plate04,SBV321_plate04,SBV322_plate04,SBV323_plate04,SBV324_plate04,SBV325_plate04,SBV326_plate04,SBV327_plate04,SBV328_plate04,SBV329_plate04,SBV330_plate04,SBV331_plate04,SBV332_plate04,SBV333_plate04,SBV334_plate04,SBV335_plate04,SBV336_plate04,SBV337_plate04,SBV338_plate04,SBV339_plate04,SBV340_plate04,SBV341_plate04,SBV342_plate04,SBV343_plate04,SBV344_plate04,SBV345_plate04,SBV347_plate04,SBV348_plate04,SBV349_plate04,SBV350_plate04,SBV351_plate04,SBV352_plate04,SBV353_plate04,SBV354_plate04,SBV355_plate04,SBV356_plate04,SBV357_plate04,SBV358_plate04,SBV359_plate04,SBV361_plate04,SBV362_plate04,SBV363_plate04,SBV364_plate04,SBV365_plate04,SBV366_plate04,SBV367_plate04,SBV368_plate04,SBV369_plate04,SBV370_plate05,SBV371_plate05,SBV372_plate05,SBV373_plate05,SBV374_plate05,SBV375_plate05,SBV376_plate05
Reference,0,1004,1269,1122,1071,0,1056,56,1120,1152,63,90,992,986,1160,1140,132,1082,1252,69,1001,74,45,53,69,49,312,48,989,69,51,996,72,53,51,53,51,55,55,56,52,52,55,54,51,53,52,51,51,53,51,55,51,54,54,53,49,56,52,52,53,55,51,53,55,53,55,52,54,51,59,56,53,55,51,52,54,53,54,52,52,52,51,54,132,54,57,53,52,55,52,54,53,54,51,51,53,48,55,52,59,55,55,53,52,56,52,58,57,53,51,56,53,52,56,53,52,56,1002,53,56,54,53,53,53,54,53,55,53,54,58,52,48,54,55,55,55,51,53,53,51,58,54,56,56,53,56,53,54,56,55,57,51,58,55,54,57,56,58,54,55,54,59,53,54,54,54,61,51,55,51,54,51,61,55,59,55,53,57,53,57,56,57,53,56,52,55,59,49,54,54,54,62,57,53,54,57,56,52,55,59,53,57,52,54,54,51,56,59,53,55,1120,59,57,50,55,56,54,50,134,51,55,56,58,55,53,57,58,54,59,62,56,58,50,54,52,58,53,58,54,60,55,50,62,1072,54,52,58,51,78,55,60,56,56,56,56,52,54,56,56,54,54,59,59,57,54,55,54,57,59,57,60,55,55,58,55,57,58,55,56,54,57,57,57,53,55,54,58,57,55,57,51,56,59,59,56,57,319,61,55,57,57,57,59,54,71,50,59,60,58,53,60,52,56,55,57,56,52,62,53,51,59,52,56,52,50,56,52,52,50,56,57,57,57,319,59,58,56,55,58,51,58,56,59,63,55,55,54,60,58,58,54,64,58,58,60,57,61,57,63,56,54,60,52,61,55,57
SBV001_plate05,1004,0,1134,946,924,1004,483,1030,972,981,989,1009,39,47,978,1000,1056,922,1135,1003,48,1011,1020,1028,1003,1024,961,1023,44,1004,1026,44,1002,1028,1026,1027,1015,1022,1029,1031,1027,1027,1030,1029,1026,1028,1027,1026,1026,1028,1026,1029,1026,1029,1029,1028,1024,1031,1027,1007,1028,1029,1025,1028,1029,1028,1030,1027,1029,1026,1034,1030,1028,1030,1024,1027,1030,1027,1029,1026,1027,1027,1026,1028,1056,1029,1033,1028,1027,1030,1027,1029,1028,1029,1024,1026,1028,1024,1030,1027,1034,1030,1030,1029,1027,1031,1027,1033,1032,1028,1026,1031,1028,1028,1031,1028,1027,1031,50,1028,1031,1029,1028,1028,1027,1029,1028,1030,1027,1029,1033,1028,1023,1029,1030,1030,1030,1026,1028,1028,1026,1033,1029,1030,1029,1028,1031,1028,1029,1031,1022,1032,1026,1033,1030,1029,1032,1031,1033,1029,1030,1029,1034,1028,1029,1029,1029,1036,1026,1030,1026,1029,1026,1036,1030,1034,1030,1028,1032,1028,1032,1030,1032,1028,1031,1027,1029,1034,1023,1029,1029,1028,1037,1032,1026,1029,1032,1031,1027,1030,1034,1028,1032,1027,1029,1028,1027,1031,1034,1028,1030,1008,1034,1032,1025,1028,1031,1029,1025,1059,1026,1030,1031,1034,1031,1028,1032,1033,1029,1033,1037,1031,1033,1025,1029,1027,1033,1028,1033,1029,1035,1030,1025,1036,909,1029,1027,1033,1027,1013,1030,1035,1031,1031,1031,1031,1027,1029,1032,1032,1030,1030,1033,1034,1032,1029,1030,1029,1032,1034,1032,1035,1030,1026,1033,1030,1032,1033,1030,1031,1029,1032,1032,1032,1028,1030,1029,1033,1031,1031,1032,1026,1030,1033,1034,1031,1032,966,1036,1030,1032,1031,1031,1034,1028,1006,1025,1034,1035,1033,1028,1034,1027,1031,1030,1032,1031,1027,1037,1027,1026,1034,1027,1031,1027,1025,1031,1027,1027,1026,1031,1032,1031,1032,966,1034,1032,1031,1030,1028,1025,1033,1031,1034,1036,1029,1030,1028,1032,1033,1033,1029,1037,1032,1032,1032,1032,1036,1032,1036,1031,1028,1035,1024,1035,1030,1032
SBV002_plate01,1269,1134,0,1241,1210,1269,1196,1292,1247,1269,1261,1277,1127,1122,1273,1272,1316,1217,30,1269,1127,1277,1286,1291,1269,1288,1206,1287,1121,1274,1290,1124,1267,1292,1289,1290,1282,1289,1293,1294,1291,1290,1294,1293,1290,1292,1291,1290,1290,1292,1290,1293,1289,1292,1293,1291,1288,1294,1291,1274,1291,1292,1287,1291,1292,1292,1293,1291,1292,1290,1298,1293,1291,1294,1289,1291,1294,1291,1292,1290,1291,1291,1290,1292,1314,1293,1296,1292,1291,1293,1291,1292,1292,1293,1290,1290,1292,1288,1294,1291,1297,1293,1293,1293,1291,1294,1291,1296,1295,1292,1290,1295,1292,1292,1294,1292,1291,1294,1129,1292,1295,1292,1292,1292,1291,1292,1292,1294,1291,1293,1297,1292,1287,1293,1294,1294,1294,1290,1292,1292,1290,1297,1293,1294,1293,1292,1294,1292,1292,1295,1287,1295,1290,1297,1294,1293,1296,1295,1296,1293,1294,1293,1297,1292,1292,1293,1293,1299,1290,1294,1290,1293,1290,1299,1294,1297,1294,1292,1296,1292,1295,1294,1296,1292,1294,1291,1293,1298,1287,1293,1293,1293,1300,1296,1285,1293,1295,1295,1291,1292,1298,1292,1296,1291,1292,1292,1291,1295,1298,1292,1294,1253,1297,1296,1289,1292,1295,1292,1289,1317,1290,1294,1294,1297,1292,1292,1295,1296,1293,1296,1301,1295,1296,1289,1292,1291,1296,1291,1297,1293,1299,1294,1289,1300,1206,1293,1291,1296,1291,1282,1294,1298,1295,1295,1295,1295,1291,1293,1296,1295,1292,1294,1295,1296,1295,1292,1294,1293,1296,1296,1296,1298,1294,1290,1296,1294,1296,1297,1294,1295,1293,1296,1296,1296,1292,1294,1293,1296,1296,1295,1295,1290,1296,1298,1297,1295,1296,1212,1299,1294,1295,1296,1295,1296,1292,1275,1289,1298,1298,1297,1291,1299,1291,1295,1293,1295,1295,1291,1301,1291,1290,1298,1291,1295,1291,1289,1295,1291,1291,1290,1295,1296,1295,1296,1212,1298,1297,1295,1294,1296,1289,1296,1295,1298,1300,1292,1294,1293,1297,1297,1297,1292,1301,1296,1296,1297,1297,1300,1296,1300,1295,1293,1298,1289,1299,1294,1296
SBV003_plate01,1122,946,1241,0,181,1122,1011,1149,893,247,1110,1129,951,943,1080,899,1175,718,1239,1124,951,1131,1139,1146,1123,1141,1075,1142,946,1124,1145,948,1120,1145,1145,1147,1135,1140,1149,1148,1146,1146,1147,1148,1145,1146,1145,1145,1145,1147,1145,1149,1145,1148,1148,1147,1143,1148,1146,1127,1147,1149,1143,1147,1149,1147,1149,1146,1148,1145,1153,1150,1147,1147,1142,1146,1148,1147,1148,1146,1146,1146,1145,1146,1175,1146,1149,1147,1144,1149,1144,1148,1147,1148,1145,1145,1145,1142,1145,1146,1153,1149,1147,1147,1146,1150,1146,1152,1151,1147,1145,1150,1147,1146,1150,1147,1146,1148,953,1147,1148,1148,1147,1147,1147,1148,1147,1147,1147,1148,1150,1146,1142,1148,1149,1149,1149,1145,1147,1147,1145,1152,1148,1150,1148,1147,1150,1145,1148,1150,1138,1149,1143,1152,1149,1148,1149,1150,1152,1148,1149,1148,1151,1147,1148,1148,1148,1155,1145,1147,1145,1146,1145,1153,1149,1153,1149,1147,1149,1147,1151,1150,1151,1145,1148,1146,1148,1153,1143,1148,1148,1148,1156,1149,1145,1148,1151,1148,1146,1149,1153,1147,1151,1146,1146,1148,1145,1148,1153,1147,1147,1091,1153,1151,1144,1149,1150,1148,1144,1177,1145,1149,1150,1152,1147,1147,1151,1152,1148,1153,1154,1150,1152,1144,1148,1146,1152,1147,1152,1148,1154,1149,1144,1156,705,1148,1146,1152,1145,1130,1149,1154,1150,1150,1150,1150,1146,1148,1150,1150,1148,1148,1151,1153,1151,1148,1149,1148,1151,1149,1151,1154,1149,1143,1150,1149,1151,1152,1149,1150,1148,1151,1151,1149,1147,1149,1148,1152,1150,1149,1151,1145,1148,1150,1153,1148,1151,1079,1155,1148,1150,1150,1150,1153,1148,1126,1144,1151,1152,1152,1147,1154,1146,1150,1149,1150,1150,1146,1154,1147,1145,1153,1146,1150,1146,1144,1150,1146,1146,1144,1150,1149,1149,1151,1080,1153,1151,1150,1149,1150,1145,1152,1148,1151,1157,1149,1149,1147,1151,1152,1152,1148,1158,1152,1152,1151,1151,1153,1151,1157,1150,1147,1154,1142,1155,1149,1151
SBV004_plate01,1071,924,1210,181,0,1071,982,1097,873,254,1063,1082,928,918,1042,889,1123,698,1208,1072,928,1077,1087,1094,1070,1089,1031,1090,921,1074,1093,925,1071,1093,1093,1095,1088,1094,1097,1096,1094,1094,1095,1096,1093,1094,1093,1093,1093,1095,1093,1097,1093,1096,1096,1095,1091,1096,1094,1084,1095,1097,1091,1095,1097,1095,1097,1094,1096,1093,1099,1098,1095,1095,1093,1094,1096,1095,1096,1094,1094,1094,1093,1094,1123,1094,1097,1095,1092,1097,1092,1096,1095,1096,1093,1093,1093,1090,1094,1094,1101,1097,1095,1095,1094,1098,1094,1100,1099,1095,1093,1098,1095,1093,1098,1095,1094,1096,930,1095,1096,1095,1095,1095,1095,1096,1095,1095,1095,1096,1098,1094,1090,1096,1097,1097,1097,1093,1095,1095,1093,1100,1096,1098,1097,1095,1098,1093,1096,1098,1085,1097,1091,1100,1097,1096,1097,1098,1100,1096,1096,1096,1099,1095,1096,1096,1096,1103,1093,1095,1093,1094,1093,1101,1097,1101,1097,1095,1097,1095,1099,1098,1099,1093,1096,1094,1096,1101,1091,1096,1096,1096,1104,1097,1093,1096,1099,1096,1094,1097,1100,1095,1099,1094,1094,1096,1093,1096,1101,1095,1095,1056,1101,1099,1092,1097,1098,1096,1092,1125,1093,1096,1098,1100,1095,1095,1099,1100,1096,1101,1101,1098,1100,1092,1096,1094,1100,1095,1100,1096,1101,1097,1092,1103,688,1096,1094,1100,1093,1080,1097,1102,1098,1098,1098,1098,1094,1096,1098,1098,1096,1096,1099,1101,1099,1096,1097,1096,1099,1096,1099,1102,1097,1096,1098,1097,1099,1100,1097,1098,1096,1099,1099,1097,1095,1097,1096,1100,1098,1097,1099,1093,1096,1098,1101,1096,1099,1037,1103,1096,1098,1098,1098,1101,1096,1074,1092,1099,1100,1100,1095,1102,1094,1098,1097,1098,1098,1094,1101,1095,1093,1101,1094,1098,1094,1092,1098,1094,1094,1092,1098,1097,1097,1099,1037,1101,1099,1098,1097,1099,1093,1100,1096,1099,1105,1097,1096,1096,1098,1100,1100,1096,1106,1100,1100,1098,1099,1101,1099,1105,1098,1096,1102,1093,1103,1097,1099
SBV005_plate01,0,1004,1269,1122,1071,0,1056,56,1120,1152,63,90,992,986,1160,1140,132,1082,1252,69,1001,74,45,53,69,49,312,48,989,69,51,996,72,53,51,53,51,55,55,56,52,52,55,54,51,53,52,51,51,53,51,55,51,54,54,53,49,56,52,52,53,55,51,53,55,53,55,52,54,51,59,56,53,55,51,52,54,53,54,52,52,52,51,54,132,54,57,53,52,55,52,54,53,54,51,51,53,48,55,52,59,55,55,53,52,56,52,58,57,53,51,56,53,52,56,53,52,56,1002,53,56,54,53,53,53,54,53,55,53,54,58,52,48,54,55,55,55,51,53,53,51,58,54,56,56,53,56,53,54,56,55,57,51,58,55,54,57,56,58,54,55,54,59,53,54,54,54,61,51,55,51,54,51,61,55,59,55,53,57,53,57,56,57,53,56,52,55,59,49,54,54,54,62,57,53,54,57,56,52,55,59,53,57,52,54,54,51,56,59,53,55,1120,59,57,50,55,56,54,50,134,51,55,56,58,55,53,57,58,54,59,62,56,58,50,54,52,58,53,58,54,60,55,50,62,1072,54,52,58,51,78,55,60,56,56,56,56,52,54,56,56,54,54,59,59,57,54,55,54,57,59,57,60,55,55,58,55,57,58,55,56,54,57,57,57,53,55,54,58,57,55,57,51,56,59,59,56,57,319,61,55,57,57,57,59,54,71,50,59,60,58,53,60,52,56,55,57,56,52,62,53,51,59,52,56,52,50,56,52,52,50,56,57,57,57,319,59,58,56,55,58,51,58,56,59,63,55,55,54,60,58,58,54,64,58,58,60,57,61,57,63,56,54,60,52,61,55,57
SBV006_plate01,1056,483,1196,1011,982,1056,0,1082,1038,1041,1045,1064,487,480,1018,1050,1108,987,1190,1056,483,1062,1071,1079,1056,1075,1011,1074,477,1057,1077,478,1054,1079,1077,1079,1070,1074,1081,1082,1078,1078,1081,1080,1077,1079,1078,1077,1077,1079,1077,1081,1077,1080,1080,1079,1075,1082,1078,1061,1079,1081,1075,1079,1081,1079,1081,1078,1080,1077,1085,1082,1079,1081,1075,1078,1082,1079,1080,1078,1078,1078,1077,1080,1107,1080,1085,1079,1078,1081,1078,1080,1079,1080,1076,1077,1079,1076,1081,1078,1085,1081,1081,1081,1078,1082,1078,1084,1083,1079,1077,1082,1079,1080,1082,1079,1078,1082,486,1079,1082,1080,1079,1079,1079,1080,1079,1081,1079,1080,1084,1080,1074,1080,1081,1081,1081,1077,1079,1079,1077,1084,1080,1082,1080,1079,1082,1079,1080,1082,1074,1083,1077,1084,1081,1080,1083,1082,1084,1080,1081,1080,1085,1079,1080,1080,1080,1087,1077,1081,1077,1080,1077,1087,1081,1085,1081,1079,1083,1079,1083,1082,1083,1079,1082,1078,1081,1085,1075,1080,1080,1079,1088,1083,1076,1080,1083,1082,1078,1081,1085,1079,1083,1078,1080,1080,1079,1082,1085,1079,1081,1059,1085,1083,1076,1081,1082,1080,1076,1111,1077,1081,1082,1086,1083,1079,1083,1084,1080,1085,1088,1082,1084,1076,1080,1078,1084,1079,1084,1080,1086,1081,1076,1088,978,1080,1077,1084,1078,1067,1081,1086,1082,1082,1082,1082,1077,1080,1084,1084,1082,1082,1085,1085,1083,1080,1081,1080,1083,1085,1083,1086,1081,1078,1084,1081,1083,1084,1081,1082,1080,1083,1083,1083,1079,1081,1080,1084,1082,1083,1083,1077,1081,1084,1085,1082,1083,1015,1087,1080,1083,1082,1082,1085,1079,1059,1076,1085,1086,1084,1079,1086,1078,1082,1081,1083,1082,1078,1088,1079,1077,1085,1078,1082,1078,1076,1082,1078,1078,1078,1081,1083,1083,1083,1015,1085,1083,1082,1081,1078,1077,1084,1082,1085,1087,1081,1081,1079,1085,1084,1084,1080,1088,1084,1084,1085,1085,1087,1083,1087,1082,1079,1086,1074,1087,1081,1083
SBV007_plate01,56,1030,1292,1149,1097,56,1082,0,1145,1180,88,118,1020,1014,1186,1164,159,1109,1276,95,1029,100,27,9,95,11,338,8,1017,95,11,1022,98,11,5,5,11,7,11,6,10,4,11,12,9,9,8,9,9,11,9,11,11,6,12,5,7,6,10,14,5,5,11,5,5,11,7,10,6,9,19,6,5,11,9,10,10,11,6,8,10,10,9,8,157,10,9,11,10,7,10,6,11,12,9,9,9,10,11,10,11,7,5,13,10,8,10,16,9,11,9,14,11,12,8,11,10,6,1030,11,12,12,11,11,9,6,11,11,11,12,14,12,9,12,13,13,13,9,11,11,9,16,12,14,8,11,8,9,6,14,12,7,9,16,13,12,13,14,10,12,13,12,9,11,11,12,12,13,9,11,9,10,9,11,13,11,13,11,13,13,15,12,15,9,12,10,13,17,7,12,12,12,14,13,11,12,9,12,10,13,17,11,15,10,12,10,13,12,17,11,11,1147,11,15,10,11,14,6,10,161,11,13,14,18,7,11,15,16,12,15,18,14,16,10,12,10,16,13,16,12,18,15,10,20,1099,14,10,18,11,104,13,18,14,14,14,14,10,14,18,16,14,14,13,11,17,14,13,14,17,19,17,12,13,13,14,13,15,16,15,14,14,15,15,15,13,13,14,16,15,17,15,9,15,15,17,14,15,345,13,15,17,15,17,11,14,97,10,15,18,16,13,20,12,14,13,15,14,12,18,11,11,17,12,16,10,10,16,12,12,10,16,15,13,17,345,19,16,14,13,16,11,10,14,17,21,15,13,12,18,16,16,12,22,18,18,18,17,17,17,21,16,14,18,13,18,13,17
SBV008_plate01,1120,972,1247,893,873,1120,1038,1145,0,924,1107,1127,975,966,1106,729,1172,875,1243,1115,974,1125,1136,1142,1114,1138,1079,1137,969,1117,1140,971,1113,1142,1140,1142,1128,1134,1144,1145,1141,1141,1144,1143,1140,1142,1141,1140,1140,1142,1140,1144,1139,1143,1143,1142,1138,1145,1141,1123,1142,1144,1139,1142,1144,1142,1144,1141,1143,1140,1148,1145,1142,1144,1138,1141,1144,1142,1143,1142,1141,1141,1140,1143,1170,1143,1146,1142,1141,1144,1141,1143,1142,1143,1140,1140,1142,1138,1143,1141,1148,1144,1144,1143,1141,1145,1141,1147,1146,1142,1140,1145,1142,1142,1145,1142,1141,1145,976,1142,1145,1143,1142,1142,1142,1143,1142,1144,1142,1143,1147,1142,1137,1143,1144,1144,1144,1140,1142,1142,1140,1147,1143,1145,1143,1142,1146,1142,1143,1145,1138,1146,1140,1147,1144,1143,1146,1145,1147,1143,1144,1143,1148,1142,1143,1143,1143,1150,1140,1144,1140,1143,1140,1150,1144,1148,1144,1142,1146,1142,1146,1145,1146,1142,1145,1141,1144,1148,1138,1143,1143,1143,1151,1146,1138,1143,1146,1145,1141,1144,1148,1142,1146,1141,1143,1143,1141,1145,1148,1142,1144,1144,1148,1146,1139,1144,1145,1143,1139,1172,1140,1144,1145,1148,1144,1142,1146,1147,1143,1148,1151,1145,1147,1139,1143,1141,1147,1142,1147,1143,1149,1144,1139,1151,864,1143,1141,1147,1140,1124,1144,1149,1145,1145,1145,1145,1141,1143,1146,1145,1143,1144,1148,1147,1146,1143,1144,1143,1146,1148,1146,1149,1144,1140,1147,1144,1146,1147,1144,1145,1143,1146,1146,1146,1142,1144,1143,1147,1144,1145,1146,1140,1146,1146,1148,1145,1146,1084,1150,1143,1146,1144,1145,1147,1142,1119,1139,1148,1149,1147,1142,1149,1141,1145,1144,1146,1145,1141,1151,1142,1140,1148,1141,1145,1141,1139,1145,1141,1141,1140,1145,1146,1146,1146,1085,1148,1145,1145,1144,1144,1140,1147,1145,1148,1152,1144,1144,1142,1145,1147,1147,1143,1153,1147,1147,1145,1147,1150,1146,1152,1145,1142,1149,1138,1150,1144,1146
SBV009_plate01,1152,981,1269,247,254,1152,1041,1180,924,0,1140,1158,977,970,1104,931,1203,748,1268,1152,979,1159,1169,1177,1151,1173,1107,1172,974,1154,1175,974,1150,1177,1175,1177,1159,1169,1179,1180,1176,1176,1179,1178,1175,1177,1176,1175,1175,1177,1175,1179,1175,1177,1178,1177,1173,1180,1176,1153,1177,1179,1173,1177,1179,1177,1179,1176,1178,1173,1183,1180,1177,1179,1170,1176,1178,1177,1178,1176,1176,1176,1175,1178,1203,1178,1181,1177,1176,1179,1176,1178,1177,1178,1175,1175,1177,1172,1178,1176,1183,1179,1179,1177,1176,1180,1176,1182,1181,1177,1175,1180,1177,1176,1180,1177,1176,1180,981,1177,1180,1178,1177,1177,1177,1178,1177,1179,1177,1178,1182,1176,1172,1178,1179,1179,1179,1175,1177,1177,1175,1182,1178,1180,1178,1177,1180,1177,1178,1180,1171,1181,1175,1182,1179,1178,1181,1180,1182,1178,1179,1178,1183,1177,1178,1178,1178,1185,1175,1179,1175,1178,1175,1185,1179,1183,1179,1177,1181,1177,1181,1180,1181,1177,1180,1176,1178,1183,1173,1178,1178,1178,1186,1181,1175,1178,1181,1180,1176,1179,1183,1177,1181,1176,1178,1178,1175,1180,1183,1177,1179,1121,1183,1181,1174,1179,1180,1178,1174,1205,1175,1179,1180,1182,1178,1177,1181,1182,1178,1183,1186,1180,1182,1174,1178,1176,1182,1177,1182,1178,1184,1179,1174,1186,738,1178,1176,1182,1175,1162,1179,1184,1180,1180,1180,1180,1176,1178,1180,1180,1178,1178,1183,1183,1181,1178,1179,1178,1181,1180,1181,1184,1179,1174,1182,1179,1181,1182,1179,1180,1178,1181,1181,1181,1177,1179,1178,1182,1180,1179,1181,1175,1178,1182,1183,1180,1181,1111,1185,1178,1180,1180,1180,1183,1178,1156,1174,1183,1184,1182,1177,1184,1176,1180,1179,1180,1180,1176,1186,1177,1175,1183,1176,1180,1176,1174,1180,1176,1176,1174,1180,1181,1181,1181,1111,1183,1181,1180,1179,1180,1175,1182,1180,1183,1187,1179,1179,1177,1180,1182,1182,1178,1188,1182,1182,1180,1181,1185,1181,1187,1180,1177,1184,1170,1185,1179,1181
SBV010_plate01,63,989,1261,1110,1063,63,1045,88,1107,1140,0,87,978,972,1141,1124,127,1072,1240,44,988,63,77,85,44,81,306,80,976,43,83,980,46,85,83,85,84,88,87,88,84,84,87,86,83,85,84,83,83,85,83,87,82,86,86,85,81,88,84,84,85,87,84,85,87,85,87,84,86,83,91,88,85,87,83,84,88,85,86,84,84,84,83,86,126,86,91,85,84,87,84,86,85,86,83,83,85,82,87,84,91,87,87,87,84,88,84,90,89,85,83,88,85,86,88,85,84,88,989,85,88,85,85,85,85,86,85,87,85,86,90,86,80,86,87,87,87,83,85,85,83,90,86,88,88,85,88,85,86,88,87,89,83,90,87,86,89,88,90,86,87,86,91,85,86,86,86,93,83,87,83,86,83,93,87,91,87,85,89,85,89,88,89,85,88,84,87,91,81,86,86,86,94,89,85,86,89,88,84,87,91,85,89,84,86,86,85,88,91,85,87,1110,91,89,82,87,88,86,82,130,83,87,88,92,89,85,89,90,86,91,94,88,90,82,86,84,88,85,90,86,92,87,82,94,1062,86,84,90,85,54,87,92,88,88,88,88,84,86,90,90,88,88,91,91,89,86,87,86,89,91,89,92,87,87,90,87,89,90,87,88,86,89,89,89,85,87,86,90,89,89,89,83,88,91,91,88,89,313,93,87,89,89,89,91,86,45,82,91,92,90,85,92,84,88,87,89,88,84,94,85,83,91,84,88,84,82,88,84,84,84,88,89,89,89,313,91,90,88,87,90,83,90,88,91,95,87,87,86,92,90,90,86,96,90,90,92,91,93,89,95,88,86,92,85,93,87,89
SBV011_plate01,90,1009,1277,1129,1082,90,1064,118,1127,1158,87,0,997,992,1161,1146,141,1088,1263,93,1006,98,107,115,93,111,324,110,995,93,113,1001,96,115,113,115,113,117,117,118,114,114,117,116,113,115,114,113,113,115,113,117,113,116,116,115,111,118,114,111,115,117,113,115,117,115,117,114,116,113,120,118,115,117,113,114,116,115,116,114,114,114,113,116,143,116,119,115,114,117,114,116,115,116,113,113,115,110,117,114,121,117,117,115,114,118,114,120,119,115,113,118,115,114,118,115,114,118,1007,115,118,115,115,115,115,116,115,117,115,116,120,114,110,116,117,117,117,113,115,115,113,120,116,118,118,115,118,115,116,118,117,119,113,120,117,116,119,118,120,116,117,116,121,115,116,116,116,123,113,117,113,116,113,123,117,121,117,115,119,115,119,118,119,115,118,114,117,121,111,116,116,116,124,119,115,116,119,118,114,117,121,115,119,114,116,116,113,118,120,115,117,1127,121,119,112,117,118,116,112,145,113,117,118,120,117,115,119,120,116,121,124,118,120,112,116,114,120,115,120,116,122,117,112,124,1078,116,114,120,113,102,117,122,118,118,118,118,114,116,118,118,116,116,121,121,119,116,117,116,119,121,119,122,117,117,120,117,119,120,117,118,116,119,119,119,115,117,116,120,119,117,119,113,117,121,121,118,119,331,123,117,119,119,119,121,116,95,112,121,122,120,115,122,114,118,117,119,118,114,124,115,113,121,114,118,114,112,118,114,114,112,118,119,119,119,331,121,120,118,117,120,113,120,118,121,125,117,117,116,122,120,120,116,126,120,120,122,119,123,119,125,118,116,122,114,123,117,119
SBV012_plate01,992,39,1127,951,928,992,487,1020,975,977,978,997,0,42,971,998,1045,914,1128,992,42,1000,1009,1017,992,1013,956,1012,36,993,1015,39,991,1017,1015,1017,1005,1011,1019,1020,1016,1016,1019,1018,1015,1017,1016,1015,1015,1017,1015,1019,1015,1018,1018,1017,1013,1020,1016,998,1017,1019,1014,1017,1019,1017,1019,1016,1018,1015,1023,1020,1017,1019,1013,1016,1018,1017,1018,1016,1016,1016,1015,1018,1045,1018,1021,1017,1016,1019,1016,1018,1017,1018,1013,1015,1017,1012,1019,1016,1023,1019,1019,1017,1016,1020,1016,1022,1021,1017,1015,1020,1017,1016,1020,1017,1016,1020,43,1017,1020,1018,1017,1017,1017,1018,1017,1019,1017,1018,1022,1016,1012,1018,1019,1019,1019,1015,1017,1017,1015,1022,1018,1020,1018,1017,1020,1017,1018,1020,1011,1021,1015,1022,1019,1018,1021,1020,1022,1018,1019,1018,1023,1017,1018,1018,1018,1025,1015,1019,1015,1018,1015,1025,1019,1023,1019,1017,1021,1017,1021,1020,1021,1017,1020,1016,1018,1023,1013,1018,1018,1017,1026,1021,1015,1018,1021,1020,1016,1019,1023,1017,1021,1016,1018,1018,1015,1020,1023,1017,1019,1001,1023,1021,1014,1019,1020,1018,1014,1047,1015,1019,1020,1022,1019,1017,1021,1022,1018,1023,1026,1020,1022,1014,1018,1016,1022,1017,1022,1018,1024,1019,1014,1026,905,1018,1016,1022,1015,1001,1019,1024,1020,1020,1020,1020,1016,1018,1020,1020,1018,1018,1023,1023,1021,1018,1019,1018,1021,1023,1021,1024,1019,1015,1022,1019,1021,1022,1019,1020,1018,1021,1021,1021,1017,1019,1018,1022,1020,1019,1021,1015,1019,1022,1023,1020,1021,961,1025,1019,1021,1020,1020,1023,1017,995,1014,1023,1024,1022,1017,1023,1016,1020,1019,1021,1020,1016,1026,1017,1015,1023,1016,1020,1016,1014,1020,1016,1016,1014,1020,1021,1021,1021,961,1023,1021,1020,1019,1017,1015,1022,1020,1023,1025,1019,1019,1017,1021,1022,1022,1018,1026,1022,1022,1021,1020,1025,1021,1025,1020,1017,1024,1013,1025,1019,1021
SBV013_plate01,986,47,1122,943,918,986,480,1014,966,970,972,992,42,0,961,990,1039,909,1123,986,18,994,1003,1011,986,1007,947,1006,15,987,1009,18,985,1011,1009,1011,1002,1007,1013,1014,1010,1010,1013,1012,1009,1011,1010,1009,1009,1011,1009,1013,1009,1012,1012,1011,1007,1014,1010,992,1011,1013,1008,1011,1013,1011,1013,1010,1012,1009,1017,1014,1011,1013,1007,1010,1012,1011,1012,1010,1010,1010,1009,1012,1039,1012,1015,1011,1010,1013,1010,1012,1011,1012,1007,1009,1011,1006,1013,1010,1017,1013,1013,1011,1010,1014,1010,1016,1015,1011,1009,1014,1011,1010,1014,1011,1010,1014,19,1011,1014,1012,1011,1011,1011,1012,1011,1013,1011,1012,1016,1010,1006,1012,1013,1013,1013,1009,1011,1011,1009,1016,1012,1014,1012,1011,1014,1011,1012,1014,1005,1015,1009,1016,1013,1012,1015,1014,1016,1012,1013,1012,1017,1011,1012,1012,1012,1019,1009,1013,1009,1012,1009,1019,1013,1017,1013,1011,1015,1011,1015,1014,1015,1011,1014,1010,1012,1017,1007,1012,1012,1011,1020,1015,1009,1012,1015,1014,1010,1013,1017,1011,1015,1010,1012,1012,1009,1014,1017,1011,1013,990,1017,1015,1008,1013,1014,1012,1008,1041,1009,1013,1014,1016,1013,1011,1015,1016,1012,1017,1020,1014,1016,1008,1012,1010,1016,1011,1016,1012,1018,1013,1008,1020,895,1012,1010,1016,1009,995,1013,1018,1014,1014,1014,1014,1010,1012,1014,1014,1012,1012,1017,1017,1015,1012,1013,1012,1015,1017,1015,1018,1013,1010,1016,1013,1015,1016,1013,1014,1012,1015,1015,1015,1011,1013,1012,1016,1014,1013,1015,1009,1013,1016,1017,1014,1015,953,1019,1013,1015,1014,1014,1017,1011,989,1008,1017,1018,1016,1011,1017,1010,1014,1013,1015,1014,1010,1020,1011,1009,1017,1010,1014,1010,1008,1014,1010,1010,1008,1014,1015,1015,1015,953,1017,1015,1014,1013,1012,1009,1016,1014,1017,1019,1013,1013,1011,1015,1016,1016,1012,1020,1016,1016,1015,1014,1019,1015,1019,1014,1011,1018,1007,1019,1013,1015
SBV014_plate01,1160,978,1273,1080,1042,1160,1018,1186,1106,1104,1141,1161,971,961,0,1122,1208,1039,1267,1157,973,1165,1176,1183,1158,1179,1119,1178,967,1160,1181,970,1158,1183,1181,1183,1170,1173,1185,1186,1182,1182,1185,1184,1181,1183,1182,1181,1181,1183,1181,1184,1181,1183,1184,1183,1179,1186,1182,1162,1183,1185,1180,1183,1185,1183,1184,1182,1184,1181,1189,1186,1183,1185,1176,1182,1184,1183,1184,1182,1182,1182,1181,1184,1207,1184,1187,1183,1182,1185,1182,1184,1183,1184,1181,1181,1183,1178,1184,1182,1189,1185,1185,1183,1182,1184,1182,1188,1187,1183,1181,1186,1183,1182,1184,1183,1182,1186,976,1183,1186,1184,1183,1183,1183,1184,1182,1185,1183,1184,1188,1182,1178,1184,1185,1185,1185,1181,1183,1183,1181,1186,1184,1186,1184,1183,1186,1183,1184,1186,1177,1187,1181,1188,1185,1184,1187,1186,1188,1184,1185,1184,1189,1183,1184,1184,1184,1191,1181,1185,1181,1184,1181,1191,1185,1189,1185,1183,1187,1183,1187,1184,1187,1183,1186,1182,1185,1187,1179,1184,1184,1184,1192,1187,1181,1184,1187,1186,1182,1185,1189,1183,1187,1182,1184,1184,1181,1186,1189,1183,1185,1146,1189,1187,1180,1185,1186,1184,1180,1209,1181,1185,1186,1188,1185,1183,1187,1188,1184,1189,1192,1186,1188,1180,1184,1182,1188,1183,1188,1184,1190,1185,1180,1192,1033,1184,1182,1188,1181,1167,1185,1190,1186,1186,1186,1186,1182,1184,1186,1186,1184,1184,1189,1188,1187,1184,1185,1184,1187,1189,1187,1190,1185,1182,1188,1185,1187,1188,1185,1186,1184,1187,1187,1187,1183,1185,1184,1188,1186,1185,1187,1181,1184,1188,1189,1186,1187,1124,1191,1185,1187,1186,1186,1188,1183,1162,1180,1189,1190,1188,1183,1188,1182,1186,1185,1187,1186,1182,1192,1183,1181,1189,1182,1186,1182,1180,1186,1182,1182,1180,1186,1187,1187,1187,1124,1189,1187,1186,1185,1182,1181,1188,1186,1187,1193,1185,1185,1183,1186,1188,1188,1184,1194,1188,1186,1186,1187,1191,1187,1193,1186,1182,1190,1178,1191,1185,1187
SBV015_plate01,1140,1000,1272,899,889,1140,1050,1164,729,931,1124,1146,998,990,1122,0,1194,884,1266,1138,998,1146,1155,1161,1138,1157,1098,1156,993,1136,1159,991,1132,1161,1159,1161,1149,1156,1163,1164,1160,1160,1163,1162,1159,1161,1160,1159,1159,1161,1159,1163,1158,1162,1162,1161,1157,1164,1160,1143,1161,1163,1158,1161,1163,1161,1163,1160,1162,1159,1167,1164,1161,1163,1157,1160,1164,1161,1162,1160,1160,1160,1159,1162,1192,1162,1167,1161,1160,1163,1160,1162,1161,1162,1158,1159,1161,1158,1161,1160,1167,1163,1163,1163,1160,1164,1160,1166,1165,1161,1159,1164,1161,1162,1164,1161,1160,1164,1001,1161,1164,1162,1161,1161,1161,1162,1161,1163,1161,1162,1166,1162,1156,1162,1163,1163,1163,1159,1161,1161,1159,1166,1162,1164,1162,1161,1164,1161,1162,1164,1156,1165,1159,1166,1163,1162,1165,1164,1166,1162,1163,1162,1167,1161,1162,1162,1162,1169,1159,1163,1159,1162,1159,1169,1163,1167,1163,1161,1165,1161,1165,1164,1165,1161,1164,1160,1162,1167,1157,1162,1162,1162,1170,1165,1158,1162,1165,1164,1160,1163,1167,1161,1165,1160,1162,1162,1161,1164,1167,1161,1163,1158,1167,1165,1158,1163,1164,1162,1158,1196,1159,1163,1164,1167,1165,1161,1165,1166,1162,1167,1170,1164,1166,1158,1162,1160,1166,1161,1166,1162,1168,1163,1158,1170,873,1162,1160,1166,1161,1145,1163,1168,1164,1164,1164,1164,1160,1162,1166,1166,1164,1164,1167,1167,1165,1162,1163,1162,1165,1167,1165,1168,1163,1159,1166,1163,1165,1166,1163,1164,1162,1165,1165,1165,1161,1163,1162,1166,1164,1165,1165,1159,1163,1166,1167,1164,1165,1102,1169,1162,1165,1164,1164,1167,1161,1138,1158,1167,1168,1166,1161,1168,1160,1164,1163,1165,1164,1160,1170,1161,1159,1167,1160,1164,1160,1158,1164,1160,1160,1160,1164,1165,1165,1165,1102,1167,1165,1164,1163,1163,1159,1166,1164,1167,1171,1163,1163,1161,1166,1166,1166,1162,1172,1166,1166,1166,1167,1169,1165,1171,1164,1161,1168,1155,1169,1163,1165
SBV016_plate01,132,1056,1316,1175,1123,132,1108,159,1172,1203,127,141,1045,1039,1208,1194,0,1134,1300,132,1054,137,149,156,132,152,365,151,1042,133,154,1049,133,156,154,156,153,158,158,159,155,155,158,157,154,156,155,154,154,156,154,158,154,157,157,156,152,159,155,155,156,158,153,156,158,156,158,155,157,154,162,159,156,158,154,155,157,156,157,155,155,155,154,157,105,157,160,156,155,158,155,157,156,157,154,154,156,151,158,155,162,158,158,156,155,159,155,161,160,156,154,159,156,155,159,156,155,159,1055,156,159,157,156,156,156,157,156,158,156,157,161,155,151,157,158,158,158,154,156,156,154,161,157,159,159,156,159,156,157,159,156,160,154,161,158,157,160,159,161,157,158,157,162,156,157,157,157,164,154,158,154,157,154,164,158,162,158,156,160,156,160,159,160,156,159,155,158,162,152,157,157,157,165,160,156,157,160,159,155,158,162,156,160,155,157,157,154,159,162,156,158,1172,162,160,153,158,159,157,153,107,154,158,159,161,158,156,160,161,157,162,165,159,161,153,157,155,161,156,161,157,163,158,153,165,1126,157,155,161,154,142,158,163,159,159,159,159,155,157,159,159,157,157,162,162,160,157,158,157,160,162,160,163,158,158,161,158,160,161,158,159,157,160,160,160,156,158,157,161,160,158,160,154,159,162,162,159,160,372,164,158,160,160,160,162,157,135,153,162,163,161,156,163,155,159,158,160,159,155,165,156,154,162,155,159,155,153,159,155,155,153,159,160,160,160,372,162,161,159,158,161,154,161,159,162,166,158,158,157,162,161,161,157,167,161,161,162,160,164,160,166,159,157,163,155,164,158,160
SBV017_plate01,1082,922,1217,718,698,1082,987,1109,875,748,1072,1088,914,909,1039,884,1134,0,1215,1082,915,1089,1099,1106,1081,1102,1041,1101,909,1083,1104,911,1083,1106,1104,1106,1096,1099,1108,1109,1105,1105,1108,1107,1104,1106,1105,1104,1104,1106,1104,1108,1104,1107,1107,1106,1102,1109,1105,1088,1106,1108,1103,1106,1108,1106,1108,1105,1107,1104,1112,1109,1106,1108,1101,1105,1107,1106,1107,1105,1105,1105,1104,1107,1133,1107,1110,1106,1105,1108,1105,1107,1106,1107,1104,1104,1106,1101,1108,1105,1112,1108,1108,1106,1105,1109,1105,1111,1110,1106,1104,1109,1106,1105,1109,1106,1105,1109,918,1106,1109,1107,1106,1106,1106,1107,1106,1108,1106,1107,1111,1105,1101,1107,1108,1108,1108,1104,1106,1106,1104,1111,1107,1109,1106,1106,1109,1106,1107,1109,1103,1110,1104,1111,1108,1107,1110,1109,1111,1107,1108,1107,1112,1106,1107,1107,1107,1114,1104,1108,1104,1107,1104,1114,1108,1112,1108,1106,1110,1106,1110,1109,1110,1106,1109,1105,1108,1112,1102,1107,1107,1107,1115,1110,1103,1107,1110,1109,1105,1108,1112,1106,1110,1105,1107,1107,1104,1109,1112,1106,1108,1058,1112,1110,1103,1108,1109,1107,1103,1135,1104,1108,1109,1110,1108,1106,1110,1110,1107,1111,1115,1109,1111,1103,1107,1105,1110,1106,1111,1107,1113,1108,1103,1115,70,1107,1105,1111,1104,1090,1108,1113,1109,1109,1109,1109,1105,1107,1109,1109,1107,1107,1112,1111,1110,1107,1108,1107,1110,1112,1110,1113,1108,1104,1111,1108,1110,1111,1108,1109,1107,1110,1110,1110,1106,1108,1107,1111,1108,1108,1110,1104,1110,1110,1112,1109,1110,1047,1114,1105,1110,1108,1109,1111,1106,1085,1103,1112,1113,1111,1106,1113,1105,1109,1108,1110,1109,1105,1115,1106,1104,1112,1105,1109,1105,1103,1109,1105,1105,1103,1109,1110,1110,1110,1047,1112,1109,1109,1108,1106,1104,1111,1109,1112,1116,1108,1108,1106,1109,1111,1111,1107,1117,1111,1111,1109,1110,1114,1110,1116,1109,1106,1113,1101,1114,1108,1110
SBV018_plate01,1252,1135,30,1239,1208,1252,1190,1276,1243,1268,1240,1263,1128,1123,1267,1266,1300,1215,0,1255,1130,1261,1269,1274,1255,1271,1191,1270,1124,1259,1273,1127,1251,1275,1272,1273,1269,1274,1276,1277,1274,1273,1277,1275,1273,1275,1274,1273,1273,1275,1273,1276,1272,1275,1276,1274,1271,1277,1274,1260,1274,1275,1270,1274,1275,1275,1276,1274,1275,1273,1279,1276,1274,1277,1273,1274,1276,1274,1275,1273,1274,1274,1273,1275,1298,1276,1279,1275,1274,1276,1274,1275,1275,1276,1273,1273,1275,1271,1277,1274,1280,1276,1276,1276,1274,1277,1274,1279,1278,1275,1273,1278,1275,1275,1277,1275,1274,1277,1132,1275,1278,1275,1275,1275,1274,1275,1275,1277,1274,1276,1280,1275,1270,1276,1277,1277,1277,1273,1275,1275,1273,1280,1276,1277,1277,1275,1277,1275,1275,1278,1270,1278,1273,1280,1277,1276,1279,1278,1279,1276,1276,1276,1280,1275,1275,1276,1276,1282,1273,1277,1273,1276,1273,1282,1277,1280,1277,1275,1279,1275,1278,1277,1279,1275,1277,1274,1276,1281,1270,1276,1276,1276,1283,1279,1270,1276,1278,1278,1274,1275,1280,1275,1279,1274,1275,1275,1274,1278,1281,1275,1277,1261,1280,1279,1272,1275,1278,1275,1272,1301,1273,1277,1277,1281,1275,1275,1278,1280,1276,1280,1283,1278,1279,1272,1275,1274,1280,1274,1280,1276,1281,1277,1272,1282,1203,1276,1274,1279,1274,1267,1277,1281,1278,1278,1278,1278,1274,1276,1279,1278,1275,1277,1278,1279,1278,1275,1277,1276,1279,1279,1279,1281,1277,1275,1279,1277,1279,1280,1277,1278,1276,1279,1279,1279,1275,1277,1276,1279,1279,1278,1278,1273,1279,1281,1280,1278,1279,1197,1282,1277,1278,1279,1278,1279,1275,1261,1272,1281,1281,1280,1274,1282,1274,1278,1276,1278,1278,1274,1284,1274,1272,1281,1274,1278,1274,1271,1278,1274,1273,1273,1278,1279,1278,1279,1197,1281,1280,1278,1277,1278,1271,1279,1278,1281,1283,1275,1276,1276,1280,1280,1280,1275,1284,1279,1279,1280,1280,1283,1279,1283,1278,1275,1282,1274,1282,1277,1279
SBV019_plate01,69,1003,1269,1124,1072,69,1056,95,1115,1152,44,93,992,986,1157,1138,132,1082,1255,0,1001,67,84,92,4,88,313,87,989,42,90,994,45,92,90,92,90,94,94,95,91,91,94,92,90,92,91,90,90,92,90,94,90,93,93,92,88,95,91,90,92,94,90,92,94,92,94,91,93,90,97,95,92,94,90,91,95,92,93,91,91,91,90,93,130,93,98,92,91,94,91,93,92,93,90,90,92,89,94,91,98,94,94,94,91,95,91,97,96,92,90,95,92,93,95,92,91,95,1002,92,95,93,92,92,92,93,92,94,92,93,97,93,87,93,94,94,94,90,92,92,90,97,93,95,95,92,95,92,93,95,93,96,90,97,94,93,96,95,97,93,94,93,98,92,93,93,93,100,90,94,90,93,90,100,94,98,94,92,96,92,96,95,96,92,95,91,94,98,88,93,93,93,101,96,92,93,96,95,91,94,98,92,96,91,93,93,92,95,98,92,94,1122,98,96,89,94,95,93,89,134,90,94,95,99,96,92,96,97,93,98,101,95,97,89,93,91,97,92,97,93,99,94,89,101,1074,93,91,97,92,53,94,99,95,95,95,95,91,93,97,97,95,95,98,98,96,93,94,93,96,98,96,99,94,94,97,94,96,97,94,95,93,96,96,96,92,94,93,97,96,96,96,90,95,98,98,95,96,320,100,94,96,96,96,98,93,44,89,98,99,97,92,99,91,95,94,96,95,91,101,92,90,98,91,95,91,89,95,91,91,91,95,96,96,96,320,98,97,95,94,97,90,97,95,98,102,94,94,93,98,97,97,93,103,97,97,98,98,100,96,102,95,93,99,91,100,94,96
SBV020_plate01,1001,48,1127,951,928,1001,483,1029,974,979,988,1006,42,18,973,998,1054,915,1130,1001,0,1009,1018,1026,1001,1022,959,1021,14,999,1024,9,997,1026,1024,1026,1014,1020,1028,1029,1025,1025,1028,1027,1024,1026,1025,1024,1024,1026,1024,1028,1024,1027,1027,1026,1022,1029,1025,1007,1026,1028,1023,1026,1028,1026,1028,1025,1027,1024,1032,1029,1026,1028,1022,1025,1027,1026,1027,1025,1025,1025,1024,1027,1054,1027,1030,1026,1025,1028,1025,1027,1026,1027,1022,1024,1026,1021,1028,1025,1032,1028,1028,1026,1025,1029,1025,1031,1030,1026,1024,1029,1026,1025,1029,1026,1025,1029,11,1026,1029,1027,1026,1026,1026,1027,1026,1028,1026,1027,1031,1025,1021,1027,1028,1028,1028,1024,1026,1026,1024,1031,1027,1029,1027,1026,1029,1026,1027,1029,1020,1030,1024,1031,1028,1027,1030,1029,1031,1027,1028,1027,1032,1026,1027,1027,1027,1034,1024,1028,1024,1027,1024,1034,1028,1032,1028,1026,1030,1026,1030,1029,1030,1026,1029,1025,1027,1032,1022,1027,1027,1026,1035,1030,1024,1027,1030,1029,1025,1028,1032,1026,1030,1025,1027,1027,1024,1029,1032,1026,1028,1006,1032,1030,1023,1028,1029,1027,1023,1056,1024,1028,1029,1031,1028,1026,1030,1031,1027,1032,1035,1029,1031,1023,1027,1025,1031,1026,1031,1027,1033,1028,1023,1035,904,1027,1025,1031,1024,1007,1028,1033,1029,1029,1029,1029,1025,1027,1029,1029,1027,1027,1032,1032,1030,1027,1028,1027,1030,1032,1030,1033,1028,1024,1031,1028,1030,1031,1028,1029,1027,1030,1030,1030,1026,1028,1027,1031,1029,1028,1030,1024,1028,1031,1032,1029,1030,964,1034,1028,1030,1029,1029,1032,1026,1001,1023,1032,1033,1031,1026,1032,1025,1029,1028,1030,1029,1025,1035,1026,1024,1032,1025,1029,1025,1023,1029,1025,1025,1023,1029,1030,1030,1030,964,1032,1030,1029,1028,1026,1024,1031,1029,1032,1034,1028,1028,1026,1030,1031,1031,1027,1035,1031,1031,1030,1029,1034,1030,1034,1029,1026,1033,1022,1034,1028,1030
SBV021_plate01,74,1011,1277,1131,1077,74,1062,100,1125,1159,63,98,1000,994,1165,1146,137,1089,1261,67,1009,0,89,97,67,93,318,92,997,69,95,1002,72,97,95,97,95,99,99,100,96,96,99,98,95,97,96,95,95,97,95,99,95,98,98,97,93,100,96,94,97,99,95,97,99,97,99,96,98,95,103,100,97,99,95,96,100,97,98,96,96,96,95,98,135,98,103,97,96,99,96,98,97,98,95,95,97,94,99,96,103,99,99,99,96,100,96,102,101,97,95,100,97,98,100,97,96,100,1010,97,100,98,97,97,97,98,97,99,97,98,102,98,92,98,99,99,99,95,97,97,95,102,98,100,100,97,100,97,98,100,99,101,95,102,99,98,101,100,102,98,99,98,103,97,98,98,98,105,95,99,95,98,95,105,99,103,99,97,101,97,101,100,101,97,100,96,99,103,93,98,98,98,106,101,97,98,101,100,96,99,103,97,101,96,98,98,97,100,103,97,99,1129,103,101,94,99,100,98,94,139,95,99,100,104,101,97,101,102,98,103,106,100,102,94,98,96,102,97,102,98,104,99,94,106,1081,98,96,102,97,80,99,104,100,100,100,100,96,98,102,102,100,100,103,103,101,98,99,98,101,103,101,104,99,99,102,99,101,102,99,100,98,101,101,101,97,99,98,102,101,101,101,95,100,103,103,100,101,325,105,99,101,101,101,103,98,71,94,103,104,102,97,104,96,100,99,101,100,96,106,97,95,103,96,100,96,94,100,96,96,96,100,101,101,101,325,103,102,100,99,100,95,102,100,103,107,99,99,98,103,102,102,98,108,102,102,103,103,105,101,107,100,98,104,96,105,99,101
SBV022_plate01,45,1020,1286,1139,1087,45,1071,27,1136,1169,77,107,1009,1003,1176,1155,149,1099,1269,84,1018,89,0,24,84,20,327,19,1006,84,22,1011,87,24,22,24,23,27,26,27,23,23,26,25,22,24,23,22,22,24,22,26,22,25,25,24,20,27,23,28,24,26,24,24,26,24,26,23,25,22,30,27,24,26,22,23,27,24,25,23,23,23,22,25,147,25,30,24,23,26,23,25,24,25,22,22,24,21,26,23,30,26,26,26,23,27,23,29,28,24,22,27,24,25,27,24,23,27,1019,24,27,25,24,24,24,25,24,26,24,25,29,25,19,25,26,26,26,22,24,24,22,29,25,27,27,24,27,24,25,27,27,28,22,29,26,25,28,27,29,25,26,25,30,24,25,25,25,32,22,26,22,25,22,32,26,30,26,24,28,24,28,27,28,24,27,23,26,30,20,25,25,25,33,28,24,25,28,27,23,26,30,24,28,23,25,25,24,27,30,24,26,1137,30,28,21,26,27,25,21,151,22,26,27,31,28,24,28,29,25,30,33,27,29,21,25,23,29,24,29,25,31,26,21,33,1089,25,23,29,24,95,26,31,27,27,27,27,23,25,29,29,27,27,30,30,28,25,26,25,28,30,28,31,26,26,29,26,28,29,26,27,25,28,28,28,24,26,25,29,28,28,28,22,27,30,30,27,28,334,32,26,28,28,28,30,25,86,21,30,31,29,24,31,23,27,26,28,27,23,33,24,22,30,23,27,23,21,27,23,23,23,27,28,28,28,334,30,29,27,26,29,22,29,27,30,34,26,26,25,31,29,29,25,35,29,29,31,30,32,28,34,27,25,31,24,32,26,28
SBV023_plate01,53,1028,1291,1146,1094,53,1079,9,1142,1177,85,115,1017,1011,1183,1161,156,1106,1274,92,1026,97,24,0,92,8,335,5,1014,92,8,1019,95,8,8,8,9,10,6,9,3,7,4,5,2,2,1,2,2,4,2,6,8,9,5,8,4,9,3,13,8,10,4,8,10,4,10,3,9,4,16,11,8,4,4,3,11,4,9,3,3,3,2,3,154,3,12,4,7,10,7,9,4,5,2,2,2,7,4,3,14,10,8,6,3,11,3,9,12,4,2,7,4,5,11,4,3,9,1027,4,5,5,4,4,4,9,4,4,4,5,7,5,6,5,6,6,6,2,4,4,2,9,5,7,11,4,11,2,9,7,5,10,6,9,6,5,6,7,13,5,6,5,12,4,4,5,5,16,2,4,2,3,2,14,6,14,6,4,6,10,8,7,8,2,5,3,6,10,6,5,5,5,17,6,4,5,12,5,3,6,10,8,8,3,9,5,10,5,14,4,4,1144,14,8,7,6,7,9,7,158,8,6,7,11,10,4,8,9,5,10,11,7,9,7,5,3,9,10,9,5,11,12,7,13,1096,11,3,15,4,101,6,11,7,7,7,7,3,11,15,9,7,7,8,14,14,11,6,11,14,16,14,15,6,6,7,6,8,9,12,7,11,8,8,12,10,6,11,9,8,14,8,2,8,8,10,11,8,342,16,12,14,8,14,14,11,94,7,8,15,9,10,17,9,7,6,8,7,9,11,10,8,10,9,13,3,7,13,9,9,3,13,12,12,14,342,16,9,7,6,9,8,13,11,14,14,12,6,5,11,9,9,5,15,15,15,11,10,10,14,14,13,11,11,10,17,6,14
SBV024_plate01,69,1003,1269,1123,1070,69,1056,95,1114,1151,44,93,992,986,1158,1138,132,1081,1255,4,1001,67,84,92,0,88,313,87,989,42,90,994,45,92,90,92,90,94,94,95,91,91,94,93,90,92,91,90,90,92,90,94,90,93,93,92,88,95,91,90,92,94,90,92,94,92,94,91,93,90,98,95,92,94,90,91,95,92,93,91,91,91,90,93,130,93,98,92,91,94,91,93,92,93,90,90,92,89,94,91,98,94,94,94,91,95,91,97,96,92,90,95,92,93,95,92,91,95,1002,92,95,93,92,92,92,93,92,94,92,93,97,93,87,93,94,94,94,90,92,92,90,97,93,95,95,92,95,92,93,95,93,96,90,97,94,93,96,95,97,93,94,93,98,92,93,93,93,100,90,94,90,93,90,100,94,98,94,92,96,92,96,95,96,92,95,91,94,98,88,93,93,93,101,96,92,93,96,95,91,94,98,92,96,91,93,93,92,95,98,92,94,1119,98,96,89,94,95,93,89,134,90,94,95,99,96,92,96,97,93,98,101,95,97,89,93,91,97,92,97,93,99,94,89,101,1073,93,91,97,92,53,94,99,95,95,95,95,91,93,97,97,95,95,98,98,96,93,94,93,96,98,96,99,94,94,97,94,96,97,94,95,93,96,96,96,92,94,93,97,96,96,96,90,95,98,98,95,96,320,100,94,96,96,96,98,93,42,89,98,99,97,92,99,91,95,94,96,95,91,101,92,90,98,91,95,91,89,95,91,91,91,95,96,96,96,320,98,97,95,94,97,90,97,95,98,102,94,94,93,98,97,97,93,103,97,97,98,98,100,96,102,95,93,99,91,100,94,96
SBV025_plate01,49,1024,1288,1141,1089,49,1075,11,1138,1173,81,111,1013,1007,1179,1157,152,1102,1271,88,1022,93,20,8,88,0,331,5,1010,88,8,1015,91,6,8,10,9,11,12,9,9,9,8,11,8,8,7,8,8,10,8,12,8,11,11,10,6,9,9,12,10,12,10,10,12,10,12,9,11,8,16,13,10,8,8,9,13,10,11,9,9,9,8,7,150,7,12,10,5,12,5,11,10,11,8,8,6,7,8,9,16,12,8,12,9,13,9,15,14,10,8,13,10,11,13,10,9,9,1023,10,9,11,10,10,10,11,10,8,10,11,11,11,6,11,12,12,12,8,10,10,8,15,11,13,13,10,13,6,11,13,9,10,4,15,12,11,10,13,15,11,12,11,12,10,9,11,11,18,8,8,8,7,8,14,12,16,12,10,10,10,14,13,14,6,9,9,12,16,6,11,11,11,19,10,10,11,14,9,9,12,16,10,14,9,7,11,10,9,16,10,8,1140,16,14,7,12,13,11,7,154,8,12,13,17,12,10,14,15,11,16,15,13,15,7,11,9,15,10,15,11,17,12,7,19,1092,11,9,15,10,95,12,17,13,13,13,13,9,11,15,15,13,13,12,16,14,11,12,11,14,16,14,17,12,12,11,12,14,15,12,13,11,14,14,10,10,12,11,15,14,14,14,8,14,12,16,9,14,338,18,12,14,14,14,16,11,90,7,12,13,15,10,17,9,13,12,14,13,9,15,10,8,16,9,13,9,7,13,9,9,9,13,10,10,14,338,16,15,13,12,15,8,15,9,12,20,12,12,11,17,15,15,11,21,15,15,17,16,14,14,20,13,11,17,10,16,12,14
SBV026_plate01,312,961,1206,1075,1031,312,1011,338,1079,1107,306,324,956,947,1119,1098,365,1041,1191,313,959,318,327,335,313,331,0,330,952,313,333,953,314,335,332,335,330,335,337,338,334,334,337,336,333,335,334,333,333,335,333,337,333,336,336,335,331,338,334,330,335,337,332,335,337,335,337,334,336,333,341,338,335,337,332,334,337,335,336,334,334,334,333,336,363,336,341,335,334,337,334,336,335,336,333,333,335,332,337,334,341,337,337,337,334,338,334,340,339,335,333,338,335,336,338,335,334,338,962,335,338,336,335,335,335,336,335,337,335,336,340,336,330,336,337,337,337,333,335,335,333,340,336,338,338,335,338,335,336,338,337,339,333,340,337,336,339,338,340,336,337,336,341,335,336,336,336,343,333,337,333,336,333,343,337,341,337,335,339,335,339,338,339,335,338,334,337,341,331,336,336,336,344,339,335,336,339,338,334,337,341,335,339,334,336,336,335,338,341,335,337,1083,341,339,332,337,338,336,332,367,333,337,338,342,339,335,339,340,336,341,344,338,340,332,336,334,340,335,340,336,342,337,332,344,1032,336,334,340,335,324,337,342,338,338,338,338,334,336,340,340,338,338,341,341,339,336,337,336,339,341,339,342,337,336,340,337,339,340,337,338,336,339,339,339,335,337,336,340,339,339,339,333,338,341,341,338,339,41,343,337,339,339,338,341,336,315,332,341,342,340,335,342,334,338,337,339,338,334,344,335,333,341,334,338,334,332,338,334,334,334,338,339,339,339,41,341,340,338,337,340,333,340,338,341,345,337,337,336,342,340,340,336,346,340,340,342,341,343,339,345,338,336,342,333,343,337,339
SBV027_plate01,48,1023,1287,1142,1090,48,1074,8,1137,1172,80,110,1012,1006,1178,1156,151,1101,1270,87,1021,92,19,5,87,5,330,0,1009,87,3,1014,90,5,3,5,4,8,7,8,4,4,7,6,3,5,4,3,3,5,3,7,3,6,6,5,1,8,4,9,5,7,5,5,7,5,7,4,6,3,11,8,5,7,3,4,8,5,6,4,4,4,3,6,149,6,11,5,4,7,4,6,5,6,3,3,5,2,7,4,11,7,7,7,4,8,4,10,9,5,3,8,5,6,8,5,4,8,1022,5,8,6,5,5,5,6,5,7,5,6,10,6,1,6,7,7,7,3,5,5,3,10,6,8,8,5,8,5,6,8,8,9,3,10,7,6,9,8,10,6,7,6,11,5,6,6,6,13,3,7,3,6,3,13,7,11,7,5,9,5,9,8,9,5,8,4,7,11,1,6,6,6,14,9,5,6,9,8,4,7,11,5,9,4,6,6,5,8,11,5,7,1139,11,9,2,7,8,6,2,153,3,7,8,12,9,5,9,10,6,11,14,8,10,2,6,4,10,5,10,6,12,7,2,14,1091,6,4,10,5,98,7,12,8,8,8,8,4,6,10,10,8,8,11,11,9,6,7,6,9,11,9,12,7,7,10,7,9,10,7,8,6,9,9,9,5,7,6,10,9,9,9,3,9,11,11,8,9,337,13,7,9,9,9,11,6,89,2,11,12,10,5,12,4,8,7,9,8,4,14,5,3,11,4,8,4,2,8,4,4,4,8,9,9,9,337,11,10,8,7,10,3,10,8,11,15,7,7,6,12,10,10,6,16,10,10,12,11,13,9,15,8,6,12,5,13,7,9
SBV028_plate01,989,44,1121,946,921,989,477,1017,969,974,976,995,36,15,967,993,1042,909,1124,989,14,997,1006,1014,989,1010,952,1009,0,990,1012,13,988,1014,1012,1014,1003,1009,1016,1017,1013,1013,1016,1015,1012,1014,1013,1012,1012,1014,1012,1016,1012,1015,1015,1014,1010,1017,1013,996,1014,1016,1011,1014,1016,1014,1016,1013,1015,1012,1020,1017,1014,1016,1011,1013,1015,1014,1015,1013,1013,1013,1012,1015,1042,1015,1018,1014,1013,1016,1013,1015,1014,1015,1010,1012,1014,1009,1016,1013,1020,1016,1016,1014,1013,1017,1013,1019,1018,1014,1012,1017,1014,1013,1017,1014,1013,1017,17,1014,1017,1015,1014,1014,1014,1015,1014,1016,1014,1015,1019,1013,1009,1015,1016,1016,1016,1012,1014,1014,1012,1019,1015,1017,1016,1014,1017,1014,1015,1017,1008,1018,1012,1019,1016,1015,1018,1017,1019,1015,1016,1015,1020,1014,1015,1015,1015,1022,1012,1016,1012,1015,1012,1022,1016,1020,1016,1014,1018,1014,1018,1017,1018,1014,1017,1013,1015,1020,1010,1015,1015,1014,1023,1018,1012,1015,1018,1017,1013,1016,1020,1014,1018,1013,1015,1015,1012,1017,1020,1014,1016,998,1020,1018,1011,1016,1017,1015,1011,1044,1012,1016,1017,1019,1016,1014,1018,1019,1015,1020,1023,1017,1019,1011,1015,1013,1019,1014,1019,1015,1021,1016,1011,1023,899,1015,1013,1019,1012,998,1016,1021,1017,1017,1017,1017,1013,1015,1017,1017,1015,1015,1020,1020,1018,1015,1016,1015,1018,1020,1018,1021,1016,1012,1019,1016,1018,1019,1016,1017,1015,1018,1018,1018,1014,1016,1015,1019,1017,1016,1018,1012,1016,1019,1020,1017,1018,957,1022,1016,1018,1017,1017,1020,1014,992,1011,1020,1021,1018,1014,1020,1013,1017,1016,1018,1017,1013,1023,1014,1012,1020,1013,1017,1013,1011,1017,1013,1013,1011,1017,1018,1018,1018,957,1020,1018,1017,1016,1014,1012,1019,1017,1020,1022,1016,1016,1015,1018,1019,1019,1015,1023,1019,1019,1018,1017,1021,1018,1022,1017,1014,1021,1011,1022,1016,1018
SBV029_plate01,69,1004,1274,1124,1074,69,1057,95,1117,1154,43,93,993,987,1160,1136,133,1083,1259,42,999,69,84,92,42,88,313,87,990,0,90,995,5,92,90,92,90,94,94,95,91,91,94,93,90,92,91,90,90,92,90,94,90,93,93,92,88,95,91,89,92,94,90,92,94,92,94,91,93,90,98,95,92,94,90,91,95,92,93,91,91,91,90,93,132,93,98,92,91,94,91,93,92,93,90,90,92,89,94,91,98,94,94,94,91,95,91,97,96,92,90,95,92,93,95,92,91,95,1000,92,95,93,92,92,92,93,92,94,92,93,97,93,87,93,94,94,94,90,92,92,90,97,93,95,95,92,95,92,93,95,94,96,90,97,94,93,96,95,97,93,94,93,98,92,93,93,93,100,90,94,90,93,90,100,94,98,94,92,96,92,96,95,96,92,95,91,94,98,88,93,93,93,101,96,92,93,96,95,91,94,98,92,96,91,93,93,92,95,98,92,94,1121,98,96,89,94,95,93,89,136,90,94,95,99,96,92,96,97,93,98,101,95,97,89,93,91,97,92,97,93,99,94,89,101,1073,93,91,97,92,13,94,99,95,95,95,95,91,93,97,97,95,95,98,98,96,93,94,93,96,98,96,99,94,94,97,94,96,97,94,95,93,96,96,96,92,94,93,97,96,96,96,90,95,98,98,95,96,320,100,94,96,96,96,98,93,16,89,98,99,97,92,99,91,95,94,96,95,91,101,92,90,98,91,95,91,89,95,91,91,91,95,96,96,96,320,98,97,95,94,97,90,97,95,98,102,94,94,93,99,97,97,93,103,97,97,99,98,100,96,102,95,93,99,91,100,94,96
SBV030_plate01,51,1026,1290,1145,1093,51,1077,11,1140,1175,83,113,1015,1009,1181,1159,154,1104,1273,90,1024,95,22,8,90,8,333,3,1012,90,0,1017,93,8,6,8,7,11,10,11,7,7,10,9,6,8,7,6,6,8,6,10,6,9,9,8,4,11,7,12,8,10,8,8,10,8,10,7,9,6,12,11,8,10,6,7,11,8,9,7,7,7,6,9,152,9,14,8,7,10,7,9,8,9,6,6,8,5,10,7,14,10,10,10,7,11,7,13,12,8,6,11,8,9,11,8,7,11,1025,8,11,9,8,8,8,9,8,10,8,9,13,9,4,9,10,10,10,6,8,8,6,13,9,11,11,8,11,8,9,11,11,12,6,13,10,9,12,11,13,9,10,9,14,8,9,9,9,16,6,10,6,9,6,16,10,14,10,8,12,8,12,11,12,8,11,7,10,14,4,9,9,9,17,12,8,9,12,11,7,10,14,8,12,7,9,9,8,11,14,8,10,1142,14,12,5,10,11,9,5,156,6,10,11,15,12,8,12,13,9,14,17,11,13,5,9,7,13,8,13,9,15,10,5,17,1094,9,7,13,8,101,10,15,11,11,11,11,7,9,13,13,11,11,14,14,12,9,10,9,12,14,12,15,10,10,13,10,12,13,10,11,9,12,12,12,8,10,9,13,12,12,12,6,12,14,14,11,12,340,16,10,12,12,12,14,9,92,5,14,15,13,8,15,7,11,10,12,11,7,17,8,6,14,7,11,7,5,11,7,7,7,11,12,12,12,340,14,13,11,10,13,6,13,11,14,18,10,10,9,15,13,13,9,19,13,13,15,14,16,12,18,11,9,15,8,16,10,12
SBV031_plate01,996,44,1124,948,925,996,478,1022,971,974,980,1001,39,18,970,991,1049,911,1127,994,9,1002,1011,1019,994,1015,953,1014,13,995,1017,0,993,1019,1017,1019,1007,1013,1021,1022,1018,1018,1021,1020,1017,1019,1018,1017,1017,1019,1017,1021,1017,1020,1020,1019,1015,1022,1018,1000,1019,1021,1016,1019,1021,1019,1021,1018,1020,1017,1025,1022,1019,1021,1015,1018,1022,1019,1020,1018,1018,1018,1017,1020,1047,1020,1025,1019,1018,1021,1018,1020,1019,1020,1015,1017,1019,1016,1021,1018,1025,1021,1021,1021,1018,1022,1018,1024,1023,1019,1017,1022,1019,1020,1022,1019,1018,1022,11,1019,1022,1020,1019,1019,1019,1020,1019,1021,1019,1020,1024,1020,1014,1020,1021,1021,1021,1017,1019,1019,1017,1024,1020,1022,1020,1019,1022,1019,1020,1022,1013,1023,1017,1024,1021,1020,1023,1022,1024,1020,1021,1020,1025,1019,1020,1020,1020,1027,1017,1021,1017,1020,1017,1027,1021,1025,1021,1019,1023,1019,1023,1022,1023,1019,1022,1018,1020,1025,1015,1020,1020,1019,1028,1023,1017,1020,1023,1022,1018,1021,1025,1019,1023,1018,1020,1020,1019,1022,1025,1019,1021,1001,1025,1023,1016,1021,1022,1020,1016,1051,1017,1021,1022,1026,1023,1019,1023,1024,1020,1025,1028,1022,1024,1016,1020,1018,1024,1019,1024,1020,1026,1021,1016,1028,899,1020,1018,1024,1019,1005,1021,1026,1022,1022,1022,1022,1018,1020,1024,1024,1022,1022,1025,1025,1023,1020,1021,1020,1023,1025,1023,1026,1021,1017,1024,1021,1023,1024,1021,1022,1020,1023,1023,1023,1019,1021,1020,1024,1022,1023,1023,1017,1021,1024,1025,1022,1023,958,1027,1021,1023,1022,1022,1025,1019,997,1016,1025,1026,1024,1019,1025,1018,1022,1021,1023,1022,1018,1028,1019,1017,1025,1018,1022,1018,1016,1022,1018,1018,1018,1022,1023,1023,1023,958,1025,1023,1022,1021,1019,1017,1024,1022,1025,1027,1021,1021,1019,1023,1024,1024,1020,1028,1024,1024,1023,1024,1027,1023,1027,1022,1019,1026,1015,1027,1021,1023
SBV032_plate01,72,1002,1267,1120,1071,72,1054,98,1113,1150,46,96,991,985,1158,1132,133,1083,1251,45,997,72,87,95,45,91,314,90,988,5,93,993,0,95,93,95,93,97,97,98,94,94,97,96,93,95,94,93,93,95,93,97,93,96,96,95,91,98,94,92,95,97,93,95,97,95,97,94,96,93,101,98,95,97,93,94,98,95,96,94,94,94,93,96,133,96,101,95,94,97,94,96,95,95,93,93,95,92,97,94,101,97,97,97,94,98,94,100,99,95,93,98,95,96,98,95,94,98,998,95,98,96,95,95,95,96,95,97,95,96,100,96,90,96,97,97,97,93,95,95,93,100,96,98,98,95,98,95,96,98,97,99,93,100,97,96,99,98,100,96,97,96,101,95,96,96,96,103,93,97,93,96,93,103,97,101,97,95,99,95,99,98,99,95,98,94,97,101,91,96,96,96,104,99,95,96,99,98,94,97,101,95,99,94,96,96,95,98,101,95,97,1118,101,99,92,97,98,96,92,137,93,97,98,102,99,95,99,100,96,101,104,98,100,92,96,94,100,95,100,96,102,97,92,104,1073,96,94,100,95,16,97,102,98,98,98,98,94,96,100,100,98,98,101,101,99,96,97,96,99,101,99,102,97,97,100,97,99,100,97,98,96,99,99,99,95,97,96,100,99,99,99,93,98,101,101,98,99,321,103,97,99,99,99,101,96,19,92,101,102,100,95,102,94,98,97,99,98,94,104,95,93,101,94,98,94,92,98,94,94,94,98,99,99,99,321,101,100,98,97,100,93,100,98,101,105,97,97,96,102,100,100,96,106,100,100,102,101,103,99,105,98,96,102,93,103,97,99
SBV033_plate01,53,1028,1292,1145,1093,53,1079,11,1142,1177,85,115,1017,1011,1183,1161,156,1106,1275,92,1026,97,24,8,92,6,335,5,1014,92,8,1019,95,0,8,10,9,11,12,9,9,9,8,11,8,8,7,8,8,10,8,12,8,11,11,10,6,9,9,12,10,12,10,10,12,10,12,9,11,8,16,13,10,8,8,9,13,10,11,9,9,9,8,7,154,7,12,10,5,12,5,11,10,11,8,8,6,7,8,9,16,12,8,12,9,13,9,15,14,10,8,13,10,11,13,10,9,9,1027,10,9,11,10,10,10,11,10,8,10,11,11,11,6,11,12,12,12,8,10,10,8,15,11,13,13,10,13,6,11,13,9,10,4,15,12,11,10,13,15,11,12,11,12,10,9,11,11,18,8,8,8,7,8,14,12,16,12,10,10,10,14,13,14,6,9,9,12,16,6,11,11,11,19,10,10,11,14,9,9,12,16,10,14,9,7,11,10,9,16,10,8,1144,16,14,7,12,13,11,7,158,8,12,13,17,12,10,14,15,11,16,15,13,15,7,11,9,15,10,15,11,17,12,7,19,1096,11,9,15,10,99,12,17,13,13,13,13,9,11,15,15,13,13,12,16,14,11,12,11,14,16,14,17,12,12,11,12,14,15,12,13,11,14,14,10,10,12,11,15,14,14,14,8,14,12,16,9,14,342,18,12,14,14,14,16,11,94,7,12,13,15,10,17,9,13,12,14,13,9,15,10,8,16,9,13,9,7,13,9,9,9,13,10,10,14,342,16,15,13,12,15,8,15,9,12,20,12,12,11,17,15,15,11,21,15,15,17,16,14,14,20,13,11,17,10,16,12,14
SBV035_plate01,51,1026,1289,1145,1093,51,1077,5,1140,1175,83,113,1015,1009,1181,1159,154,1104,1272,90,1024,95,22,8,90,8,332,3,1012,90,6,1017,93,8,0,2,6,5,10,5,7,1,10,9,6,8,7,6,6,8,6,10,6,3,9,2,4,5,7,12,2,4,8,2,4,8,4,7,3,6,14,5,2,10,6,7,7,8,3,7,7,7,6,9,152,9,8,8,7,4,7,3,8,9,6,6,8,5,10,7,8,4,4,10,7,5,7,13,6,8,6,11,8,9,5,8,7,5,1025,8,11,9,8,8,8,3,8,10,8,9,13,9,4,9,10,10,10,6,8,8,6,13,9,11,5,8,5,8,3,11,11,6,6,13,10,9,12,11,7,9,10,9,8,8,9,9,9,10,6,10,6,9,6,10,10,8,10,8,12,8,12,11,12,8,11,7,10,14,4,9,9,9,11,12,8,9,6,11,7,10,14,8,12,7,9,9,8,11,14,8,10,1142,8,12,5,10,11,3,5,156,6,10,11,15,6,8,12,13,9,14,17,11,13,5,9,7,13,8,13,9,15,10,5,17,1094,9,7,13,8,101,10,15,11,11,11,11,7,9,13,13,11,11,14,8,12,9,10,9,12,14,12,9,10,10,13,10,12,13,10,11,9,12,12,12,8,10,9,13,12,12,12,6,12,14,14,11,12,339,10,10,12,12,12,8,9,92,5,14,15,13,8,15,7,11,10,12,11,7,17,8,6,14,7,11,7,5,11,7,7,7,11,12,12,12,339,14,13,11,10,13,6,7,11,14,18,10,10,9,15,13,13,9,19,13,13,15,14,16,12,18,11,9,15,8,16,10,12
SBV036_plate01,53,1027,1290,1147,1095,53,1079,5,1142,1177,85,115,1017,1011,1183,1161,156,1106,1273,92,1026,97,24,8,92,10,335,5,1014,92,8,1019,95,10,2,0,8,5,10,5,7,1,10,9,6,8,7,6,6,8,6,10,8,3,9,2,4,5,7,12,2,4,8,2,4,8,4,7,3,6,16,5,2,10,6,7,7,6,3,7,7,7,6,9,154,9,8,8,9,4,9,3,8,9,6,6,8,7,10,7,8,4,4,10,7,5,7,13,6,8,6,11,8,9,5,8,7,5,1027,8,11,9,8,8,8,3,8,10,6,9,13,9,6,9,10,10,10,6,8,8,6,13,9,9,5,8,5,8,3,11,11,6,8,13,10,9,12,11,7,9,10,9,8,8,9,9,9,10,6,10,6,9,6,10,10,8,10,8,12,10,12,11,12,8,11,7,10,14,6,9,9,9,11,12,8,9,6,11,7,10,14,8,12,7,11,9,10,11,14,8,10,1144,8,12,7,8,11,3,7,158,8,10,11,15,6,8,12,13,9,14,17,11,13,7,9,7,13,10,13,9,15,12,7,17,1096,11,7,15,8,103,10,15,11,11,11,11,7,11,15,13,11,11,14,8,14,11,10,11,14,16,14,9,10,10,13,10,12,13,12,11,11,12,12,14,10,10,11,13,12,14,12,6,12,14,14,13,12,342,10,12,14,12,14,8,11,94,7,14,17,13,10,17,9,11,10,12,11,9,17,10,8,14,9,13,7,7,13,9,9,7,13,14,14,14,342,16,13,11,10,13,8,7,13,16,18,10,10,9,15,13,13,9,19,13,13,15,14,16,14,18,13,11,15,10,18,10,14
SBV037_plate01,51,1015,1282,1135,1088,51,1070,11,1128,1159,84,113,1005,1002,1170,1149,153,1096,1269,90,1014,95,23,9,90,9,330,4,1003,90,7,1007,93,9,6,8,0,11,11,11,8,7,11,10,7,9,8,7,7,9,7,11,7,9,10,8,5,11,8,13,8,10,8,8,10,9,10,8,9,7,14,11,8,11,7,8,11,9,9,8,8,8,7,10,152,10,14,9,8,10,8,9,9,10,7,7,9,6,11,8,14,10,10,11,8,11,8,14,12,9,7,12,9,10,11,9,8,11,1015,9,12,9,9,9,9,9,9,11,9,10,14,10,5,10,11,11,11,7,9,9,7,14,10,12,11,9,11,9,9,12,12,12,7,14,11,10,13,12,13,10,11,10,14,9,10,10,10,16,7,11,7,10,7,16,11,14,11,9,13,9,13,12,13,9,12,8,11,15,5,10,10,10,17,13,9,10,12,12,8,10,15,9,13,8,10,10,9,12,13,9,11,1134,14,13,6,11,12,9,6,156,7,10,12,16,12,9,13,14,10,15,18,12,14,6,10,8,14,9,14,10,16,11,6,18,1085,10,8,14,9,101,11,16,12,12,12,12,8,10,14,14,11,12,15,14,13,10,11,10,13,15,13,15,11,11,14,11,13,14,11,12,10,13,13,13,9,11,10,14,13,13,13,7,13,15,15,12,13,336,16,11,13,13,12,14,10,92,6,15,16,14,9,16,8,12,11,13,12,8,18,9,7,15,8,12,8,6,12,8,8,8,12,13,13,13,336,15,14,12,11,14,7,13,12,15,19,11,11,10,16,14,14,10,20,14,14,16,15,17,13,19,12,10,16,9,17,11,13
SBV038_plate01,55,1022,1289,1140,1094,55,1074,7,1134,1169,88,117,1011,1007,1173,1156,158,1099,1274,94,1020,99,27,10,94,11,335,8,1009,94,11,1013,97,11,5,5,11,0,13,6,10,4,11,12,9,10,9,9,9,11,9,13,11,6,12,5,7,6,10,17,5,7,10,5,7,11,7,10,6,9,17,8,5,11,9,10,10,11,6,10,10,10,9,10,156,10,9,11,10,7,10,6,11,12,9,9,9,10,11,10,10,7,5,13,10,8,10,16,8,11,9,14,11,11,8,11,10,6,1021,11,12,11,11,11,11,6,11,11,11,12,14,12,9,12,13,13,13,9,11,11,9,16,12,14,8,11,8,9,6,14,12,7,9,16,13,12,13,14,9,12,13,12,9,11,12,12,12,13,9,11,9,10,9,11,13,11,13,11,13,13,15,14,15,9,12,10,13,17,9,12,12,12,14,13,11,12,9,12,10,13,17,11,15,10,12,12,13,12,16,11,11,1142,11,15,10,13,14,6,10,160,11,12,14,18,8,11,15,16,12,17,17,14,16,10,12,10,16,13,16,12,18,15,10,19,1089,14,10,18,11,103,13,18,14,14,14,14,10,14,18,16,14,14,15,11,17,14,13,14,17,19,17,12,13,13,14,13,15,16,15,14,14,15,15,15,13,13,14,16,15,17,15,9,15,15,17,14,15,343,13,15,17,15,17,11,14,96,10,15,18,16,13,19,12,14,13,15,14,12,17,13,11,17,12,16,10,10,16,12,12,10,16,15,15,17,343,19,16,14,13,16,11,10,14,17,21,15,13,12,18,16,16,12,22,18,18,18,17,17,17,21,16,14,18,13,21,13,17
SBV039_plate01,55,1029,1293,1149,1097,55,1081,11,1144,1179,87,117,1019,1013,1185,1163,158,1108,1276,94,1028,99,26,6,94,12,337,7,1016,94,10,1021,97,12,10,10,11,13,0,13,5,9,8,7,4,6,5,4,4,6,4,6,10,11,7,10,6,13,5,14,10,10,6,10,10,4,12,5,11,6,18,11,10,8,6,5,13,6,11,3,5,5,4,5,156,7,16,6,11,12,11,11,6,7,4,4,6,9,8,5,16,12,12,8,5,13,5,11,14,6,4,9,6,7,13,6,5,13,1029,6,9,7,6,6,4,11,6,8,6,7,11,7,8,7,8,8,8,4,6,6,4,11,7,9,13,6,13,6,11,9,9,14,10,11,8,7,10,9,15,7,8,7,16,6,7,7,7,18,4,8,4,7,4,18,8,16,8,6,10,12,10,7,10,6,9,5,8,12,6,7,7,7,19,10,6,7,14,9,5,8,12,10,10,5,13,5,12,9,16,6,8,1146,16,10,9,6,9,11,9,160,10,8,9,13,14,6,10,11,7,10,15,9,11,9,7,5,11,12,11,7,13,14,9,15,1098,13,5,17,6,105,8,13,9,9,9,9,5,13,17,11,9,9,10,16,16,13,8,13,16,18,16,17,8,8,11,8,10,11,14,9,13,10,10,16,12,8,13,11,10,16,10,4,10,12,12,15,10,344,18,14,16,10,16,16,13,96,9,12,19,11,12,19,11,9,8,10,9,11,15,10,10,12,11,15,5,9,15,11,11,5,15,16,14,16,344,18,11,9,8,11,10,15,15,18,16,14,8,7,13,11,11,7,17,17,17,13,12,14,16,16,15,13,13,12,18,8,16
SBV040_plate03,56,1031,1294,1148,1096,56,1082,6,1145,1180,88,118,1020,1014,1186,1164,159,1109,1277,95,1029,100,27,9,95,9,338,8,1017,95,11,1022,98,9,5,5,11,6,13,0,10,4,9,12,9,9,8,9,9,11,9,13,11,6,12,5,7,4,10,15,5,7,11,5,7,11,7,10,6,9,19,8,5,9,9,10,10,11,6,10,10,10,9,8,157,8,7,11,8,7,8,6,11,12,9,9,7,10,9,10,11,7,3,13,10,8,10,16,9,11,9,14,11,12,8,11,10,4,1030,11,10,12,11,11,11,6,11,9,11,12,12,12,9,12,13,13,13,9,11,11,9,16,12,14,8,11,8,7,6,14,10,5,7,16,13,12,11,14,10,12,13,12,7,11,10,12,12,13,9,9,9,8,9,9,13,11,13,11,11,13,15,14,15,7,10,10,13,17,9,12,12,12,14,11,11,12,9,10,10,13,17,11,15,10,10,12,13,10,17,11,9,1147,11,15,10,13,14,6,10,161,11,13,14,18,7,11,15,16,12,17,16,14,16,10,12,10,16,13,16,12,18,15,10,20,1099,14,10,18,11,102,13,18,14,14,14,14,10,14,18,16,14,14,13,11,17,14,13,14,17,19,17,12,13,13,12,13,15,16,15,14,14,15,15,13,13,13,14,16,15,17,15,9,15,13,17,12,15,345,13,15,17,15,17,11,14,97,10,13,16,16,13,20,12,14,13,15,14,12,16,13,11,17,12,16,10,10,16,12,12,10,16,13,13,17,345,19,16,14,13,16,11,10,12,15,21,15,13,12,18,16,16,12,22,18,18,18,17,15,17,21,16,14,18,13,19,13,17
SBV041_plate01,52,1027,1291,1146,1094,52,1078,10,1141,1176,84,114,1016,1010,1182,1160,155,1105,1274,91,1025,96,23,3,91,9,334,4,1013,91,7,1018,94,9,7,7,8,10,5,10,0,6,5,4,1,3,2,1,1,3,1,5,7,8,4,7,3,10,2,13,7,9,3,7,9,3,9,2,8,3,15,10,7,5,3,2,10,3,8,2,2,2,1,4,153,4,13,3,8,9,8,8,3,4,1,1,3,6,5,2,13,9,9,5,2,10,2,8,11,3,1,6,3,4,10,3,2,10,1026,3,6,4,3,3,3,8,3,5,3,4,8,4,5,4,5,5,5,1,3,3,1,8,4,6,10,3,10,3,8,6,6,11,7,8,5,4,7,6,12,4,5,4,13,3,4,4,4,15,1,5,1,4,1,15,5,13,5,3,7,9,7,6,7,3,6,2,5,9,5,4,4,4,16,7,3,4,11,6,2,5,9,7,7,2,10,4,9,6,13,3,5,1143,13,7,6,5,6,8,6,157,7,5,6,10,11,3,7,8,4,9,12,6,8,6,4,2,8,9,8,4,10,11,6,12,1095,10,2,14,3,102,5,10,6,6,6,6,2,10,14,8,6,6,9,13,13,10,5,10,13,15,13,14,5,5,8,5,7,8,11,6,10,7,7,13,9,5,10,8,7,13,7,1,7,9,9,12,7,341,15,11,13,7,13,13,10,93,6,9,16,8,9,16,8,6,5,7,6,8,12,9,7,9,8,12,2,6,12,8,8,2,12,13,13,13,341,15,8,6,5,8,7,12,12,15,13,11,5,4,10,8,8,4,14,14,14,10,9,11,13,13,12,10,10,9,17,5,13
SBV042_plate01,52,1027,1290,1146,1094,52,1078,4,1141,1176,84,114,1016,1010,1182,1160,155,1105,1273,91,1025,96,23,7,91,9,334,4,1013,91,7,1018,94,9,1,1,7,4,9,4,6,0,9,8,5,7,6,5,5,7,5,9,7,2,8,1,3,4,6,13,1,3,7,1,3,7,3,6,2,5,15,4,1,9,5,6,6,7,2,6,6,6,5,8,153,8,7,7,8,3,8,2,7,8,5,5,7,6,9,6,7,3,3,9,6,4,6,12,5,7,5,10,7,8,4,7,6,4,1026,7,10,8,7,7,7,2,7,9,7,8,12,8,5,8,9,9,9,5,7,7,5,12,8,10,4,7,4,7,2,10,10,5,7,12,9,8,11,10,6,8,9,8,7,7,8,8,8,9,5,9,5,8,5,9,9,7,9,7,11,9,11,10,11,7,10,6,9,13,5,8,8,8,10,11,7,8,5,10,6,9,13,7,11,6,10,8,9,10,13,7,9,1143,7,11,6,9,10,2,6,157,7,9,10,14,5,7,11,12,8,13,16,10,12,6,8,6,12,9,12,8,14,11,6,16,1095,10,6,14,7,102,9,14,10,10,10,10,6,10,14,12,10,10,13,7,13,10,9,10,13,15,13,8,9,9,12,9,11,12,11,10,10,11,11,13,9,9,10,12,11,13,11,5,11,13,13,12,11,341,9,11,13,11,13,7,10,93,6,13,16,12,9,16,8,10,9,11,10,8,16,9,7,13,8,12,6,6,12,8,8,6,12,13,13,13,341,15,12,10,9,12,7,6,12,15,17,11,9,8,14,12,12,8,18,14,14,14,13,15,13,17,12,10,14,9,17,9,13
SBV043_plate01,55,1030,1294,1147,1095,55,1081,11,1144,1179,87,117,1019,1013,1185,1163,158,1108,1277,94,1028,99,26,4,94,8,337,7,1016,94,10,1021,97,8,10,10,11,11,8,9,5,9,0,7,4,4,3,4,4,6,4,8,10,11,7,10,6,9,5,14,10,12,6,10,12,6,12,5,11,6,18,13,10,4,6,5,13,6,11,5,5,5,4,3,156,3,12,6,7,12,7,11,6,7,4,4,2,9,4,5,16,12,8,8,5,13,5,11,14,6,4,9,6,7,13,6,5,9,1029,6,5,7,6,6,6,11,6,4,6,7,7,7,8,7,8,8,8,4,6,6,4,11,7,9,13,6,13,2,11,9,5,10,6,11,8,7,6,9,15,7,8,7,12,6,5,7,7,18,4,4,4,3,4,14,8,16,8,6,6,12,10,9,10,2,5,5,8,12,8,7,7,7,19,6,6,7,14,5,5,8,12,10,10,5,9,7,12,5,16,6,4,1146,16,10,9,8,9,11,9,160,10,8,9,13,12,6,10,11,7,12,11,9,11,9,7,5,11,12,11,7,13,14,9,15,1098,13,5,17,6,101,8,13,9,9,9,9,5,13,17,11,9,9,8,16,16,13,8,13,16,18,16,17,8,8,7,8,10,11,14,9,13,10,10,12,12,8,13,11,10,16,10,4,10,8,12,11,10,344,18,14,16,10,16,16,13,96,9,8,15,11,12,19,11,9,8,10,9,11,11,12,10,12,11,15,5,9,15,11,11,5,15,12,12,16,344,18,11,9,8,11,10,15,11,14,16,14,8,7,13,11,11,7,17,17,17,13,12,10,16,16,15,13,13,12,18,8,16
SBV044_plate01,54,1029,1293,1148,1096,54,1080,12,1143,1178,86,116,1018,1012,1184,1162,157,1107,1275,92,1027,98,25,5,93,11,336,6,1015,93,9,1020,96,11,9,9,10,12,7,12,4,8,7,0,3,5,4,3,3,5,3,7,9,10,6,9,5,12,4,15,9,11,5,9,11,5,11,4,10,5,17,12,9,7,5,4,12,5,10,4,4,4,3,6,155,6,15,5,10,11,10,10,5,6,3,3,5,8,7,4,15,11,11,7,4,12,4,10,13,5,3,8,5,6,12,5,4,12,1028,5,8,6,5,5,5,10,5,7,5,6,10,6,7,6,7,7,7,3,5,5,3,10,6,8,12,5,12,5,10,8,8,13,9,10,7,6,9,8,14,6,7,6,15,5,6,6,6,17,3,7,3,6,3,17,7,15,7,5,9,11,9,8,9,5,8,4,7,11,7,6,6,6,18,9,5,6,13,8,4,7,11,9,9,4,12,6,11,8,15,5,7,1145,15,9,8,7,8,10,8,159,9,7,8,12,13,5,9,10,6,11,14,8,10,8,6,4,10,11,10,6,12,13,8,14,1097,12,4,16,5,104,7,12,8,8,8,8,4,12,16,10,8,8,11,15,15,12,7,12,15,17,15,16,7,7,10,7,9,10,13,8,12,9,9,15,11,7,12,10,9,15,9,3,9,11,11,14,9,343,17,13,15,9,15,15,12,95,8,11,18,10,11,18,10,8,7,9,8,10,14,11,9,11,10,14,4,8,14,10,10,4,14,15,15,15,343,17,10,8,7,10,9,14,14,17,15,13,7,6,12,10,10,6,16,16,16,12,11,13,15,15,14,12,12,11,19,7,15
SBV045_plate01,51,1026,1290,1145,1093,51,1077,9,1140,1175,83,113,1015,1009,1181,1159,154,1104,1273,90,1024,95,22,2,90,8,333,3,1012,90,6,1017,93,8,6,6,7,9,4,9,1,5,4,3,0,2,1,0,0,2,0,4,6,7,3,6,2,9,1,12,6,8,2,6,8,2,8,1,7,2,14,9,6,4,2,1,9,2,7,1,1,1,0,3,152,3,12,2,7,8,7,7,2,3,0,0,2,5,4,1,12,8,8,4,1,9,1,7,10,2,0,5,2,3,9,2,1,9,1025,2,5,3,2,2,2,7,2,4,2,3,7,3,4,3,4,4,4,0,2,2,0,7,3,5,9,2,9,2,7,5,5,10,6,7,4,3,6,5,11,3,4,3,12,2,3,3,3,14,0,4,0,3,0,14,4,12,4,2,6,8,6,5,6,2,5,1,4,8,4,3,3,3,15,6,2,3,10,5,1,4,8,6,6,1,9,3,8,5,12,2,4,1142,12,6,5,4,5,7,5,156,6,4,5,9,10,2,6,7,3,8,11,5,7,5,3,1,7,8,7,3,9,10,5,11,1094,9,1,13,2,101,4,9,5,5,5,5,1,9,13,7,5,5,8,12,12,9,4,9,12,14,12,13,4,4,7,4,6,7,10,5,9,6,6,12,8,4,9,7,6,12,6,0,6,8,8,11,6,340,14,10,12,6,12,12,9,92,5,8,15,7,8,15,7,5,4,6,5,7,11,8,6,8,7,11,1,5,11,7,7,1,11,12,12,12,340,14,7,5,4,7,6,11,11,14,12,10,4,3,9,7,7,3,13,13,13,9,8,10,12,12,11,9,9,8,16,4,12
SBV046_plate01,53,1028,1292,1146,1094,53,1079,9,1142,1177,85,115,1017,1011,1183,1161,156,1106,1275,92,1026,97,24,2,92,8,335,5,1014,92,8,1019,95,8,8,8,9,10,6,9,3,7,4,5,2,0,1,2,2,4,2,4,8,9,3,8,4,9,3,13,8,10,4,8,10,4,10,3,9,4,16,11,8,4,4,1,11,4,9,3,3,3,2,3,154,3,12,4,7,10,7,9,4,5,2,2,2,7,4,3,14,10,8,6,3,11,3,9,12,4,2,7,4,5,11,4,3,9,1027,4,5,5,4,4,4,9,4,4,4,5,7,3,6,5,6,6,6,2,4,4,2,9,5,7,11,4,11,2,9,7,5,10,6,9,6,5,6,7,13,5,6,5,12,4,4,5,5,16,2,4,2,3,2,14,6,14,6,4,6,10,8,7,8,2,5,3,6,10,6,5,5,5,17,6,4,5,12,5,3,6,10,8,8,3,9,5,10,5,14,4,4,1144,14,8,7,6,7,9,7,158,8,6,7,11,10,4,8,9,5,10,11,7,9,7,5,3,9,10,9,5,11,12,7,13,1096,11,3,15,4,101,6,11,7,7,7,7,3,11,15,9,7,7,8,14,14,11,6,11,14,16,14,15,6,6,7,6,8,9,12,7,11,8,8,12,10,6,11,9,8,14,8,2,8,8,10,11,8,342,16,12,14,8,14,14,11,94,7,8,15,9,10,17,9,7,6,8,7,9,11,10,8,10,9,13,3,7,13,9,9,3,13,12,12,14,342,16,9,7,6,9,8,13,11,14,14,12,6,5,11,9,9,5,15,15,15,11,10,10,14,14,13,11,11,10,17,6,14
SBV047_plate01,52,1027,1291,1145,1093,52,1078,8,1141,1176,84,114,1016,1010,1182,1160,155,1105,1274,91,1025,96,23,1,91,7,334,4,1013,91,7,1018,94,7,7,7,8,9,5,8,2,6,3,4,1,1,0,1,1,3,1,5,7,8,4,7,3,8,2,12,7,9,3,7,9,3,9,2,8,3,15,10,7,3,3,2,10,3,8,2,2,2,1,2,153,2,11,3,6,9,6,8,3,4,1,1,1,6,3,2,13,9,7,5,2,10,2,8,11,3,1,6,3,4,10,3,2,8,1026,3,4,4,3,3,3,8,3,3,3,4,6,4,5,4,5,5,5,1,3,3,1,8,4,6,10,3,10,1,8,6,4,9,5,8,5,4,5,6,12,4,5,4,11,3,3,4,4,15,1,3,1,2,1,13,5,13,5,3,5,9,7,6,7,1,4,2,5,9,5,4,4,4,16,5,3,4,11,4,2,5,9,7,7,2,8,4,9,4,13,3,3,1143,13,7,6,5,6,8,6,157,7,5,6,10,9,3,7,8,4,9,10,6,8,6,4,2,8,9,8,4,10,11,6,12,1095,10,2,14,3,100,5,10,6,6,6,6,2,10,14,8,6,6,7,13,13,10,5,10,13,15,13,14,5,5,6,5,7,8,11,6,10,7,7,11,9,5,10,8,7,13,7,1,7,7,9,10,7,341,15,11,13,7,13,13,10,93,6,7,14,8,9,16,8,6,5,7,6,8,10,9,7,9,8,12,2,6,12,8,8,2,12,11,11,13,341,15,8,6,5,8,7,12,10,13,13,11,5,4,10,8,8,4,14,14,14,10,9,9,13,13,12,10,10,9,16,5,13
SBV048_plate01,51,1026,1290,1145,1093,51,1077,9,1140,1175,83,113,1015,1009,1181,1159,154,1104,1273,90,1024,95,22,2,90,8,333,3,1012,90,6,1017,93,8,6,6,7,9,4,9,1,5,4,3,0,2,1,0,0,2,0,4,6,7,3,6,2,9,1,12,6,8,2,6,8,2,8,1,7,2,14,9,6,4,2,1,9,2,7,1,1,1,0,3,152,3,12,2,7,8,7,7,2,3,0,0,2,5,4,1,12,8,8,4,1,9,1,7,10,2,0,5,2,3,9,2,1,9,1025,2,5,3,2,2,2,7,2,4,2,3,7,3,4,3,4,4,4,0,2,2,0,7,3,5,9,2,9,2,7,5,5,10,6,7,4,3,6,5,11,3,4,3,12,2,3,3,3,14,0,4,0,3,0,14,4,12,4,2,6,8,6,5,6,2,5,1,4,8,4,3,3,3,15,6,2,3,10,5,1,4,8,6,6,1,9,3,8,5,12,2,4,1142,12,6,5,4,5,7,5,156,6,4,5,9,10,2,6,7,3,8,11,5,7,5,3,1,7,8,7,3,9,10,5,11,1094,9,1,13,2,101,4,9,5,5,5,5,1,9,13,7,5,5,8,12,12,9,4,9,12,14,12,13,4,4,7,4,6,7,10,5,9,6,6,12,8,4,9,7,6,12,6,0,6,8,8,11,6,340,14,10,12,6,12,12,9,92,5,8,15,7,8,15,7,5,4,6,5,7,11,8,6,8,7,11,1,5,11,7,7,1,11,12,12,12,340,14,7,5,4,7,6,11,11,14,12,10,4,3,9,7,7,3,13,13,13,9,8,10,12,12,11,9,9,8,16,4,12
SBV049_plate01,51,1026,1290,1145,1093,51,1077,9,1140,1175,83,113,1015,1009,1181,1159,154,1104,1273,90,1024,95,22,2,90,8,333,3,1012,90,6,1017,93,8,6,6,7,9,4,9,1,5,4,3,0,2,1,0,0,2,0,4,6,7,3,6,2,9,1,12,6,8,2,6,8,2,8,1,7,2,14,9,6,4,2,1,9,2,7,1,1,1,0,3,152,3,12,2,7,8,7,7,2,3,0,0,2,5,4,1,12,8,8,4,1,9,1,7,10,2,0,5,2,3,9,2,1,9,1025,2,5,3,2,2,2,7,2,4,2,3,7,3,4,3,4,4,4,0,2,2,0,7,3,5,9,2,9,2,7,5,5,10,6,7,4,3,6,5,11,3,4,3,12,2,3,3,3,14,0,4,0,3,0,14,4,12,4,2,6,8,6,5,6,2,5,1,4,8,4,3,3,3,15,6,2,3,10,5,1,4,8,6,6,1,9,3,8,5,12,2,4,1142,12,6,5,4,5,7,5,156,6,4,5,9,10,2,6,7,3,8,11,5,7,5,3,1,7,8,7,3,9,10,5,11,1094,9,1,13,2,101,4,9,5,5,5,5,1,9,13,7,5,5,8,12,12,9,4,9,12,14,12,13,4,4,7,4,6,7,10,5,9,6,6,12,8,4,9,7,6,12,6,0,6,8,8,11,6,340,14,10,12,6,12,12,9,92,5,8,15,7,8,15,7,5,4,6,5,7,11,8,6,8,7,11,1,5,11,7,7,1,11,12,12,12,340,14,7,5,4,7,6,11,11,14,12,10,4,3,9,7,7,3,13,13,13,9,8,10,12,12,11,9,9,8,16,4,12
SBV050_plate01,53,1028,1292,1147,1095,53,1079,11,1142,1177,85,115,1017,1011,1183,1161,156,1106,1275,92,1026,97,24,4,92,10,335,5,1014,92,8,1019,95,10,8,8,9,11,6,11,3,7,6,5,2,4,3,2,2,0,2,6,8,9,5,8,4,11,3,14,8,10,4,8,10,4,10,3,9,4,16,11,8,6,4,3,11,4,9,3,3,3,2,5,154,5,14,4,9,10,9,9,4,3,2,2,4,7,6,3,14,10,10,6,3,11,3,9,12,4,2,7,4,5,11,4,3,11,1027,4,7,5,4,4,4,9,4,6,4,5,9,5,6,5,6,6,6,2,4,4,2,9,5,7,11,4,11,4,9,7,7,12,8,9,6,5,8,7,13,5,6,5,14,4,5,5,5,16,2,6,2,5,2,16,6,14,6,4,8,10,8,7,8,4,7,3,6,10,6,5,5,5,17,8,4,5,12,7,3,6,10,8,8,3,11,5,10,7,14,4,6,1144,14,8,7,6,7,9,7,158,8,6,7,11,12,4,8,9,5,10,13,7,9,7,5,3,9,10,9,5,11,12,7,13,1096,11,3,15,4,103,6,11,7,7,7,7,3,11,15,9,7,7,10,14,14,11,6,11,14,16,14,15,6,6,9,6,8,9,12,7,11,8,8,14,10,6,11,9,8,14,8,2,8,10,10,13,8,342,16,12,14,8,14,14,11,94,7,10,17,9,10,17,9,7,6,8,7,9,13,10,8,10,9,13,3,7,13,9,9,3,13,14,14,14,342,16,9,7,6,9,8,13,13,16,14,12,6,5,11,9,9,5,15,15,15,11,10,12,14,14,13,11,11,10,18,6,14
SBV051_plate01,51,1026,1290,1145,1093,51,1077,9,1140,1175,83,113,1015,1009,1181,1159,154,1104,1273,90,1024,95,22,2,90,8,333,3,1012,90,6,1017,93,8,6,6,7,9,4,9,1,5,4,3,0,2,1,0,0,2,0,4,6,7,3,6,2,9,1,12,6,8,2,6,8,2,8,1,7,2,14,9,6,4,2,1,9,2,7,1,1,1,0,3,152,3,12,2,7,8,7,7,2,3,0,0,2,5,4,1,12,8,8,4,1,9,1,7,10,2,0,5,2,3,9,2,1,9,1025,2,5,3,2,2,2,7,2,4,2,3,7,3,4,3,4,4,4,0,2,2,0,7,3,5,9,2,9,2,7,5,5,10,6,7,4,3,6,5,11,3,4,3,12,2,3,3,3,14,0,4,0,3,0,14,4,12,4,2,6,8,6,5,6,2,5,1,4,8,4,3,3,3,15,6,2,3,10,5,1,4,8,6,6,1,9,3,8,5,12,2,4,1142,12,6,5,4,5,7,5,156,6,4,5,9,10,2,6,7,3,8,11,5,7,5,3,1,7,8,7,3,9,10,5,11,1094,9,1,13,2,101,4,9,5,5,5,5,1,9,13,7,5,5,8,12,12,9,4,9,12,14,12,13,4,4,7,4,6,7,10,5,9,6,6,12,8,4,9,7,6,12,6,0,6,8,8,11,6,340,14,10,12,6,12,12,9,92,5,8,15,7,8,15,7,5,4,6,5,7,11,8,6,8,7,11,1,5,11,7,7,1,11,12,12,12,340,14,7,5,4,7,6,11,11,14,12,10,4,3,9,7,7,3,13,13,13,9,8,10,12,12,11,9,9,8,16,4,12
SBV052_plate01,55,1029,1293,1149,1097,55,1081,11,1144,1179,87,117,1019,1013,1184,1163,158,1108,1276,94,1028,99,26,6,94,12,337,7,1016,94,10,1021,97,12,10,10,11,13,6,13,5,9,8,7,4,4,5,4,4,6,4,0,10,11,1,10,6,13,5,14,10,10,6,10,10,6,12,5,11,6,18,11,10,8,6,3,13,6,11,3,5,5,4,5,156,7,16,6,11,12,11,11,6,7,4,4,6,9,8,5,16,12,12,8,5,13,5,11,14,6,4,9,6,7,13,6,5,13,1029,6,9,7,6,6,4,11,6,8,6,7,11,5,8,7,8,8,8,4,6,6,4,11,7,9,13,6,13,6,11,9,9,14,10,11,8,7,10,9,15,7,8,7,16,6,7,7,7,18,4,8,4,7,4,18,8,16,8,6,10,12,10,7,10,6,9,5,8,12,6,7,7,7,19,10,6,7,14,9,5,8,12,10,10,5,13,5,12,9,16,6,8,1146,16,10,9,6,9,11,9,160,10,8,9,13,14,6,10,11,7,10,15,9,11,9,7,5,11,12,11,7,13,14,9,15,1097,13,5,17,6,105,8,13,9,9,9,9,5,13,17,11,9,9,10,16,16,13,8,13,16,18,16,17,8,8,11,8,10,11,14,9,13,10,10,16,12,8,13,11,10,16,10,4,10,12,12,15,10,344,18,14,16,10,16,16,13,96,9,12,19,11,12,19,11,9,8,10,9,11,15,10,10,12,11,15,5,9,15,11,11,5,15,16,14,16,344,18,11,9,8,11,10,15,15,18,16,14,8,7,13,11,11,7,17,17,17,13,12,14,16,16,15,13,13,12,18,8,16
SBV053_plate01,51,1026,1289,1145,1093,51,1077,11,1139,1175,82,113,1015,1009,1181,1158,154,1104,1272,90,1024,95,22,8,90,8,333,3,1012,90,6,1017,93,8,6,8,7,11,10,11,7,7,10,9,6,8,7,6,6,8,6,10,0,9,9,8,4,11,7,12,8,10,8,8,10,8,10,7,9,6,14,11,8,10,6,7,11,8,9,7,7,7,6,9,152,9,14,8,7,10,7,9,8,9,6,6,8,5,10,7,14,10,10,10,7,11,7,13,12,8,6,11,8,9,11,8,7,11,1025,8,11,9,8,8,8,9,8,10,8,9,13,9,4,9,10,10,10,6,8,8,6,13,9,11,11,8,11,8,9,11,11,12,6,13,10,9,12,11,13,9,10,9,14,8,9,9,9,16,6,10,6,9,6,16,10,14,10,8,12,8,12,11,12,8,11,7,10,14,4,9,9,9,17,12,8,9,12,11,7,10,14,8,12,7,9,9,8,11,14,8,10,1142,14,12,5,10,11,9,5,156,6,10,11,15,12,8,12,13,9,14,17,11,13,5,9,7,13,8,13,9,15,10,5,17,1094,9,7,13,8,101,10,15,11,11,11,11,7,9,13,13,11,11,14,14,12,9,10,9,12,14,12,15,10,10,13,10,12,13,10,11,9,12,12,12,8,10,9,13,12,12,12,6,12,14,14,11,12,340,16,10,12,12,12,14,9,92,5,14,15,13,8,15,7,11,10,12,11,7,17,8,6,14,7,11,7,5,11,7,7,7,11,12,12,12,340,14,13,11,10,13,6,13,11,14,18,10,10,9,15,13,13,9,19,13,13,15,14,16,12,18,11,9,15,8,16,10,12
SBV054_plate01,54,1029,1292,1148,1096,54,1080,6,1143,1177,86,116,1018,1012,1183,1162,157,1107,1275,93,1027,98,25,9,93,11,336,6,1015,93,9,1020,96,11,3,3,9,6,11,6,8,2,11,10,7,9,8,7,7,9,7,11,9,0,10,1,5,4,8,15,1,3,9,1,5,9,3,8,2,7,17,4,3,11,7,8,8,9,2,8,8,8,7,10,155,10,7,9,10,3,10,4,9,10,7,7,9,8,11,8,7,3,5,11,8,4,8,14,5,9,7,12,9,10,4,9,8,4,1028,9,12,10,9,9,9,2,9,11,9,10,14,10,7,10,11,11,11,7,9,9,7,14,10,12,4,9,4,9,2,12,12,5,9,14,11,10,13,12,6,10,11,10,7,9,10,10,10,11,7,11,7,10,7,11,11,7,11,9,13,11,13,12,13,9,12,8,11,15,7,10,10,10,10,13,9,10,5,12,8,11,15,9,13,8,12,10,11,12,15,9,11,1144,7,13,8,11,12,2,8,159,9,11,12,16,5,9,13,14,10,15,18,12,14,8,10,8,14,11,14,10,16,13,8,18,1097,12,8,16,9,104,11,16,12,12,12,12,8,12,16,14,12,12,15,7,15,12,11,12,15,17,15,8,11,11,14,11,13,14,13,12,12,13,13,15,11,11,12,14,13,15,13,7,13,15,15,14,13,343,9,13,15,13,15,7,12,95,8,15,18,14,11,18,10,12,11,13,12,10,18,11,9,15,10,14,8,8,14,10,10,8,14,15,15,15,343,17,14,12,11,14,9,6,14,17,19,13,11,10,16,14,14,10,20,16,16,16,15,17,15,19,14,12,16,11,19,11,15
SBV055_plate01,54,1029,1293,1148,1096,54,1080,12,1143,1178,86,116,1018,1012,1184,1162,157,1107,1276,93,1027,98,25,5,93,11,336,6,1015,93,9,1020,96,11,9,9,10,12,7,12,4,8,7,6,3,3,4,3,3,5,3,1,9,10,0,9,5,12,4,15,9,11,5,9,11,5,11,4,10,5,17,12,9,7,5,2,12,5,10,4,4,4,3,6,155,6,15,5,10,11,10,10,5,6,3,3,5,8,7,4,15,11,11,7,4,12,4,10,13,5,3,8,5,6,12,5,4,12,1028,5,8,6,5,5,5,10,5,7,5,6,10,4,7,6,7,7,7,3,5,5,3,10,6,8,12,5,12,5,10,8,8,13,9,10,7,6,9,8,14,6,7,6,15,5,6,6,6,17,3,7,3,6,3,17,7,15,7,5,9,11,9,8,9,5,8,4,7,11,7,6,6,6,18,9,5,6,13,8,4,7,11,9,9,4,12,6,11,8,15,5,7,1145,15,9,8,7,8,10,8,159,9,7,8,12,13,5,9,10,6,11,14,8,10,8,6,4,10,11,10,6,12,13,8,14,1097,12,4,16,5,104,7,12,8,8,8,8,4,12,16,10,8,8,11,15,15,12,7,12,15,17,15,16,7,7,10,7,9,10,13,8,12,9,9,15,11,7,12,10,9,15,9,3,9,11,11,14,9,343,17,13,15,9,15,15,12,95,8,11,18,10,11,18,10,8,7,9,8,10,14,11,9,11,10,14,4,8,14,10,10,4,14,15,15,15,343,17,10,8,7,10,9,14,14,17,15,13,7,6,12,10,10,6,16,16,16,12,11,13,15,15,14,12,12,11,19,7,15
SBV056_plate01,53,1028,1291,1147,1095,53,1079,5,1142,1177,85,115,1017,1011,1183,1161,156,1106,1274,92,1026,97,24,8,92,10,335,5,1014,92,8,1019,95,10,2,2,8,5,10,5,7,1,10,9,6,8,7,6,6,8,6,10,8,1,9,0,4,3,7,14,0,2,8,0,4,8,2,7,1,6,16,3,2,10,6,7,7,8,1,7,7,7,6,9,154,9,6,8,9,2,9,3,8,9,6,6,8,7,10,7,6,2,4,10,7,3,7,13,4,8,6,11,8,9,3,8,7,3,1027,8,11,9,8,8,8,1,8,10,8,9,13,9,6,9,10,10,10,6,8,8,6,13,9,11,3,8,3,8,1,11,11,4,8,13,10,9,12,11,5,9,10,9,6,8,9,9,9,10,6,10,6,9,6,10,10,6,10,8,12,10,12,11,12,8,11,7,10,14,6,9,9,9,9,12,8,9,4,11,7,10,14,8,12,7,11,9,10,11,14,8,10,1144,6,12,7,10,11,1,7,158,8,10,11,15,4,8,12,13,9,14,17,11,13,7,9,7,13,10,13,9,15,12,7,17,1096,11,7,15,8,103,10,15,11,11,11,11,7,11,15,13,11,11,14,6,14,11,10,11,14,16,14,7,10,10,13,10,12,13,12,11,11,12,12,14,10,10,11,13,12,14,12,6,12,14,14,13,12,342,8,12,14,12,14,6,11,94,7,14,17,13,10,17,9,11,10,12,11,9,17,10,8,14,9,13,7,7,13,9,9,7,13,14,14,14,342,16,13,11,10,13,8,5,13,16,18,12,10,9,15,13,13,9,19,15,15,15,14,16,14,18,13,11,15,10,18,10,14
SBV057_plate01,49,1024,1288,1143,1091,49,1075,7,1138,1173,81,111,1013,1007,1179,1157,152,1102,1271,88,1022,93,20,4,88,6,331,1,1010,88,4,1015,91,6,4,4,5,7,6,7,3,3,6,5,2,4,3,2,2,4,2,6,4,5,5,4,0,7,3,10,4,6,4,4,6,4,6,3,5,2,12,7,4,6,2,3,7,4,5,3,3,3,2,5,150,5,10,4,5,6,5,5,4,5,2,2,4,3,6,3,10,6,6,6,3,7,3,9,8,4,2,7,4,5,7,4,3,7,1023,4,7,5,4,4,4,5,4,6,4,5,9,5,2,5,6,6,6,2,4,4,2,9,5,7,7,4,7,4,5,7,7,8,4,9,6,5,8,7,9,5,6,5,10,4,5,5,5,12,2,6,2,5,2,12,6,10,6,4,8,6,8,7,8,4,7,3,6,10,2,5,5,5,13,8,4,5,8,7,3,6,10,4,8,3,7,5,6,7,10,4,6,1140,10,8,3,6,7,5,3,154,4,6,7,11,8,4,8,9,5,10,13,7,9,3,5,3,9,6,9,5,11,8,3,13,1092,7,3,11,4,99,6,11,7,7,7,7,3,7,11,9,7,7,10,10,10,7,6,7,10,12,10,11,6,6,9,6,8,9,8,7,7,8,8,10,6,6,7,9,8,10,8,2,8,10,10,9,8,338,12,8,10,8,10,10,7,90,3,10,13,9,6,13,5,7,6,8,7,5,13,6,4,10,5,9,3,3,9,5,5,3,9,10,10,10,338,12,9,7,6,9,4,9,9,12,14,8,6,5,11,9,9,5,15,11,11,11,10,12,10,14,9,7,11,6,14,6,10
SBV058_plate01,56,1031,1294,1148,1096,56,1082,6,1145,1180,88,118,1020,1014,1186,1164,159,1109,1277,95,1029,100,27,9,95,9,338,8,1017,95,11,1022,98,9,5,5,11,6,13,4,10,4,9,12,9,9,8,9,9,11,9,13,11,4,12,3,7,0,10,15,3,5,11,3,7,11,5,10,2,9,19,4,5,9,9,10,10,11,2,10,10,10,9,8,157,8,3,11,8,3,8,6,11,12,9,9,7,10,9,10,7,5,3,13,10,6,10,16,5,11,9,14,11,12,6,11,10,2,1030,11,10,12,11,11,11,4,11,9,11,12,12,12,9,12,13,13,13,9,11,11,9,16,12,14,6,11,6,7,4,14,10,1,7,16,13,12,11,14,6,12,13,12,3,11,10,12,12,13,9,9,9,8,9,9,13,7,13,11,11,13,15,14,15,7,10,10,13,17,9,12,12,12,10,11,10,12,7,10,10,13,17,11,15,10,10,12,13,10,17,11,9,1147,7,15,10,13,14,4,10,161,11,13,14,18,5,11,15,16,12,17,16,14,16,10,12,10,16,13,16,12,18,15,10,20,1099,14,10,18,11,102,13,18,14,14,14,14,10,14,18,16,14,14,13,7,17,14,13,14,17,19,17,8,13,13,12,13,15,16,15,14,14,15,15,13,13,13,14,16,15,17,15,9,15,13,17,12,15,345,9,15,17,15,17,7,14,97,10,13,16,16,13,20,12,14,13,15,14,12,16,13,11,17,12,16,10,10,16,12,12,10,16,13,13,17,345,19,16,14,13,16,11,6,12,15,21,15,13,12,18,16,16,12,22,18,18,18,17,15,17,21,16,14,18,13,19,13,17
SBV059_plate01,52,1027,1291,1146,1094,52,1078,10,1141,1176,84,114,1016,1010,1182,1160,155,1105,1274,91,1025,96,23,3,91,9,334,4,1013,91,7,1018,94,9,7,7,8,10,5,10,2,6,5,4,1,3,2,1,1,3,1,5,7,8,4,7,3,10,0,13,7,9,3,7,9,3,9,2,8,3,15,10,7,5,3,2,10,3,8,2,2,2,1,4,153,4,13,3,8,9,8,8,3,4,1,1,3,6,5,2,13,9,9,5,2,10,2,8,11,3,1,6,3,4,10,3,2,10,1026,3,6,4,3,3,3,8,3,5,3,4,6,4,5,4,5,5,5,1,3,3,1,8,4,6,10,3,10,3,8,6,6,11,7,8,5,4,7,6,12,4,5,4,13,3,4,4,4,15,1,5,1,4,1,15,5,13,5,3,7,9,7,6,7,3,6,2,5,9,5,4,4,4,16,7,3,4,11,6,2,5,9,7,7,2,10,4,9,6,13,3,5,1143,13,7,6,5,6,8,6,157,7,5,6,10,11,3,7,8,4,9,12,6,8,6,4,2,8,9,8,4,10,11,6,12,1095,10,2,14,3,102,5,10,6,6,6,6,2,10,14,8,6,6,9,13,13,10,5,10,13,15,13,14,5,5,8,5,7,8,11,6,10,7,7,13,9,5,10,8,7,13,7,1,7,9,9,12,7,341,15,11,13,7,13,13,10,93,6,9,16,8,9,16,8,6,5,7,6,8,12,9,7,9,8,12,2,6,12,8,8,2,12,13,13,13,341,15,8,6,5,8,7,12,12,15,13,11,5,4,10,8,8,4,14,14,14,10,9,11,13,13,12,10,10,9,17,5,13
SBV060_plate01,52,1007,1274,1127,1084,52,1061,14,1123,1153,84,111,998,992,1162,1143,155,1088,1260,90,1007,94,28,13,90,12,330,9,996,89,12,1000,92,12,12,12,13,17,14,15,13,13,14,15,12,13,12,12,12,14,12,14,12,15,15,14,10,15,13,0,14,14,13,14,14,14,16,13,15,12,19,15,14,14,12,13,17,12,15,11,13,13,12,11,153,13,18,14,10,16,11,15,14,15,12,12,12,11,14,13,19,16,14,16,13,17,13,18,17,14,12,17,14,14,17,14,13,15,1008,14,15,14,14,14,12,15,14,14,12,15,17,15,10,15,16,16,16,12,14,14,12,18,14,15,17,14,17,12,15,17,14,16,10,19,16,15,16,17,18,15,16,15,18,14,15,15,15,22,12,14,12,13,12,20,16,20,16,14,15,14,18,15,18,12,15,13,15,19,8,15,15,15,23,16,14,15,18,15,13,16,20,14,18,13,13,13,14,15,19,14,14,1131,20,18,11,12,17,15,11,157,12,16,17,21,17,14,18,19,15,18,20,17,19,11,15,13,19,14,19,15,21,16,11,22,1075,15,13,19,14,98,16,21,17,17,17,17,13,15,19,18,17,17,16,20,18,15,16,15,18,20,18,21,16,16,17,16,18,19,16,17,15,18,18,16,14,16,15,19,18,18,18,12,18,18,19,15,18,337,22,16,17,18,18,20,15,92,11,18,19,19,14,21,13,17,16,18,17,13,21,12,12,20,13,17,13,11,17,13,13,13,17,16,14,18,337,20,19,16,16,19,12,19,15,18,23,14,16,15,21,19,19,15,24,17,17,21,20,20,18,23,17,15,21,8,20,16,18
SBV061_plate01,53,1028,1291,1147,1095,53,1079,5,1142,1177,85,115,1017,1011,1183,1161,156,1106,1274,92,1026,97,24,8,92,10,335,5,1014,92,8,1019,95,10,2,2,8,5,10,5,7,1,10,9,6,8,7,6,6,8,6,10,8,1,9,0,4,3,7,14,0,2,8,0,4,8,2,7,1,6,16,3,2,10,6,7,7,8,1,7,7,7,6,9,154,9,6,8,9,2,9,3,8,9,6,6,8,7,10,7,6,2,4,10,7,3,7,13,4,8,6,11,8,9,3,8,7,3,1027,8,11,9,8,8,8,1,8,10,8,9,13,9,6,9,10,10,10,6,8,8,6,13,9,11,3,8,3,8,1,11,11,4,8,13,10,9,12,11,5,9,10,9,6,8,9,9,9,10,6,10,6,9,6,10,10,6,10,8,12,10,12,11,12,8,11,7,10,14,6,9,9,9,9,12,8,9,4,11,7,10,14,8,12,7,11,9,10,11,14,8,10,1144,6,12,7,10,11,1,7,158,8,10,11,15,4,8,12,13,9,14,17,11,13,7,9,7,13,10,13,9,15,12,7,17,1096,11,7,15,8,103,10,15,11,11,11,11,7,11,15,13,11,11,14,6,14,11,10,11,14,16,14,7,10,10,13,10,12,13,12,11,11,12,12,14,10,10,11,13,12,14,12,6,12,14,14,13,12,342,8,12,14,12,14,6,11,94,7,14,17,13,10,17,9,11,10,12,11,9,17,10,8,14,9,13,7,7,13,9,9,7,13,14,14,14,342,16,13,11,10,13,8,5,13,16,18,12,10,9,15,13,13,9,19,15,15,15,14,16,14,18,13,11,15,10,18,10,14
SBV062_plate01,55,1029,1292,1149,1097,55,1081,5,1144,1179,87,117,1019,1013,1185,1163,158,1108,1275,94,1028,99,26,10,94,12,337,7,1016,94,10,1021,97,12,4,4,10,7,10,7,9,3,12,11,8,10,9,8,8,10,8,10,10,3,11,2,6,5,9,14,2,0,10,2,4,10,4,9,3,8,18,3,4,12,8,9,9,10,3,7,9,9,8,9,156,11,8,10,11,4,11,5,10,11,8,8,10,9,12,9,8,4,6,12,9,5,9,15,6,10,8,13,10,11,5,10,9,5,1029,10,13,11,10,10,8,3,10,12,10,11,15,11,8,11,12,12,12,8,10,10,8,15,11,13,5,10,5,10,3,13,13,6,10,15,12,11,14,13,7,11,12,11,8,10,11,11,11,12,8,12,8,11,8,12,12,8,12,10,14,12,14,11,14,10,13,9,12,16,6,11,11,11,11,14,10,11,6,13,9,12,16,10,14,9,13,9,12,13,16,10,12,1146,8,14,9,10,13,3,9,160,10,12,13,17,6,10,14,15,11,14,19,13,15,9,11,9,15,12,15,11,17,14,9,19,1098,13,9,17,10,105,12,17,13,13,13,13,9,13,17,15,13,13,14,8,16,13,12,13,16,18,16,9,12,12,15,12,14,15,14,13,13,14,14,16,12,12,13,15,14,16,14,8,14,16,16,15,14,344,10,14,16,14,16,8,13,96,9,16,19,15,12,19,11,13,12,14,13,11,19,10,10,16,11,15,9,9,15,11,11,9,15,16,14,16,344,18,15,13,12,15,10,7,15,18,20,14,12,11,17,15,15,11,21,17,17,17,16,18,16,20,15,13,17,12,18,12,16
SBV063_plate01,51,1025,1287,1143,1091,51,1075,11,1139,1173,84,113,1014,1008,1180,1158,153,1103,1270,90,1023,95,24,4,90,10,332,5,1011,90,8,1016,93,10,8,8,8,10,6,11,3,7,6,5,2,4,3,2,2,4,2,6,8,9,5,8,4,11,3,13,8,10,0,8,10,4,10,3,9,4,16,11,8,6,4,3,11,4,9,3,3,3,2,5,152,5,14,4,9,10,9,9,4,5,2,2,4,7,6,3,14,10,10,6,3,11,3,9,12,4,2,7,4,5,11,4,3,11,1024,4,7,5,4,4,4,9,4,6,4,5,9,5,6,5,6,6,6,2,4,4,2,9,5,7,11,4,11,4,9,7,7,12,8,9,6,5,8,7,13,5,6,5,14,4,5,5,5,16,2,6,2,5,2,16,6,14,6,4,8,10,8,7,8,4,7,3,6,10,6,5,5,5,17,8,4,5,12,7,3,6,10,8,8,3,11,5,10,7,14,4,6,1140,14,8,7,6,7,9,7,156,8,6,7,11,12,4,8,9,5,10,13,7,9,7,5,3,9,10,9,5,11,12,7,13,1093,11,3,15,4,101,6,11,7,7,7,7,3,11,15,9,7,7,10,14,14,11,6,11,14,16,14,15,6,6,9,6,8,9,12,7,11,8,8,14,10,6,11,9,8,14,8,2,8,10,10,13,8,339,16,12,14,8,14,14,11,92,7,10,17,9,10,17,9,7,6,8,7,9,13,10,8,10,9,13,3,7,13,9,9,3,13,14,14,14,339,16,9,7,6,9,8,13,13,16,14,12,6,5,11,9,9,5,15,15,15,11,10,12,14,14,13,11,11,9,18,6,14
SBV064_plate01,53,1028,1291,1147,1095,53,1079,5,1142,1177,85,115,1017,1011,1183,1161,156,1106,1274,92,1026,97,24,8,92,10,335,5,1014,92,8,1019,95,10,2,2,8,5,10,5,7,1,10,9,6,8,7,6,6,8,6,10,8,1,9,0,4,3,7,14,0,2,8,0,4,8,2,7,1,6,16,3,2,10,6,7,7,8,1,7,7,7,6,9,154,9,6,8,9,2,9,3,8,9,6,6,8,7,10,7,6,2,4,10,7,3,7,13,4,8,6,11,8,9,3,8,7,3,1027,8,11,9,8,8,8,1,8,10,8,9,13,9,6,9,10,10,10,6,8,8,6,13,9,11,3,8,3,8,1,11,11,4,8,13,10,9,12,11,5,9,10,9,6,8,9,9,9,10,6,10,6,9,6,10,10,6,10,8,12,10,12,11,12,8,11,7,10,14,6,9,9,9,9,12,8,9,4,11,7,10,14,8,12,7,11,9,10,11,14,8,10,1144,6,12,7,10,11,1,7,158,8,10,11,15,4,8,12,13,9,14,17,11,13,7,9,7,13,10,13,9,15,12,7,17,1096,11,7,15,8,103,10,15,11,11,11,11,7,11,15,13,11,11,14,6,14,11,10,11,14,16,14,7,10,10,13,10,12,13,12,11,11,12,12,14,10,10,11,13,12,14,12,6,12,14,14,13,12,342,8,12,14,12,14,6,11,94,7,14,17,13,10,17,9,11,10,12,11,9,17,10,8,14,9,13,7,7,13,9,9,7,13,14,14,14,342,16,13,11,10,13,8,5,13,16,18,12,10,9,15,13,13,9,19,15,15,15,14,16,14,18,13,11,15,10,18,10,14
SBV065_plate03,55,1029,1292,1149,1097,55,1081,5,1144,1179,87,117,1019,1013,1185,1163,158,1108,1275,94,1028,99,26,10,94,12,337,7,1016,94,10,1021,97,12,4,4,10,7,10,7,9,3,12,11,8,10,9,8,8,10,8,10,10,5,11,4,6,7,9,14,4,4,10,4,0,10,6,9,5,8,18,5,4,12,8,9,9,10,5,7,9,9,8,9,156,11,10,10,11,6,11,5,10,11,8,8,10,9,12,9,10,6,6,12,9,7,9,15,8,10,8,13,10,11,7,10,9,7,1029,10,13,11,10,10,8,5,10,12,10,11,15,11,8,11,12,12,12,8,10,10,8,15,11,13,7,10,7,10,5,13,13,8,10,15,12,11,14,13,9,11,12,11,10,10,11,11,11,12,8,12,8,11,8,12,12,10,12,10,14,12,14,11,14,10,13,9,12,16,6,11,11,11,13,14,10,11,8,13,9,12,16,10,14,9,13,9,12,13,16,10,12,1146,10,14,9,10,13,5,9,160,10,12,13,17,8,10,14,15,11,14,19,13,15,9,11,9,15,12,15,11,17,14,9,19,1098,13,9,17,10,105,12,17,13,13,13,13,9,13,17,15,13,13,14,10,16,13,12,13,16,18,16,11,12,12,15,12,14,15,14,13,13,14,14,16,12,12,13,15,14,16,14,8,14,16,16,15,14,344,12,14,16,14,16,10,13,96,9,16,19,15,12,19,11,13,12,14,13,11,19,10,10,16,11,15,9,9,15,11,11,9,15,16,14,16,344,18,15,13,12,15,10,9,15,18,20,14,12,11,17,15,15,11,21,17,17,17,16,18,16,20,15,13,17,12,18,12,16
SBV067_plate01,53,1028,1292,1147,1095,53,1079,11,1142,1177,85,115,1017,1011,1183,1161,156,1106,1275,92,1026,97,24,4,92,10,335,5,1014,92,8,1019,95,10,8,8,9,11,4,11,3,7,6,5,2,4,3,2,2,4,2,6,8,9,5,8,4,11,3,14,8,10,4,8,10,0,10,3,9,4,16,11,8,6,4,3,11,4,9,3,3,3,2,5,154,5,14,4,9,10,9,9,4,5,2,2,4,7,6,3,14,10,10,6,3,11,3,9,12,4,2,7,4,5,11,4,3,11,1027,4,7,5,4,4,4,9,4,6,4,5,9,5,6,5,6,6,6,2,4,4,2,9,5,7,11,4,11,4,9,7,7,12,8,9,6,5,8,7,13,5,6,5,14,4,5,5,5,16,2,6,2,5,2,16,6,14,6,4,8,10,8,7,8,4,7,3,6,10,6,5,5,5,17,8,4,5,12,7,3,6,10,8,8,3,11,5,10,7,14,4,6,1144,14,8,7,6,7,9,7,158,8,6,7,11,12,4,8,9,5,10,13,7,9,7,5,3,9,10,9,5,11,12,7,13,1096,11,3,15,4,103,6,11,7,7,7,7,3,11,15,9,7,7,10,14,14,11,6,11,14,16,14,15,6,6,9,6,8,9,12,7,11,8,8,14,10,6,11,9,8,14,8,2,8,10,10,13,8,342,16,12,14,8,14,14,11,94,7,10,17,9,10,17,9,7,6,8,7,9,13,10,8,10,9,13,3,7,13,9,9,3,13,14,14,14,342,16,9,7,6,9,8,13,13,16,14,12,6,5,11,9,9,5,15,15,15,11,10,12,14,14,13,11,11,10,18,6,14
SBV068_plate01,55,1030,1293,1149,1097,55,1081,7,1144,1179,87,117,1019,1013,1184,1163,158,1108,1276,94,1028,99,26,10,94,12,337,7,1016,94,10,1021,97,12,4,4,10,7,12,7,9,3,12,11,8,10,9,8,8,10,8,12,10,3,11,2,6,5,9,16,2,4,10,2,6,10,0,9,3,8,18,5,4,12,8,9,9,10,3,9,9,9,8,11,155,11,8,10,11,4,11,5,10,11,8,8,10,9,12,9,8,4,6,12,9,5,9,15,6,10,8,13,10,11,5,10,9,5,1029,10,13,11,10,10,10,3,10,12,10,11,15,11,8,11,12,12,12,8,10,10,8,15,11,13,5,10,5,10,3,13,13,6,10,15,12,11,14,13,7,11,12,11,8,10,11,11,11,12,8,12,8,11,8,12,12,8,12,10,14,12,14,13,14,10,13,9,12,16,8,11,11,11,11,14,10,11,6,13,9,12,16,10,14,9,13,11,12,13,16,10,12,1146,8,14,9,12,13,3,9,159,10,12,13,17,6,10,14,15,11,16,19,13,15,9,11,9,15,12,15,11,17,14,9,19,1098,13,9,17,10,105,12,17,13,13,13,13,9,13,17,15,13,13,16,8,16,13,12,13,16,18,16,9,12,12,15,12,14,15,14,13,13,14,14,16,12,12,13,15,14,16,14,8,14,16,16,15,14,344,10,14,16,14,16,8,13,96,9,16,19,15,12,19,11,13,12,14,13,11,19,12,10,16,11,15,9,9,15,11,11,9,15,16,16,16,344,18,15,13,12,15,10,7,15,18,20,14,12,11,17,15,15,11,21,17,17,17,16,18,16,20,15,13,17,12,20,12,16
SBV069_plate01,52,1027,1291,1146,1094,52,1078,10,1141,1176,84,114,1016,1010,1182,1160,155,1105,1274,91,1025,96,23,3,91,9,334,4,1013,91,7,1018,94,9,7,7,8,10,5,10,2,6,5,4,1,3,2,1,1,3,1,5,7,8,4,7,3,10,2,13,7,9,3,7,9,3,9,0,8,3,15,10,7,5,3,2,10,1,8,2,0,2,1,4,153,4,13,3,8,9,8,8,3,4,1,1,3,6,5,0,13,9,9,3,0,10,0,6,11,1,1,6,3,4,10,1,2,10,1026,1,4,2,1,1,3,8,1,3,3,4,6,4,5,2,3,3,5,1,3,3,1,8,4,4,10,1,10,3,8,6,4,11,7,8,5,4,7,4,12,4,3,4,13,1,2,2,4,15,1,5,1,4,1,15,5,13,3,3,7,9,5,4,7,3,6,2,5,9,5,2,4,2,16,5,1,2,11,4,0,3,7,7,5,2,10,4,9,6,13,1,3,1143,13,5,6,3,4,8,6,157,7,3,4,8,11,1,7,6,2,7,12,6,6,6,4,2,6,9,8,4,10,11,6,12,1095,10,1,14,2,102,3,10,4,6,6,6,1,10,14,6,4,4,7,13,13,10,5,10,13,15,13,14,3,3,6,5,7,8,11,4,10,5,7,13,9,5,10,6,5,13,5,1,7,7,7,12,7,341,15,11,13,5,13,13,10,93,6,9,16,8,9,16,8,4,5,7,4,8,10,9,7,7,8,12,2,6,12,8,8,2,12,13,13,13,341,15,6,4,5,6,7,12,12,15,11,11,3,4,8,8,8,2,12,14,14,8,9,11,13,11,12,10,8,9,17,3,13
SBV070_plate01,54,1029,1292,1148,1096,54,1080,6,1143,1178,86,116,1018,1012,1184,1162,157,1107,1275,93,1027,98,25,9,93,11,336,6,1015,93,9,1020,96,11,3,3,9,6,11,6,8,2,11,10,7,9,8,7,7,9,7,11,9,2,10,1,5,2,8,15,1,3,9,1,5,9,3,8,0,7,17,2,3,11,7,8,8,9,0,8,8,8,7,10,155,10,5,9,10,1,10,4,9,10,7,7,9,8,11,8,5,3,5,11,8,4,8,14,3,9,7,12,9,10,4,9,8,4,1028,9,12,10,9,9,9,2,9,11,9,10,14,10,7,10,11,11,11,7,9,9,7,14,10,12,4,9,4,9,2,12,12,3,9,14,11,10,13,12,4,10,11,10,5,9,10,10,10,11,7,11,7,10,7,11,11,5,11,9,13,11,13,12,13,9,12,8,11,15,7,10,10,10,8,13,8,10,5,12,8,11,15,9,13,8,12,10,11,12,15,9,11,1145,5,13,8,11,12,2,8,159,9,11,12,16,5,9,13,14,10,15,18,12,14,8,10,8,14,11,14,10,16,13,8,18,1097,12,8,16,9,104,11,16,12,12,12,12,8,12,16,14,12,12,15,5,15,12,11,12,15,17,15,6,11,11,14,11,13,14,13,12,12,13,13,15,11,11,12,14,13,15,13,7,13,15,15,14,13,343,7,13,15,13,15,5,12,95,8,15,18,14,11,18,10,12,11,13,12,10,18,11,9,15,10,14,8,8,14,10,10,8,14,15,15,15,343,17,14,12,11,14,9,4,14,17,19,13,11,10,16,14,14,10,20,16,16,16,15,17,15,19,14,12,16,11,19,11,15
SBV071_plate01,51,1026,1290,1145,1093,51,1077,9,1140,1173,83,113,1015,1009,1181,1159,154,1104,1273,90,1024,95,22,4,90,8,333,3,1012,90,6,1017,93,8,6,6,7,9,6,9,3,5,6,5,2,4,3,2,2,4,2,6,6,7,5,6,2,9,3,12,6,8,4,6,8,4,8,3,7,0,14,9,6,6,0,3,9,4,7,3,3,3,2,5,152,5,12,4,7,8,7,7,4,5,2,2,4,5,6,3,12,8,8,6,3,9,3,9,10,4,2,7,2,5,9,4,3,9,1025,4,7,5,4,4,4,7,4,6,4,5,9,5,4,5,6,6,6,2,4,4,2,9,5,7,9,4,9,4,7,5,7,10,6,9,6,3,8,7,11,5,6,5,12,4,5,5,5,14,2,6,2,5,2,14,6,12,6,4,8,8,8,7,8,4,7,3,6,10,4,5,5,5,15,8,4,5,10,7,3,6,10,6,8,3,9,5,8,7,12,4,6,1142,12,8,5,6,7,7,5,156,6,6,7,11,10,4,8,9,5,10,13,5,9,5,5,3,9,8,9,3,11,10,5,13,1094,9,3,13,4,101,6,11,7,7,7,7,3,9,13,9,7,7,10,12,12,9,4,9,12,14,12,13,6,6,9,6,8,7,10,7,9,8,8,12,8,6,9,9,8,12,8,2,6,10,10,11,8,340,14,10,12,8,12,12,9,92,5,10,15,9,8,15,7,7,6,8,7,7,13,8,6,10,7,11,1,5,11,7,7,3,11,12,12,12,340,14,9,7,6,9,6,11,11,14,14,10,6,5,11,9,9,5,15,13,13,11,10,12,12,14,11,9,11,8,16,6,12
SBV072_plate02,59,1034,1298,1153,1099,59,1085,19,1148,1183,91,120,1023,1017,1189,1167,162,1112,1279,97,1032,103,30,16,98,16,341,11,1020,98,12,1025,101,16,14,16,14,17,18,19,15,15,18,17,14,16,15,14,14,16,14,18,14,17,17,16,12,19,15,19,16,18,16,16,18,16,18,15,17,14,0,19,16,18,14,15,19,16,17,15,15,15,14,17,160,17,22,16,15,18,15,17,16,17,14,14,16,13,18,15,22,18,18,18,15,19,15,21,20,16,14,19,16,17,19,16,15,19,1033,16,19,17,16,16,16,17,16,18,16,17,21,17,12,17,18,18,18,14,16,16,14,21,17,19,19,16,19,16,17,19,19,20,14,21,18,17,20,19,21,17,18,17,22,16,17,17,17,24,14,18,14,17,14,24,18,22,18,16,20,16,20,19,20,16,19,15,18,22,12,17,17,16,25,20,16,17,20,19,15,18,22,16,20,15,17,17,16,19,22,16,18,1150,22,20,13,18,19,17,13,164,14,18,19,23,20,16,20,21,17,22,25,19,21,13,17,15,21,16,21,17,23,18,13,25,1102,17,15,21,16,109,18,23,19,19,19,19,15,17,21,21,19,19,22,22,20,17,18,17,20,22,20,23,18,17,21,18,20,21,18,19,17,20,20,20,16,18,17,21,20,20,20,14,20,22,22,19,20,348,24,18,20,20,20,22,17,100,13,22,23,21,16,23,15,19,18,20,19,15,25,16,14,22,15,19,15,13,19,15,15,15,19,20,20,20,348,22,21,19,18,21,14,21,19,22,26,18,18,17,23,21,21,17,27,21,21,23,22,24,20,26,19,17,23,15,24,18,20
SBV073_plate03,56,1030,1293,1150,1098,56,1082,6,1145,1180,88,118,1020,1014,1186,1164,159,1109,1276,95,1029,100,27,11,95,13,338,8,1017,95,11,1022,98,13,5,5,11,8,11,8,10,4,13,12,9,11,10,9,9,11,9,11,11,4,12,3,7,4,10,15,3,3,11,3,5,11,5,10,2,9,19,0,5,13,9,10,10,11,2,8,10,10,9,10,157,12,7,11,12,3,12,6,11,12,9,9,11,10,13,10,7,5,7,13,10,6,10,16,5,11,9,14,11,12,6,11,10,6,1030,11,14,12,11,11,9,4,11,13,11,12,16,12,9,12,13,13,13,9,11,11,9,16,12,14,6,11,6,11,4,14,14,5,11,16,13,12,15,14,6,12,13,12,7,11,12,12,12,13,9,13,9,12,9,13,13,7,13,11,15,13,15,12,15,11,14,10,13,17,7,12,12,12,10,15,10,12,7,14,10,13,17,11,15,10,14,10,13,14,17,11,13,1147,7,15,10,11,14,4,10,161,11,13,14,18,7,11,15,16,12,15,20,14,16,10,12,10,16,13,16,12,18,15,10,20,1099,14,10,18,11,106,13,18,14,14,14,14,10,14,18,16,14,14,15,7,17,14,13,14,17,19,17,8,13,13,16,13,15,16,15,14,14,15,15,17,13,13,14,16,15,17,15,9,15,17,17,16,15,345,9,15,17,15,17,7,14,97,10,17,20,16,13,20,12,14,13,15,14,12,20,11,11,17,12,16,10,10,16,12,12,10,16,17,15,17,345,19,16,14,13,16,11,6,16,19,21,15,13,12,18,16,16,12,22,18,18,18,17,19,17,21,16,14,18,13,19,13,17
SBV074_plate03,53,1028,1291,1147,1095,53,1079,5,1142,1177,85,115,1017,1011,1183,1161,156,1106,1274,92,1026,97,24,8,92,10,335,5,1014,92,8,1019,95,10,2,2,8,5,10,5,7,1,10,9,6,8,7,6,6,8,6,10,8,3,9,2,4,5,7,14,2,4,8,2,4,8,4,7,3,6,16,5,0,10,6,7,7,8,3,7,7,7,6,9,154,9,8,8,9,4,9,1,8,9,6,6,8,7,10,7,8,4,4,10,7,5,7,13,6,8,6,11,8,9,5,8,7,5,1027,8,11,9,8,8,8,3,8,10,8,9,13,9,6,9,10,10,10,6,8,8,6,13,9,11,5,8,5,8,3,11,11,6,8,13,10,9,12,11,7,9,10,9,8,8,9,9,9,10,6,10,6,9,6,10,10,8,10,8,12,10,12,11,12,8,11,7,10,14,6,9,9,9,11,12,8,9,6,11,7,10,14,8,12,7,11,9,10,11,14,8,10,1144,8,12,7,10,11,3,7,158,8,10,11,15,6,8,12,13,9,14,17,11,13,7,9,7,13,10,13,9,15,12,7,17,1096,11,7,15,8,103,10,13,11,11,11,11,7,11,15,13,11,11,14,8,14,11,10,11,14,16,14,9,10,10,13,8,12,13,12,11,11,12,12,14,10,8,11,13,12,14,12,6,12,14,14,13,10,342,10,12,14,12,14,8,11,94,7,14,17,13,10,17,9,11,10,12,11,9,17,10,8,14,9,13,7,7,13,9,9,7,13,14,14,14,342,16,13,11,10,13,8,7,13,16,18,12,10,9,15,13,13,9,19,15,15,15,14,16,14,18,13,11,15,10,18,10,14
SBV075_plate02,55,1030,1294,1147,1095,55,1081,11,1144,1179,87,117,1019,1013,1185,1163,158,1108,1277,94,1028,99,26,4,94,8,337,7,1016,94,10,1021,97,8,10,10,11,11,8,9,5,9,4,7,4,4,3,4,4,6,4,8,10,11,7,10,6,9,5,14,10,12,6,10,12,6,12,5,11,6,18,13,10,0,6,5,13,6,11,5,5,5,4,3,156,3,12,6,7,12,7,11,6,7,4,4,2,9,4,5,16,12,8,8,5,13,5,11,14,6,4,9,6,7,13,6,5,9,1029,6,5,7,6,6,6,11,6,4,6,7,7,7,8,7,8,8,8,4,6,6,4,11,7,9,13,6,13,2,11,9,4,10,6,11,8,7,6,9,15,7,8,7,12,6,5,7,7,18,4,4,4,3,4,14,8,16,8,6,6,12,10,9,10,2,5,5,8,12,8,7,7,7,19,6,6,7,14,5,5,8,12,10,10,5,9,7,12,5,16,6,4,1146,16,10,9,8,9,11,9,160,10,8,9,13,12,6,10,11,7,12,11,9,11,9,7,5,11,12,11,7,13,14,9,15,1098,13,5,17,6,101,8,13,9,9,9,9,5,13,17,11,9,9,8,16,16,13,8,13,16,18,16,17,8,8,7,8,10,11,14,9,13,10,10,12,12,8,13,11,10,16,10,4,10,8,12,11,10,344,18,14,16,10,16,16,13,96,9,8,15,11,12,19,11,9,8,10,9,11,11,12,10,12,11,15,5,9,15,11,11,5,15,12,12,16,344,18,11,9,8,11,10,15,11,14,16,14,8,7,13,11,11,7,17,17,17,13,12,10,16,16,15,13,13,12,18,8,16
SBV076_plate02,51,1024,1289,1142,1093,51,1075,9,1138,1170,83,113,1013,1007,1176,1157,154,1101,1273,90,1022,95,22,4,90,8,332,3,1011,90,6,1015,93,8,6,6,7,9,6,9,3,5,6,5,2,4,3,2,2,4,2,6,6,7,5,6,2,9,3,12,6,8,4,6,8,4,8,3,7,0,14,9,6,6,0,3,9,4,7,3,3,3,2,5,152,5,12,4,7,8,7,7,4,5,2,2,4,5,6,3,12,8,8,6,3,9,3,9,10,4,2,7,2,5,9,4,3,9,1023,4,7,4,4,4,4,7,4,6,4,5,9,5,4,5,6,6,6,2,4,4,2,9,5,7,9,4,9,4,7,5,7,10,6,9,6,3,8,7,11,5,6,5,12,4,5,5,5,14,2,6,2,5,2,14,6,12,6,4,8,8,8,7,8,4,7,3,6,10,4,5,5,5,15,8,4,5,10,7,3,6,10,6,8,3,9,5,8,7,12,4,6,1139,12,8,5,6,7,7,5,156,6,6,7,11,10,4,8,9,5,10,13,5,9,5,5,3,9,8,9,3,11,10,5,13,1090,9,3,13,4,101,6,11,7,7,7,7,3,9,13,9,7,7,10,12,12,9,4,9,12,14,12,13,6,6,9,6,8,7,10,7,9,8,8,12,8,6,9,9,8,12,8,2,6,10,10,11,8,338,14,10,12,8,12,12,9,92,5,10,15,9,8,15,7,7,6,8,7,7,13,8,6,10,7,11,1,5,11,7,7,3,11,12,12,12,338,14,9,7,6,9,6,11,11,14,14,10,6,5,11,9,9,5,15,13,13,11,10,12,12,14,11,9,11,8,16,6,12
SBV077_plate02,52,1027,1291,1146,1094,52,1078,10,1141,1176,84,114,1016,1010,1182,1160,155,1105,1274,91,1025,96,23,3,91,9,334,4,1013,91,7,1018,94,9,7,7,8,10,5,10,2,6,5,4,1,1,2,1,1,3,1,3,7,8,2,7,3,10,2,13,7,9,3,7,9,3,9,2,8,3,15,10,7,5,3,0,10,3,8,2,2,2,1,4,153,4,13,3,8,9,8,8,3,4,1,1,3,6,5,2,13,9,9,5,2,10,2,8,11,3,1,6,3,4,10,3,2,10,1026,3,6,4,3,3,3,8,3,5,3,4,8,2,5,4,5,5,5,1,3,3,1,8,4,6,10,3,10,3,8,6,6,11,7,8,5,4,7,6,12,4,5,4,13,3,4,4,4,15,1,5,1,4,1,15,5,13,5,3,7,9,7,6,7,3,6,2,5,9,5,4,4,4,16,7,3,4,11,6,2,5,9,7,7,2,10,4,9,6,13,3,5,1143,13,7,6,5,6,8,6,157,7,5,6,10,11,3,7,8,4,9,12,6,8,6,4,2,8,9,8,4,10,11,6,12,1095,10,2,14,3,102,5,10,6,6,6,6,2,10,14,8,6,6,9,13,13,10,5,10,13,15,13,14,5,5,8,5,7,8,11,6,10,7,7,13,9,5,10,8,7,13,7,1,7,9,9,12,7,341,15,11,13,7,13,13,10,93,6,9,16,8,9,16,8,6,5,7,6,8,12,9,7,9,8,12,2,6,12,8,8,2,12,13,13,13,341,15,8,6,5,8,7,12,12,15,13,11,5,4,10,8,8,4,14,14,14,10,9,11,13,13,12,10,10,9,17,5,13
SBV078_plate02,54,1030,1294,1148,1096,54,1082,10,1144,1178,88,116,1018,1012,1184,1164,157,1107,1276,95,1027,100,27,11,95,13,337,8,1015,95,11,1022,98,13,7,7,11,10,13,10,10,6,13,12,9,11,10,9,9,11,9,13,11,8,12,7,7,10,10,17,7,9,11,7,9,11,9,10,8,9,19,10,7,13,9,10,0,11,8,10,10,10,9,12,157,12,11,11,12,9,12,8,11,12,9,9,11,8,13,10,13,9,9,11,10,10,10,16,11,11,9,14,11,10,10,11,10,10,1028,11,14,12,11,11,11,8,11,13,11,12,16,10,9,12,13,13,13,9,11,11,9,16,12,14,10,11,10,11,8,14,14,11,11,16,13,12,15,14,12,12,13,12,13,11,12,12,12,15,9,13,9,12,9,15,13,13,13,11,15,13,15,14,15,11,14,10,13,17,9,12,12,12,16,15,11,12,11,14,10,13,17,11,15,10,14,12,11,14,17,11,13,1145,13,15,10,13,14,8,10,159,11,13,14,16,9,11,15,16,12,17,20,14,16,10,12,10,16,13,16,12,18,15,10,20,1097,14,10,18,9,104,13,18,14,14,14,14,10,14,16,14,12,12,17,13,17,14,13,14,17,19,17,14,13,13,16,13,15,16,15,14,14,15,15,17,13,13,14,16,15,15,15,9,15,17,17,16,15,344,15,15,17,15,17,13,14,97,10,17,20,16,13,20,12,14,13,15,14,12,20,13,11,17,12,16,10,10,16,12,12,8,16,17,17,17,344,19,16,14,13,16,11,12,16,19,21,15,13,12,18,16,16,12,22,18,18,18,15,19,17,21,16,14,18,13,21,13,17
SBV079_plate02,53,1027,1291,1147,1095,53,1079,11,1142,1177,85,115,1017,1011,1183,1161,156,1106,1274,92,1026,97,24,4,92,10,335,5,1014,92,8,1019,95,10,8,6,9,11,6,11,3,7,6,5,2,4,3,2,2,4,2,6,8,9,5,8,4,11,3,12,8,10,4,8,10,4,10,1,9,4,16,11,8,6,4,3,11,0,9,3,1,3,2,5,154,5,14,4,9,10,9,9,4,5,2,2,4,7,6,1,14,10,10,4,1,11,1,7,12,2,2,7,4,5,11,2,3,11,1027,2,5,3,2,2,4,9,2,4,2,5,7,5,6,3,4,4,6,2,4,4,2,9,5,3,11,2,11,4,9,7,5,12,8,9,6,5,8,5,13,5,4,5,14,2,3,3,5,16,2,6,2,5,2,16,6,14,4,4,8,10,6,5,8,4,7,3,6,10,6,3,5,3,17,6,2,3,12,5,1,4,8,8,6,3,11,5,10,7,14,2,4,1144,14,6,7,2,5,9,7,158,8,4,5,9,12,2,8,7,3,8,13,7,7,7,5,3,7,10,9,5,11,12,7,13,1096,11,2,15,3,103,4,11,5,7,7,7,2,11,15,7,5,5,8,14,14,11,6,11,14,16,14,15,4,4,7,6,8,9,12,5,11,6,8,14,10,6,11,7,6,14,6,2,8,8,8,13,8,342,16,12,14,6,14,14,11,94,7,10,17,9,10,17,9,5,6,8,5,9,11,10,8,8,9,13,3,7,13,9,9,3,13,14,14,14,342,16,7,5,6,7,8,13,13,16,12,10,4,5,9,9,9,3,13,13,13,9,10,12,14,12,13,11,9,10,18,4,14
SBV080_plate02,54,1029,1292,1148,1096,54,1080,6,1143,1178,86,116,1018,1012,1184,1162,157,1107,1275,93,1027,98,25,9,93,11,336,6,1015,93,9,1020,96,11,3,3,9,6,11,6,8,2,11,10,7,9,8,7,7,9,7,11,9,2,10,1,5,2,8,15,1,3,9,1,5,9,3,8,0,7,17,2,3,11,7,8,8,9,0,8,8,8,7,10,155,10,5,9,10,1,10,4,9,10,7,7,9,8,11,8,5,3,5,11,8,4,8,14,3,9,7,12,9,10,4,9,8,4,1028,9,12,10,9,9,9,2,9,11,9,10,14,10,7,10,11,11,11,7,9,9,7,14,10,12,4,9,4,9,2,12,12,3,9,14,11,10,13,12,4,10,11,10,5,9,10,10,10,11,7,11,7,10,7,11,11,5,11,9,13,11,13,12,13,9,12,8,11,15,7,10,10,10,8,13,8,10,5,12,8,11,15,9,13,8,12,10,11,12,15,9,11,1145,5,13,8,11,12,2,8,159,9,11,12,16,5,9,13,14,10,15,18,12,14,8,10,8,14,11,14,10,16,13,8,18,1097,12,8,16,9,104,11,16,12,12,12,12,8,12,16,14,12,12,15,5,15,12,11,12,15,17,15,6,11,11,14,11,13,14,13,12,12,13,13,15,11,11,12,14,13,15,13,7,13,15,15,14,13,343,7,13,15,13,15,5,12,95,8,15,18,14,11,18,10,12,11,13,12,10,18,11,9,15,10,14,8,8,14,10,10,8,14,15,15,15,343,17,14,12,11,14,9,4,14,17,19,13,11,10,16,14,14,10,20,16,16,16,15,17,15,19,14,12,16,11,19,11,15
SBV081_plate02,52,1026,1290,1146,1094,52,1078,8,1142,1176,84,114,1016,1010,1182,1160,155,1105,1273,91,1025,96,23,3,91,9,334,4,1013,91,7,1018,94,9,7,7,8,10,3,10,2,6,5,4,1,3,2,1,1,3,1,3,7,8,4,7,3,10,2,11,7,7,3,7,7,3,9,2,8,3,15,8,7,5,3,2,10,3,8,0,2,2,1,2,153,4,13,3,8,9,8,8,3,4,1,1,3,6,5,2,13,9,9,5,2,10,2,8,11,3,1,6,3,4,10,3,2,10,1026,3,6,4,3,3,1,8,3,5,3,4,8,4,5,4,5,5,5,1,3,3,1,8,4,6,10,3,10,3,8,6,6,11,7,8,5,4,7,6,12,4,5,4,13,3,4,4,4,15,1,5,1,4,1,15,5,13,5,3,7,9,7,4,7,3,6,2,5,9,3,4,4,4,16,7,3,4,11,6,2,5,9,7,7,2,10,2,9,6,13,3,5,1143,13,7,6,3,6,8,6,157,7,5,6,10,11,3,7,8,4,7,12,6,8,6,4,2,8,9,8,4,10,11,6,12,1095,10,2,14,3,102,5,10,6,6,6,6,2,10,14,8,6,6,7,13,13,10,5,10,13,15,13,14,5,5,8,5,7,8,11,6,10,7,7,13,9,5,10,8,7,13,7,1,7,9,9,12,7,341,15,11,13,7,13,13,10,93,6,9,16,8,9,16,8,6,5,7,6,8,12,7,7,9,8,12,2,6,12,8,8,2,12,13,11,13,341,15,8,6,5,8,7,12,12,15,13,11,5,4,10,8,8,4,14,14,14,10,9,11,13,13,12,10,10,9,15,5,13
SBV082_plate02,52,1027,1291,1146,1094,52,1078,10,1141,1176,84,114,1016,1010,1182,1160,155,1105,1274,91,1025,96,23,3,91,9,334,4,1013,91,7,1018,94,9,7,7,8,10,5,10,2,6,5,4,1,3,2,1,1,3,1,5,7,8,4,7,3,10,2,13,7,9,3,7,9,3,9,0,8,3,15,10,7,5,3,2,10,1,8,2,0,2,1,4,153,4,13,3,8,9,8,8,3,4,1,1,3,6,5,0,13,9,9,3,0,10,0,6,11,1,1,6,3,4,10,1,2,10,1026,1,4,2,1,1,3,8,1,3,3,4,6,4,5,2,3,3,5,1,3,3,1,8,4,4,10,1,10,3,8,6,4,11,7,8,5,4,7,4,12,4,3,4,13,1,2,2,4,15,1,5,1,4,1,15,5,13,3,3,7,9,5,4,7,3,6,2,5,9,5,2,4,2,16,5,1,2,11,4,0,3,7,7,5,2,10,4,9,6,13,1,3,1143,13,5,6,3,4,8,6,157,7,3,4,8,11,1,7,6,2,7,12,6,6,6,4,2,6,9,8,4,10,11,6,12,1095,10,1,14,2,102,3,10,4,6,6,6,1,10,14,6,4,4,7,13,13,10,5,10,13,15,13,14,3,3,6,5,7,8,11,4,10,5,7,13,9,5,10,6,5,13,5,1,7,7,7,12,7,341,15,11,13,5,13,13,10,93,6,9,16,8,9,16,8,4,5,7,4,8,10,9,7,7,8,12,2,6,12,8,8,2,12,13,13,13,341,15,6,4,5,6,7,12,12,15,11,11,3,4,8,8,8,2,12,14,14,8,9,11,13,11,12,10,8,9,17,3,13
SBV083_plate02,52,1027,1291,1146,1094,52,1078,10,1141,1176,84,114,1016,1010,1182,1160,155,1105,1274,91,1025,96,23,3,91,9,334,4,1013,91,7,1018,94,9,7,7,8,10,5,10,2,6,5,4,1,3,2,1,1,3,1,5,7,8,4,7,3,10,2,13,7,9,3,7,9,3,9,2,8,3,15,10,7,5,3,2,10,3,8,2,2,0,1,4,153,4,13,3,8,9,8,8,3,4,1,1,3,6,5,2,13,9,9,5,2,10,2,8,11,3,1,6,3,4,10,3,2,10,1026,3,6,4,3,3,3,8,3,5,3,4,8,4,5,4,5,5,5,1,3,3,1,8,4,6,10,3,10,3,8,6,6,11,7,8,5,4,7,6,12,4,5,4,13,3,4,4,4,15,1,5,1,4,1,15,5,13,5,3,7,9,7,6,7,3,6,2,5,9,5,4,4,4,16,7,3,4,11,6,2,5,9,7,7,2,10,4,9,6,13,3,5,1143,13,7,6,5,6,8,6,157,7,5,6,10,11,3,7,8,4,9,12,6,8,6,4,2,8,9,8,4,10,11,6,12,1095,10,2,14,3,102,5,10,6,6,6,6,2,10,14,8,6,6,9,13,13,10,5,10,13,15,13,14,5,5,8,5,7,8,11,6,10,7,7,13,9,5,10,8,7,13,7,1,7,9,9,12,7,341,15,11,13,7,13,13,10,93,6,9,16,8,9,16,8,6,5,7,6,8,12,9,7,9,8,12,2,6,12,8,8,2,12,13,13,13,341,15,8,6,5,8,7,12,12,15,13,11,5,4,10,8,8,4,14,14,14,10,9,11,13,13,12,10,10,9,17,5,13
SBV084_plate02,51,1026,1290,1145,1093,51,1077,9,1140,1175,83,113,1015,1009,1181,1159,154,1104,1273,90,1024,95,22,2,90,8,333,3,1012,90,6,1017,93,8,6,6,7,9,4,9,1,5,4,3,0,2,1,0,0,2,0,4,6,7,3,6,2,9,1,12,6,8,2,6,8,2,8,1,7,2,14,9,6,4,2,1,9,2,7,1,1,1,0,3,152,3,12,2,7,8,7,7,2,3,0,0,2,5,4,1,12,8,8,4,1,9,1,7,10,2,0,5,2,3,9,2,1,9,1025,2,5,3,2,2,2,7,2,4,2,3,7,3,4,3,4,4,4,0,2,2,0,7,3,5,9,2,9,2,7,5,5,10,6,7,4,3,6,5,11,3,4,3,12,2,3,3,3,14,0,4,0,3,0,14,4,12,4,2,6,8,6,5,6,2,5,1,4,8,4,3,3,3,15,6,2,3,10,5,1,4,8,6,6,1,9,3,8,5,12,2,4,1142,12,6,5,4,5,7,5,156,6,4,5,9,10,2,6,7,3,8,11,5,7,5,3,1,7,8,7,3,9,10,5,11,1094,9,1,13,2,101,4,9,5,5,5,5,1,9,13,7,5,5,8,12,12,9,4,9,12,14,12,13,4,4,7,4,6,7,10,5,9,6,6,12,8,4,9,7,6,12,6,0,6,8,8,11,6,340,14,10,12,6,12,12,9,92,5,8,15,7,8,15,7,5,4,6,5,7,11,8,6,8,7,11,1,5,11,7,7,1,11,12,12,12,340,14,7,5,4,7,6,11,11,14,12,10,4,3,9,7,7,3,13,13,13,9,8,10,12,12,11,9,9,8,16,4,12
SBV085_plate03,54,1028,1292,1146,1094,54,1080,8,1143,1178,86,116,1018,1012,1184,1162,157,1107,1275,93,1027,98,25,3,93,7,336,6,1015,93,9,1020,96,7,9,9,10,10,5,8,4,8,3,6,3,3,2,3,3,5,3,5,9,10,6,9,5,8,4,11,9,9,5,9,9,5,11,4,10,5,17,10,9,3,5,4,12,5,10,2,4,4,3,0,155,2,11,5,6,11,6,10,5,6,3,3,1,8,3,4,15,11,7,7,4,12,4,10,13,5,3,8,5,6,12,5,4,8,1028,5,4,6,5,5,3,10,5,3,5,6,6,6,7,6,7,7,7,3,5,5,3,10,6,8,12,5,12,1,10,8,4,9,5,10,7,6,5,8,14,6,7,6,11,5,4,6,6,17,3,3,3,2,3,13,7,15,7,5,5,11,9,6,9,1,4,4,7,11,5,6,6,6,18,5,5,6,13,4,4,7,11,9,9,4,8,4,11,4,15,5,3,1145,15,9,8,5,8,10,8,159,9,7,8,12,11,5,9,10,6,9,10,8,10,8,6,4,10,11,10,6,12,13,8,14,1097,12,4,16,5,100,7,12,8,8,8,8,4,12,16,10,8,8,5,15,15,12,7,12,15,17,15,16,7,7,6,7,9,10,13,8,12,9,9,11,11,7,12,10,9,15,9,3,9,7,11,10,9,343,17,13,15,9,15,15,12,95,8,7,14,10,11,18,10,8,7,9,8,10,10,9,9,11,10,14,4,8,14,10,10,4,14,11,9,15,343,17,10,8,7,10,9,14,10,13,15,13,7,6,12,10,10,6,16,16,16,12,11,9,15,15,14,12,12,11,15,7,15
SBV086_plate02,132,1056,1314,1175,1123,132,1107,157,1170,1203,126,143,1045,1039,1207,1192,105,1133,1298,130,1054,135,147,154,130,150,363,149,1042,132,152,1047,133,154,152,154,152,156,156,157,153,153,156,155,152,154,153,152,152,154,152,156,152,155,155,154,150,157,153,153,154,156,152,154,156,154,155,153,155,152,160,157,154,156,152,153,157,154,155,153,153,153,152,155,0,155,160,154,153,156,153,155,154,155,152,152,154,151,156,153,160,156,156,156,153,157,153,159,158,154,152,157,154,155,157,154,153,157,1055,154,157,155,154,154,154,155,154,156,154,155,159,155,149,155,156,156,156,152,154,154,152,159,155,157,157,154,157,154,155,157,155,158,152,159,156,155,158,157,159,155,156,155,160,154,155,155,155,162,152,156,152,155,152,162,156,160,156,154,158,154,158,157,158,154,157,153,156,160,150,155,155,155,163,158,154,155,158,157,153,156,160,154,158,153,155,155,154,157,160,154,156,1174,160,158,151,156,157,155,151,10,152,156,157,161,158,154,158,159,155,160,163,157,159,151,155,153,159,154,159,155,161,156,151,163,1125,155,153,159,154,143,156,161,157,157,157,157,153,155,159,159,157,157,160,160,158,155,156,155,158,160,158,161,156,156,159,156,158,159,156,157,155,158,158,158,154,156,155,159,158,158,158,152,157,160,160,157,158,370,162,156,158,158,158,160,155,134,151,160,161,159,154,161,153,157,156,158,157,153,163,154,152,160,153,157,153,151,157,153,153,153,157,158,158,158,370,160,159,157,156,159,152,159,157,160,164,156,156,155,160,159,159,155,165,159,159,160,160,162,158,164,157,155,161,153,162,156,158
SBV087_plate02,54,1029,1293,1146,1094,54,1080,10,1143,1178,86,116,1018,1012,1184,1162,157,1107,1276,93,1027,98,25,3,93,7,336,6,1015,93,9,1020,96,7,9,9,10,10,7,8,4,8,3,6,3,3,2,3,3,5,3,7,9,10,6,9,5,8,4,13,9,11,5,9,11,5,11,4,10,5,17,12,9,3,5,4,12,5,10,4,4,4,3,2,155,0,11,5,6,11,6,10,5,6,3,3,1,8,3,4,15,11,7,7,4,12,4,10,13,5,3,8,5,6,12,5,4,8,1028,5,4,6,5,5,5,10,5,3,5,6,6,6,7,6,7,7,7,3,5,5,3,10,6,8,12,5,12,1,10,8,4,9,5,10,7,6,5,8,14,6,7,6,11,5,4,6,6,17,3,3,3,2,3,13,7,15,7,5,5,11,9,8,9,1,4,4,7,11,7,6,6,6,18,5,5,6,13,4,4,7,11,9,9,4,8,6,11,4,15,5,3,1145,15,9,8,7,8,10,8,159,9,7,8,12,11,5,9,10,6,11,10,8,10,8,6,4,10,11,10,6,12,13,8,14,1097,12,4,16,5,100,7,12,8,8,8,8,4,12,16,10,8,8,7,15,15,12,7,12,15,17,15,16,7,7,6,7,9,10,13,8,12,9,9,11,11,7,12,10,9,15,9,3,9,7,11,10,9,343,17,13,15,9,15,15,12,95,8,7,14,10,11,18,10,8,7,9,8,10,10,11,9,11,10,14,4,8,14,10,10,4,14,11,11,15,343,17,10,8,7,10,9,14,10,13,15,13,7,6,12,10,10,6,16,16,16,12,11,9,15,15,14,12,12,11,17,7,15
SBV088_plate02,57,1033,1296,1149,1097,57,1085,9,1146,1181,91,119,1021,1015,1187,1167,160,1110,1279,98,1030,103,30,12,98,12,341,11,1018,98,14,1025,101,12,8,8,14,9,16,7,13,7,12,15,12,12,11,12,12,14,12,16,14,7,15,6,10,3,13,18,6,8,14,6,10,14,8,13,5,12,22,7,8,12,12,13,11,14,5,13,13,13,12,11,160,11,0,14,11,4,11,9,14,15,12,12,10,11,12,13,10,8,6,14,13,9,13,19,8,14,12,17,14,13,9,14,13,5,1031,14,13,15,14,14,14,7,14,12,14,15,15,13,12,15,16,16,16,12,14,14,12,19,15,17,9,14,9,10,7,17,13,4,10,19,16,15,14,17,9,15,16,15,6,14,13,15,15,16,12,12,12,11,12,12,16,10,16,14,14,16,18,17,18,10,13,13,16,20,12,15,15,15,13,14,13,15,10,13,13,16,20,14,18,13,13,15,14,13,20,14,12,1148,10,18,13,16,17,7,13,162,14,16,17,19,6,14,18,19,15,20,19,17,19,13,15,13,19,16,19,15,21,18,13,23,1100,17,13,21,12,103,16,21,17,17,17,17,13,17,19,17,15,15,16,10,20,17,16,17,20,22,20,11,16,16,15,16,18,19,18,17,17,18,18,16,16,16,17,19,18,18,18,12,18,16,20,15,18,348,12,18,20,18,20,10,17,100,13,16,19,19,16,23,15,17,16,18,17,15,19,16,14,20,15,19,13,13,19,15,15,11,19,16,16,20,348,22,19,17,16,19,14,9,15,18,24,18,16,15,21,19,19,15,25,21,21,21,18,18,20,24,19,17,21,16,22,16,20
SBV089_plate02,53,1028,1292,1147,1095,53,1079,11,1142,1177,85,115,1017,1011,1183,1161,156,1106,1275,92,1026,97,24,4,92,10,335,5,1014,92,8,1019,95,10,8,8,9,11,6,11,3,7,6,5,2,4,3,2,2,4,2,6,8,9,5,8,4,11,3,14,8,10,4,8,10,4,10,3,9,4,16,11,8,6,4,3,11,4,9,3,3,3,2,5,154,5,14,0,9,10,9,9,4,5,2,2,4,7,6,3,14,10,10,6,3,11,3,9,12,4,2,7,4,5,11,4,3,11,1027,4,7,5,4,4,4,9,4,6,4,5,9,5,6,5,6,6,6,2,4,4,2,9,5,7,11,4,11,4,9,7,7,12,8,9,6,5,8,7,13,5,6,5,14,4,5,5,5,16,2,6,2,5,2,16,6,14,6,4,8,10,8,7,8,4,7,3,6,10,6,5,5,5,17,8,4,5,12,7,3,6,10,8,8,3,11,5,10,7,14,4,6,1144,14,8,7,6,7,9,7,158,8,6,7,11,12,4,8,9,5,10,13,7,9,7,5,3,9,10,9,5,11,12,7,13,1096,11,3,15,4,103,6,11,7,7,7,7,3,11,15,9,7,7,10,14,14,11,6,11,14,16,14,15,6,6,9,6,8,9,12,7,11,8,8,14,10,6,11,9,8,14,8,2,8,10,10,13,8,342,16,12,14,8,14,14,11,94,7,10,17,9,10,17,9,7,6,8,7,9,13,10,8,10,9,13,3,7,13,9,9,3,13,14,14,14,342,16,9,7,6,9,8,13,13,16,14,12,6,5,11,9,9,5,15,15,15,11,10,12,14,14,13,11,11,10,18,6,14
SBV090_plate02,52,1027,1291,1144,1092,52,1078,10,1141,1176,84,114,1016,1010,1182,1160,155,1105,1274,91,1025,96,23,7,91,5,334,4,1013,91,7,1018,94,5,7,9,8,10,11,8,8,8,7,10,7,7,6,7,7,9,7,11,7,10,10,9,5,8,8,10,9,11,9,9,11,9,11,8,10,7,15,12,9,7,7,8,12,9,10,8,8,8,7,6,153,6,11,9,0,11,2,10,9,10,7,7,5,4,7,8,15,11,7,11,8,12,8,14,13,9,7,12,9,10,12,9,8,8,1026,9,8,10,9,9,9,10,9,7,9,10,10,10,3,10,11,11,11,7,9,9,7,14,10,12,12,9,12,5,10,12,8,9,1,14,11,10,9,12,14,10,11,10,11,9,8,10,10,17,7,7,7,6,7,13,11,15,11,9,9,7,13,12,13,5,8,8,11,15,5,10,10,10,18,9,9,10,13,8,8,11,15,9,13,8,4,10,7,8,15,9,7,1143,15,13,4,11,12,10,4,157,5,11,12,16,11,9,13,14,10,15,14,12,14,4,10,8,14,7,14,10,16,9,4,18,1095,8,8,12,9,98,11,16,12,12,12,12,8,8,12,14,12,12,11,15,11,8,11,8,11,13,11,16,11,11,10,11,13,14,9,12,8,13,13,7,7,11,8,14,13,11,13,7,13,11,15,6,13,341,17,9,11,13,11,15,8,93,4,11,10,14,7,14,6,12,11,13,12,6,14,7,5,15,6,10,8,4,10,6,6,8,10,7,7,11,341,13,14,12,11,14,5,14,6,9,19,9,11,10,16,14,14,10,20,12,12,16,15,13,11,19,10,8,16,9,13,11,11
SBV091_plate02,55,1030,1293,1149,1097,55,1081,7,1144,1179,87,117,1019,1013,1185,1163,158,1108,1276,94,1028,99,26,10,94,12,337,7,1016,94,10,1021,97,12,4,4,10,7,12,7,9,3,12,11,8,10,9,8,8,10,8,12,10,3,11,2,6,3,9,16,2,4,10,2,6,10,4,9,1,8,18,3,4,12,8,9,9,10,1,9,9,9,8,11,156,11,4,10,11,0,11,5,10,11,8,8,10,9,12,9,6,4,6,12,9,5,9,15,4,10,8,13,10,11,5,10,9,5,1029,10,13,11,10,10,10,3,10,12,10,11,15,11,8,11,12,12,12,8,10,10,8,15,11,13,5,10,5,10,3,13,13,4,10,15,12,11,14,13,5,11,12,11,6,10,11,11,11,12,8,12,8,11,8,12,12,6,12,10,14,12,14,13,14,10,13,9,12,16,8,11,11,11,9,14,9,11,6,13,9,12,16,10,14,9,13,11,12,13,16,10,12,1146,6,14,9,12,13,3,9,160,10,12,13,17,6,10,14,15,11,16,19,13,15,9,11,9,15,12,15,11,17,14,9,19,1098,13,9,17,10,105,12,17,13,13,13,13,9,13,17,15,13,13,16,6,16,13,12,13,16,18,16,7,12,12,15,12,14,15,14,13,13,14,14,16,12,12,13,15,14,16,14,8,14,16,16,15,14,344,8,14,16,14,16,6,13,96,9,16,19,15,12,19,11,13,12,14,13,11,19,12,10,16,11,15,9,9,15,11,11,9,15,16,16,16,344,18,15,13,12,15,10,5,15,18,20,14,12,11,17,15,15,11,21,17,17,17,16,18,16,20,15,13,17,12,20,12,16
SBV092_plate02,52,1027,1291,1144,1092,52,1078,10,1141,1176,84,114,1016,1010,1182,1160,155,1105,1274,91,1025,96,23,7,91,5,334,4,1013,91,7,1018,94,5,7,9,8,10,11,8,8,8,7,10,7,7,6,7,7,9,7,11,7,10,10,9,5,8,8,11,9,11,9,9,11,9,11,8,10,7,15,12,9,7,7,8,12,9,10,8,8,8,7,6,153,6,11,9,2,11,0,10,9,10,7,7,5,4,7,8,15,11,7,11,8,12,8,14,13,9,7,12,9,10,12,9,8,8,1026,9,8,10,9,9,9,10,9,7,9,10,10,10,3,10,11,11,11,7,9,9,7,14,10,12,12,9,12,5,10,12,8,9,1,14,11,10,9,12,14,10,11,10,11,9,8,10,10,17,7,7,7,6,7,13,11,15,11,9,9,7,13,12,13,5,8,8,11,15,5,10,10,10,18,9,9,10,13,8,8,11,15,9,13,8,4,10,7,8,15,9,7,1143,15,13,4,11,12,10,4,157,5,11,12,16,11,9,13,14,10,15,14,12,14,4,10,8,14,7,14,10,16,9,4,18,1095,8,8,12,9,98,11,16,12,12,12,12,8,8,12,14,12,12,11,15,11,8,11,8,11,13,11,16,11,11,10,11,13,14,9,12,8,13,13,7,7,11,8,14,13,11,13,7,13,11,15,6,13,341,17,9,11,13,11,15,8,93,4,11,10,14,7,14,6,12,11,13,12,6,14,7,5,15,6,10,8,4,10,6,6,8,10,7,7,11,341,13,14,12,11,14,5,14,6,9,19,9,11,10,16,14,14,10,20,12,12,16,15,13,11,19,10,8,16,9,13,11,11
SBV093_plate02,54,1029,1292,1148,1096,54,1080,6,1143,1178,86,116,1018,1012,1184,1162,157,1107,1275,93,1027,98,25,9,93,11,336,6,1015,93,9,1020,96,11,3,3,9,6,11,6,8,2,11,10,7,9,8,7,7,9,7,11,9,4,10,3,5,6,8,15,3,5,9,3,5,9,5,8,4,7,17,6,1,11,7,8,8,9,4,8,8,8,7,10,155,10,9,9,10,5,10,0,9,10,7,7,9,8,11,8,9,5,5,11,8,6,8,14,7,9,7,12,9,10,6,9,8,6,1028,9,12,10,9,9,9,4,9,11,9,10,14,10,7,10,11,11,11,7,9,9,7,14,10,12,6,9,6,9,4,12,12,7,9,14,11,10,13,12,8,10,11,10,9,9,10,10,10,11,7,11,7,10,7,11,11,9,11,9,13,11,13,12,13,9,12,8,11,15,7,10,10,10,12,13,9,10,7,12,8,11,15,9,13,8,12,10,11,12,15,9,11,1145,9,13,8,11,12,4,8,159,9,11,12,16,7,9,13,14,10,15,18,12,14,8,10,8,14,11,14,10,16,13,8,18,1097,12,8,16,9,104,11,14,12,12,12,12,8,12,16,14,12,12,15,9,15,12,11,12,15,17,15,10,11,11,14,9,13,14,13,12,12,13,13,15,11,9,12,14,13,15,13,7,13,15,15,14,11,343,11,13,15,13,15,9,12,95,8,15,18,14,11,18,10,12,11,13,12,10,18,11,9,15,10,14,8,8,14,10,10,8,14,15,15,15,343,17,14,12,11,14,9,8,14,17,19,13,11,10,16,14,14,10,20,16,16,16,15,17,15,19,14,12,16,11,19,11,15
SBV094_plate02,53,1028,1292,1147,1095,53,1079,11,1142,1177,85,115,1017,1011,1183,1161,156,1106,1275,92,1026,97,24,4,92,10,335,5,1014,92,8,1019,95,10,8,8,9,11,6,11,3,7,6,5,2,4,3,2,2,4,2,6,8,9,5,8,4,11,3,14,8,10,4,8,10,4,10,3,9,4,16,11,8,6,4,3,11,4,9,3,3,3,2,5,154,5,14,4,9,10,9,9,0,5,2,2,4,7,6,3,14,10,10,6,3,11,3,9,12,4,2,7,4,5,11,4,3,11,1027,4,7,5,4,4,4,9,4,6,4,5,9,5,6,5,6,6,6,2,4,4,2,9,5,7,11,4,11,4,9,7,7,12,8,9,6,5,8,7,13,5,6,5,14,4,5,5,5,16,2,6,2,5,2,16,6,14,6,4,8,10,8,7,8,4,7,3,6,10,6,5,5,5,17,8,4,5,12,7,3,6,10,8,8,3,11,5,10,7,14,4,6,1144,14,8,7,6,7,9,7,158,8,6,7,11,12,4,8,9,5,10,13,7,9,7,5,3,9,10,9,5,11,12,7,13,1096,11,3,15,4,103,6,11,7,7,7,7,3,11,15,9,7,7,10,14,14,11,6,11,14,16,14,15,6,6,9,6,8,9,12,7,11,8,8,14,10,6,11,9,8,14,8,2,8,10,10,13,8,342,16,12,14,8,14,14,11,94,7,10,17,9,10,17,9,7,6,8,7,9,13,10,8,10,9,13,3,7,13,9,9,3,13,14,14,14,342,16,9,7,6,9,8,13,13,16,14,12,6,5,11,9,9,5,15,15,15,11,10,12,14,14,13,11,11,10,18,6,14
SBV095_plate02,54,1029,1293,1148,1096,54,1080,12,1143,1178,86,116,1018,1012,1184,1162,157,1107,1276,93,1027,98,25,5,93,11,336,6,1015,93,9,1020,95,11,9,9,10,12,7,12,4,8,7,6,3,5,4,3,3,3,3,7,9,10,6,9,5,12,4,15,9,11,5,9,11,5,11,4,10,5,17,12,9,7,5,4,12,5,10,4,4,4,3,6,155,6,15,5,10,11,10,10,5,0,3,3,5,8,7,4,15,11,11,7,4,12,4,10,13,5,3,8,5,6,12,5,4,12,1028,5,8,6,5,5,5,10,5,7,5,6,10,6,7,6,7,7,7,3,5,5,3,10,6,8,12,5,12,5,10,8,8,13,9,10,7,6,9,8,14,6,7,6,15,5,6,6,6,17,3,7,3,6,3,17,7,15,7,5,9,11,9,8,9,5,8,4,7,11,7,6,6,6,18,9,5,6,13,8,4,7,11,9,9,4,12,6,11,8,15,5,7,1145,15,9,8,7,8,10,8,159,9,7,8,12,13,5,9,10,6,11,14,8,10,8,6,4,10,11,10,6,12,13,8,14,1097,12,4,16,5,104,7,12,8,8,8,8,4,12,16,10,8,8,11,15,15,12,7,12,15,17,15,16,7,7,10,7,9,10,13,8,12,9,9,15,11,7,12,10,9,15,9,3,9,11,11,14,9,343,17,13,15,9,15,15,12,95,8,11,18,10,11,18,10,8,7,9,8,10,14,11,9,11,10,14,4,8,14,10,10,4,14,15,15,15,343,17,10,8,7,10,9,14,14,17,15,13,7,6,12,10,10,6,16,16,16,12,11,13,15,15,14,12,12,11,19,7,15
SBV096_plate02,51,1024,1290,1145,1093,51,1076,9,1140,1175,83,113,1013,1007,1181,1158,154,1104,1273,90,1022,95,22,2,90,8,333,3,1010,90,6,1015,93,8,6,6,7,9,4,9,1,5,4,3,0,2,1,0,0,2,0,4,6,7,3,6,2,9,1,12,6,8,2,6,8,2,8,1,7,2,14,9,6,4,2,1,9,2,7,1,1,1,0,3,152,3,12,2,7,8,7,7,2,3,0,0,2,5,4,1,12,8,8,4,1,9,1,7,10,2,0,5,2,3,9,2,1,9,1023,2,5,3,2,2,2,7,2,4,2,3,7,3,4,3,4,4,4,0,2,2,0,7,3,5,9,2,9,2,7,5,5,10,6,7,4,3,6,5,11,3,4,3,12,2,3,3,3,14,0,4,0,3,0,14,4,12,4,2,6,8,6,5,6,2,5,1,4,8,4,3,3,3,15,6,2,3,10,5,1,4,8,6,6,1,9,3,8,5,12,2,4,1141,12,6,5,4,5,7,5,156,6,4,5,9,10,2,6,7,3,8,11,5,7,5,3,1,7,8,7,3,9,10,5,11,1094,9,1,13,2,101,4,9,5,5,5,5,1,9,13,7,5,5,8,12,12,9,4,9,12,14,12,13,4,4,7,4,6,7,10,5,9,6,6,12,8,4,9,7,6,12,6,0,6,8,8,11,6,340,14,10,12,6,12,12,9,92,5,8,15,7,8,15,7,5,4,6,5,7,11,8,6,8,7,11,1,5,11,7,7,1,11,12,12,12,340,14,7,5,4,7,6,11,11,14,12,10,4,3,9,7,7,3,13,13,13,9,8,10,12,12,11,9,9,8,16,4,12
SBV097_plate02,51,1026,1290,1145,1093,51,1077,9,1140,1175,83,113,1015,1009,1181,1159,154,1104,1273,90,1024,95,22,2,90,8,333,3,1012,90,6,1017,93,8,6,6,7,9,4,9,1,5,4,3,0,2,1,0,0,2,0,4,6,7,3,6,2,9,1,12,6,8,2,6,8,2,8,1,7,2,14,9,6,4,2,1,9,2,7,1,1,1,0,3,152,3,12,2,7,8,7,7,2,3,0,0,2,5,4,1,12,8,8,4,1,9,1,7,10,2,0,5,2,3,9,2,1,9,1025,2,5,3,2,2,2,7,2,4,2,3,7,3,4,3,4,4,4,0,2,2,0,7,3,5,9,2,9,2,7,5,5,10,6,7,4,3,6,5,11,3,4,3,12,2,3,3,3,14,0,4,0,3,0,14,4,12,4,2,6,8,6,5,6,2,5,1,4,8,4,3,3,3,15,6,2,3,10,5,1,4,8,6,6,1,9,3,8,5,12,2,4,1142,12,6,5,4,5,7,5,156,6,4,5,9,10,2,6,7,3,8,11,5,7,5,3,1,7,8,7,3,9,10,5,11,1094,9,1,13,2,101,4,9,5,5,5,5,1,9,13,7,5,5,8,12,12,9,4,9,12,14,12,13,4,4,7,4,6,7,10,5,9,6,6,12,8,4,9,7,6,12,6,0,6,8,8,11,6,340,14,10,12,6,12,12,9,92,5,8,15,7,8,15,7,5,4,6,5,7,11,8,6,8,7,11,1,5,11,7,7,1,11,12,12,12,340,14,7,5,4,7,6,11,11,14,12,10,4,3,9,7,7,3,13,13,13,9,8,10,12,12,11,9,9,8,16,4,12
SBV098_plate02,53,1028,1292,1145,1093,53,1079,9,1142,1177,85,115,1017,1011,1183,1161,156,1106,1275,92,1026,97,24,2,92,6,335,5,1014,92,8,1019,95,6,8,8,9,9,6,7,3,7,2,5,2,2,1,2,2,4,2,6,8,9,5,8,4,7,3,12,8,10,4,8,10,4,10,3,9,4,16,11,8,2,4,3,11,4,9,3,3,3,2,1,154,1,10,4,5,10,5,9,4,5,2,2,0,7,2,3,14,10,6,6,3,11,3,9,12,4,2,7,4,5,11,4,3,7,1027,4,3,5,4,4,4,9,4,2,4,5,5,5,6,5,6,6,6,2,4,4,2,9,5,7,11,4,11,0,9,7,3,8,4,9,6,5,4,7,13,5,6,5,10,4,3,5,5,16,2,2,2,1,2,12,6,14,6,4,4,10,8,7,8,0,3,3,6,10,6,5,5,5,17,4,4,5,12,3,3,6,10,8,8,3,7,5,10,3,14,4,2,1144,14,8,7,6,7,9,7,158,8,6,7,11,10,4,8,9,5,10,9,7,9,7,5,3,9,10,9,5,11,12,7,13,1096,11,3,15,4,99,6,11,7,7,7,7,3,11,15,9,7,7,6,14,14,11,6,11,14,16,14,15,6,6,5,6,8,9,12,7,11,8,8,10,10,6,11,9,8,14,8,2,8,6,10,9,8,342,16,12,14,8,14,14,11,94,7,6,13,9,10,17,9,7,6,8,7,9,9,10,8,10,9,13,3,7,13,9,9,3,13,10,10,14,342,16,9,7,6,9,8,13,9,12,14,12,6,5,11,9,9,5,15,15,15,11,10,8,14,14,13,11,11,10,16,6,14
SBV099_plate02,48,1024,1288,1142,1090,48,1076,10,1138,1172,82,110,1012,1006,1178,1158,151,1101,1271,89,1021,94,21,7,89,7,332,2,1009,89,5,1016,92,7,5,7,6,10,9,10,6,6,9,8,5,7,6,5,5,7,5,9,5,8,8,7,3,10,6,11,7,9,7,7,9,7,9,6,8,5,13,10,7,9,5,6,8,7,8,6,6,6,5,8,151,8,11,7,4,9,4,8,7,8,5,5,7,0,9,6,13,9,9,7,6,10,6,12,11,7,5,10,7,6,10,7,6,10,1022,7,10,8,7,7,7,8,7,9,7,8,12,6,1,8,9,9,9,5,7,7,5,12,8,10,10,7,10,7,8,10,10,11,3,12,9,8,11,10,12,8,9,8,13,7,8,8,8,15,5,9,5,8,5,15,9,13,9,7,11,5,11,10,11,7,10,6,9,13,3,8,8,8,16,11,7,8,11,10,6,9,13,7,11,6,6,8,3,10,13,7,9,1139,13,11,2,9,10,8,2,153,3,9,10,12,9,7,11,12,8,13,16,10,12,2,8,6,12,5,12,8,14,7,2,16,1091,6,6,10,5,98,9,14,10,10,10,10,6,6,8,10,8,8,13,13,9,6,9,6,9,11,9,14,9,9,12,9,11,12,7,10,6,11,11,9,5,9,6,12,11,7,11,5,11,13,13,8,11,339,15,7,9,11,9,13,6,91,2,13,12,12,5,12,4,10,9,11,10,4,16,5,3,13,4,8,6,2,8,4,4,4,8,9,9,9,339,11,12,10,9,12,3,12,8,11,17,7,9,8,14,12,12,8,18,10,10,14,11,15,9,17,8,6,14,7,13,9,9
SBV100_plate02,55,1030,1294,1145,1094,55,1081,11,1143,1178,87,117,1019,1013,1184,1161,158,1108,1277,94,1028,99,26,4,94,8,337,7,1016,94,10,1021,97,8,10,10,11,11,8,9,5,9,4,7,4,4,3,4,4,6,4,8,10,11,7,10,6,9,5,14,10,12,6,10,12,6,12,5,11,6,18,13,10,4,6,5,13,6,11,5,5,5,4,3,156,3,12,6,7,12,7,11,6,7,4,4,2,9,0,5,16,12,8,8,5,13,5,11,14,6,4,9,6,7,13,6,5,9,1029,6,5,7,6,6,6,11,6,4,6,7,7,7,8,7,8,8,8,4,6,6,4,11,7,9,13,6,13,2,11,9,5,10,6,11,8,7,6,9,15,7,8,7,12,6,5,7,7,18,4,4,4,3,4,14,7,16,8,6,6,12,10,9,10,2,5,5,8,12,8,7,7,7,19,6,6,7,14,5,5,8,12,10,10,5,9,7,12,5,16,6,4,1143,16,10,9,8,9,11,9,160,10,8,9,13,12,6,10,11,7,12,10,9,11,9,7,5,11,12,11,7,13,14,9,14,1098,13,5,17,6,101,8,13,9,9,9,9,5,13,17,11,9,9,8,16,16,13,8,13,16,18,16,17,8,8,7,8,10,11,14,9,13,10,10,12,12,8,13,11,10,16,10,4,10,8,12,11,10,344,18,14,16,10,16,16,13,96,9,8,15,11,12,19,11,9,8,10,9,11,11,12,10,12,11,15,5,9,15,11,11,5,15,12,12,16,344,18,11,9,8,11,10,15,11,14,16,14,8,7,13,11,11,7,17,17,17,13,12,10,16,16,15,13,13,12,18,8,16
SBV101_plate02,52,1027,1291,1146,1094,52,1078,10,1141,1176,84,114,1016,1010,1182,1160,155,1105,1274,91,1025,96,23,3,91,9,334,4,1013,91,7,1018,94,9,7,7,8,10,5,10,2,6,5,4,1,3,2,1,1,3,1,5,7,8,4,7,3,10,2,13,7,9,3,7,9,3,9,0,8,3,15,10,7,5,3,2,10,1,8,2,0,2,1,4,153,4,13,3,8,9,8,8,3,4,1,1,3,6,5,0,13,9,9,3,0,10,0,6,11,1,1,6,3,4,10,1,2,10,1026,1,4,2,1,1,3,8,1,3,3,4,6,4,5,2,3,3,5,1,3,3,1,8,4,4,10,1,10,3,8,6,4,11,7,8,5,4,7,4,12,4,3,4,13,1,2,2,4,15,1,5,1,4,1,15,5,13,3,3,7,9,5,4,7,3,6,2,5,9,5,2,4,2,16,5,1,2,11,4,0,3,7,7,5,2,10,4,9,6,13,1,3,1143,13,5,6,3,4,8,6,157,7,3,4,8,11,1,7,6,2,7,12,6,6,6,4,2,6,9,8,4,10,11,6,12,1095,10,1,14,2,102,3,10,4,6,6,6,1,10,14,6,4,4,7,13,13,10,5,10,13,15,13,14,3,3,6,5,7,8,11,4,10,5,7,13,9,5,10,6,5,13,5,1,7,7,7,12,7,341,15,11,13,5,13,13,10,93,6,9,16,8,9,16,8,4,5,7,4,8,10,9,7,7,8,12,2,6,12,8,8,2,12,13,13,13,341,15,6,4,5,6,7,12,12,15,11,11,3,4,8,8,8,2,12,14,14,8,9,11,13,11,12,10,8,9,17,3,13
SBV102_plate02,59,1034,1297,1153,1101,59,1085,11,1148,1183,91,121,1023,1017,1189,1167,162,1112,1280,98,1032,103,30,14,98,16,341,11,1020,98,14,1025,101,16,8,8,14,10,16,11,13,7,16,15,12,14,13,12,12,14,12,16,14,7,15,6,10,7,13,19,6,8,14,6,10,14,8,13,5,12,22,7,8,16,12,13,13,14,5,13,13,13,12,15,160,15,10,14,15,6,15,9,14,15,12,12,14,13,16,13,0,8,10,16,13,9,13,19,2,14,12,17,14,15,9,14,13,9,1033,14,17,15,14,14,14,7,14,16,14,15,19,15,12,15,16,16,16,12,14,14,12,19,15,17,9,14,9,14,7,17,17,8,14,19,16,15,18,17,7,15,16,15,10,14,15,15,15,16,12,16,12,15,12,16,16,10,16,14,18,16,18,17,18,14,17,13,16,20,12,15,15,15,13,18,13,15,10,17,13,16,20,14,18,13,17,15,16,17,20,14,16,1150,10,18,13,16,17,7,13,164,14,16,17,21,10,14,18,19,15,20,23,17,19,13,15,13,19,16,19,15,21,18,13,23,1102,17,13,21,14,109,16,21,17,17,17,17,13,17,21,19,17,17,20,10,20,17,16,17,20,22,20,11,16,16,19,16,18,19,18,17,17,18,18,20,16,16,17,19,18,20,18,12,18,20,20,19,18,348,12,18,20,18,20,10,17,100,13,20,23,19,16,23,15,17,16,18,17,15,23,16,14,20,15,19,13,13,19,15,15,13,19,20,20,20,348,22,19,17,16,19,14,9,19,22,24,18,16,15,21,19,19,15,25,21,21,21,20,22,20,24,19,17,21,16,24,16,20
SBV103_plate02,55,1030,1293,1149,1097,55,1081,7,1144,1179,87,117,1019,1013,1185,1163,158,1108,1276,94,1028,99,26,10,94,12,337,7,1016,94,10,1021,97,12,4,4,10,7,12,7,9,3,12,11,8,10,9,8,8,10,8,12,10,3,11,2,6,5,9,16,2,4,10,2,6,10,4,9,3,8,18,5,4,12,8,9,9,10,3,9,9,9,8,11,156,11,8,10,11,4,11,5,10,11,8,8,10,9,12,9,8,0,6,12,9,3,9,15,6,10,8,13,10,11,3,10,9,3,1029,10,13,11,10,10,10,1,10,12,10,11,15,11,8,11,12,12,12,8,10,10,8,15,11,13,3,10,3,10,1,13,13,6,10,15,12,11,14,13,7,11,12,11,8,10,11,11,11,12,8,12,8,11,8,12,12,8,12,10,14,12,14,13,14,10,13,9,12,16,8,11,11,11,11,14,10,11,4,13,9,12,16,10,14,9,13,11,12,13,16,10,12,1146,8,14,9,12,13,3,9,160,10,12,13,17,6,10,14,15,11,16,19,13,15,9,11,9,15,12,15,11,17,14,9,19,1098,13,9,17,10,105,12,17,13,13,13,13,9,13,17,15,13,13,16,8,16,13,12,13,16,18,16,9,12,12,15,12,14,15,14,13,13,14,14,16,12,12,13,15,14,16,14,8,14,16,16,15,14,344,10,14,16,14,16,8,13,96,9,16,19,15,12,19,11,13,12,14,13,11,19,12,10,16,11,15,9,9,15,11,11,9,15,16,16,16,344,18,15,13,12,15,10,7,15,18,20,14,12,11,17,15,15,11,21,17,17,17,16,18,16,20,15,13,17,12,20,12,16
SBV104_plate02,55,1030,1293,1147,1095,55,1081,5,1144,1179,87,117,1019,1013,1185,1163,158,1108,1276,94,1028,99,26,8,94,8,337,7,1016,94,10,1021,97,8,4,4,10,5,12,3,9,3,8,11,8,8,7,8,8,10,8,12,10,5,11,4,6,3,9,14,4,6,10,4,6,10,6,9,5,8,18,7,4,8,8,9,9,10,5,9,9,9,8,7,156,7,6,10,7,6,7,5,10,11,8,8,6,9,8,9,10,6,0,12,9,7,9,15,8,10,8,13,10,11,7,10,9,3,1029,10,9,11,10,10,10,5,10,8,10,11,11,11,8,11,12,12,12,8,10,10,8,15,11,13,7,10,7,6,5,13,9,4,6,15,12,11,10,13,9,11,12,11,6,10,9,11,11,12,8,8,8,7,8,8,12,10,12,10,10,12,14,13,14,6,9,9,12,16,8,11,11,11,13,10,10,11,8,9,9,12,16,10,14,9,9,11,12,9,16,10,8,1146,10,14,9,12,13,5,9,160,10,12,13,17,6,10,14,15,11,16,15,13,15,9,11,9,15,12,15,11,17,14,9,19,1098,13,9,17,10,101,12,17,13,13,13,13,9,13,17,15,13,13,12,10,16,13,12,13,16,18,16,11,12,12,11,12,14,15,14,13,13,14,14,12,12,12,13,15,14,16,14,8,14,12,16,11,14,344,12,14,16,14,16,10,13,96,9,12,15,15,12,19,11,13,12,14,13,11,15,12,10,16,11,15,9,9,15,11,11,9,15,12,12,16,344,18,15,13,12,15,10,9,11,14,20,14,12,11,17,15,15,11,21,17,17,17,16,14,16,20,15,13,17,12,18,12,16
SBV105_plate02,53,1029,1293,1147,1095,53,1081,13,1143,1177,87,115,1017,1011,1183,1163,156,1106,1276,94,1026,99,26,6,94,12,337,7,1014,94,10,1021,97,12,10,10,11,13,8,13,5,9,8,7,4,6,5,4,4,6,4,8,10,11,7,10,6,13,5,16,10,12,6,10,12,6,12,3,11,6,18,13,10,8,6,5,11,4,11,5,3,5,4,7,156,7,14,6,11,12,11,11,6,7,4,4,6,7,8,3,16,12,12,0,3,13,3,9,14,4,4,9,6,5,13,4,5,13,1027,4,7,5,4,4,6,11,4,6,6,7,9,5,8,5,6,6,8,4,6,6,4,11,7,7,13,4,13,6,11,9,7,14,10,11,8,7,10,7,15,7,6,7,16,4,5,5,7,18,4,8,4,7,4,18,8,16,6,6,10,12,8,7,10,6,9,5,8,12,8,5,7,5,19,8,4,5,14,7,3,6,10,10,8,5,13,7,10,9,16,4,6,1144,16,8,9,6,7,11,9,158,10,6,7,9,12,4,10,9,5,10,15,9,9,9,7,5,9,12,11,7,13,14,9,15,1096,13,4,17,3,103,6,13,7,9,9,9,4,13,15,7,5,5,10,16,16,13,8,13,16,18,16,17,6,6,9,8,10,11,14,7,13,8,10,16,12,8,13,9,8,14,8,4,10,10,10,15,10,344,18,14,16,8,16,16,13,96,9,12,19,11,12,19,11,7,8,10,7,11,13,12,10,10,11,15,5,9,15,11,11,3,15,16,16,16,344,18,9,7,8,9,10,15,15,18,14,14,6,7,11,11,11,5,15,17,17,11,10,14,16,14,15,13,11,12,20,6,16
SBV106_plate02,52,1027,1291,1146,1094,52,1078,10,1141,1176,84,114,1016,1010,1182,1160,155,1105,1274,91,1025,96,23,3,91,9,334,4,1013,91,7,1018,94,9,7,7,8,10,5,10,2,6,5,4,1,3,2,1,1,3,1,5,7,8,4,7,3,10,2,13,7,9,3,7,9,3,9,0,8,3,15,10,7,5,3,2,10,1,8,2,0,2,1,4,153,4,13,3,8,9,8,8,3,4,1,1,3,6,5,0,13,9,9,3,0,10,0,6,11,1,1,6,3,4,10,1,2,10,1026,1,4,2,1,1,3,8,1,3,3,4,6,4,5,2,3,3,5,1,3,3,1,8,4,4,10,1,10,3,8,6,4,11,7,8,5,4,7,4,12,4,3,4,13,1,2,2,4,15,1,5,1,4,1,15,5,13,3,3,7,9,5,4,7,3,6,2,5,9,5,2,4,2,16,5,1,2,11,4,0,3,7,7,5,2,10,4,9,6,13,1,3,1143,13,5,6,3,4,8,6,157,7,3,4,8,11,1,7,6,2,7,12,6,6,6,4,2,6,9,8,4,10,11,6,12,1095,10,1,14,2,102,3,10,4,6,6,6,1,10,14,6,4,4,7,13,13,10,5,10,13,15,13,14,3,3,6,5,7,8,11,4,10,5,7,13,9,5,10,6,5,13,5,1,7,7,7,12,7,341,15,11,13,5,13,13,10,93,6,9,16,8,9,16,8,4,5,7,4,8,10,9,7,7,8,12,2,6,12,8,8,2,12,13,13,13,341,15,6,4,5,6,7,12,12,15,11,11,3,4,8,8,8,2,12,14,14,8,9,11,13,11,12,10,8,9,17,3,13
SBV107_plate02,56,1031,1294,1150,1098,56,1082,8,1145,1180,88,118,1020,1014,1184,1164,159,1109,1277,95,1029,100,27,11,95,13,338,8,1017,95,11,1022,98,13,5,5,11,8,13,8,10,4,13,12,9,11,10,9,9,11,9,13,11,4,12,3,7,6,10,17,3,5,11,3,7,11,5,10,4,9,19,6,5,13,9,10,10,11,4,10,10,10,9,12,157,12,9,11,12,5,12,6,11,12,9,9,11,10,13,10,9,3,7,13,10,0,10,16,7,11,9,14,11,12,2,11,10,4,1030,11,14,12,11,11,11,2,11,13,11,12,16,12,9,12,13,13,13,9,11,11,9,16,12,14,4,11,4,11,2,14,14,7,11,16,13,12,15,14,8,12,13,12,9,11,12,12,12,13,9,13,9,12,9,13,13,9,13,11,15,13,15,14,15,11,14,10,13,17,9,12,12,12,12,15,11,12,5,14,10,13,17,11,15,10,14,12,13,14,17,11,13,1147,9,15,10,13,14,4,10,161,11,13,14,18,7,11,15,16,12,17,20,14,16,10,12,10,16,13,16,12,18,15,10,20,1099,14,10,18,11,106,13,18,14,14,14,14,10,14,18,16,14,14,17,9,17,14,13,14,17,19,17,10,13,13,16,13,15,16,15,14,14,15,15,17,13,13,14,16,15,17,15,9,15,17,17,16,15,345,11,15,17,15,17,9,14,97,10,17,20,16,13,20,12,14,13,15,14,12,20,13,11,17,12,16,10,10,16,12,12,10,16,17,17,17,345,19,16,14,13,16,11,8,16,19,21,15,13,12,18,16,16,12,22,18,18,18,17,19,17,21,16,14,18,13,21,13,17
SBV108_plate02,52,1027,1291,1146,1094,52,1078,10,1141,1176,84,114,1016,1010,1182,1160,155,1105,1274,91,1025,96,23,3,91,9,334,4,1013,91,7,1018,94,9,7,7,8,10,5,10,2,6,5,4,1,3,2,1,1,3,1,5,7,8,4,7,3,10,2,13,7,9,3,7,9,3,9,0,8,3,15,10,7,5,3,2,10,1,8,2,0,2,1,4,153,4,13,3,8,9,8,8,3,4,1,1,3,6,5,0,13,9,9,3,0,10,0,6,11,1,1,6,3,4,10,1,2,10,1026,1,4,2,1,1,3,8,1,3,3,4,6,4,5,2,3,3,5,1,3,3,1,8,4,4,10,1,10,3,8,6,4,11,7,8,5,4,7,4,12,4,3,4,13,1,2,2,4,15,1,5,1,4,1,15,5,13,3,3,7,9,5,4,7,3,6,2,5,9,5,2,4,2,16,5,1,2,11,4,0,3,7,7,5,2,10,4,9,6,13,1,3,1143,13,5,6,3,4,8,6,157,7,3,4,8,11,1,7,6,2,7,12,6,6,6,4,2,6,9,8,4,10,11,6,12,1095,10,1,14,2,102,3,10,4,6,6,6,1,10,14,6,4,4,7,13,13,10,5,10,13,15,13,14,3,3,6,5,7,8,11,4,10,5,7,13,9,5,10,6,5,13,5,1,7,7,7,12,7,341,15,11,13,5,13,13,10,93,6,9,16,8,9,16,8,4,5,7,4,8,10,9,7,7,8,12,2,6,12,8,8,2,12,13,13,13,341,15,6,4,5,6,7,12,12,15,11,11,3,4,8,8,8,2,12,14,14,8,9,11,13,11,12,10,8,9,17,3,13
SBV109_plate02,58,1033,1296,1152,1100,58,1084,16,1147,1182,90,120,1022,1016,1188,1166,161,1111,1279,97,1031,102,29,9,97,15,340,10,1019,97,13,1024,100,15,13,13,14,16,11,16,8,12,11,10,7,9,8,7,7,9,7,11,13,14,10,13,9,16,8,18,13,15,9,13,15,9,15,6,14,9,21,16,13,11,9,8,16,7,14,8,6,8,7,10,159,10,19,9,14,15,14,14,9,10,7,7,9,12,11,6,19,15,15,9,6,16,6,0,17,7,7,12,9,10,16,5,8,16,1032,5,8,8,5,7,9,14,7,9,9,10,10,10,11,8,9,9,11,7,9,9,7,14,10,10,16,5,16,9,14,12,10,17,13,14,11,10,13,10,18,10,9,10,19,7,6,6,10,21,7,11,7,10,7,21,11,19,7,9,13,15,11,10,13,9,12,8,11,15,11,6,10,8,22,9,7,6,17,10,6,9,13,13,9,8,16,10,15,12,19,7,9,1148,19,9,12,9,8,14,12,163,13,9,10,14,17,7,13,12,8,13,18,12,8,12,10,8,12,15,14,10,16,17,12,18,1101,16,5,20,6,108,9,16,8,12,12,12,5,16,20,2,10,8,9,19,19,16,11,16,19,21,19,20,9,9,8,11,13,14,17,8,16,9,13,19,15,11,16,8,9,19,7,7,13,11,3,18,13,347,21,17,19,9,19,19,16,99,12,15,22,14,15,22,14,10,11,13,10,14,16,15,13,13,14,18,8,12,18,14,14,8,18,19,19,19,347,21,10,10,11,12,13,18,18,21,13,17,9,10,14,14,14,8,14,20,20,14,15,17,19,13,18,16,12,15,23,7,19
SBV110_plate02,57,1032,1295,1151,1099,57,1083,9,1146,1181,89,119,1021,1015,1187,1165,160,1110,1278,96,1030,101,28,12,96,14,339,9,1018,96,12,1023,99,14,6,6,12,8,14,9,11,5,14,13,10,12,11,10,10,12,10,14,12,5,13,4,8,5,11,17,4,6,12,4,8,12,6,11,3,10,20,5,6,14,10,11,11,12,3,11,11,11,10,13,158,13,8,12,13,4,13,7,12,13,10,10,12,11,14,11,2,6,8,14,11,7,11,17,0,12,10,15,12,13,7,12,11,7,1031,12,15,13,12,12,12,5,12,14,12,13,17,13,10,13,14,14,14,10,12,12,10,17,13,15,7,12,7,12,5,15,15,6,12,17,14,13,16,15,5,13,14,13,8,12,13,13,13,14,10,14,10,13,10,14,14,8,14,12,16,14,16,15,16,12,15,11,14,18,10,13,13,13,11,16,11,13,8,15,11,14,18,12,16,11,15,13,14,15,18,12,14,1148,8,16,11,14,15,5,11,162,12,14,15,19,8,12,16,17,13,18,21,15,17,11,13,11,17,14,17,13,19,16,11,21,1100,15,11,19,12,107,14,19,15,15,15,15,11,15,19,17,15,15,18,8,18,15,14,15,18,20,18,9,14,14,17,14,16,17,16,15,15,16,16,18,14,14,15,17,16,18,16,10,16,18,18,17,16,346,10,16,18,16,18,8,15,98,11,18,21,17,14,21,13,15,14,16,15,13,21,14,12,18,13,17,11,11,17,13,13,11,17,18,18,18,346,20,17,15,14,17,12,7,17,20,22,16,14,13,19,17,17,13,23,19,19,19,18,20,18,22,17,15,19,14,22,14,18
SBV111_plate02,53,1028,1292,1147,1095,53,1079,11,1142,1177,85,115,1017,1011,1183,1161,156,1106,1275,92,1026,97,24,4,92,10,335,5,1014,92,8,1019,95,10,8,8,9,11,6,11,3,7,6,5,2,4,3,2,2,4,2,6,8,9,5,8,4,11,3,14,8,10,4,8,10,4,10,1,9,4,16,11,8,6,4,3,11,2,9,3,1,3,2,5,154,5,14,4,9,10,9,9,4,5,2,2,4,7,6,1,14,10,10,4,1,11,1,7,12,0,2,7,4,5,11,2,3,11,1027,2,5,1,2,2,4,9,2,4,4,5,7,5,6,1,4,4,6,2,4,4,2,9,5,5,11,2,11,4,9,7,5,12,8,9,6,5,8,5,13,5,4,5,14,2,3,3,5,16,2,6,2,5,2,16,6,14,4,4,8,10,6,5,8,4,7,3,6,10,6,3,5,3,17,6,2,3,12,5,1,4,8,8,6,3,11,5,10,7,14,2,4,1144,14,6,7,4,5,9,7,158,8,4,5,9,12,2,8,7,3,8,13,7,7,7,5,3,7,10,9,5,11,12,7,13,1096,11,2,15,3,103,4,11,5,7,7,7,2,11,15,7,5,5,8,14,14,11,6,11,14,16,14,15,4,4,7,6,8,9,12,5,11,6,8,14,10,6,11,7,6,14,6,2,8,8,8,13,8,342,16,12,14,6,14,14,11,94,7,10,17,9,10,17,9,5,6,8,5,9,11,10,8,8,9,13,3,7,13,9,9,3,13,14,14,14,342,16,7,5,6,7,8,13,13,16,12,12,4,5,9,9,9,3,13,15,15,9,10,12,14,12,13,11,9,10,18,4,14
SBV112_plate02,51,1026,1290,1145,1093,51,1077,9,1140,1175,83,113,1015,1009,1181,1159,154,1104,1273,90,1024,95,22,2,90,8,333,3,1012,90,6,1017,93,8,6,6,7,9,4,9,1,5,4,3,0,2,1,0,0,2,0,4,6,7,3,6,2,9,1,12,6,8,2,6,8,2,8,1,7,2,14,9,6,4,2,1,9,2,7,1,1,1,0,3,152,3,12,2,7,8,7,7,2,3,0,0,2,5,4,1,12,8,8,4,1,9,1,7,10,2,0,5,2,3,9,2,1,9,1025,2,5,3,2,2,2,7,2,4,2,3,7,3,4,3,4,4,4,0,2,2,0,7,3,5,9,2,9,2,7,5,5,10,6,7,4,3,6,5,11,3,4,3,12,2,3,3,3,14,0,4,0,3,0,14,4,12,4,2,6,8,6,5,6,2,5,1,4,8,4,3,3,3,15,6,2,3,10,5,1,4,8,6,6,1,9,3,8,5,12,2,4,1142,12,6,5,4,5,7,5,156,6,4,5,9,10,2,6,7,3,8,11,5,7,5,3,1,7,8,7,3,9,10,5,11,1094,9,1,13,2,101,4,9,5,5,5,5,1,9,13,7,5,5,8,12,12,9,4,9,12,14,12,13,4,4,7,4,6,7,10,5,9,6,6,12,8,4,9,7,6,12,6,0,6,8,8,11,6,340,14,10,12,6,12,12,9,92,5,8,15,7,8,15,7,5,4,6,5,7,11,8,6,8,7,11,1,5,11,7,7,1,11,12,12,12,340,14,7,5,4,7,6,11,11,14,12,10,4,3,9,7,7,3,13,13,13,9,8,10,12,12,11,9,9,8,16,4,12
SBV113_plate02,56,1031,1295,1150,1098,56,1082,14,1145,1180,88,118,1020,1014,1186,1164,159,1109,1278,95,1029,100,27,7,95,13,338,8,1017,95,11,1022,98,13,11,11,12,14,9,14,6,10,9,8,5,7,6,5,5,7,5,9,11,12,8,11,7,14,6,17,11,13,7,11,13,7,13,6,12,7,19,14,11,9,7,6,14,7,12,6,6,6,5,8,157,8,17,7,12,13,12,12,7,8,5,5,7,10,9,6,17,13,13,9,6,14,6,12,15,7,5,0,7,8,14,7,6,14,1030,7,10,8,7,7,7,12,7,9,7,8,12,8,9,8,9,9,9,5,7,7,5,12,8,10,14,7,14,7,12,10,10,15,11,12,9,8,11,10,16,8,9,8,17,7,8,8,8,19,5,9,5,8,5,19,9,17,9,7,11,13,11,10,11,7,10,6,9,13,9,8,8,8,20,11,7,8,15,10,6,9,13,11,11,6,14,8,13,10,17,7,9,1147,17,11,10,9,10,12,10,161,11,9,10,14,15,7,11,12,8,13,16,10,12,10,8,6,12,13,12,8,14,15,10,16,1099,14,6,18,7,106,9,14,10,10,10,10,6,14,18,12,10,10,13,17,17,14,9,14,17,19,17,18,9,8,12,9,11,12,15,10,14,11,11,17,13,9,14,12,11,17,11,5,11,13,13,16,11,345,19,15,17,11,17,17,14,97,10,13,20,12,13,20,12,10,9,11,10,12,16,13,11,13,12,16,6,10,16,12,12,6,16,17,17,17,345,19,12,10,9,12,11,16,16,19,17,15,9,8,14,12,12,8,18,18,18,14,13,15,17,17,16,14,14,13,21,9,17
SBV114_plate02,53,1028,1292,1147,1095,53,1079,11,1142,1177,85,115,1017,1011,1183,1161,156,1106,1275,92,1026,97,24,4,92,10,335,5,1014,92,8,1019,95,10,8,8,9,11,6,11,3,7,6,5,2,4,3,2,2,4,2,6,8,9,5,8,4,11,3,14,8,10,4,8,10,4,10,3,9,2,16,11,8,6,2,3,11,4,9,3,3,3,2,5,154,5,14,4,9,10,9,9,4,5,2,2,4,7,6,3,14,10,10,6,3,11,3,9,12,4,2,7,0,5,11,4,3,11,1027,4,7,5,4,4,4,9,4,6,4,5,9,5,6,5,6,6,6,2,4,4,2,9,5,7,11,4,11,4,9,5,7,12,8,9,6,3,8,7,13,5,6,5,14,4,5,5,5,16,2,6,2,5,2,16,6,14,6,4,8,10,8,7,8,4,7,3,6,10,6,5,5,5,17,8,4,5,12,7,3,6,10,8,8,3,11,5,10,7,14,4,6,1144,14,8,7,6,7,9,7,158,8,6,7,11,12,4,8,9,5,10,13,5,9,7,5,3,9,10,9,3,11,12,7,13,1096,11,3,15,4,103,6,11,7,7,7,7,3,11,15,9,7,7,10,14,14,11,4,11,14,16,14,15,6,6,9,6,8,7,12,7,11,8,8,14,10,6,11,9,8,14,8,2,6,10,10,13,8,342,16,12,14,8,14,14,11,94,7,10,17,9,10,17,9,7,6,8,7,9,13,10,8,10,9,13,1,7,13,9,9,3,13,14,14,14,342,16,9,7,6,9,8,13,13,16,14,12,6,5,11,9,9,5,15,15,15,11,10,12,14,14,13,11,11,10,18,6,14
SBV115_plate02,52,1028,1292,1146,1093,52,1080,12,1142,1176,86,114,1016,1010,1182,1162,155,1105,1275,93,1025,98,25,5,93,11,336,6,1013,93,9,1020,96,11,9,9,10,11,7,12,4,8,7,6,3,5,4,3,3,5,3,7,9,10,6,9,5,12,4,14,9,11,5,9,11,5,11,4,10,5,17,12,9,7,5,4,10,5,10,4,4,4,3,6,155,6,13,5,10,11,10,10,5,6,3,3,5,6,7,4,15,11,11,5,4,12,4,10,13,5,3,8,5,0,12,5,4,12,1026,5,8,6,5,5,5,10,5,7,5,6,10,4,7,6,7,7,7,3,5,5,3,10,6,8,12,5,12,5,10,8,8,13,9,10,7,6,9,8,14,6,7,6,15,5,6,6,6,17,3,7,3,6,3,17,7,15,7,5,9,11,9,8,9,5,8,4,7,11,7,6,6,6,18,9,5,6,13,8,4,7,11,9,9,4,12,6,9,8,15,5,7,1143,15,9,8,7,8,10,8,157,9,7,8,10,11,5,9,10,6,11,14,8,10,8,6,4,10,11,10,6,12,13,8,14,1095,12,4,16,3,102,7,12,8,8,8,8,4,12,14,8,6,6,11,15,15,12,7,12,15,17,15,16,7,7,10,7,9,10,13,8,12,9,9,15,11,7,12,10,9,13,9,3,9,11,11,14,9,343,17,13,15,9,15,15,12,95,8,11,18,10,11,18,10,8,7,9,8,10,14,11,9,11,10,14,4,8,14,10,10,2,14,15,15,15,343,17,10,8,7,10,9,14,14,17,15,13,7,6,12,10,10,6,16,16,16,12,9,13,15,15,14,12,12,11,19,7,15
SBV116_plate02,56,1031,1294,1150,1098,56,1082,8,1145,1180,88,118,1020,1014,1184,1164,159,1109,1277,95,1029,100,27,11,95,13,338,8,1017,95,11,1022,98,13,5,5,11,8,13,8,10,4,13,12,9,11,10,9,9,11,9,13,11,4,12,3,7,6,10,17,3,5,11,3,7,11,5,10,4,9,19,6,5,13,9,10,10,11,4,10,10,10,9,12,157,12,9,11,12,5,12,6,11,12,9,9,11,10,13,10,9,3,7,13,10,2,10,16,7,11,9,14,11,12,0,11,10,4,1030,11,14,12,11,11,11,2,11,13,11,12,16,12,9,12,13,13,13,9,11,11,9,16,12,14,4,11,4,11,2,14,14,7,11,16,13,12,15,14,8,12,13,12,9,11,12,12,12,13,9,13,9,12,9,13,13,9,13,11,15,13,15,14,15,11,14,10,13,17,9,12,12,12,12,15,11,12,5,14,10,13,17,11,15,10,14,12,13,14,17,11,13,1147,9,15,10,13,14,4,10,161,11,13,14,18,7,11,15,16,12,17,20,14,16,10,12,10,16,13,16,12,18,15,10,20,1099,14,10,18,11,106,13,18,14,14,14,14,10,14,18,16,14,14,17,9,17,14,13,14,17,19,17,10,13,13,16,13,15,16,15,14,14,15,15,17,13,13,14,16,15,17,15,9,15,17,17,16,15,345,11,15,17,15,17,9,14,97,10,17,20,16,13,20,12,14,13,15,14,12,20,13,11,17,12,16,10,10,16,12,12,10,16,17,17,17,345,19,16,14,13,16,11,8,16,19,21,15,13,12,18,16,16,12,22,18,18,18,17,19,17,21,16,14,18,13,21,13,17
SBV117_plate02,53,1028,1292,1147,1095,53,1079,11,1142,1177,85,115,1017,1011,1183,1161,156,1106,1275,92,1026,97,24,4,92,10,335,5,1014,92,8,1019,95,10,8,8,9,11,6,11,3,7,6,5,2,4,3,2,2,4,2,6,8,9,5,8,4,11,3,14,8,10,4,8,10,4,10,1,9,4,16,11,8,6,4,3,11,2,9,3,1,3,2,5,154,5,14,4,9,10,9,9,4,5,2,2,4,7,6,1,14,10,10,4,1,11,1,5,12,2,2,7,4,5,11,0,3,11,1027,0,3,3,0,2,4,9,2,4,4,5,5,5,6,3,4,4,6,2,4,4,2,9,5,5,11,0,11,4,9,7,5,12,8,9,6,5,8,5,13,5,4,5,14,2,1,1,5,16,2,6,2,5,2,16,6,14,2,4,8,10,6,5,8,4,7,3,6,10,6,1,5,3,17,4,2,1,12,5,1,4,8,8,4,3,11,5,10,7,14,2,4,1144,14,4,7,4,3,9,7,158,8,4,5,9,12,2,8,7,3,8,13,7,5,7,5,3,7,10,9,5,11,12,7,13,1096,11,0,15,1,103,4,11,3,7,7,7,0,11,15,5,5,3,6,14,14,11,6,11,14,16,14,15,4,4,5,6,8,9,12,3,11,4,8,14,10,6,11,5,4,14,4,2,8,6,6,13,8,342,16,12,14,4,14,14,11,94,7,10,17,9,10,17,9,5,6,8,5,9,11,10,8,8,9,13,3,7,13,9,9,3,13,14,14,14,342,16,5,5,6,7,8,13,13,16,10,12,4,5,9,9,9,3,11,15,15,9,10,12,14,10,13,11,7,10,18,2,14
SBV118_plate02,52,1027,1291,1146,1094,52,1078,10,1141,1176,84,114,1016,1010,1182,1160,155,1105,1274,91,1025,96,23,3,91,9,334,4,1013,91,7,1018,94,9,7,7,8,10,5,10,2,6,5,4,1,3,2,1,1,3,1,5,7,8,4,7,3,10,2,13,7,9,3,7,9,3,9,2,8,3,15,10,7,5,3,2,10,3,8,2,2,2,1,4,153,4,13,3,8,9,8,8,3,4,1,1,3,6,5,2,13,9,9,5,2,10,2,8,11,3,1,6,3,4,10,3,0,10,1026,3,6,4,3,3,3,8,3,5,3,4,8,4,5,4,5,5,5,1,3,3,1,8,4,6,10,3,10,3,8,6,6,11,7,8,5,4,7,6,12,4,5,4,13,3,4,4,4,15,1,5,1,4,1,15,5,13,5,3,7,9,7,6,7,3,6,2,5,9,5,4,4,4,16,7,3,4,11,6,2,5,9,7,7,2,10,4,9,6,13,3,5,1143,13,7,6,5,6,8,6,157,7,5,6,10,11,3,7,8,4,9,12,6,8,6,4,2,8,9,8,4,10,11,6,12,1095,10,2,14,3,102,5,10,6,6,6,6,2,10,14,8,6,6,9,13,13,10,5,10,13,15,13,14,5,5,8,5,7,8,11,6,10,7,7,13,9,5,10,8,7,13,7,1,7,9,9,12,7,341,15,11,13,7,13,13,10,93,6,9,16,8,9,16,8,6,5,7,6,8,12,9,7,9,8,12,2,6,12,8,8,2,12,13,13,13,341,15,8,6,5,8,7,12,12,15,13,11,5,4,10,8,8,4,14,14,14,10,9,11,13,13,12,10,10,9,17,5,13
SBV119_plate02,56,1031,1294,1148,1096,56,1082,6,1145,1180,88,118,1020,1014,1186,1164,159,1109,1277,95,1029,100,27,9,95,9,338,8,1017,95,11,1022,98,9,5,5,11,6,13,4,10,4,9,12,9,9,8,9,9,11,9,13,11,4,12,3,7,2,10,15,3,5,11,3,7,11,5,10,4,9,19,6,5,9,9,10,10,11,4,10,10,10,9,8,157,8,5,11,8,5,8,6,11,12,9,9,7,10,9,10,9,3,3,13,10,4,10,16,7,11,9,14,11,12,4,11,10,0,1030,11,10,12,11,11,11,2,11,9,11,12,12,12,9,12,13,13,13,9,11,11,9,16,12,14,4,11,4,7,2,14,10,3,7,16,13,12,11,14,8,12,13,12,5,11,10,12,12,13,9,9,9,8,9,9,13,9,13,11,11,13,15,14,15,7,10,10,13,17,9,12,12,12,12,11,11,12,5,10,10,13,17,11,15,10,10,12,13,10,17,11,9,1147,9,15,10,13,14,4,10,161,11,13,14,18,5,11,15,16,12,17,16,14,16,10,12,10,16,13,16,12,18,15,10,20,1099,14,10,18,11,102,13,18,14,14,14,14,10,14,18,16,14,14,13,9,17,14,13,14,17,19,17,10,13,13,12,13,15,16,15,14,14,15,15,13,13,13,14,16,15,17,15,9,15,13,17,12,15,345,11,15,17,15,17,9,14,97,10,13,16,16,13,20,12,14,13,15,14,12,16,13,11,17,12,16,10,10,16,12,12,10,16,13,13,17,345,19,16,14,13,16,11,8,12,15,21,15,13,12,18,16,16,12,22,18,18,18,17,15,17,21,16,14,18,13,19,13,17
SBV120_plate02,1002,50,1129,953,930,1002,486,1030,976,981,989,1007,43,19,976,1001,1055,918,1132,1002,11,1010,1019,1027,1002,1023,962,1022,17,1000,1025,11,998,1027,1025,1027,1015,1021,1029,1030,1026,1026,1029,1028,1025,1027,1026,1025,1025,1027,1025,1029,1025,1028,1028,1027,1023,1030,1026,1008,1027,1029,1024,1027,1029,1027,1029,1026,1028,1025,1033,1030,1027,1029,1023,1026,1028,1027,1028,1026,1026,1026,1025,1028,1055,1028,1031,1027,1026,1029,1026,1028,1027,1028,1023,1025,1027,1022,1029,1026,1033,1029,1029,1027,1026,1030,1026,1032,1031,1027,1025,1030,1027,1026,1030,1027,1026,1030,0,1027,1030,1028,1027,1027,1027,1028,1027,1029,1027,1028,1032,1026,1022,1028,1029,1029,1029,1025,1027,1027,1025,1032,1028,1030,1028,1027,1030,1027,1028,1030,1021,1031,1025,1032,1029,1028,1031,1030,1032,1028,1029,1028,1033,1027,1028,1028,1028,1035,1025,1029,1025,1028,1025,1035,1029,1033,1029,1027,1031,1027,1031,1030,1031,1027,1030,1026,1028,1033,1023,1028,1028,1027,1036,1031,1025,1028,1031,1030,1026,1029,1033,1027,1031,1026,1028,1028,1025,1030,1033,1027,1029,1008,1033,1031,1024,1029,1030,1028,1024,1057,1025,1029,1030,1032,1029,1027,1031,1032,1028,1033,1036,1030,1032,1024,1028,1026,1032,1027,1032,1028,1034,1029,1024,1036,907,1028,1026,1032,1025,1008,1029,1034,1030,1030,1030,1030,1026,1028,1030,1030,1028,1028,1033,1033,1031,1028,1029,1028,1031,1033,1031,1034,1029,1025,1032,1029,1031,1032,1029,1030,1028,1031,1031,1031,1027,1029,1028,1032,1030,1029,1031,1025,1029,1032,1033,1030,1031,967,1035,1029,1031,1030,1030,1033,1027,1002,1024,1033,1034,1032,1027,1033,1026,1030,1029,1031,1030,1026,1036,1027,1025,1033,1026,1030,1026,1024,1030,1026,1026,1024,1030,1031,1031,1031,967,1033,1031,1030,1029,1027,1025,1032,1030,1033,1035,1029,1029,1027,1031,1032,1032,1028,1036,1032,1032,1031,1030,1035,1031,1035,1030,1027,1034,1023,1035,1029,1031
SBV121_plate02,53,1028,1292,1147,1095,53,1079,11,1142,1177,85,115,1017,1011,1183,1161,156,1106,1275,92,1026,97,24,4,92,10,335,5,1014,92,8,1019,95,10,8,8,9,11,6,11,3,7,6,5,2,4,3,2,2,4,2,6,8,9,5,8,4,11,3,14,8,10,4,8,10,4,10,1,9,4,16,11,8,6,4,3,11,2,9,3,1,3,2,5,154,5,14,4,9,10,9,9,4,5,2,2,4,7,6,1,14,10,10,4,1,11,1,5,12,2,2,7,4,5,11,0,3,11,1027,0,3,3,0,2,4,9,2,4,4,5,5,5,6,3,4,4,6,2,4,4,2,9,5,5,11,0,11,4,9,7,5,12,8,9,6,5,8,5,13,5,4,5,14,2,1,1,5,16,2,6,2,5,2,16,6,14,2,4,8,10,6,5,8,4,7,3,6,10,6,1,5,3,17,4,2,1,12,5,1,4,8,8,4,3,11,5,10,7,14,2,4,1144,14,4,7,4,3,9,7,158,8,4,5,9,12,2,8,7,3,8,13,7,5,7,5,3,7,10,9,5,11,12,7,13,1096,11,0,15,1,103,4,11,3,7,7,7,0,11,15,5,5,3,6,14,14,11,6,11,14,16,14,15,4,4,5,6,8,9,12,3,11,4,8,14,10,6,11,5,4,14,4,2,8,6,6,13,8,342,16,12,14,4,14,14,11,94,7,10,17,9,10,17,9,5,6,8,5,9,11,10,8,8,9,13,3,7,13,9,9,3,13,14,14,14,342,16,5,5,6,7,8,13,13,16,10,12,4,5,9,9,9,3,11,15,15,9,10,12,14,10,13,11,7,10,18,2,14
SBV122_plate02,56,1031,1295,1148,1096,56,1082,12,1145,1180,88,118,1020,1014,1186,1164,159,1109,1278,95,1029,100,27,5,95,9,338,8,1017,95,11,1022,98,9,11,11,12,12,9,10,6,10,5,8,5,5,4,5,5,7,5,9,11,12,8,11,7,10,6,15,11,13,7,11,13,7,13,4,12,7,19,14,11,5,7,6,14,5,12,6,4,6,5,4,157,4,13,7,8,13,8,12,7,8,5,5,3,10,5,4,17,13,9,7,4,14,4,8,15,5,5,10,7,8,14,3,6,10,1030,3,0,6,3,5,7,12,5,3,7,8,4,8,9,6,7,7,9,5,7,7,5,12,8,8,14,3,14,3,12,10,4,11,7,12,9,8,7,8,16,8,7,8,13,5,2,4,8,19,5,5,5,4,5,15,9,17,5,7,7,13,9,8,11,3,6,6,9,13,9,4,8,6,20,3,5,4,15,4,4,7,11,11,7,6,10,8,13,6,17,5,3,1147,17,7,10,7,6,12,10,161,11,7,8,12,13,5,11,10,6,11,12,10,8,10,8,6,10,13,12,8,14,15,10,16,1099,14,3,18,4,102,7,14,6,10,10,10,3,14,18,8,8,6,5,17,17,14,9,14,17,19,17,18,7,7,4,9,11,12,15,6,14,7,11,13,13,9,14,8,7,17,7,5,11,5,9,12,11,345,19,15,17,7,17,17,14,97,10,9,16,12,13,20,12,8,9,11,8,12,10,13,11,11,12,16,6,10,16,12,12,6,16,13,13,17,345,19,8,8,9,10,11,16,12,15,13,15,7,8,12,12,12,6,14,18,18,12,13,11,17,13,16,14,10,13,19,5,17
SBV123_plate02,54,1029,1292,1148,1095,54,1080,12,1143,1178,85,115,1018,1012,1184,1162,157,1107,1275,93,1027,98,25,5,93,11,336,6,1015,93,9,1020,96,11,9,9,9,11,7,12,4,8,7,6,3,5,4,3,3,5,3,7,9,10,6,9,5,12,4,14,9,11,5,9,11,5,11,2,10,5,17,12,9,7,4,4,12,3,10,4,2,4,3,6,155,6,15,5,10,11,10,10,5,6,3,3,5,8,7,2,15,11,11,5,2,12,2,8,13,1,3,8,5,6,12,3,4,12,1028,3,6,0,3,3,5,10,3,5,5,6,8,6,7,2,5,5,7,3,5,5,3,10,6,6,11,3,12,5,10,8,6,13,9,10,7,6,9,6,14,6,5,6,15,3,4,4,6,17,3,7,3,6,3,17,7,15,5,5,9,11,7,6,9,5,8,4,7,11,7,4,6,4,18,7,3,4,13,6,2,5,9,9,7,4,12,6,11,8,15,3,5,1145,15,7,8,5,6,10,8,159,9,5,6,10,13,3,9,8,4,9,14,8,8,8,6,4,8,11,10,6,12,13,8,14,1097,12,3,16,4,104,5,12,6,8,8,8,3,12,16,8,6,6,9,15,15,12,7,12,15,17,15,16,5,5,8,7,9,10,13,6,12,7,9,15,11,7,12,8,7,15,7,3,9,9,9,14,9,343,17,13,15,7,15,15,12,95,8,11,18,10,11,18,10,6,7,9,6,10,12,11,9,9,10,14,4,8,14,10,10,4,14,15,15,15,343,17,8,6,7,8,9,14,14,17,13,13,5,5,10,10,10,4,14,16,16,10,11,13,15,13,14,12,10,10,19,5,15
SBV124_plate02,53,1028,1292,1147,1095,53,1079,11,1142,1177,85,115,1017,1011,1183,1161,156,1106,1275,92,1026,97,24,4,92,10,335,5,1014,92,8,1019,95,10,8,8,9,11,6,11,3,7,6,5,2,4,3,2,2,4,2,6,8,9,5,8,4,11,3,14,8,10,4,8,10,4,10,1,9,4,16,11,8,6,4,3,11,2,9,3,1,3,2,5,154,5,14,4,9,10,9,9,4,5,2,2,4,7,6,1,14,10,10,4,1,11,1,5,12,2,2,7,4,5,11,0,3,11,1027,0,3,3,0,2,4,9,2,4,4,5,5,5,6,3,4,4,6,2,4,4,2,9,5,5,11,0,11,4,9,7,5,12,8,9,6,5,8,5,13,5,4,5,14,2,1,1,5,16,2,6,2,5,2,16,6,14,2,4,8,10,6,5,8,4,7,3,6,10,6,1,5,3,17,4,2,1,12,5,1,4,8,8,4,3,11,5,10,7,14,2,4,1144,14,4,7,4,3,9,7,158,8,4,5,9,12,2,8,7,3,8,13,7,5,7,5,3,7,10,9,5,11,12,7,13,1096,11,0,15,1,103,4,11,3,7,7,7,0,11,15,5,5,3,6,14,14,11,6,11,14,16,14,15,4,4,5,6,8,9,12,3,11,4,8,14,10,6,11,5,4,14,4,2,8,6,6,13,8,342,16,12,14,4,14,14,11,94,7,10,17,9,10,17,9,5,6,8,5,9,11,10,8,8,9,13,3,7,13,9,9,3,13,14,14,14,342,16,5,5,6,7,8,13,13,16,10,12,4,5,9,9,9,3,11,15,15,9,10,12,14,10,13,11,7,10,18,2,14
SBV125_plate02,53,1028,1292,1147,1095,53,1079,11,1142,1177,85,115,1017,1011,1183,1161,156,1106,1275,92,1026,97,24,4,92,10,335,5,1014,92,8,1019,95,10,8,8,9,11,6,11,3,7,6,5,2,4,3,2,2,4,2,6,8,9,5,8,4,11,3,14,8,10,4,8,10,4,10,1,9,4,16,11,8,6,4,3,11,2,9,3,1,3,2,5,154,5,14,4,9,10,9,9,4,5,2,2,4,7,6,1,14,10,10,4,1,11,1,7,12,2,2,7,4,5,11,2,3,11,1027,2,5,3,2,0,4,9,2,4,4,5,7,5,6,3,4,2,6,2,4,4,2,9,5,5,11,2,11,4,9,7,3,12,8,9,6,5,8,5,13,5,4,5,14,2,3,3,5,16,2,6,2,5,2,16,6,14,4,4,8,10,6,5,8,4,7,3,6,10,6,3,5,3,17,6,2,3,12,5,1,4,8,8,6,3,11,5,10,7,14,2,4,1144,14,6,7,4,5,9,7,158,8,4,5,9,12,2,8,7,3,8,13,7,7,7,5,3,7,10,9,5,11,12,7,13,1096,11,2,15,3,103,4,11,5,7,7,7,2,11,15,7,5,5,8,14,14,11,6,11,14,16,14,15,4,4,7,6,8,9,12,5,11,6,8,14,10,6,11,7,6,14,6,2,8,8,8,13,8,342,16,12,14,6,14,14,11,94,7,10,17,9,10,17,9,5,6,8,5,9,11,10,8,8,9,13,3,7,13,9,9,3,13,14,14,14,342,16,7,5,6,7,8,13,13,16,12,12,4,5,9,9,9,3,13,15,15,9,10,12,14,12,13,11,9,10,18,4,14
SBV126_plate03,53,1027,1291,1147,1095,53,1079,9,1142,1177,85,115,1017,1011,1183,1161,156,1106,1274,92,1026,97,24,4,92,10,335,5,1014,92,8,1019,95,10,8,8,9,11,4,11,3,7,6,5,2,4,3,2,2,4,2,4,8,9,5,8,4,11,3,12,8,8,4,8,8,4,10,3,9,4,16,9,8,6,4,3,11,4,9,1,3,3,2,3,154,5,14,4,9,10,9,9,4,5,2,2,4,7,6,3,14,10,10,6,3,11,3,9,12,4,2,7,4,5,11,4,3,11,1027,4,7,5,4,4,0,9,4,6,4,5,9,5,6,5,6,6,6,2,4,4,2,9,5,7,11,4,11,4,9,7,7,12,8,9,6,5,8,7,13,5,6,5,14,4,5,5,5,16,2,6,2,5,2,16,6,14,6,4,8,10,8,5,8,4,7,3,6,10,4,5,5,5,17,8,4,5,12,7,3,6,10,8,8,3,11,3,10,7,14,4,6,1144,14,8,7,4,7,9,7,158,8,6,7,11,12,4,8,9,5,8,13,7,9,7,5,3,9,10,9,5,11,12,7,13,1096,11,3,15,4,103,6,11,7,7,7,7,3,11,15,9,7,7,8,14,14,11,6,11,14,16,14,15,6,6,9,6,8,9,12,7,11,8,8,14,10,6,11,9,8,14,8,2,8,10,10,13,8,342,16,12,14,8,14,14,11,94,7,10,17,9,10,17,9,7,6,8,7,9,13,8,8,10,9,13,3,7,13,9,9,3,13,14,12,14,342,16,9,7,6,9,8,13,13,16,14,12,6,5,11,9,9,5,15,15,15,11,10,12,14,14,13,11,11,10,16,6,14
SBV127_plate02,54,1029,1292,1148,1096,54,1080,6,1143,1178,86,116,1018,1012,1184,1162,157,1107,1275,93,1027,98,25,9,93,11,336,6,1015,93,9,1020,96,11,3,3,9,6,11,6,8,2,11,10,7,9,8,7,7,9,7,11,9,2,10,1,5,4,8,15,1,3,9,1,5,9,3,8,2,7,17,4,3,11,7,8,8,9,2,8,8,8,7,10,155,10,7,9,10,3,10,4,9,10,7,7,9,8,11,8,7,1,5,11,8,2,8,14,5,9,7,12,9,10,2,9,8,2,1028,9,12,10,9,9,9,0,9,11,9,10,14,10,7,10,11,11,11,7,9,9,7,14,10,12,2,9,2,9,0,12,12,5,9,14,11,10,13,12,6,10,11,10,7,9,10,10,10,11,7,11,7,10,7,11,11,7,11,9,13,11,13,12,13,9,12,8,11,15,7,10,10,10,10,13,9,10,3,12,8,11,15,9,13,8,12,10,11,12,15,9,11,1145,7,13,8,11,12,2,8,159,9,11,12,16,5,9,13,14,10,15,18,12,14,8,10,8,14,11,14,10,16,13,8,18,1097,12,8,16,9,104,11,16,12,12,12,12,8,12,16,14,12,12,15,7,15,12,11,12,15,17,15,8,11,11,14,11,13,14,13,12,12,13,13,15,11,11,12,14,13,15,13,7,13,15,15,14,13,343,9,13,15,13,15,7,12,95,8,15,18,14,11,18,10,12,11,13,12,10,18,11,9,15,10,14,8,8,14,10,10,8,14,15,15,15,343,17,14,12,11,14,9,6,14,17,19,13,11,10,16,14,14,10,20,16,16,16,15,17,15,19,14,12,16,11,19,11,15
SBV128_plate02,53,1028,1292,1147,1095,53,1079,11,1142,1177,85,115,1017,1011,1182,1161,156,1106,1275,92,1026,97,24,4,92,10,335,5,1014,92,8,1019,95,10,8,8,9,11,6,11,3,7,6,5,2,4,3,2,2,4,2,6,8,9,5,8,4,11,3,14,8,10,4,8,10,4,10,1,9,4,16,11,8,6,4,3,11,2,9,3,1,3,2,5,154,5,14,4,9,10,9,9,4,5,2,2,4,7,6,1,14,10,10,4,1,11,1,7,12,2,2,7,4,5,11,2,3,11,1027,2,5,3,2,2,4,9,0,4,4,5,7,5,6,3,4,4,6,2,4,4,2,9,5,5,11,2,11,4,9,7,5,12,8,9,6,5,8,5,13,5,4,5,14,2,3,3,5,16,2,6,2,5,2,16,6,14,4,4,8,10,6,5,8,4,7,3,6,10,6,3,5,3,17,6,2,3,12,5,1,4,8,8,6,3,11,5,10,7,14,2,4,1144,14,6,7,4,5,9,7,158,8,4,5,9,12,2,8,7,3,8,13,7,7,7,5,3,7,10,9,5,11,12,7,13,1096,11,2,15,3,103,4,11,5,7,7,7,2,11,15,7,5,5,8,14,14,11,6,11,14,16,14,15,4,4,7,6,8,9,12,5,11,6,8,14,10,6,11,7,6,14,6,2,8,8,8,13,8,342,16,12,14,6,14,14,11,94,7,10,17,9,10,17,9,5,6,8,5,9,11,10,8,8,9,13,3,7,13,9,9,3,13,14,14,14,342,16,7,5,6,7,8,13,13,16,12,12,4,5,9,9,9,3,13,15,15,9,10,12,14,12,13,11,9,10,18,4,14
SBV130_plate02,55,1030,1294,1147,1095,55,1081,11,1144,1179,87,117,1019,1013,1185,1163,158,1108,1277,94,1028,99,26,4,94,8,337,7,1016,94,10,1021,97,8,10,10,11,11,8,9,5,9,4,7,4,4,3,4,4,6,4,8,10,11,7,10,6,9,5,14,10,12,6,10,12,6,12,3,11,6,18,13,10,4,6,5,13,4,11,5,3,5,4,3,156,3,12,6,7,12,7,11,6,7,4,4,2,9,4,3,16,12,8,6,3,13,3,9,14,4,4,9,6,7,13,4,5,9,1029,4,3,5,4,4,6,11,4,0,6,7,5,7,8,5,6,6,8,4,6,6,4,11,7,7,13,4,13,2,11,9,3,10,6,11,8,7,6,7,15,7,6,7,12,4,3,5,7,18,4,4,4,3,4,14,8,16,6,6,6,12,8,7,10,2,5,5,8,12,8,5,7,5,19,4,4,5,14,3,3,6,10,10,8,5,9,7,12,5,16,4,2,1146,16,8,9,6,7,11,9,160,10,6,7,11,12,4,10,9,5,10,11,9,9,9,7,5,9,12,11,7,13,14,9,15,1098,13,4,17,5,101,6,13,7,9,9,9,4,13,17,9,7,7,6,16,16,13,8,13,16,18,16,17,6,6,5,8,10,11,14,7,13,8,10,12,12,8,13,9,8,16,8,4,10,6,10,11,10,344,18,14,16,8,16,16,13,96,9,8,15,11,12,19,11,7,8,10,7,11,9,12,10,10,11,15,5,9,15,11,11,5,15,12,12,16,344,18,9,7,8,9,10,15,11,14,14,14,6,7,11,11,11,5,15,17,17,11,12,10,16,14,15,13,11,12,18,6,16
SBV131_plate03,53,1027,1291,1147,1095,53,1079,11,1142,1177,85,115,1017,1011,1183,1161,156,1106,1274,92,1026,97,24,4,92,10,335,5,1014,92,8,1019,95,10,8,6,9,11,6,11,3,7,6,5,2,4,3,2,2,4,2,6,8,9,5,8,4,11,3,12,8,10,4,8,10,4,10,3,9,4,16,11,8,6,4,3,11,2,9,3,3,3,2,5,154,5,14,4,9,10,9,9,4,5,2,2,4,7,6,3,14,10,10,6,3,11,3,9,12,4,2,7,4,5,11,4,3,11,1027,4,7,5,4,4,4,9,4,6,0,5,9,5,6,5,6,6,6,2,4,4,2,9,5,5,11,4,11,4,9,7,7,12,8,9,6,5,8,7,13,5,6,5,14,4,5,5,5,16,2,6,2,5,2,16,6,14,6,4,8,10,8,7,8,4,7,3,6,10,6,5,5,5,17,8,4,5,12,7,3,6,10,8,8,3,11,3,10,7,14,4,6,1144,14,8,7,4,7,9,7,158,8,6,7,11,12,4,8,9,5,10,13,7,9,7,5,3,9,10,7,5,11,12,7,13,1096,11,3,15,4,103,6,11,7,7,7,7,3,11,15,9,7,7,10,14,14,11,6,11,14,16,14,15,6,6,9,6,6,9,12,7,11,8,8,14,10,6,11,9,8,14,8,2,8,10,10,13,8,342,16,12,14,8,14,14,11,94,7,10,17,9,10,17,9,7,6,8,7,9,13,10,8,10,9,13,3,7,13,9,9,3,13,14,14,14,342,16,9,7,6,9,8,13,13,16,14,10,6,5,11,7,9,5,15,13,13,11,10,12,14,14,13,11,11,10,18,6,14
SBV132_plate02,54,1029,1293,1148,1096,54,1080,12,1143,1178,86,116,1018,1012,1184,1162,157,1107,1276,93,1027,98,25,5,93,11,336,6,1015,93,9,1020,96,11,9,9,10,12,7,12,4,8,7,6,3,5,4,3,3,5,3,7,9,10,6,9,5,12,4,15,9,11,5,9,11,5,11,4,10,5,17,12,9,7,5,4,12,5,10,4,4,4,3,6,155,6,15,5,10,11,10,10,5,6,3,3,5,8,7,4,15,11,11,7,4,12,4,10,13,5,3,8,5,6,12,5,4,12,1028,5,8,6,5,5,5,10,5,7,5,0,10,6,7,6,7,7,7,3,5,5,3,10,6,8,12,5,12,5,10,8,8,13,9,10,7,6,9,8,14,6,7,6,15,5,6,6,6,17,3,7,3,6,3,17,7,15,7,5,9,11,9,8,9,5,8,4,7,11,7,6,6,6,18,9,5,6,13,8,4,7,11,9,9,4,12,6,11,8,15,5,7,1145,15,9,8,7,8,10,8,159,9,7,8,12,13,5,9,10,6,11,14,8,10,8,6,4,10,11,10,6,12,13,8,14,1097,12,4,16,5,104,7,12,8,8,8,8,4,12,16,10,8,8,11,15,15,12,7,12,15,17,15,16,7,7,10,7,9,10,13,8,12,9,9,15,11,7,12,10,9,15,9,3,9,11,11,14,9,343,17,13,15,9,15,15,12,95,8,11,18,10,11,18,10,8,7,9,8,10,14,11,9,11,10,14,4,8,14,10,10,4,14,15,15,15,343,17,10,8,7,10,9,14,14,17,15,13,7,6,12,10,10,6,16,16,16,12,11,13,15,15,14,12,12,11,19,7,15
SBV133_plate02,58,1033,1297,1150,1098,58,1084,14,1147,1182,90,120,1022,1016,1188,1166,161,1111,1280,97,1031,102,29,7,97,11,340,10,1019,97,13,1024,100,11,13,13,14,14,11,12,8,12,7,10,7,7,6,7,7,9,7,11,13,14,10,13,9,12,6,17,13,15,9,13,15,9,15,6,14,9,21,16,13,7,9,8,16,7,14,8,6,8,7,6,159,6,15,9,10,15,10,14,9,10,7,7,5,12,7,6,19,15,11,9,6,16,6,10,17,7,7,12,9,10,16,5,8,12,1032,5,4,8,5,7,9,14,7,5,9,10,0,10,11,8,9,9,11,7,9,9,7,14,10,10,16,5,16,5,14,12,6,13,9,14,11,10,9,10,18,10,9,10,15,7,4,6,10,21,7,7,7,6,7,17,11,19,7,9,9,15,11,10,13,5,8,8,11,15,11,6,10,8,22,5,7,6,17,6,6,9,13,13,9,8,12,10,15,8,19,7,5,1149,19,9,12,9,8,14,12,163,13,9,10,14,15,7,13,12,8,13,14,12,10,12,10,8,12,15,14,10,16,17,12,18,1101,16,5,20,6,104,9,16,8,12,12,12,5,16,20,10,10,8,7,19,19,16,11,16,19,21,19,20,9,9,6,11,13,14,17,8,16,9,13,15,15,11,16,10,9,19,9,7,13,7,11,14,13,347,21,17,19,9,19,19,16,99,12,11,18,14,15,22,14,10,11,13,10,14,12,15,13,13,14,18,8,12,18,14,14,8,18,15,15,19,347,21,10,10,11,12,13,18,14,17,15,17,9,10,14,14,14,8,16,20,20,14,15,13,19,15,18,16,12,15,21,7,19
SBV134_plate02,52,1028,1292,1146,1094,52,1080,12,1142,1176,86,114,1016,1010,1182,1162,155,1105,1275,93,1025,98,25,5,93,11,336,6,1013,93,9,1020,96,11,9,9,10,12,7,12,4,8,7,6,3,3,4,3,3,5,3,5,9,10,4,9,5,12,4,15,9,11,5,9,11,5,11,4,10,5,17,12,9,7,5,2,10,5,10,4,4,4,3,6,155,6,13,5,10,11,10,10,5,6,3,3,5,6,7,4,15,11,11,5,4,12,4,10,13,5,3,8,5,4,12,5,4,12,1026,5,8,6,5,5,5,10,5,7,5,6,10,0,7,6,7,7,7,3,5,5,3,10,6,8,12,5,12,5,10,8,8,13,9,10,7,6,9,8,14,6,7,6,15,5,6,6,6,17,3,7,3,6,3,17,7,15,7,5,9,11,9,8,9,5,8,4,7,11,7,6,6,6,18,9,5,6,13,8,4,7,11,9,9,4,12,6,9,8,15,5,7,1143,15,9,8,7,8,10,8,157,9,7,8,10,11,5,9,10,6,11,14,8,10,8,6,4,10,11,10,6,12,13,8,14,1095,12,4,16,3,102,7,12,8,8,8,8,4,12,14,8,6,6,11,15,15,12,7,12,15,17,15,16,7,7,10,7,9,10,13,8,12,9,9,15,11,7,12,10,9,13,9,3,9,11,11,14,9,343,17,13,15,9,15,15,12,95,8,11,18,10,11,18,10,8,7,9,8,10,14,11,9,11,10,14,4,8,14,10,10,2,14,15,15,15,343,17,10,8,7,10,9,14,14,17,15,13,7,6,12,10,10,6,16,16,16,12,9,13,15,15,14,12,12,11,19,7,15
SBV135_plate02,48,1023,1287,1142,1090,48,1074,9,1137,1172,80,110,1012,1006,1178,1156,151,1101,1270,87,1021,92,19,6,87,6,330,1,1009,87,4,1014,90,6,4,6,5,9,8,9,5,5,8,7,4,6,5,4,4,6,4,8,4,7,7,6,2,9,5,10,6,8,6,6,8,6,8,5,7,4,12,9,6,8,4,5,9,6,7,5,5,5,4,7,149,7,12,6,3,8,3,7,6,7,4,4,6,1,8,5,12,8,8,8,5,9,5,11,10,6,4,9,6,7,9,6,5,9,1022,6,9,7,6,6,6,7,6,8,6,7,11,7,0,7,8,8,8,4,6,6,4,11,7,9,9,6,9,6,7,9,9,10,2,11,8,7,10,9,11,7,8,7,12,6,7,7,7,14,4,8,4,7,4,14,8,12,8,6,10,4,10,9,10,6,9,5,8,12,2,7,7,7,15,10,6,7,10,9,5,8,12,6,10,5,5,7,4,9,12,6,8,1139,12,10,1,8,9,7,1,153,2,8,9,13,10,6,10,11,7,12,15,9,11,1,7,5,11,4,11,7,13,6,1,15,1091,5,5,9,6,98,8,13,9,9,9,9,5,5,9,11,9,9,12,12,8,5,8,5,8,10,8,13,8,8,11,8,10,11,6,9,5,10,10,8,4,8,5,11,10,8,10,4,10,12,12,7,10,337,14,6,8,10,8,12,5,89,1,12,11,11,4,11,3,9,8,10,9,3,15,4,2,12,3,7,5,1,7,3,3,5,7,8,8,8,337,10,11,9,8,11,2,11,7,10,16,6,8,7,13,11,11,7,17,9,9,13,12,14,8,16,7,5,13,6,12,8,8
SBV136_plate02,54,1029,1293,1148,1096,54,1080,12,1143,1178,86,116,1018,1012,1184,1162,157,1107,1276,93,1027,98,25,5,93,11,336,6,1015,93,9,1020,96,11,9,9,10,12,7,12,4,8,7,6,3,5,4,3,3,5,3,7,9,10,6,9,5,12,4,15,9,11,5,9,11,5,11,2,10,5,17,12,9,7,5,4,12,3,10,4,2,4,3,6,155,6,15,5,10,11,10,10,5,6,3,3,5,8,7,2,15,11,11,5,2,12,2,8,13,1,3,8,5,6,12,3,4,12,1028,3,6,2,3,3,5,10,3,5,5,6,8,6,7,0,5,5,7,3,5,5,3,10,6,6,12,3,12,5,10,8,6,13,9,10,7,6,9,6,14,6,5,6,15,3,4,4,6,17,3,7,3,6,3,17,7,15,5,5,9,11,7,6,9,5,8,4,7,11,7,4,6,4,18,7,3,4,13,6,2,5,9,9,7,4,12,6,11,8,15,3,5,1145,15,7,8,5,6,10,8,159,9,5,6,10,13,3,9,8,4,9,14,8,8,8,6,4,8,11,10,6,12,13,8,14,1097,12,3,16,4,104,5,12,6,8,8,8,3,12,16,8,6,6,9,15,15,12,7,12,15,17,15,16,5,5,8,7,9,10,13,6,12,7,9,15,11,7,12,8,7,15,7,3,9,9,9,14,9,343,17,13,15,7,15,15,12,95,8,11,18,10,11,18,10,6,7,9,6,10,12,11,9,9,10,14,4,8,14,10,10,4,14,15,15,15,343,17,8,6,7,8,9,14,14,17,13,13,5,6,10,10,10,4,14,16,16,10,11,13,15,13,14,12,10,11,19,5,15
SBV137_plate03,55,1030,1294,1149,1097,55,1081,13,1144,1179,87,117,1019,1013,1185,1163,158,1108,1277,94,1028,99,26,6,94,12,337,7,1016,94,10,1021,97,12,10,10,11,13,8,13,5,9,8,7,4,6,5,4,4,6,4,8,10,11,7,10,6,13,5,16,10,12,6,10,12,6,12,3,11,6,18,13,10,8,6,5,13,4,11,5,3,5,4,7,156,7,16,6,11,12,11,11,6,7,4,4,6,9,8,3,16,12,12,6,3,13,3,9,14,4,4,9,6,7,13,4,5,13,1029,4,7,5,4,4,6,11,4,6,6,7,9,7,8,5,0,6,8,4,6,6,4,11,7,7,13,4,13,6,11,9,7,14,10,11,8,7,10,5,15,7,4,7,16,4,5,5,7,18,4,8,4,7,4,18,8,16,6,6,10,12,6,7,10,6,9,5,8,12,8,5,7,5,19,8,4,5,14,7,3,6,8,10,8,5,13,7,12,9,16,4,6,1146,16,8,9,6,7,11,9,160,10,6,5,11,14,4,10,9,5,10,15,9,9,9,7,5,9,12,11,7,13,14,9,15,1098,13,4,17,5,105,4,13,7,9,9,9,4,13,17,9,7,7,10,16,16,13,8,13,16,18,16,17,6,4,9,8,10,11,14,7,13,8,10,16,12,8,13,9,8,16,8,4,10,10,10,15,10,344,18,14,16,8,16,16,13,96,9,12,19,11,12,19,11,7,8,10,5,11,13,12,10,8,11,15,5,9,15,11,11,5,15,16,16,16,344,18,9,5,8,9,10,15,15,18,14,14,4,7,9,11,11,3,15,17,17,9,12,14,16,14,15,13,11,12,20,6,16
SBV138_plate02,55,1030,1294,1149,1097,55,1081,13,1144,1179,87,117,1019,1013,1185,1163,158,1108,1277,94,1028,99,26,6,94,12,337,7,1016,94,10,1021,97,12,10,10,11,13,8,13,5,9,8,7,4,6,5,4,4,6,4,8,10,11,7,10,6,13,5,16,10,12,6,10,12,6,12,3,11,6,18,13,10,8,6,5,13,4,11,5,3,5,4,7,156,7,16,6,11,12,11,11,6,7,4,4,6,9,8,3,16,12,12,6,3,13,3,9,14,4,4,9,6,7,13,4,5,13,1029,4,7,5,4,2,6,11,4,6,6,7,9,7,8,5,6,0,8,4,6,6,4,11,7,7,13,4,13,6,11,9,5,14,10,11,8,7,10,7,15,7,6,7,16,4,5,5,7,18,4,8,4,7,4,18,8,16,6,6,10,12,8,7,10,6,9,5,8,12,8,5,7,5,19,8,4,5,14,7,3,6,10,10,8,5,13,7,12,9,16,4,6,1146,16,8,9,6,7,11,9,160,10,6,7,11,14,4,10,9,5,10,15,9,9,9,7,5,9,12,11,7,13,14,9,15,1098,13,4,17,5,105,6,13,7,9,9,9,4,13,17,9,7,7,10,16,16,13,8,13,16,18,16,17,6,6,9,8,10,11,14,7,13,8,10,16,12,8,13,9,8,16,8,4,10,10,10,15,10,344,18,14,16,8,16,16,13,96,9,12,19,11,12,19,11,7,8,10,7,11,13,12,10,10,11,15,5,9,15,11,11,5,15,16,16,16,344,18,9,7,8,9,10,15,15,18,14,14,6,7,11,11,11,5,15,17,17,11,12,14,16,14,15,13,11,12,20,6,16
SBV139_plate02,55,1030,1294,1149,1097,55,1081,13,1144,1179,87,117,1019,1013,1185,1163,158,1108,1277,94,1028,99,26,6,94,12,337,7,1016,94,10,1021,97,12,10,10,11,13,8,13,5,9,8,7,4,6,5,4,4,6,4,8,10,11,7,10,6,13,5,16,10,12,6,10,12,6,12,5,11,6,18,13,10,8,6,5,13,6,11,5,5,5,4,7,156,7,16,6,11,12,11,11,6,7,4,4,6,9,8,5,16,12,12,8,5,13,5,11,14,6,4,9,6,7,13,6,5,13,1029,6,9,7,6,6,6,11,6,8,6,7,11,7,8,7,8,8,0,4,6,6,4,11,7,9,13,6,13,6,11,9,9,14,10,11,8,7,10,9,15,7,8,7,16,6,7,7,7,18,4,8,4,7,4,18,8,16,8,6,10,12,10,9,10,6,9,5,8,12,8,7,7,7,19,10,6,7,14,9,5,8,12,10,10,5,13,7,12,9,16,6,8,1146,16,10,9,8,9,11,9,160,10,8,9,13,14,6,10,11,7,12,15,9,11,9,7,5,11,12,11,7,13,14,9,15,1098,13,5,17,6,105,8,13,9,9,9,9,5,13,17,11,9,9,12,16,16,13,8,13,16,18,16,17,8,8,11,8,10,11,14,9,13,10,10,16,12,8,13,11,10,16,10,4,10,12,12,15,10,344,18,14,16,10,16,16,13,96,9,12,19,11,12,19,11,9,8,10,9,11,15,12,10,12,11,15,5,9,15,11,11,5,15,16,16,16,344,18,11,9,8,11,10,15,15,18,16,14,8,7,13,11,11,7,17,17,17,13,12,14,16,16,15,13,13,12,20,8,16
SBV140_plate02,51,1026,1290,1145,1093,51,1077,9,1140,1175,83,113,1015,1009,1181,1159,154,1104,1273,90,1024,95,22,2,90,8,333,3,1012,90,6,1017,93,8,6,6,7,9,4,9,1,5,4,3,0,2,1,0,0,2,0,4,6,7,3,6,2,9,1,12,6,8,2,6,8,2,8,1,7,2,14,9,6,4,2,1,9,2,7,1,1,1,0,3,152,3,12,2,7,8,7,7,2,3,0,0,2,5,4,1,12,8,8,4,1,9,1,7,10,2,0,5,2,3,9,2,1,9,1025,2,5,3,2,2,2,7,2,4,2,3,7,3,4,3,4,4,4,0,2,2,0,7,3,5,9,2,9,2,7,5,5,10,6,7,4,3,6,5,11,3,4,3,12,2,3,3,3,14,0,4,0,3,0,14,4,12,4,2,6,8,6,5,6,2,5,1,4,8,4,3,3,3,15,6,2,3,10,5,1,4,8,6,6,1,9,3,8,5,12,2,4,1142,12,6,5,4,5,7,5,156,6,4,5,9,10,2,6,7,3,8,11,5,7,5,3,1,7,8,7,3,9,10,5,11,1094,9,1,13,2,101,4,9,5,5,5,5,1,9,13,7,5,5,8,12,12,9,4,9,12,14,12,13,4,4,7,4,6,7,10,5,9,6,6,12,8,4,9,7,6,12,6,0,6,8,8,11,6,340,14,10,12,6,12,12,9,92,5,8,15,7,8,15,7,5,4,6,5,7,11,8,6,8,7,11,1,5,11,7,7,1,11,12,12,12,340,14,7,5,4,7,6,11,11,14,12,10,4,3,9,7,7,3,13,13,13,9,8,10,12,12,11,9,9,8,16,4,12
SBV141_plate02,53,1028,1292,1147,1095,53,1079,11,1142,1177,85,115,1017,1011,1183,1161,156,1106,1275,92,1026,97,24,4,92,10,335,5,1014,92,8,1019,95,10,8,8,9,11,6,11,3,7,6,5,2,4,3,2,2,4,2,6,8,9,5,8,4,11,3,14,8,10,4,8,10,4,10,3,9,4,16,11,8,6,4,3,11,4,9,3,3,3,2,5,154,5,14,4,9,10,9,9,4,5,2,2,4,7,6,3,14,10,10,6,3,11,3,9,12,4,2,7,4,5,11,4,3,11,1027,4,7,5,4,4,4,9,4,6,4,5,9,5,6,5,6,6,6,2,0,4,2,9,5,7,11,4,11,4,9,7,7,12,8,9,2,5,4,7,13,5,6,1,14,4,5,5,5,16,2,6,2,5,2,16,2,14,6,0,4,10,8,7,4,4,7,3,2,10,6,5,1,5,17,8,4,5,12,7,3,6,10,8,8,3,11,5,10,7,14,4,6,1144,14,8,7,6,7,9,7,158,8,6,7,11,12,4,4,9,5,10,13,7,9,7,5,3,9,10,9,5,11,12,7,13,1096,11,3,15,4,103,6,7,7,7,7,7,3,11,15,9,7,7,10,14,14,11,6,11,14,16,14,15,6,6,9,2,8,9,12,7,11,8,4,14,10,2,11,9,8,14,8,2,8,10,10,13,4,342,16,12,14,8,14,14,11,94,7,6,17,9,10,17,9,7,6,8,7,9,13,10,8,10,9,13,3,7,13,9,9,3,13,14,14,14,342,16,9,7,6,9,8,13,13,16,14,12,6,5,11,9,9,5,15,15,15,11,10,12,14,14,13,11,11,10,18,6,14
SBV142_plate02,53,1028,1292,1147,1095,53,1079,11,1142,1177,85,115,1017,1011,1183,1161,156,1106,1275,92,1026,97,24,4,92,10,335,5,1014,92,8,1019,95,10,8,8,9,11,6,11,3,7,6,5,2,4,3,2,2,4,2,6,8,9,5,8,4,11,3,14,8,10,4,8,10,4,10,3,9,4,16,11,8,6,4,3,11,4,9,3,3,3,2,5,154,5,14,4,9,10,9,9,4,5,2,2,4,7,6,3,14,10,10,6,3,11,3,9,12,4,2,7,4,5,11,4,3,11,1027,4,7,5,4,4,4,9,4,6,4,5,9,5,6,5,6,6,6,2,4,0,2,9,5,7,11,4,11,4,9,7,7,12,8,9,6,5,8,7,13,5,6,5,14,4,5,5,5,16,2,6,2,5,2,16,6,14,6,4,8,10,8,7,8,4,7,3,6,10,6,5,5,5,17,8,4,5,12,7,3,6,10,8,8,3,11,5,10,7,14,4,6,1144,14,8,7,6,7,9,7,158,8,6,7,11,12,4,8,9,5,10,13,7,9,7,5,3,9,10,9,5,7,12,7,13,1096,11,3,15,4,103,6,11,7,7,7,7,3,11,15,9,7,7,10,14,14,11,6,11,14,16,14,15,6,6,9,6,8,9,12,7,11,8,8,14,10,6,11,9,8,14,8,2,8,10,10,13,8,342,16,12,14,8,14,14,11,94,7,10,17,9,10,17,9,7,6,8,7,9,13,10,8,10,9,13,3,7,13,9,9,3,13,14,14,14,342,16,9,7,6,9,8,13,13,16,14,12,6,5,11,9,9,5,15,15,15,11,10,12,14,14,13,11,11,10,18,6,14
SBV143_plate02,51,1026,1290,1145,1093,51,1077,9,1140,1175,83,113,1015,1009,1181,1159,154,1104,1273,90,1024,95,22,2,90,8,333,3,1012,90,6,1017,93,8,6,6,7,9,4,9,1,5,4,3,0,2,1,0,0,2,0,4,6,7,3,6,2,9,1,12,6,8,2,6,8,2,8,1,7,2,14,9,6,4,2,1,9,2,7,1,1,1,0,3,152,3,12,2,7,8,7,7,2,3,0,0,2,5,4,1,12,8,8,4,1,9,1,7,10,2,0,5,2,3,9,2,1,9,1025,2,5,3,2,2,2,7,2,4,2,3,7,3,4,3,4,4,4,0,2,2,0,7,3,5,9,2,9,2,7,5,5,10,6,7,4,3,6,5,11,3,4,3,12,2,3,3,3,14,0,4,0,3,0,14,4,12,4,2,6,8,6,5,6,2,5,1,4,8,4,3,3,3,15,6,2,3,10,5,1,4,8,6,6,1,9,3,8,5,12,2,4,1142,12,6,5,4,5,7,5,156,6,4,5,9,10,2,6,7,3,8,11,5,7,5,3,1,7,8,7,3,9,10,5,11,1094,9,1,13,2,101,4,9,5,5,5,5,1,9,13,7,5,5,8,12,12,9,4,9,12,14,12,13,4,4,7,4,6,7,10,5,9,6,6,12,8,4,9,7,6,12,6,0,6,8,8,11,6,340,14,10,12,6,12,12,9,92,5,8,15,7,8,15,7,5,4,6,5,7,11,8,6,8,7,11,1,5,11,7,7,1,11,12,12,12,340,14,7,5,4,7,6,11,11,14,12,10,4,3,9,7,7,3,13,13,13,9,8,10,12,12,11,9,9,8,16,4,12
SBV144_plate02,58,1033,1297,1152,1100,58,1084,16,1147,1182,90,120,1022,1016,1186,1166,161,1111,1280,97,1031,102,29,9,97,15,340,10,1019,97,13,1024,100,15,13,13,14,16,11,16,8,12,11,10,7,9,8,7,7,9,7,11,13,14,10,13,9,16,8,18,13,15,9,13,15,9,15,8,14,9,21,16,13,11,9,8,16,9,14,8,8,8,7,10,159,10,19,9,14,15,14,14,9,10,7,7,9,12,11,8,19,15,15,11,8,16,8,14,17,9,7,12,9,10,16,9,8,16,1032,9,12,10,9,9,9,14,9,11,9,10,14,10,11,10,11,11,11,7,9,9,7,0,10,12,16,9,16,9,14,12,12,17,13,2,11,10,13,12,18,10,11,10,19,9,10,10,10,21,7,11,7,10,7,21,11,19,11,9,13,15,13,12,13,9,12,8,11,1,11,10,10,10,22,13,9,10,17,12,8,11,15,13,13,8,16,10,15,12,19,9,11,1149,19,13,12,11,12,14,12,163,13,11,12,16,17,9,13,14,10,15,18,12,14,12,10,8,14,15,14,10,16,17,12,18,1101,16,8,20,9,108,11,16,12,12,12,12,8,16,20,14,12,12,15,19,19,16,11,16,19,21,19,20,11,11,14,11,13,14,17,12,16,13,13,19,15,11,16,14,13,19,13,7,13,15,15,18,13,347,21,17,19,13,19,19,16,99,12,15,22,14,15,22,14,12,11,13,12,14,18,15,13,15,14,18,8,12,18,14,14,8,18,19,19,19,347,21,14,12,11,14,13,18,18,21,19,17,11,10,16,14,14,10,20,20,20,16,15,17,19,19,18,16,16,15,23,11,19
SBV145_plate02,54,1029,1293,1148,1096,54,1080,12,1143,1178,86,116,1018,1012,1184,1162,157,1107,1276,93,1027,98,25,5,93,11,336,6,1015,93,9,1020,96,11,9,9,10,12,7,12,4,8,7,6,3,5,4,3,3,5,3,7,9,10,6,9,5,12,4,14,9,11,5,9,11,5,11,4,10,5,17,12,9,7,5,4,12,5,10,4,4,4,3,6,155,6,15,5,10,11,10,10,5,6,3,3,5,8,7,4,15,11,11,7,4,12,4,10,13,5,3,8,5,6,12,5,4,12,1028,5,8,6,5,5,5,10,5,7,5,6,10,6,7,6,7,7,7,3,5,5,3,10,0,8,12,5,12,5,10,8,8,13,9,10,7,6,9,8,14,6,7,6,15,5,6,6,6,17,3,7,3,6,3,17,7,15,7,5,9,11,9,8,9,5,8,4,7,11,7,6,6,6,18,9,5,6,13,8,4,7,11,9,9,4,12,6,11,8,15,5,7,1145,15,9,8,7,8,10,8,159,9,7,8,12,13,5,9,10,6,11,14,8,10,8,6,4,10,11,10,6,12,13,8,14,1097,12,4,16,5,104,7,12,8,8,8,8,4,12,16,10,8,8,11,15,15,12,7,12,15,17,15,16,7,7,10,7,9,10,13,8,12,9,9,15,11,7,12,10,9,15,9,3,9,11,11,14,9,343,17,13,15,9,15,15,12,95,8,11,18,10,11,18,10,8,7,9,8,10,14,11,9,11,10,14,4,8,14,10,10,4,14,15,15,15,343,17,10,8,7,10,9,14,14,17,15,13,7,6,12,10,10,6,16,16,16,12,11,13,15,15,14,12,12,11,19,7,15
SBV146_plate02,56,1030,1294,1150,1098,56,1082,14,1145,1180,88,118,1020,1014,1186,1164,159,1109,1277,95,1029,100,27,7,95,13,338,8,1017,95,11,1022,98,13,11,9,12,14,9,14,6,10,9,8,5,7,6,5,5,7,5,9,11,12,8,11,7,14,6,15,11,13,7,11,13,7,13,4,12,7,19,14,11,9,7,6,14,3,12,6,4,6,5,8,157,8,17,7,12,13,12,12,7,8,5,5,7,10,9,4,17,13,13,7,4,14,4,10,15,5,5,10,7,8,14,5,6,14,1030,5,8,6,5,5,7,12,5,7,5,8,10,8,9,6,7,7,9,5,7,7,5,12,8,0,14,5,14,7,12,10,8,15,11,12,9,8,11,8,16,8,7,8,17,5,6,6,8,19,5,9,5,8,5,19,9,17,7,7,11,13,9,8,11,7,10,6,9,13,9,6,8,6,20,9,5,6,15,8,4,7,11,11,9,6,14,8,13,10,17,5,7,1147,17,9,10,5,8,12,10,161,11,7,8,12,15,5,11,10,6,11,16,10,10,10,8,6,10,13,12,8,14,15,10,16,1099,14,5,18,6,106,7,14,8,10,10,10,5,14,18,10,8,8,11,17,17,14,9,14,17,19,17,18,7,7,10,9,11,12,15,8,14,9,11,17,13,9,14,10,9,17,9,5,11,11,11,16,11,345,19,15,17,9,17,17,14,97,10,13,20,12,13,20,12,8,9,11,8,12,14,13,11,11,12,16,6,10,16,12,12,6,16,17,17,17,345,19,10,8,9,10,11,16,16,19,15,13,7,8,12,12,12,6,16,16,16,12,13,15,17,15,16,14,12,13,21,7,17
SBV147_plate02,56,1029,1293,1148,1097,56,1080,8,1143,1178,88,118,1018,1012,1184,1162,159,1106,1277,95,1027,100,27,11,95,13,338,8,1016,95,11,1020,98,13,5,5,11,8,13,8,10,4,13,12,9,11,10,9,9,11,9,13,11,4,12,3,7,6,10,17,3,5,11,3,7,11,5,10,4,9,19,6,5,13,9,10,10,11,4,10,10,10,9,12,157,12,9,11,12,5,12,6,11,12,9,9,11,10,13,10,9,3,7,13,10,4,10,16,7,11,9,14,11,12,4,11,10,4,1028,11,14,11,11,11,11,2,11,13,11,12,16,12,9,12,13,13,13,9,11,11,9,16,12,14,0,11,4,11,2,13,14,7,11,16,13,11,15,14,8,12,13,12,9,11,12,12,12,13,9,13,9,12,9,13,13,9,13,11,15,13,15,14,15,11,14,10,13,17,9,12,12,12,12,15,10,12,3,14,10,13,17,11,15,10,14,12,13,14,17,11,13,1145,9,15,10,13,14,4,10,161,11,13,14,18,7,11,15,16,12,17,20,13,16,10,12,10,16,13,16,12,18,15,10,20,1096,14,10,18,11,106,13,18,14,14,14,14,10,14,18,16,14,14,17,9,17,14,13,14,17,19,17,10,13,13,16,13,15,15,15,14,14,15,15,17,13,13,14,16,15,17,15,9,15,17,17,16,15,345,11,15,17,15,17,9,14,97,10,17,20,16,13,20,12,14,13,15,14,12,20,13,11,17,12,16,10,10,16,12,12,10,16,17,17,17,345,19,16,14,13,16,11,8,16,19,21,15,13,12,18,16,16,12,22,18,18,18,17,19,17,21,16,14,18,13,21,13,17
SBV148_plate02,53,1028,1292,1147,1095,53,1079,11,1142,1177,85,115,1017,1011,1183,1161,156,1106,1275,92,1026,97,24,4,92,10,335,5,1014,92,8,1019,95,10,8,8,9,11,6,11,3,7,6,5,2,4,3,2,2,4,2,6,8,9,5,8,4,11,3,14,8,10,4,8,10,4,10,1,9,4,16,11,8,6,4,3,11,2,9,3,1,3,2,5,154,5,14,4,9,10,9,9,4,5,2,2,4,7,6,1,14,10,10,4,1,11,1,5,12,2,2,7,4,5,11,0,3,11,1027,0,3,3,0,2,4,9,2,4,4,5,5,5,6,3,4,4,6,2,4,4,2,9,5,5,11,0,11,4,9,7,5,12,8,9,6,5,8,5,13,5,4,5,14,2,1,1,5,16,2,6,2,5,2,16,6,14,2,4,8,10,6,5,8,4,7,3,6,10,6,1,5,3,17,4,2,1,12,5,1,4,8,8,4,3,11,5,10,7,14,2,4,1144,14,4,7,4,3,9,7,158,8,4,5,9,12,2,8,7,3,8,13,7,5,7,5,3,7,10,9,5,11,12,7,13,1096,11,0,15,1,103,4,11,3,7,7,7,0,11,15,5,5,3,6,14,14,11,6,11,14,16,14,15,4,4,5,6,8,9,12,3,11,4,8,14,10,6,11,5,4,14,4,2,8,6,6,13,8,342,16,12,14,4,14,14,11,94,7,10,17,9,10,17,9,5,6,8,5,9,11,10,8,8,9,13,3,7,13,9,9,3,13,14,14,14,342,16,5,5,6,7,8,13,13,16,10,12,4,5,9,9,9,3,11,15,15,9,10,12,14,10,13,11,7,10,18,2,14
SBV149_plate03,56,1031,1294,1150,1098,56,1082,8,1146,1180,88,118,1020,1014,1186,1164,159,1109,1277,95,1029,100,27,11,95,13,338,8,1017,95,11,1022,98,13,5,5,11,8,13,8,10,4,13,12,9,11,10,9,9,11,9,13,11,4,12,3,7,6,10,17,3,5,11,3,7,11,5,10,4,9,19,6,5,13,9,10,10,11,4,10,10,10,9,12,157,12,9,11,12,5,12,6,11,12,9,9,11,10,13,10,9,3,7,13,10,4,10,16,7,11,9,14,11,12,4,11,10,4,1030,11,14,12,11,11,11,2,11,13,11,12,16,12,9,12,13,13,13,9,11,11,9,16,12,14,4,11,0,11,2,14,14,7,11,16,13,12,15,14,8,12,13,12,9,11,12,12,12,13,9,13,9,12,9,13,13,9,13,11,15,13,15,14,15,11,14,10,13,17,9,12,12,12,12,15,11,12,5,14,10,13,17,11,15,10,14,12,13,14,17,11,13,1147,9,15,10,13,14,4,10,161,11,13,14,18,7,11,15,16,12,17,20,14,16,10,12,10,16,13,16,12,18,15,10,20,1099,14,10,18,11,106,13,18,14,14,14,14,10,14,18,16,14,14,17,9,17,14,13,14,17,19,17,10,13,13,16,13,15,16,15,14,14,15,15,17,13,13,14,16,15,17,15,9,15,17,17,16,15,345,11,15,17,15,17,9,14,97,10,17,20,16,13,20,12,14,13,15,14,12,20,13,11,17,12,16,10,10,16,12,12,10,16,17,17,17,345,19,16,14,13,16,11,8,16,19,21,15,13,12,18,16,16,12,22,18,18,18,17,19,17,21,16,14,18,13,21,13,17
SBV150_plate02,53,1028,1292,1145,1093,53,1079,9,1142,1177,85,115,1017,1011,1183,1161,156,1106,1275,92,1026,97,24,2,92,6,335,5,1014,92,8,1019,95,6,8,8,9,9,6,7,3,7,2,5,2,2,1,2,2,4,2,6,8,9,5,8,4,7,3,12,8,10,4,8,10,4,10,3,9,4,16,11,8,2,4,3,11,4,9,3,3,3,2,1,154,1,10,4,5,10,5,9,4,5,2,2,0,7,2,3,14,10,6,6,3,11,3,9,12,4,2,7,4,5,11,4,3,7,1027,4,3,5,4,4,4,9,4,2,4,5,5,5,6,5,6,6,6,2,4,4,2,9,5,7,11,4,11,0,9,7,3,8,4,9,6,5,4,7,13,5,6,5,10,4,3,5,5,16,2,2,2,1,2,12,6,14,6,4,4,10,8,7,8,0,3,3,6,10,6,5,5,5,17,4,4,5,12,3,3,6,10,8,8,3,7,5,10,3,14,4,2,1144,14,8,7,6,7,9,7,158,8,6,7,11,10,4,8,9,5,10,9,7,9,7,5,3,9,10,9,5,11,12,7,13,1096,11,3,15,4,99,6,11,7,7,7,7,3,11,15,9,7,7,6,14,14,11,6,11,14,16,14,15,6,6,5,6,8,9,12,7,11,8,8,10,10,6,11,9,8,14,8,2,8,6,10,9,8,342,16,12,14,8,14,14,11,94,7,6,13,9,10,17,9,7,6,8,7,9,9,10,8,10,9,13,3,7,13,9,9,3,13,10,10,14,342,16,9,7,6,9,8,13,9,12,14,12,6,5,11,9,9,5,15,15,15,11,10,8,14,14,13,11,11,10,16,6,14
SBV151_plate02,54,1029,1292,1148,1096,54,1080,6,1143,1178,86,116,1018,1012,1184,1162,157,1107,1275,93,1027,98,25,9,93,11,336,6,1015,93,9,1020,96,11,3,3,9,6,11,6,8,2,11,10,7,9,8,7,7,9,7,11,9,2,10,1,5,4,8,15,1,3,9,1,5,9,3,8,2,7,17,4,3,11,7,8,8,9,2,8,8,8,7,10,155,10,7,9,10,3,10,4,9,10,7,7,9,8,11,8,7,1,5,11,8,2,8,14,5,9,7,12,9,10,2,9,8,2,1028,9,12,10,9,9,9,0,9,11,9,10,14,10,7,10,11,11,11,7,9,9,7,14,10,12,2,9,2,9,0,12,12,5,9,14,11,10,13,12,6,10,11,10,7,9,10,10,10,11,7,11,7,10,7,11,11,7,11,9,13,11,13,12,13,9,12,8,11,15,7,10,10,10,10,13,9,10,3,12,8,11,15,9,13,8,12,10,11,12,15,9,11,1145,7,13,8,11,12,2,8,159,9,11,12,16,5,9,13,14,10,15,18,12,14,8,10,8,14,11,14,10,16,13,8,18,1097,12,8,16,9,104,11,16,12,12,12,12,8,12,16,14,12,12,15,7,15,12,11,12,15,17,15,8,11,11,14,11,13,14,13,12,12,13,13,15,11,11,12,14,13,15,13,7,13,15,15,14,13,343,9,13,15,13,15,7,12,95,8,15,18,14,11,18,10,12,11,13,12,10,18,11,9,15,10,14,8,8,14,10,10,8,14,15,15,15,343,17,14,12,11,14,9,6,14,17,19,13,11,10,16,14,14,10,20,16,16,16,15,17,15,19,14,12,16,11,19,11,15
SBV152_plate02,56,1031,1295,1150,1098,56,1082,14,1145,1180,88,118,1020,1014,1186,1164,159,1109,1278,95,1029,100,27,7,95,13,338,8,1017,95,11,1022,98,13,11,11,12,14,9,14,6,10,9,8,5,7,6,5,5,7,5,9,11,12,8,11,7,14,6,17,11,13,7,11,13,7,13,6,12,5,19,14,11,9,5,6,14,7,12,6,6,6,5,8,157,8,17,7,12,13,12,12,7,8,5,5,7,10,9,6,17,13,13,9,6,14,6,12,15,7,5,10,5,8,14,7,6,14,1030,7,10,8,7,7,7,12,7,9,7,8,12,8,9,8,9,9,9,5,7,7,5,12,8,10,13,7,14,7,12,0,10,15,11,12,9,4,11,10,16,8,9,8,17,7,8,8,8,19,5,9,5,8,5,19,9,17,9,7,11,13,11,10,11,7,10,6,9,13,9,8,8,8,20,11,7,8,15,10,6,9,13,11,11,6,14,8,13,10,17,7,9,1147,17,11,10,9,10,12,10,161,11,9,10,14,15,7,11,12,8,13,16,6,12,10,8,6,12,13,12,6,14,15,10,16,1099,14,6,18,7,106,9,14,10,10,10,10,6,14,18,12,10,10,13,17,17,14,7,14,17,19,17,18,9,9,12,9,11,8,15,10,14,11,11,17,13,9,14,12,11,17,11,5,9,13,13,16,11,345,19,15,17,11,17,17,14,97,10,13,20,12,13,20,12,10,9,11,10,12,16,13,11,13,12,16,4,10,16,12,12,6,16,17,17,17,345,19,12,10,9,12,11,16,16,19,17,15,9,8,14,12,12,8,18,18,18,14,13,15,17,17,16,14,14,13,21,9,17
SBV153_plate02,55,1022,1287,1138,1085,55,1074,12,1138,1171,87,117,1011,1005,1177,1156,156,1103,1270,93,1020,99,27,5,93,9,337,8,1008,94,11,1013,97,9,11,11,12,12,9,10,6,10,5,8,5,5,4,5,5,7,5,9,11,12,8,11,7,10,6,14,11,13,7,11,13,7,13,4,12,7,19,14,11,4,7,6,14,5,12,6,4,6,5,4,155,4,13,7,8,13,8,12,7,8,5,5,3,10,5,4,17,13,9,7,4,14,4,10,15,5,5,10,7,8,14,5,6,10,1021,5,4,6,5,3,7,12,5,3,7,8,6,8,9,6,7,5,9,5,7,7,5,12,8,8,14,5,14,3,12,10,0,11,7,12,9,8,7,8,16,8,7,8,13,5,4,6,8,19,5,5,5,4,5,15,9,17,7,7,7,13,9,8,11,3,5,6,9,13,9,6,8,6,20,5,5,6,15,4,4,7,11,11,9,6,10,8,13,6,17,5,3,1136,17,9,10,7,8,12,10,159,11,7,8,12,13,5,11,10,6,11,12,10,9,10,7,6,10,13,12,8,14,15,10,16,1093,14,5,18,6,101,7,13,8,10,10,10,5,14,18,10,8,8,7,17,17,14,9,14,17,19,17,18,7,7,6,9,11,12,15,8,14,9,11,13,13,9,14,10,9,17,9,5,11,7,11,12,11,344,19,15,17,9,17,17,14,96,10,9,16,12,13,20,12,8,8,11,8,12,10,13,11,11,12,16,6,10,16,12,12,6,16,13,13,17,344,19,10,8,9,9,11,16,12,15,15,15,7,8,12,12,12,6,16,18,18,12,13,11,17,15,16,14,12,13,19,7,17
SBV154_plate03,57,1032,1295,1149,1097,57,1083,7,1146,1181,89,119,1021,1015,1187,1165,160,1110,1278,96,1030,101,28,10,96,10,339,9,1018,96,12,1023,99,10,6,6,12,7,14,5,11,5,10,13,10,10,9,10,10,12,10,14,12,5,13,4,8,1,11,16,4,6,12,4,8,12,6,11,3,10,20,5,6,10,10,11,11,12,3,11,11,11,10,9,158,9,4,12,9,4,9,7,12,13,10,10,8,11,10,11,8,6,4,14,11,7,11,17,6,12,10,15,12,13,7,12,11,3,1031,12,11,13,12,12,12,5,12,10,12,13,13,13,10,13,14,14,14,10,12,12,10,17,13,15,7,12,7,8,5,15,11,0,8,17,14,13,12,15,7,13,14,13,4,12,11,13,13,14,10,10,10,9,10,10,14,8,14,12,12,14,16,15,16,8,11,11,14,18,10,13,13,13,11,12,11,13,8,11,11,14,18,12,16,11,11,13,14,11,18,12,10,1148,8,16,11,14,15,5,11,162,12,14,15,19,6,12,16,17,13,18,17,15,17,11,13,11,17,14,17,13,19,16,11,21,1100,15,11,19,12,103,14,19,15,15,15,15,11,15,19,17,15,15,14,8,18,15,14,15,18,20,18,9,14,14,13,14,16,17,16,15,15,16,16,14,14,14,15,17,16,18,16,10,16,14,18,13,16,346,10,16,18,16,18,8,15,98,11,14,17,17,14,21,13,15,14,16,15,13,17,14,12,18,13,17,11,11,17,13,13,11,17,14,14,18,346,20,17,15,14,17,12,7,13,16,22,16,14,13,19,17,17,13,23,19,19,19,18,16,18,22,17,15,19,14,20,14,18
SBV155_plate03,51,1026,1290,1143,1091,51,1077,9,1140,1175,83,113,1015,1009,1181,1159,154,1104,1273,90,1024,95,22,6,90,4,333,3,1012,90,6,1017,93,4,6,8,7,9,10,7,7,7,6,9,6,6,5,6,6,8,6,10,6,9,9,8,4,7,7,10,8,10,8,8,10,8,10,7,9,6,14,11,8,6,6,7,11,8,9,7,7,7,6,5,152,5,10,8,1,10,1,9,8,9,6,6,4,3,6,7,14,10,6,10,7,11,7,13,12,8,6,11,8,9,11,8,7,7,1025,8,7,9,8,8,8,9,8,6,8,9,9,9,2,9,10,10,10,6,8,8,6,13,9,11,11,8,11,4,9,11,7,8,0,13,10,9,8,11,13,9,10,9,10,8,7,9,9,16,6,6,6,5,6,12,10,14,10,8,8,6,12,11,12,4,7,7,10,14,4,9,9,9,17,8,8,9,12,7,7,10,14,8,12,7,3,9,6,7,14,8,6,1142,14,12,3,10,11,9,3,156,4,10,11,15,10,8,12,13,9,14,13,11,13,3,9,7,13,6,13,9,15,8,3,17,1094,7,7,11,8,97,10,15,11,11,11,11,7,7,11,13,11,11,10,14,10,7,10,7,10,12,10,15,10,10,9,10,12,13,8,11,7,12,12,6,6,10,7,13,12,10,12,6,12,10,14,5,12,340,16,8,10,12,10,14,7,92,3,10,9,13,6,13,5,11,10,12,11,5,13,6,4,14,5,9,7,3,9,5,5,7,9,6,6,10,340,12,13,11,10,13,4,13,5,8,18,8,10,9,15,13,13,9,19,11,11,15,14,12,10,18,9,7,15,8,12,10,10
SBV156_plate02,58,1033,1297,1152,1100,58,1084,16,1147,1182,90,120,1022,1016,1188,1166,161,1111,1280,97,1031,102,29,9,97,15,340,10,1019,97,13,1024,100,15,13,13,14,16,11,16,8,12,11,10,7,9,8,7,7,9,7,11,13,14,10,13,9,16,8,19,13,15,9,13,15,9,15,8,14,9,21,16,13,11,9,8,16,9,14,8,8,8,7,10,159,10,19,9,14,15,14,14,9,10,7,7,9,12,11,8,19,15,15,11,8,16,8,14,17,9,7,12,9,10,16,9,8,16,1032,9,12,10,9,9,9,14,9,11,9,10,14,10,11,10,11,11,11,7,9,9,7,2,10,12,16,9,16,9,14,12,12,17,13,0,11,10,13,12,18,10,11,10,19,9,10,10,10,21,7,11,7,10,7,21,11,19,11,9,13,15,13,12,13,9,12,8,11,3,11,10,10,10,22,13,9,10,17,12,8,11,15,13,13,8,16,10,15,12,19,9,11,1149,19,13,12,11,12,14,12,163,13,11,12,16,17,9,13,14,10,15,18,12,14,12,10,8,14,15,14,10,16,17,12,18,1101,16,8,20,9,108,11,16,12,12,12,12,8,16,20,14,12,12,15,19,19,16,11,16,19,21,19,20,11,11,14,11,13,14,17,12,16,13,13,19,15,11,16,14,13,19,13,7,13,15,15,18,13,347,21,17,19,13,19,19,16,99,12,15,22,14,15,22,14,12,11,13,12,14,18,15,13,15,14,18,8,12,18,14,14,8,18,19,19,19,347,21,14,12,11,14,13,18,18,21,19,17,11,10,16,14,14,10,20,20,20,16,15,17,19,19,18,16,16,15,23,11,19
SBV157_plate02,55,1030,1294,1149,1097,55,1081,13,1144,1179,87,117,1019,1013,1185,1163,158,1108,1277,94,1028,99,26,6,94,12,337,7,1016,94,10,1021,97,12,10,10,11,13,8,13,5,9,8,7,4,6,5,4,4,6,4,8,10,11,7,10,6,13,5,16,10,12,6,10,12,6,12,5,11,6,18,13,10,8,6,5,13,6,11,5,5,5,4,7,156,7,16,6,11,12,11,11,6,7,4,4,6,9,8,5,16,12,12,8,5,13,5,11,14,6,4,9,6,7,13,6,5,13,1029,6,9,7,6,6,6,11,6,8,6,7,11,7,8,7,8,8,8,4,2,6,4,11,7,9,13,6,13,6,11,9,9,14,10,11,0,7,6,9,15,7,8,3,16,6,7,7,7,18,4,8,4,7,4,18,4,16,8,2,6,12,10,9,6,6,9,5,4,12,8,7,3,7,19,10,6,7,14,9,5,8,12,10,10,5,13,7,12,9,16,6,8,1146,16,10,9,8,9,11,9,160,10,8,9,13,14,6,6,11,7,12,15,9,11,9,7,5,11,12,11,7,13,14,9,15,1098,13,5,17,6,105,8,9,9,9,9,9,5,13,17,11,9,9,12,16,16,13,8,13,16,18,16,17,8,8,11,4,10,11,14,9,13,10,6,16,12,4,13,11,10,16,10,4,10,12,12,15,6,344,18,14,16,10,16,16,13,96,9,8,19,11,12,19,11,9,8,10,9,11,15,12,10,12,11,15,5,9,15,11,11,5,15,16,16,16,344,18,11,9,8,11,10,15,15,18,16,14,8,7,13,11,11,7,17,17,17,13,12,14,16,16,15,13,13,12,20,8,16
SBV158_plate02,54,1029,1293,1148,1096,54,1080,12,1143,1178,86,116,1018,1012,1184,1162,157,1107,1276,93,1027,98,25,5,93,11,336,6,1015,93,9,1020,96,11,9,9,10,12,7,12,4,8,7,6,3,5,4,3,3,5,3,7,9,10,6,9,5,12,4,15,9,11,5,9,11,5,11,4,10,3,17,12,9,7,3,4,12,5,10,4,4,4,3,6,155,6,15,5,10,11,10,10,5,6,3,3,5,8,7,4,15,11,11,7,4,12,4,10,13,5,3,8,3,6,12,5,4,12,1028,5,8,6,5,5,5,10,5,7,5,6,10,6,7,6,7,7,7,3,5,5,3,10,6,8,11,5,12,5,10,4,8,13,9,10,7,0,9,8,14,6,7,6,15,5,6,6,6,17,3,7,3,6,3,17,7,15,7,5,9,11,9,8,9,5,8,4,7,11,7,6,6,6,18,9,5,6,13,8,4,7,11,9,9,4,12,6,11,8,15,5,7,1145,15,9,8,7,8,10,8,159,9,7,8,12,13,5,9,10,6,11,14,4,10,8,6,4,10,11,10,4,12,13,8,14,1097,12,4,16,5,104,7,12,8,8,8,8,4,12,16,10,8,8,11,15,15,12,5,12,15,17,15,16,7,7,10,7,9,6,13,8,12,9,9,15,11,7,12,10,9,15,9,3,7,11,11,14,9,343,17,13,15,9,15,15,12,95,8,11,18,10,11,18,10,8,7,9,8,10,14,11,9,11,10,14,2,8,14,10,10,4,14,15,15,15,343,17,10,8,7,10,9,14,14,17,15,13,7,6,12,10,10,6,16,16,16,12,11,13,15,15,14,12,12,11,19,7,15
SBV159_plate02,57,1032,1296,1149,1097,57,1083,13,1146,1181,89,119,1021,1015,1187,1165,160,1110,1279,96,1030,101,28,6,96,10,339,9,1018,96,12,1023,99,10,12,12,13,13,10,11,7,11,6,9,6,6,5,6,6,8,6,10,12,13,9,12,8,11,7,16,12,14,8,12,14,8,14,7,13,8,20,15,12,6,8,7,15,8,13,7,7,7,6,5,158,5,14,8,9,14,9,13,8,9,6,6,4,11,6,7,18,14,10,10,7,15,7,13,16,8,6,11,8,9,15,8,7,11,1031,8,7,9,8,8,8,13,8,6,8,9,9,9,10,9,10,10,10,6,4,8,6,13,9,11,15,8,15,4,13,11,7,12,8,13,6,9,0,11,17,9,10,5,14,8,7,9,9,20,6,6,6,5,6,16,6,18,8,4,4,14,12,11,8,4,7,7,6,14,10,9,5,9,21,8,8,9,16,7,7,10,14,12,12,7,11,9,14,7,18,8,6,1148,18,12,11,10,11,13,11,162,12,10,11,15,14,8,8,13,9,14,13,11,13,11,9,7,13,14,13,9,15,16,11,17,1100,15,7,19,8,103,10,11,11,11,11,11,7,15,19,13,11,11,10,18,18,15,10,15,18,20,18,19,10,10,9,6,12,13,16,11,15,12,8,14,14,6,15,13,12,18,12,6,12,10,14,13,8,346,20,16,18,12,18,18,15,98,11,6,17,13,14,21,13,11,10,12,11,13,13,14,12,14,13,17,7,11,17,13,13,7,17,14,14,18,346,20,13,11,10,13,12,17,13,16,18,16,10,9,15,13,13,9,19,19,19,15,14,12,18,18,17,15,15,14,20,10,18
SBV160_plate02,56,1031,1295,1150,1098,56,1082,14,1145,1180,88,118,1020,1014,1186,1164,159,1109,1278,95,1029,100,27,7,95,13,338,8,1017,95,11,1022,98,13,11,11,12,14,9,14,6,10,9,8,5,7,6,5,5,7,5,9,11,12,8,11,7,14,6,17,11,13,7,11,13,7,13,4,12,7,19,14,11,9,7,6,14,5,12,6,4,6,5,8,157,8,17,7,12,13,12,12,7,8,5,5,7,10,9,4,17,13,13,7,4,14,4,10,15,5,5,10,7,8,14,5,6,14,1030,5,8,6,5,5,7,12,5,7,7,8,10,8,9,6,5,7,9,5,7,7,5,12,8,8,14,5,14,7,12,10,8,15,11,12,9,8,11,0,16,8,5,8,17,5,6,6,8,19,5,9,5,8,5,19,9,17,7,7,11,13,5,8,11,7,10,6,9,13,9,6,8,6,20,9,5,6,15,8,4,7,9,11,9,6,14,8,13,10,17,5,7,1147,17,9,10,7,8,12,10,161,11,7,4,12,15,5,11,10,6,11,16,10,10,10,8,6,10,13,12,8,14,15,10,16,1099,14,5,18,6,106,3,14,8,10,10,10,5,14,18,10,8,8,11,17,17,14,9,14,17,19,17,18,7,5,10,9,11,12,15,8,14,9,11,17,13,9,14,10,9,17,9,5,11,11,11,16,11,345,19,15,17,9,17,17,14,97,10,13,20,12,13,20,12,8,9,11,6,12,14,13,11,7,12,16,6,10,16,12,12,6,16,17,17,17,345,19,10,6,9,10,11,16,16,19,15,15,5,8,8,12,12,4,16,18,18,8,13,15,17,15,16,14,12,13,21,7,17
SBV161_plate02,58,1033,1296,1152,1100,58,1084,10,1147,1182,90,120,1022,1016,1188,1166,161,1111,1279,97,1031,102,29,13,97,15,340,10,1019,97,13,1024,100,15,7,7,13,9,15,10,12,6,15,14,11,13,12,11,11,13,11,15,13,6,14,5,9,6,12,18,5,7,13,5,9,13,7,12,4,11,21,6,7,15,11,12,12,13,4,12,12,12,11,14,159,14,9,13,14,5,14,8,13,14,11,11,13,12,15,12,7,7,9,15,12,8,12,18,5,13,11,16,13,14,8,13,12,8,1032,13,16,14,13,13,13,6,13,15,13,14,18,14,11,14,15,15,15,11,13,13,11,18,14,16,8,13,8,13,6,16,16,7,13,18,15,14,17,16,0,14,15,14,9,13,14,14,14,15,11,15,11,14,11,15,15,9,15,13,17,15,17,16,17,13,16,12,15,19,11,14,14,14,12,17,12,14,9,16,12,15,19,13,17,12,16,14,15,16,19,13,15,1149,9,17,12,15,16,6,12,163,13,15,16,20,9,13,17,18,14,19,22,16,18,12,14,12,18,15,18,14,20,17,12,22,1101,16,12,20,13,108,15,20,16,16,16,16,12,16,20,18,16,16,19,9,19,16,15,16,19,21,19,10,15,15,18,15,17,18,17,16,16,17,17,19,15,15,16,18,17,19,17,11,17,19,19,18,17,347,11,17,19,17,19,9,16,99,12,19,22,18,15,22,14,16,15,17,16,14,22,15,13,19,14,18,12,12,18,14,14,12,18,19,19,19,347,21,18,16,15,18,13,8,18,21,23,17,15,14,20,18,18,14,24,20,20,20,19,21,19,23,18,16,20,15,23,15,19
SBV162_plate02,54,1029,1293,1148,1096,54,1080,12,1143,1178,86,116,1018,1012,1184,1162,157,1107,1276,93,1027,98,25,5,93,11,336,6,1015,93,9,1020,96,11,9,9,10,12,7,12,4,8,7,6,3,5,4,3,3,5,3,7,9,10,6,9,5,12,4,15,9,11,5,9,11,5,11,4,10,5,17,12,9,7,5,4,12,5,10,4,4,4,3,6,155,6,15,5,10,11,10,10,5,6,3,3,5,8,7,4,15,11,11,7,4,12,4,10,13,5,3,8,5,6,12,5,4,12,1028,5,8,6,5,5,5,10,5,7,5,6,10,6,7,6,7,7,7,3,5,5,3,10,6,8,12,5,12,5,10,8,8,13,9,10,7,6,9,8,14,0,7,6,15,5,6,6,6,17,3,7,3,6,3,17,7,15,7,5,9,11,9,8,9,5,8,4,7,11,7,6,6,6,18,9,5,6,13,8,4,7,11,9,9,4,12,6,11,8,15,5,7,1145,15,9,8,7,8,10,8,159,9,7,8,12,13,5,9,10,6,11,14,8,10,8,6,4,10,11,10,6,12,13,8,14,1097,12,4,16,5,104,7,12,8,8,8,8,4,12,16,10,8,8,11,15,15,12,7,12,15,17,15,16,7,7,10,7,9,10,13,8,12,9,9,15,11,7,12,10,9,15,9,3,9,11,11,14,9,343,17,13,15,9,15,15,12,95,8,11,18,10,11,18,10,8,7,9,8,10,14,11,9,11,10,14,4,8,14,10,10,4,14,15,15,15,343,17,10,8,7,10,9,14,14,17,15,13,7,6,12,10,10,6,16,16,16,12,11,13,15,15,14,12,12,11,19,7,15
SBV163_plate02,55,1030,1294,1149,1096,55,1081,13,1144,1179,87,117,1019,1013,1185,1163,158,1108,1276,94,1028,99,26,6,94,12,337,7,1016,94,10,1021,97,12,10,10,11,13,8,13,5,9,8,7,4,6,5,4,4,6,4,8,10,11,7,10,6,13,5,16,10,12,6,10,12,6,12,3,11,6,18,13,10,8,6,5,13,4,11,5,3,5,4,7,156,7,16,6,11,12,11,11,6,7,4,4,6,9,8,3,16,12,12,6,3,13,3,9,14,4,4,9,6,7,13,4,5,13,1029,4,7,5,4,4,6,11,4,6,6,7,9,7,8,5,4,6,8,4,6,6,4,11,7,7,13,4,13,6,11,9,7,14,10,11,8,7,10,5,15,7,0,7,16,4,5,5,7,18,4,8,4,7,4,18,8,16,6,6,10,12,6,7,10,6,9,5,8,12,8,5,7,5,19,8,4,5,14,7,3,6,4,10,8,5,13,7,12,9,16,4,6,1145,16,8,9,6,7,11,9,160,10,6,5,11,14,4,10,9,5,10,15,9,9,9,7,5,9,12,11,7,13,14,9,15,1098,13,4,17,5,105,4,13,7,9,9,9,4,13,17,9,7,7,10,16,16,13,8,13,16,18,16,17,6,4,9,8,10,11,14,7,13,8,10,16,12,8,13,9,8,16,8,4,10,10,10,15,10,344,18,14,16,8,16,16,13,96,9,12,19,11,12,19,11,7,8,10,5,11,13,12,10,8,11,15,5,9,15,11,11,5,15,16,16,16,344,18,9,5,8,9,10,15,15,18,14,14,0,7,9,11,11,3,15,17,17,9,12,14,16,14,15,13,11,12,20,6,16
SBV164_plate02,54,1029,1293,1148,1096,54,1080,12,1143,1178,86,116,1018,1012,1184,1162,157,1107,1276,93,1027,98,25,5,93,11,336,6,1015,93,9,1020,96,11,9,9,10,12,7,12,4,8,7,6,3,5,4,3,3,5,3,7,9,10,6,9,5,12,4,15,9,11,5,9,11,5,11,4,10,5,17,12,9,7,5,4,12,5,10,4,4,4,3,6,155,6,15,5,10,11,10,10,5,6,3,3,5,8,7,4,15,11,11,7,4,12,4,10,13,5,3,8,5,6,12,5,4,12,1028,5,8,6,5,5,5,10,5,7,5,6,10,6,7,6,7,7,7,3,1,5,3,10,6,8,12,5,12,5,10,8,8,13,9,10,3,6,5,8,14,6,7,0,15,5,6,6,6,17,3,7,3,6,3,17,3,15,7,1,5,11,9,8,5,5,8,4,3,11,7,6,2,6,18,9,5,6,13,8,4,7,11,9,9,4,12,6,11,8,15,5,7,1145,15,9,8,7,8,10,8,159,9,7,8,12,13,5,5,10,6,11,14,8,10,8,6,4,10,11,10,6,12,13,8,14,1097,12,4,16,5,104,7,8,8,8,8,8,4,12,16,10,8,8,11,15,15,12,7,12,15,17,15,16,7,7,10,3,9,10,13,8,12,9,5,15,11,3,12,10,9,15,9,3,9,11,11,14,5,343,17,13,15,9,15,15,12,95,8,7,18,10,11,18,10,8,7,9,8,10,14,11,9,11,10,14,4,8,14,10,10,4,14,15,15,15,343,17,10,8,7,10,9,14,14,17,15,13,7,6,12,10,10,6,16,16,16,12,11,13,15,15,14,12,12,11,19,7,15
SBV165_plate02,59,1034,1297,1151,1099,59,1085,9,1148,1183,91,121,1023,1017,1189,1167,162,1112,1280,98,1032,103,30,12,98,12,341,11,1020,98,14,1025,101,12,8,8,14,9,16,7,13,7,12,15,12,12,11,12,12,14,12,16,14,7,15,6,10,3,13,18,6,8,14,6,10,14,8,13,5,12,22,7,8,12,12,13,13,14,5,13,13,13,12,11,160,11,6,14,11,6,11,9,14,15,12,12,10,13,12,13,10,8,6,16,13,9,13,19,8,14,12,17,14,15,9,14,13,5,1033,14,13,15,14,14,14,7,14,12,14,15,15,15,12,15,16,16,16,12,14,14,12,19,15,17,9,14,9,10,7,17,13,4,10,19,16,15,14,17,9,15,16,15,0,14,13,15,15,16,12,12,12,11,12,12,16,10,16,14,14,16,18,17,18,10,13,13,16,20,12,15,15,15,7,14,13,15,10,13,13,16,20,14,18,13,13,15,16,13,20,14,12,1150,4,18,13,16,17,7,13,164,14,16,17,21,8,14,18,19,15,20,19,17,19,13,15,13,19,16,19,15,21,18,13,23,1102,17,13,21,14,105,16,21,17,17,17,17,13,17,21,19,17,17,16,4,20,17,16,17,20,22,20,5,16,16,15,16,18,19,18,17,17,18,18,16,16,16,17,19,18,20,18,12,18,16,20,15,18,348,6,18,20,18,20,4,17,100,13,16,19,19,16,23,15,17,16,18,17,15,19,16,14,20,15,19,13,13,19,15,15,13,19,16,16,20,348,22,19,17,16,19,14,3,15,18,24,18,16,15,21,19,19,15,25,21,21,21,20,18,20,24,19,17,21,16,22,16,20
SBV166_plate02,53,1028,1292,1147,1095,53,1079,11,1142,1177,85,115,1017,1011,1183,1161,156,1106,1275,92,1026,97,24,4,92,10,335,5,1014,92,8,1019,95,10,8,8,9,11,6,11,3,7,6,5,2,4,3,2,2,4,2,6,8,9,5,8,4,11,3,14,8,10,4,8,10,4,10,1,9,4,16,11,8,6,4,3,11,2,9,3,1,3,2,5,154,5,14,4,9,10,9,9,4,5,2,2,4,7,6,1,14,10,10,4,1,11,1,7,12,2,2,7,4,5,11,2,3,11,1027,2,5,3,2,2,4,9,2,4,4,5,7,5,6,3,4,4,6,2,4,4,2,9,5,5,11,2,11,4,9,7,5,12,8,9,6,5,8,5,13,5,4,5,14,0,3,3,5,16,2,6,2,5,2,16,6,14,4,4,8,10,6,5,8,4,7,3,6,10,6,3,5,3,17,6,2,3,12,5,1,4,8,8,6,3,11,5,10,7,14,2,4,1144,14,6,7,4,5,9,7,158,8,4,5,9,12,2,8,7,3,8,13,7,7,7,5,3,7,10,9,5,11,12,7,13,1096,11,2,15,3,103,4,11,5,7,7,7,2,11,15,7,5,5,8,14,14,11,6,11,14,16,14,15,4,4,7,6,8,9,12,5,11,6,8,14,10,6,11,7,6,14,6,2,8,8,8,13,8,342,16,12,14,6,14,14,11,94,7,10,17,9,10,17,9,5,6,8,5,9,11,10,8,8,9,13,3,7,13,9,9,3,13,14,14,14,342,16,7,5,6,7,8,13,13,16,12,12,4,5,9,9,9,3,13,15,15,9,10,12,14,12,13,11,9,10,18,4,14
SBV167_plate02,54,1029,1292,1148,1096,54,1080,11,1143,1178,86,116,1018,1012,1184,1162,157,1107,1275,93,1027,98,25,4,93,9,336,6,1015,93,9,1020,96,9,9,9,10,12,7,10,4,8,5,6,3,4,3,3,3,5,3,7,9,10,6,9,5,10,4,15,9,11,5,9,11,5,11,2,10,5,17,12,9,5,5,4,12,3,10,4,2,4,3,4,155,4,13,5,8,11,8,10,5,6,3,3,3,8,5,2,15,11,9,5,2,12,2,6,13,3,3,8,5,6,12,1,4,10,1028,1,2,4,1,3,5,10,3,3,5,6,4,6,7,4,5,5,7,3,5,5,3,10,6,6,12,1,12,3,10,8,4,11,7,10,7,6,7,6,14,6,5,6,13,3,0,2,6,17,3,5,3,4,3,15,7,15,3,5,7,11,7,6,9,3,6,4,7,11,7,2,6,4,18,3,3,2,13,4,2,5,9,9,5,4,10,6,11,6,15,3,3,1145,15,5,8,5,4,10,8,159,9,5,6,10,12,3,9,8,4,9,12,8,6,8,6,4,8,11,10,6,12,13,8,14,1097,12,1,16,2,102,5,12,4,8,8,8,1,12,16,6,6,4,5,15,15,12,7,12,15,17,15,16,5,5,4,7,9,10,13,4,12,5,9,13,11,7,12,6,5,15,5,3,9,5,7,12,9,343,17,13,15,5,15,15,12,95,8,9,16,10,11,18,10,6,7,9,6,10,10,11,9,9,10,14,4,8,14,10,10,4,14,13,13,15,343,17,6,6,7,8,9,14,12,15,11,13,5,6,10,10,10,4,12,16,16,10,11,11,15,11,14,12,8,11,19,3,15
SBV168_plate02,54,1029,1293,1148,1096,54,1080,12,1143,1178,86,116,1018,1012,1184,1162,157,1107,1276,93,1027,98,25,5,93,11,336,6,1015,93,9,1020,96,11,9,9,10,12,7,12,4,8,7,6,3,5,4,3,3,5,3,7,9,10,6,9,5,12,4,15,9,11,5,9,11,5,11,2,10,5,17,12,9,7,5,4,12,3,10,4,2,4,3,6,155,6,15,5,10,11,10,10,5,6,3,3,5,8,7,2,15,11,11,5,2,12,2,6,13,3,3,8,5,6,12,1,4,12,1028,1,4,4,1,3,5,10,3,5,5,6,6,6,7,4,5,5,7,3,5,5,3,10,6,6,12,1,12,5,10,8,6,13,9,10,7,6,9,6,14,6,5,6,15,3,2,0,6,17,3,7,3,6,3,17,7,15,3,5,9,11,7,6,9,5,8,4,7,11,7,2,6,4,18,5,3,2,13,6,2,5,9,9,5,4,12,6,11,8,15,3,5,1145,15,5,8,5,4,10,8,159,9,5,6,10,13,3,9,8,4,9,14,8,6,8,6,4,8,11,10,6,12,13,8,14,1097,12,1,16,2,104,5,12,4,8,8,8,1,12,16,6,6,4,7,15,15,12,7,12,15,17,15,16,5,5,6,7,9,10,13,4,12,5,9,15,11,7,12,6,5,15,5,3,9,7,7,14,9,343,17,13,15,5,15,15,12,95,8,11,18,10,11,18,10,6,7,9,6,10,12,11,9,9,10,14,4,8,14,10,10,4,14,15,15,15,343,17,6,6,7,8,9,14,14,17,11,13,5,6,10,10,10,4,12,16,16,10,11,13,15,11,14,12,8,11,19,3,15
SBV169_plate02,54,1029,1293,1148,1096,54,1080,12,1143,1178,86,116,1018,1012,1184,1162,157,1107,1276,93,1027,98,25,5,93,11,336,6,1015,93,9,1020,96,11,9,9,10,12,7,12,4,8,7,6,3,5,4,3,3,5,3,7,9,10,6,9,5,12,4,15,9,11,5,9,11,5,11,4,10,5,17,12,9,7,5,4,12,5,10,4,4,4,3,6,155,6,15,5,10,11,10,10,5,6,3,3,5,8,7,4,15,11,11,7,4,12,4,10,13,5,3,8,5,6,12,5,4,12,1028,5,8,6,5,5,5,10,5,7,5,6,10,6,7,6,7,7,7,3,5,5,3,10,6,8,12,5,12,5,10,8,8,13,9,10,7,6,9,8,14,6,7,6,15,5,6,6,0,17,3,7,3,6,3,17,7,15,7,5,9,11,9,8,9,5,8,4,7,11,7,6,6,6,18,9,5,6,13,8,4,7,11,9,9,4,12,6,11,4,15,5,7,1145,15,9,8,7,8,10,8,159,9,7,8,12,13,5,9,10,6,11,14,8,10,8,6,4,10,11,10,6,12,13,8,14,1097,12,4,16,5,104,7,12,8,8,8,8,4,12,16,10,8,8,11,15,15,12,7,12,15,17,15,16,7,7,10,7,9,10,13,8,12,9,9,15,11,7,12,10,9,15,9,3,9,11,11,14,9,343,17,13,15,9,15,15,12,95,8,11,18,10,11,18,10,8,7,9,8,10,14,11,9,11,10,14,4,8,14,10,10,4,14,15,15,15,343,17,10,8,7,10,9,14,14,17,15,13,7,6,12,10,10,6,16,16,16,12,11,13,15,15,14,12,12,11,19,7,15
SBV170_plate02,61,1036,1299,1155,1103,61,1087,13,1150,1185,93,123,1025,1019,1191,1169,164,1114,1282,100,1034,105,32,16,100,18,343,13,1022,100,16,1027,103,18,10,10,16,13,18,13,15,9,18,17,14,16,15,14,14,16,14,18,16,11,17,10,12,13,15,22,10,12,16,10,12,16,12,15,11,14,24,13,10,18,14,15,15,16,11,15,15,15,14,17,162,17,16,16,17,12,17,11,16,17,14,14,16,15,18,15,16,12,12,18,15,13,15,21,14,16,14,19,16,17,13,16,15,13,1035,16,19,17,16,16,16,11,16,18,16,17,21,17,14,17,18,18,18,14,16,16,14,21,17,19,13,16,13,16,11,19,19,14,16,21,18,17,20,19,15,17,18,17,16,16,17,17,17,0,14,18,14,17,14,6,18,16,18,16,20,18,20,19,20,16,19,15,18,22,14,17,17,17,19,20,16,17,14,19,15,18,22,16,20,15,19,17,18,19,22,16,18,1152,16,20,15,18,19,11,15,166,16,18,19,23,14,16,20,21,17,22,25,19,21,15,17,15,21,18,21,17,23,20,15,25,1104,19,15,23,16,111,18,23,19,19,19,19,15,19,23,21,19,19,22,16,22,19,18,19,22,24,22,17,18,18,21,18,20,21,20,19,19,20,20,22,18,18,19,21,20,22,20,14,20,22,22,21,20,350,18,20,22,20,22,16,19,102,15,22,25,21,18,25,17,19,18,20,19,17,25,18,16,22,17,21,15,15,21,17,17,15,21,22,22,22,350,24,21,19,18,21,16,15,21,24,26,20,18,17,23,21,21,17,27,23,23,23,22,24,22,26,21,19,23,18,26,18,22
SBV171_plate02,51,1026,1290,1145,1093,51,1077,9,1140,1175,83,113,1015,1009,1181,1159,154,1104,1273,90,1024,95,22,2,90,8,333,3,1012,90,6,1017,93,8,6,6,7,9,4,9,1,5,4,3,0,2,1,0,0,2,0,4,6,7,3,6,2,9,1,12,6,8,2,6,8,2,8,1,7,2,14,9,6,4,2,1,9,2,7,1,1,1,0,3,152,3,12,2,7,8,7,7,2,3,0,0,2,5,4,1,12,8,8,4,1,9,1,7,10,2,0,5,2,3,9,2,1,9,1025,2,5,3,2,2,2,7,2,4,2,3,7,3,4,3,4,4,4,0,2,2,0,7,3,5,9,2,9,2,7,5,5,10,6,7,4,3,6,5,11,3,4,3,12,2,3,3,3,14,0,4,0,3,0,14,4,12,4,2,6,8,6,5,6,2,5,1,4,8,4,3,3,3,15,6,2,3,10,5,1,4,8,6,6,1,9,3,8,5,12,2,4,1142,12,6,5,4,5,7,5,156,6,4,5,9,10,2,6,7,3,8,11,5,7,5,3,1,7,8,7,3,9,10,5,11,1094,9,1,13,2,101,4,9,5,5,5,5,1,9,13,7,5,5,8,12,12,9,4,9,12,14,12,13,4,4,7,4,6,7,10,5,9,6,6,12,8,4,9,7,6,12,6,0,6,8,8,11,6,340,14,10,12,6,12,12,9,92,5,8,15,7,8,15,7,5,4,6,5,7,11,8,6,8,7,11,1,5,11,7,7,1,11,12,12,12,340,14,7,5,4,7,6,11,11,14,12,10,4,3,9,7,7,3,13,13,13,9,8,10,12,12,11,9,9,8,16,4,12
SBV172_plate02,55,1030,1294,1147,1095,55,1081,11,1144,1179,87,117,1019,1013,1185,1163,158,1108,1277,94,1028,99,26,4,94,8,337,7,1016,94,10,1021,97,8,10,10,11,11,8,9,5,9,4,7,4,4,3,4,4,6,4,8,10,11,7,10,6,9,5,14,10,12,6,10,12,6,12,5,11,6,18,13,10,4,6,5,13,6,11,5,5,5,4,3,156,3,12,6,7,12,7,11,6,7,4,4,2,9,4,5,16,12,8,8,5,13,5,11,14,6,4,9,6,7,13,6,5,9,1029,6,5,7,6,6,6,11,6,4,6,7,7,7,8,7,8,8,8,4,6,6,4,11,7,9,13,6,13,2,11,9,5,10,6,11,8,7,6,9,15,7,8,7,12,6,5,7,7,18,4,0,4,3,4,14,8,16,8,6,6,12,10,9,10,2,5,5,8,12,8,7,7,7,19,6,6,7,14,5,5,8,12,10,10,5,9,7,12,5,16,6,4,1146,16,10,9,8,9,11,9,160,10,8,9,13,12,6,10,11,7,12,11,9,11,9,7,5,11,12,11,7,13,14,9,15,1098,13,5,17,6,101,8,13,9,9,9,9,5,13,17,11,9,9,8,16,16,13,8,13,16,18,16,17,8,8,7,8,10,11,14,9,13,10,10,12,12,8,13,11,10,16,10,4,10,8,12,11,10,344,18,14,16,10,16,16,13,96,9,8,15,11,12,19,11,9,8,10,9,11,11,12,10,12,11,15,5,9,15,11,11,5,15,12,12,16,344,18,11,9,8,11,10,15,11,14,16,14,8,7,13,11,11,7,17,17,17,13,12,10,16,16,15,13,13,12,18,8,16
SBV173_plate02,51,1026,1290,1145,1093,51,1077,9,1140,1175,83,113,1015,1009,1181,1159,154,1104,1273,90,1024,95,22,2,90,8,333,3,1012,90,6,1017,93,8,6,6,7,9,4,9,1,5,4,3,0,2,1,0,0,2,0,4,6,7,3,6,2,9,1,12,6,8,2,6,8,2,8,1,7,2,14,9,6,4,2,1,9,2,7,1,1,1,0,3,152,3,12,2,7,8,7,7,2,3,0,0,2,5,4,1,12,8,8,4,1,9,1,7,10,2,0,5,2,3,9,2,1,9,1025,2,5,3,2,2,2,7,2,4,2,3,7,3,4,3,4,4,4,0,2,2,0,7,3,5,9,2,9,2,7,5,5,10,6,7,4,3,6,5,11,3,4,3,12,2,3,3,3,14,0,4,0,3,0,14,4,12,4,2,6,8,6,5,6,2,5,1,4,8,4,3,3,3,15,6,2,3,10,5,1,4,8,6,6,1,9,3,8,5,12,2,4,1142,12,6,5,4,5,7,5,156,6,4,5,9,10,2,6,7,3,8,11,5,7,5,3,1,7,8,7,3,9,10,5,11,1094,9,1,13,2,101,4,9,5,5,5,5,1,9,13,7,5,5,8,12,12,9,4,9,12,14,12,13,4,4,7,4,6,7,10,5,9,6,6,12,8,4,9,7,6,12,6,0,6,8,8,11,6,340,14,10,12,6,12,12,9,92,5,8,15,7,8,15,7,5,4,6,5,7,11,8,6,8,7,11,1,5,11,7,7,1,11,12,12,12,340,14,7,5,4,7,6,11,11,14,12,10,4,3,9,7,7,3,13,13,13,9,8,10,12,12,11,9,9,8,16,4,12
SBV174_plate02,54,1029,1293,1146,1094,54,1080,10,1143,1178,86,116,1018,1012,1184,1162,157,1107,1276,93,1027,98,25,3,93,7,336,6,1015,93,9,1020,96,7,9,9,10,10,7,8,4,8,3,6,3,3,2,3,3,5,3,7,9,10,6,9,5,8,4,13,9,11,5,9,11,5,11,4,10,5,17,12,9,3,5,4,12,5,10,4,4,4,3,2,155,2,11,5,6,11,6,10,5,6,3,3,1,8,3,4,15,11,7,7,4,12,4,10,13,5,3,8,5,6,12,5,4,8,1028,5,4,6,5,5,5,10,5,3,5,6,6,6,7,6,7,7,7,3,5,5,3,10,6,8,12,5,12,1,10,8,4,9,5,10,7,6,5,8,14,6,7,6,11,5,4,6,6,17,3,3,3,0,3,13,7,15,7,5,5,11,9,8,9,1,4,4,7,11,7,6,6,6,18,5,5,6,13,4,4,7,11,9,9,4,8,6,11,4,15,5,3,1145,15,9,8,7,8,10,8,159,9,7,8,12,11,5,9,10,6,11,10,8,10,8,6,4,10,11,10,6,12,13,8,14,1097,12,4,16,5,100,7,12,8,8,8,8,4,12,16,10,8,8,7,15,15,12,7,12,15,17,15,16,7,7,6,7,9,10,13,8,12,9,9,11,11,7,12,10,9,15,9,3,9,7,11,10,9,343,17,13,15,9,15,15,12,95,8,7,14,10,11,18,10,8,7,9,8,10,10,11,9,11,10,14,4,8,14,10,10,4,14,11,11,15,343,17,10,8,7,10,9,14,10,13,15,13,7,6,12,10,10,6,16,16,16,12,11,9,15,15,14,12,12,11,17,7,15
SBV175_plate02,51,1026,1290,1145,1093,51,1077,9,1140,1175,83,113,1015,1009,1181,1159,154,1104,1273,90,1024,95,22,2,90,8,333,3,1012,90,6,1017,93,8,6,6,7,9,4,9,1,5,4,3,0,2,1,0,0,2,0,4,6,7,3,6,2,9,1,12,6,8,2,6,8,2,8,1,7,2,14,9,6,4,2,1,9,2,7,1,1,1,0,3,152,3,12,2,7,8,7,7,2,3,0,0,2,5,4,1,12,8,8,4,1,9,1,7,10,2,0,5,2,3,9,2,1,9,1025,2,5,3,2,2,2,7,2,4,2,3,7,3,4,3,4,4,4,0,2,2,0,7,3,5,9,2,9,2,7,5,5,10,6,7,4,3,6,5,11,3,4,3,12,2,3,3,3,14,0,4,0,3,0,14,4,12,4,2,6,8,6,5,6,2,5,1,4,8,4,3,3,3,15,6,2,3,10,5,1,4,8,6,6,1,9,3,8,5,12,2,4,1142,12,6,5,4,5,7,5,156,6,4,5,9,10,2,6,7,3,8,11,5,7,5,3,1,7,8,7,3,9,10,5,11,1094,9,1,13,2,101,4,9,5,5,5,5,1,9,13,7,5,5,8,12,12,9,4,9,12,14,12,13,4,4,7,4,6,7,10,5,9,6,6,12,8,4,9,7,6,12,6,0,6,8,8,11,6,340,14,10,12,6,12,12,9,92,5,8,15,7,8,15,7,5,4,6,5,7,11,8,6,8,7,11,1,5,11,7,7,1,11,12,12,12,340,14,7,5,4,7,6,11,11,14,12,10,4,3,9,7,7,3,13,13,13,9,8,10,12,12,11,9,9,8,16,4,12
SBV176_plate02,61,1036,1299,1153,1101,61,1087,11,1150,1185,93,123,1025,1019,1191,1169,164,1114,1282,100,1034,105,32,14,100,14,343,13,1022,100,16,1027,103,14,10,10,16,11,18,9,15,9,14,17,14,14,13,14,14,16,14,18,16,11,17,10,12,9,15,20,10,12,16,10,12,16,12,15,11,14,24,13,10,14,14,15,15,16,11,15,15,15,14,13,162,13,12,16,13,12,13,11,16,17,14,14,12,15,14,15,16,12,8,18,15,13,15,21,14,16,14,19,16,17,13,16,15,9,1035,16,15,17,16,16,16,11,16,14,16,17,17,17,14,17,18,18,18,14,16,16,14,21,17,19,13,16,13,12,11,19,15,10,12,21,18,17,16,19,15,17,18,17,12,16,15,17,17,6,14,14,14,13,14,0,18,16,18,16,16,18,20,19,20,12,15,15,18,22,14,17,17,17,19,16,16,17,14,15,15,18,22,16,20,15,15,17,18,15,22,16,14,1152,16,20,15,18,19,11,15,166,16,18,19,23,12,16,20,21,17,22,21,19,21,15,17,15,21,18,21,17,23,20,15,25,1104,19,15,23,16,107,18,23,19,19,19,19,15,19,23,21,19,19,18,16,22,19,18,19,22,24,22,17,18,18,17,18,20,21,20,19,19,20,20,18,18,18,19,21,20,22,20,14,20,18,22,17,20,350,18,20,22,20,22,16,19,102,15,18,21,21,18,25,17,19,18,20,19,17,21,18,16,22,17,21,15,15,21,17,17,15,21,18,18,22,350,24,21,19,18,21,16,15,17,20,26,20,18,17,23,21,21,17,27,23,23,23,22,20,22,26,21,19,23,18,24,18,22
SBV177_plate03,55,1030,1294,1149,1097,55,1081,13,1144,1179,87,117,1019,1013,1185,1163,158,1108,1277,94,1028,99,26,6,94,12,337,7,1016,94,10,1021,97,12,10,10,11,13,8,13,5,9,8,7,4,6,5,4,4,6,4,8,10,11,7,10,6,13,5,16,10,12,6,10,12,6,12,5,11,6,18,13,10,8,6,5,13,6,11,5,5,5,4,7,156,7,16,6,11,12,11,11,6,7,4,4,6,9,7,5,16,12,12,8,5,13,5,11,14,6,4,9,6,7,13,6,5,13,1029,6,9,7,6,6,6,11,6,8,6,7,11,7,8,7,8,8,8,4,2,6,4,11,7,9,13,6,13,6,11,9,9,14,10,11,4,7,6,9,15,7,8,3,16,6,7,7,7,18,4,8,4,7,4,18,0,16,8,2,6,12,10,9,6,6,9,5,4,12,8,7,3,7,19,10,6,7,14,9,5,8,12,10,10,5,13,7,12,9,16,6,8,1146,16,10,9,8,9,11,9,160,10,8,9,13,14,6,6,11,7,12,15,9,11,9,7,5,11,12,11,7,13,14,9,15,1098,13,5,17,6,105,8,9,9,9,9,9,5,13,17,11,9,9,12,16,16,13,8,13,16,18,16,17,8,8,11,4,10,11,14,9,13,10,6,16,12,4,13,11,10,16,10,4,10,12,12,15,6,344,18,14,16,10,16,16,13,96,9,8,19,11,12,19,11,9,8,10,9,11,15,12,10,12,11,15,5,9,15,11,11,5,15,16,16,16,344,18,11,9,8,11,10,15,15,18,16,14,8,7,13,11,11,7,17,17,17,13,12,14,16,16,15,13,13,12,20,8,16
SBV178_plate03,59,1034,1297,1153,1101,59,1085,11,1148,1183,91,121,1023,1017,1189,1167,162,1112,1280,98,1032,103,30,14,98,16,341,11,1020,98,14,1025,101,16,8,8,14,11,16,11,13,7,16,15,12,14,13,12,12,14,12,16,14,7,15,6,10,7,13,20,6,8,14,6,10,14,8,13,5,12,22,7,8,16,12,13,13,14,5,13,13,13,12,15,160,15,10,14,15,6,15,9,14,15,12,12,14,13,16,13,10,8,10,16,13,9,13,19,8,14,12,17,14,15,9,14,13,9,1033,14,17,15,14,14,14,7,14,16,14,15,19,15,12,15,16,16,16,12,14,14,12,19,15,17,9,14,9,14,7,17,17,8,14,19,16,15,18,17,9,15,16,15,10,14,15,15,15,16,12,16,12,15,12,16,16,0,16,14,18,16,18,17,18,14,17,13,16,20,12,15,15,15,13,18,13,15,10,17,13,16,20,14,18,13,17,15,16,17,20,14,16,1150,10,18,13,16,17,7,13,164,14,16,17,21,10,14,18,19,15,20,23,17,19,13,15,13,19,16,19,15,21,18,13,23,1102,17,13,21,14,109,16,21,17,17,17,17,13,17,21,19,17,17,20,10,20,17,16,17,20,22,20,11,16,16,19,16,18,19,18,17,17,18,18,20,16,16,17,19,18,20,18,12,18,20,20,19,18,348,12,18,20,18,20,10,17,100,13,20,23,19,16,23,15,17,16,18,17,15,23,16,14,20,15,19,13,13,19,15,15,13,19,20,20,20,348,22,19,17,16,19,14,9,19,22,24,18,16,15,21,19,19,15,25,21,21,21,20,22,20,24,19,17,21,16,24,16,20
SBV179_plate03,55,1030,1294,1149,1097,55,1081,13,1144,1179,87,117,1019,1013,1185,1163,158,1108,1277,94,1028,99,26,6,94,12,337,7,1016,94,10,1021,97,12,10,10,11,13,8,13,5,9,8,7,4,6,5,4,4,6,4,8,10,11,7,10,6,13,5,16,10,12,6,10,12,6,12,3,11,6,18,13,10,8,6,5,13,4,11,5,3,5,4,7,156,7,16,6,11,12,11,11,6,7,4,4,6,9,8,3,16,12,12,6,3,13,3,7,14,4,4,9,6,7,13,2,5,13,1029,2,5,5,2,4,6,11,4,6,6,7,7,7,8,5,6,6,8,4,6,6,4,11,7,7,13,2,13,6,11,9,7,14,10,11,8,7,8,7,15,7,6,7,16,4,3,3,7,18,4,8,4,7,4,18,8,16,0,6,10,12,8,7,10,6,9,5,8,12,8,3,7,5,19,6,4,3,14,7,3,6,10,10,6,5,13,7,12,9,16,4,6,1146,16,6,9,6,5,11,9,160,10,6,7,11,14,4,10,9,5,10,15,9,7,9,7,5,9,12,11,7,13,14,9,15,1098,13,2,17,3,105,6,13,5,9,9,9,2,13,17,7,7,5,8,16,16,13,8,13,16,18,16,17,6,6,7,8,10,11,14,5,13,6,10,16,12,8,13,7,6,16,6,4,10,8,8,15,10,344,18,14,16,6,16,16,13,96,9,12,19,11,12,19,11,7,8,10,7,11,13,12,10,10,11,15,5,9,15,11,11,5,15,16,16,16,344,18,7,7,8,9,10,15,15,18,12,14,6,7,11,11,11,5,13,17,17,11,12,14,16,12,15,13,9,12,20,4,16
SBV180_plate03,53,1028,1292,1147,1095,53,1079,11,1142,1177,85,115,1017,1011,1183,1161,156,1106,1275,92,1026,97,24,4,92,10,335,5,1014,92,8,1019,95,10,8,8,9,11,6,11,3,7,6,5,2,4,3,2,2,4,2,6,8,9,5,8,4,11,3,14,8,10,4,8,10,4,10,3,9,4,16,11,8,6,4,3,11,4,9,3,3,3,2,5,154,5,14,4,9,10,9,9,4,5,2,2,4,7,6,3,14,10,10,6,3,11,3,9,12,4,2,7,4,5,11,4,3,11,1027,4,7,5,4,4,4,9,4,6,4,5,9,5,6,5,6,6,6,2,0,4,2,9,5,7,11,4,11,4,9,7,7,12,8,9,2,5,4,7,13,5,6,1,14,4,5,5,5,16,2,6,2,5,2,16,2,14,6,0,4,10,8,7,4,4,7,3,2,10,6,5,1,5,17,8,4,5,12,7,3,6,10,8,8,3,11,5,10,7,14,4,6,1144,14,8,7,6,7,9,7,158,8,6,7,11,12,4,4,9,5,10,13,7,9,7,5,3,9,10,9,5,11,12,7,13,1096,11,3,15,4,103,6,7,7,7,7,7,3,11,15,9,7,7,10,14,14,11,6,11,14,16,14,15,6,6,9,2,8,9,12,7,11,8,4,14,10,2,11,9,8,14,8,2,8,10,10,13,4,342,16,12,14,8,14,14,11,94,7,6,17,9,10,17,9,7,6,8,7,9,13,10,8,10,9,13,3,7,13,9,9,3,13,14,14,14,342,16,9,7,6,9,8,13,13,16,14,12,6,5,11,9,9,5,15,15,15,11,10,12,14,14,13,11,11,10,18,6,14
SBV181_plate03,57,1032,1296,1149,1097,57,1083,13,1146,1181,89,119,1021,1015,1187,1165,160,1110,1279,96,1030,101,28,6,96,10,339,9,1018,96,12,1023,99,10,12,12,13,13,10,11,7,11,6,9,6,6,5,6,6,8,6,10,12,13,9,12,8,11,7,15,12,14,8,12,14,8,14,7,13,8,20,15,12,6,8,7,15,8,13,7,7,7,6,5,158,5,14,8,9,14,9,13,8,9,6,6,4,11,6,7,18,14,10,10,7,15,7,13,16,8,6,11,8,9,15,8,7,11,1031,8,7,9,8,8,8,13,8,6,8,9,9,9,10,9,10,10,10,6,4,8,6,13,9,11,15,8,15,4,13,11,7,12,8,13,6,9,4,11,17,9,10,5,14,8,7,9,9,20,6,6,6,5,6,16,6,18,10,4,0,14,12,11,8,4,7,7,4,14,10,9,5,9,21,8,8,9,16,7,7,10,14,12,12,7,11,9,14,7,18,8,6,1148,18,12,11,10,11,13,11,162,12,10,11,15,14,8,8,13,9,14,13,11,13,11,9,7,13,14,13,9,15,16,11,17,1100,15,7,19,8,103,10,11,11,11,11,11,7,15,19,13,11,11,10,18,18,15,10,15,18,20,18,19,10,10,9,6,12,13,16,11,15,12,8,14,14,6,15,13,12,18,12,6,12,10,14,13,8,346,20,16,18,12,18,18,15,98,11,6,17,13,14,21,13,11,10,12,11,13,13,14,12,14,13,17,7,11,17,13,13,7,17,14,14,18,346,20,13,11,10,13,12,17,13,16,18,16,10,9,15,13,13,9,19,19,19,15,14,12,18,18,17,15,15,14,20,10,18
SBV183_plate03,53,1028,1292,1147,1095,53,1079,13,1142,1177,85,115,1017,1011,1183,1161,156,1106,1275,92,1026,97,24,10,92,10,335,5,1014,92,8,1019,95,10,8,10,9,13,12,13,9,9,12,11,8,10,9,8,8,10,8,12,8,11,11,10,6,13,9,14,10,12,10,10,12,10,12,9,11,8,16,13,10,12,8,9,13,10,11,9,9,9,8,11,154,11,16,10,7,12,7,11,10,11,8,8,10,5,12,9,16,12,12,12,9,13,9,15,14,10,8,13,10,11,13,10,9,13,1027,10,13,11,10,10,10,11,10,12,10,11,15,11,4,11,12,12,12,8,10,10,8,15,11,13,13,10,13,10,11,13,13,14,6,15,12,11,14,13,15,11,12,11,16,10,11,11,11,18,8,12,8,11,8,18,12,16,12,10,14,0,14,13,14,10,13,9,12,16,6,11,11,11,19,14,10,11,14,13,9,12,16,10,14,9,9,11,6,13,16,10,12,1144,16,14,5,12,13,11,5,158,6,12,13,17,14,10,14,15,11,16,19,13,15,5,11,9,15,8,15,11,17,4,5,19,1096,9,9,7,10,103,12,17,13,13,13,13,9,9,7,15,13,13,16,16,6,9,12,3,6,8,6,17,12,12,15,12,14,15,4,13,9,14,14,12,8,12,3,15,14,6,14,8,14,16,16,11,14,342,18,10,12,14,12,16,9,94,5,16,9,15,8,9,5,13,12,14,13,5,19,6,6,16,5,11,9,5,11,5,7,9,11,6,6,12,342,14,15,13,12,15,6,15,5,14,20,10,12,11,17,15,15,11,21,13,13,17,16,18,12,20,11,9,17,10,16,12,12
SBV184_plate03,57,1032,1295,1151,1099,57,1083,15,1146,1181,89,119,1021,1015,1187,1165,160,1110,1278,96,1030,101,28,8,96,14,339,9,1018,96,12,1023,99,14,12,12,13,15,10,15,7,11,10,9,6,8,7,6,6,8,6,10,12,13,9,12,8,15,7,18,12,14,8,12,14,8,14,5,13,8,20,15,12,10,8,7,15,6,13,7,5,7,6,9,158,9,18,8,13,14,13,13,8,9,6,6,8,11,10,5,18,14,14,8,5,15,5,11,16,6,6,11,8,9,15,6,7,15,1031,6,9,7,6,6,8,13,6,8,8,9,11,9,10,7,6,8,10,6,8,8,6,13,9,9,15,6,15,8,13,11,9,16,12,13,10,9,12,5,17,9,6,9,18,6,7,7,9,20,6,10,6,9,6,20,10,18,8,8,12,14,0,9,12,8,11,7,10,14,10,7,9,7,21,10,6,7,16,9,5,8,10,12,10,7,15,9,14,11,18,6,8,1148,18,10,11,8,9,13,11,162,12,8,5,13,16,6,12,11,7,12,17,11,11,11,9,7,11,14,13,9,15,16,11,17,1100,15,6,19,7,107,4,15,9,11,11,11,6,15,19,11,9,9,12,18,18,15,10,15,18,20,18,19,8,6,11,10,12,13,16,9,15,10,12,18,14,10,15,11,10,18,10,6,12,12,12,17,12,346,20,16,18,10,18,18,15,98,11,14,21,13,14,21,13,9,10,12,7,13,15,14,12,8,13,17,7,11,17,13,13,7,17,18,18,18,346,20,11,7,10,11,12,17,17,20,16,16,6,9,9,13,13,5,17,19,19,9,14,16,18,16,17,15,13,14,22,8,18
SBV185_plate03,56,1030,1294,1150,1098,56,1082,12,1145,1180,88,118,1020,1014,1184,1164,159,1109,1277,95,1029,100,27,7,95,13,338,8,1017,95,11,1022,98,13,11,11,12,14,7,14,6,10,9,8,5,7,6,5,5,7,5,7,11,12,8,11,7,14,6,15,11,11,7,11,11,7,13,4,12,7,19,12,11,9,7,6,14,5,12,4,4,6,5,6,157,8,17,7,12,13,12,12,7,8,5,5,7,10,9,4,17,13,13,7,4,14,4,10,15,5,5,10,7,8,14,5,6,14,1030,5,8,6,5,5,5,12,5,7,7,8,10,8,9,6,7,7,9,5,7,7,5,12,8,8,14,5,14,7,12,10,8,15,11,12,9,8,11,8,16,8,7,8,17,5,6,6,8,19,5,9,5,8,5,19,9,17,7,7,11,13,9,0,11,7,10,6,9,13,7,6,8,6,20,9,5,6,15,8,4,7,11,11,9,6,14,6,13,10,17,5,7,1147,17,9,10,5,8,12,10,161,11,7,8,12,15,5,11,10,6,9,16,10,10,10,8,6,10,13,12,8,14,15,10,16,1099,14,5,18,6,106,7,14,8,10,10,10,5,14,18,10,8,8,9,17,17,14,9,14,17,19,17,18,7,7,10,9,11,12,15,8,14,9,11,17,13,9,14,10,9,17,9,5,11,11,11,16,11,345,19,15,17,9,17,17,14,97,10,13,20,12,13,20,12,8,9,11,8,12,14,11,11,11,12,16,6,10,16,12,12,6,16,17,15,17,345,19,10,8,9,10,11,16,16,19,15,15,7,8,12,12,12,6,16,18,18,12,13,15,17,15,16,14,12,13,19,7,17
SBV186_plate03,57,1032,1296,1151,1099,57,1083,15,1146,1181,89,119,1021,1015,1187,1165,160,1110,1279,96,1030,101,28,8,96,14,339,9,1018,96,12,1023,99,14,12,12,13,15,10,15,7,11,10,9,6,8,7,6,6,8,6,10,12,13,9,12,8,15,7,18,12,14,8,12,14,8,14,7,13,8,20,15,12,10,8,7,15,8,13,7,7,7,6,9,158,9,18,8,13,14,13,13,8,9,6,6,8,11,10,7,18,14,14,10,7,15,7,13,16,8,6,11,8,9,15,8,7,15,1031,8,11,9,8,8,8,13,8,10,8,9,13,9,10,9,10,10,10,6,4,8,6,13,9,11,15,8,15,8,13,11,11,16,12,13,6,9,8,11,17,9,10,5,18,8,9,9,9,20,6,10,6,9,6,20,6,18,10,4,8,14,12,11,0,8,11,7,6,14,10,9,3,9,21,12,8,9,16,11,7,10,14,12,12,7,15,9,14,11,18,8,10,1148,18,12,11,10,11,13,11,162,12,10,11,15,16,8,6,13,9,14,17,11,13,11,9,7,13,14,13,9,15,16,11,17,1100,15,7,19,8,107,10,9,11,11,11,11,7,15,19,13,11,11,14,18,18,15,10,15,18,20,18,19,10,10,13,4,12,13,16,11,15,12,6,18,14,4,15,13,12,18,12,6,12,14,14,17,6,346,20,16,18,12,18,18,15,98,11,8,21,13,14,21,13,11,10,12,11,13,17,14,12,14,13,17,7,11,17,13,13,7,17,18,18,18,346,20,13,11,10,13,12,17,17,20,18,16,10,9,15,13,13,9,19,19,19,15,14,16,18,18,17,15,15,14,22,10,18
SBV187_plate03,53,1028,1292,1145,1093,53,1079,9,1142,1177,85,115,1017,1011,1183,1161,156,1106,1275,92,1026,97,24,2,92,6,335,5,1014,92,8,1019,95,6,8,8,9,9,6,7,3,7,2,5,2,2,1,2,2,4,2,6,8,9,5,8,4,7,3,12,8,10,4,8,10,4,10,3,9,4,16,11,8,2,4,3,11,4,9,3,3,3,2,1,154,1,10,4,5,10,5,9,4,5,2,2,0,7,2,3,14,10,6,6,3,11,3,9,12,4,2,7,4,5,11,4,3,7,1027,4,3,5,4,4,4,9,4,2,4,5,5,5,6,5,6,6,6,2,4,4,2,9,5,7,11,4,11,0,9,7,3,8,4,9,6,5,4,7,13,5,6,5,10,4,3,5,5,16,2,2,2,1,2,12,6,14,6,4,4,10,8,7,8,0,3,3,6,10,6,5,5,5,17,4,4,5,12,3,3,6,10,8,8,3,7,5,10,3,14,4,2,1144,14,8,7,6,7,9,7,158,8,6,7,11,10,4,8,9,5,10,9,7,9,7,5,3,9,10,9,5,11,12,7,13,1096,11,3,15,4,99,6,11,7,7,7,7,3,11,15,9,7,7,6,14,14,11,6,11,14,16,14,15,6,6,5,6,8,9,12,7,11,8,8,10,10,6,11,9,8,14,8,2,8,6,10,9,8,342,16,12,14,8,14,14,11,94,7,6,13,9,10,17,9,7,6,8,7,9,9,10,8,10,9,13,3,7,13,9,9,3,13,10,10,14,342,16,9,7,6,9,8,13,9,12,14,12,6,5,11,9,9,5,15,15,15,11,10,8,14,14,13,11,11,10,16,6,14
SBV188_plate03,56,1031,1294,1148,1096,56,1082,12,1145,1180,88,118,1020,1014,1186,1164,159,1109,1277,95,1029,100,27,5,95,9,338,8,1017,95,11,1022,98,9,11,11,12,12,9,10,6,10,5,8,5,5,4,5,5,7,5,9,11,12,8,11,7,10,6,15,11,13,7,11,13,7,13,6,12,7,19,14,11,5,7,6,14,7,12,6,6,6,5,4,157,4,13,7,8,13,8,12,7,8,5,5,3,10,5,6,17,13,9,9,6,14,6,12,15,7,5,10,7,8,14,7,6,10,1030,7,6,8,7,7,7,12,7,5,7,8,8,8,9,8,9,9,9,5,7,7,5,12,8,10,14,7,14,3,12,10,5,11,7,12,9,8,7,10,16,8,9,8,13,7,6,8,8,19,5,5,5,4,5,15,9,17,9,7,7,13,11,10,11,3,0,6,9,13,9,8,8,8,20,7,7,8,15,6,6,9,13,11,11,6,10,8,13,6,17,7,5,1145,17,11,10,9,10,12,10,161,11,9,10,14,13,7,11,12,8,13,12,10,12,10,4,6,12,13,12,8,14,15,10,16,1099,14,6,18,7,102,9,14,10,10,10,10,6,14,18,12,10,10,9,17,17,14,9,14,17,19,17,18,9,9,8,9,11,12,15,10,14,11,11,13,13,9,14,12,11,17,11,5,11,9,13,12,11,345,19,15,17,11,17,17,14,97,10,9,16,12,13,20,12,10,5,11,10,12,12,13,11,13,12,16,6,10,16,12,12,6,16,13,13,17,345,19,12,10,9,12,11,16,12,15,17,15,9,8,14,12,12,8,18,18,18,14,13,11,17,17,16,14,14,13,19,9,17
SBV189_plate03,52,1027,1291,1146,1094,52,1078,10,1141,1176,84,114,1016,1010,1182,1160,155,1105,1274,91,1025,96,23,3,91,9,334,4,1013,91,7,1018,94,9,7,7,8,10,5,10,2,6,5,4,1,3,2,1,1,3,1,5,7,8,4,7,3,10,2,13,7,9,3,7,9,3,9,2,8,3,15,10,7,5,3,2,10,3,8,2,2,2,1,4,153,4,13,3,8,9,8,8,3,4,1,1,3,6,5,2,13,9,9,5,2,10,2,8,11,3,1,6,3,4,10,3,2,10,1026,3,6,4,3,3,3,8,3,5,3,4,8,4,5,4,5,5,5,1,3,3,1,8,4,6,10,3,10,3,8,6,6,11,7,8,5,4,7,6,12,4,5,4,13,3,4,4,4,15,1,5,1,4,1,15,5,13,5,3,7,9,7,6,7,3,6,0,5,9,5,4,4,4,16,7,3,4,11,6,2,5,9,7,7,2,10,4,9,6,13,3,5,1143,13,7,6,5,6,8,6,157,7,5,6,10,11,3,7,8,4,9,12,6,8,6,4,2,8,9,8,4,10,11,6,12,1095,10,2,14,3,102,5,10,6,6,6,6,2,10,14,8,6,6,9,13,13,10,5,10,13,15,13,14,5,5,8,5,7,8,11,6,10,7,7,13,9,5,10,8,7,13,7,1,7,9,9,12,7,341,15,11,13,7,13,13,10,93,6,9,16,8,9,16,8,6,5,7,6,8,12,9,7,9,8,12,2,6,12,8,8,2,12,13,13,13,341,15,8,6,5,8,7,12,12,15,13,11,5,4,10,8,8,4,14,14,14,10,9,11,13,13,12,10,10,9,17,5,13
SBV190_plate03,55,1029,1293,1148,1096,55,1081,13,1144,1178,87,117,1018,1012,1185,1162,158,1108,1276,94,1027,99,26,6,94,12,337,7,1015,94,10,1020,97,12,10,10,11,13,8,13,5,9,8,7,4,6,5,4,4,6,4,8,10,11,7,10,6,13,5,15,10,12,6,10,12,6,12,5,11,6,18,13,10,8,6,5,13,6,11,5,5,5,4,7,156,7,16,6,11,12,11,11,6,7,4,4,6,9,8,5,16,12,12,8,5,13,5,11,14,6,4,9,6,7,13,6,5,13,1028,6,9,7,6,6,6,11,6,8,6,7,11,7,8,7,8,8,8,4,2,6,4,11,7,9,13,6,13,6,11,9,9,14,10,11,4,7,6,9,15,7,8,3,16,6,7,7,7,18,4,8,4,7,4,18,4,16,8,2,4,12,10,9,6,6,9,5,0,12,8,7,3,7,19,10,6,7,14,9,5,8,12,10,10,5,13,7,12,9,16,6,8,1146,16,10,9,8,9,11,9,160,10,8,9,13,14,6,6,11,7,12,15,9,11,9,7,5,11,12,11,7,13,14,9,15,1098,13,5,17,6,105,8,9,9,9,9,9,5,13,17,11,9,9,12,16,16,13,8,13,16,18,16,17,8,8,11,4,10,11,14,9,13,10,6,16,12,4,13,11,10,16,10,4,10,12,12,15,6,344,18,14,16,10,16,16,13,96,9,8,19,11,12,19,11,9,8,10,9,11,15,12,10,12,11,15,5,9,15,11,11,5,15,16,16,16,344,18,11,9,8,11,10,15,15,18,16,14,8,7,13,11,11,7,17,17,17,13,12,14,16,16,15,13,13,12,20,8,16
SBV191_plate03,59,1034,1298,1153,1101,59,1085,17,1148,1183,91,121,1023,1017,1187,1167,162,1112,1281,98,1032,103,30,10,98,16,341,11,1020,98,14,1025,101,16,14,14,15,17,12,17,9,13,12,11,8,10,9,8,8,10,8,12,14,15,11,14,10,17,9,19,14,16,10,14,16,10,16,9,15,10,22,17,14,12,10,9,17,10,15,9,9,9,8,11,160,11,20,10,15,16,15,15,10,11,8,8,10,13,12,9,20,16,16,12,9,17,9,15,18,10,8,13,10,11,17,10,9,17,1033,10,13,11,10,10,10,15,10,12,10,11,15,11,12,11,12,12,12,8,10,10,8,1,11,13,17,10,17,10,15,13,13,18,14,3,12,11,14,13,19,11,12,11,20,10,11,11,11,22,8,12,8,11,8,22,12,20,12,10,14,16,14,13,14,10,13,9,12,0,12,11,11,11,23,14,10,11,18,13,9,12,16,14,14,9,17,11,16,13,20,10,12,1150,20,14,13,12,13,15,13,164,14,12,13,17,18,10,14,15,11,16,19,13,15,13,11,9,15,16,15,11,17,18,13,19,1102,17,9,21,10,109,12,17,13,13,13,13,9,17,21,15,13,13,16,20,20,17,12,17,20,22,20,21,12,12,15,12,14,15,18,13,17,14,14,20,16,12,17,15,14,20,14,8,14,16,16,19,14,348,22,18,20,14,20,20,17,100,13,16,23,15,16,23,15,13,12,14,13,15,19,16,14,16,15,19,9,13,19,15,15,9,19,20,20,20,348,22,15,13,12,15,14,19,19,22,20,18,12,11,17,15,15,11,21,21,21,17,16,18,20,20,19,17,17,16,24,12,20
SBV192_plate03,49,1023,1287,1143,1091,49,1075,7,1138,1173,81,111,1013,1007,1179,1157,152,1102,1270,88,1022,93,20,6,88,6,331,1,1010,88,4,1015,91,6,4,6,5,9,6,9,5,5,8,7,4,6,5,4,4,6,4,6,4,7,7,6,2,9,5,8,6,6,6,6,6,6,8,5,7,4,12,7,6,8,4,5,9,6,7,3,5,5,4,5,150,7,12,6,5,8,5,7,6,7,4,4,6,3,8,5,12,8,8,8,5,9,5,11,10,6,4,9,6,7,9,6,5,9,1023,6,9,7,6,6,4,7,6,8,6,7,11,7,2,7,8,8,8,4,6,6,4,11,7,9,9,6,9,6,7,9,9,10,4,11,8,7,10,9,11,7,8,7,12,6,7,7,7,14,4,8,4,7,4,14,8,12,8,6,10,6,10,7,10,6,9,5,8,12,0,7,7,7,15,10,6,7,10,9,5,8,12,6,10,5,7,5,6,9,12,6,8,1140,12,10,3,6,9,7,3,154,4,8,9,13,10,6,10,11,7,10,15,9,11,3,7,5,11,6,11,7,13,8,3,15,1092,7,5,11,6,99,8,13,9,9,9,9,5,7,11,11,9,9,10,12,10,7,8,7,10,12,10,13,8,8,11,8,10,11,8,9,7,10,10,10,6,8,7,11,10,10,10,4,10,12,12,9,10,338,14,8,10,10,10,12,7,90,3,12,13,11,6,13,5,9,8,10,9,5,15,4,4,12,5,9,5,3,9,5,5,5,9,10,8,10,338,12,11,9,8,11,4,11,9,12,16,8,8,7,13,11,11,7,17,11,11,13,12,14,10,16,9,7,13,6,12,8,10
SBV193_plate03,54,1029,1293,1148,1096,54,1080,12,1143,1178,86,116,1018,1012,1184,1162,157,1107,1276,93,1027,98,25,5,93,11,336,6,1015,93,9,1020,96,11,9,9,10,12,7,12,4,8,7,6,3,5,4,3,3,5,3,7,9,10,6,9,5,12,4,15,9,11,5,9,11,5,11,2,10,5,17,12,9,7,5,4,12,3,10,4,2,4,3,6,155,6,15,5,10,11,10,10,5,6,3,3,5,8,7,2,15,11,11,5,2,12,2,6,13,3,3,8,5,6,12,1,4,12,1028,1,4,4,1,3,5,10,3,5,5,6,6,6,7,4,5,5,7,3,5,5,3,10,6,6,12,1,12,5,10,8,6,13,9,10,7,6,9,6,14,6,5,6,15,3,2,2,6,17,3,7,3,6,3,17,7,15,3,5,9,11,7,6,9,5,8,4,7,11,7,0,6,4,18,5,3,2,13,6,2,5,9,9,5,4,12,6,11,8,15,3,5,1145,15,5,8,5,4,10,8,159,9,5,6,10,13,3,9,8,4,9,14,8,6,8,6,4,8,11,10,6,12,13,8,14,1097,12,1,16,2,104,5,12,4,8,8,8,1,12,16,6,6,4,7,15,15,12,7,12,15,17,15,16,5,5,6,7,9,10,13,4,12,5,9,15,11,7,12,6,5,15,5,3,9,7,7,14,9,343,17,13,15,5,15,15,12,95,8,11,18,10,11,18,10,6,7,9,6,10,12,11,9,9,10,14,4,8,14,10,10,4,14,15,15,15,343,17,6,6,7,8,9,14,14,17,11,13,5,6,10,10,10,4,12,16,16,10,11,13,15,11,14,12,8,11,19,3,15
SBV194_plate03,54,1029,1293,1148,1096,54,1080,12,1143,1178,86,116,1018,1012,1184,1162,157,1107,1276,93,1027,98,25,5,93,11,336,6,1015,93,9,1020,96,11,9,9,10,12,7,12,4,8,7,6,3,5,4,3,3,5,3,7,9,10,6,9,5,12,4,15,9,11,5,9,11,5,11,4,10,5,17,12,9,7,5,4,12,5,10,4,4,4,3,6,155,6,15,5,10,11,10,10,5,6,3,3,5,8,7,4,15,11,11,7,4,12,4,10,13,5,3,8,5,6,12,5,4,12,1028,5,8,6,5,5,5,10,5,7,5,6,10,6,7,6,7,7,7,3,1,5,3,10,6,8,12,5,12,5,10,8,8,13,9,10,3,6,5,8,14,6,7,2,15,5,6,6,6,17,3,7,3,6,3,17,3,15,7,1,5,11,9,8,3,5,8,4,3,11,7,6,0,6,18,9,5,6,13,8,4,7,11,9,9,4,12,6,11,8,15,5,7,1145,15,9,8,7,8,10,8,159,9,7,8,12,13,5,3,10,6,11,14,8,10,8,6,4,10,11,10,6,12,13,8,14,1097,12,4,16,5,104,7,6,8,8,8,8,4,12,16,10,8,8,11,15,15,12,7,12,15,17,15,16,7,7,10,1,9,10,13,8,12,9,3,15,11,1,12,10,9,15,9,3,9,11,11,14,3,343,17,13,15,9,15,15,12,95,8,5,18,10,11,18,10,8,7,9,8,10,14,11,9,11,10,14,4,8,14,10,10,4,14,15,15,15,343,17,10,8,7,10,9,14,14,17,15,13,7,6,12,10,10,6,16,16,16,12,11,13,15,15,14,12,12,11,19,7,15
SBV195_plate03,54,1028,1293,1148,1096,54,1079,12,1143,1178,86,116,1017,1011,1184,1162,157,1107,1276,93,1026,98,25,5,93,11,336,6,1014,93,9,1019,96,11,9,9,10,12,7,12,4,8,7,6,3,5,4,3,3,5,3,7,9,10,6,9,5,12,4,15,9,11,5,9,11,5,11,2,10,5,16,12,9,7,5,4,12,3,10,4,2,4,3,6,155,6,15,5,10,11,10,10,5,6,3,3,5,8,7,2,15,11,11,5,2,12,2,8,13,3,3,8,5,6,12,3,4,12,1027,3,6,4,3,3,5,10,3,5,5,6,8,6,7,4,5,5,7,3,5,5,3,10,6,6,12,3,12,5,10,8,6,13,9,10,7,6,9,6,14,6,5,6,15,3,4,4,6,17,3,7,3,6,3,17,7,15,5,5,9,11,7,6,9,5,8,4,7,11,7,4,6,0,18,7,3,4,13,6,2,5,9,9,7,4,12,6,11,8,15,3,5,1145,15,7,8,5,6,10,8,159,9,5,6,10,13,3,9,8,4,9,14,8,8,8,6,4,8,11,10,6,12,13,8,14,1097,12,3,16,4,104,5,12,6,8,8,8,3,12,16,8,6,6,9,15,15,12,7,12,15,17,15,16,5,5,8,7,9,10,13,6,12,7,9,15,11,7,12,8,7,15,7,3,9,9,9,14,9,343,17,13,15,7,15,15,12,95,8,11,18,10,11,18,10,6,7,9,6,10,12,11,9,9,10,14,4,8,14,10,10,4,14,15,15,15,343,17,8,6,7,8,9,14,14,17,13,13,5,6,10,10,10,4,14,16,16,10,11,13,15,13,14,12,10,11,19,5,15
SBV196_plate03,62,1037,1300,1156,1104,62,1088,14,1151,1186,94,124,1026,1020,1192,1170,165,1115,1283,101,1035,106,33,17,101,19,344,14,1023,101,17,1028,104,19,11,11,17,14,19,14,16,10,19,18,15,17,16,15,15,17,15,19,17,10,18,9,13,10,16,23,9,11,17,9,13,17,11,16,8,15,25,10,11,19,15,16,16,17,8,16,16,16,15,18,163,18,13,17,18,9,18,12,17,18,15,15,17,16,19,16,13,11,13,19,16,12,16,22,11,17,15,20,17,18,12,17,16,12,1036,17,20,18,17,17,17,10,17,19,17,18,22,18,15,18,19,19,19,15,17,17,15,22,18,20,12,17,12,17,10,20,20,11,17,22,19,18,21,20,12,18,19,18,7,17,18,18,18,19,15,19,15,18,15,19,19,13,19,17,21,19,21,20,21,17,20,16,19,23,15,18,18,18,0,21,16,18,13,20,16,19,23,17,19,16,20,18,19,20,21,17,19,1153,7,21,16,19,20,10,16,167,17,19,20,22,13,17,21,20,18,21,26,20,22,16,18,16,20,19,22,16,22,21,16,26,1105,20,16,24,17,112,19,24,20,18,18,18,16,20,24,22,20,20,23,7,23,20,17,20,23,25,23,8,19,19,22,19,21,22,21,20,20,21,21,23,19,19,20,22,21,23,21,15,19,23,23,22,21,351,9,21,23,21,23,7,20,103,16,23,26,22,19,26,18,20,19,21,20,18,26,19,17,23,18,22,16,16,22,18,18,16,22,23,23,23,351,25,22,18,19,20,17,6,22,25,27,21,19,18,24,22,22,18,28,24,24,24,23,25,23,27,22,20,24,19,27,19,23
SBV197_plate03,57,1032,1296,1149,1097,57,1083,13,1146,1181,89,119,1021,1015,1187,1165,160,1110,1279,96,1030,101,28,6,96,10,339,9,1018,96,12,1023,99,10,12,12,13,13,10,11,7,11,6,9,6,6,5,6,6,8,6,10,12,13,9,12,8,11,7,16,12,14,8,12,14,8,14,5,13,8,20,15,12,6,8,7,15,6,13,7,5,7,6,5,158,5,14,8,9,14,9,13,8,9,6,6,4,11,6,5,18,14,10,8,5,15,5,9,16,6,6,11,8,9,15,4,7,11,1031,4,3,7,4,6,8,13,6,4,8,9,5,9,10,7,8,8,10,6,8,8,6,13,9,9,15,4,15,4,13,11,5,12,8,13,10,9,8,9,17,9,8,9,14,6,3,5,9,20,6,6,6,5,6,16,10,18,6,8,8,14,10,9,12,4,7,7,10,14,10,5,9,7,21,0,6,5,16,5,5,8,12,12,8,7,11,9,14,7,18,6,4,1148,18,4,11,8,7,13,11,162,12,8,9,13,14,6,12,11,7,12,13,11,9,11,9,7,11,14,13,9,15,16,11,17,1100,15,4,19,5,103,8,15,7,11,11,11,4,15,19,9,9,7,6,18,18,15,10,15,18,20,18,19,8,8,5,10,12,13,16,3,15,8,12,14,14,10,15,9,4,18,8,6,12,2,10,13,12,346,20,16,18,4,18,18,15,98,11,10,17,13,14,21,13,9,10,12,9,13,11,14,12,12,13,17,7,11,17,13,13,7,17,14,14,18,346,20,5,9,10,11,12,17,13,16,14,16,8,9,13,13,13,7,15,19,19,13,14,12,18,14,17,15,11,14,20,6,18
SBV198_plate03,53,1026,1285,1145,1093,53,1076,11,1138,1175,85,115,1015,1009,1181,1158,156,1103,1270,92,1024,97,24,4,92,10,335,5,1012,92,8,1017,95,10,8,8,9,11,6,11,3,7,6,5,2,4,3,2,2,4,2,6,8,9,5,8,4,10,3,14,8,10,4,8,10,4,10,1,8,4,16,10,8,6,4,3,11,2,8,3,1,3,2,5,154,5,13,4,9,9,9,9,4,5,2,2,4,7,6,1,13,10,10,4,1,11,1,7,11,2,2,7,4,5,11,2,3,11,1025,2,5,3,2,2,4,9,2,4,4,5,7,5,6,3,4,4,6,2,4,4,2,9,5,5,10,2,11,4,9,7,5,11,8,9,6,5,8,5,12,5,4,5,13,2,3,3,5,16,2,6,2,5,2,16,6,13,4,4,8,10,6,5,8,4,7,3,6,10,6,3,5,3,16,6,0,3,12,5,1,4,8,8,6,3,11,5,10,7,14,2,4,1143,13,6,7,4,5,9,7,158,8,4,5,9,12,2,8,7,3,8,13,7,7,7,5,3,7,10,9,5,11,12,7,13,1093,11,2,15,3,103,4,11,5,7,7,7,2,11,15,7,5,5,8,13,14,11,6,11,14,16,14,14,4,4,7,6,8,9,12,5,11,6,8,14,10,6,11,7,6,14,6,2,8,8,8,13,8,342,15,12,14,6,14,13,11,94,7,10,17,9,10,17,9,5,6,8,5,9,11,10,8,8,9,13,3,7,13,9,9,3,13,14,14,14,342,16,7,5,6,7,8,12,13,16,12,12,4,5,9,9,9,3,13,15,15,9,10,12,14,12,13,11,9,10,18,4,14
SBV199_plate03,54,1029,1293,1148,1096,54,1080,12,1143,1178,86,116,1018,1012,1184,1162,157,1107,1276,93,1027,98,25,5,93,11,336,6,1015,93,9,1020,96,11,9,9,10,12,7,12,4,8,7,6,3,5,4,3,3,5,3,7,9,10,6,9,5,12,4,15,9,11,5,9,11,5,11,2,10,5,17,12,9,7,5,4,12,3,10,4,2,4,3,6,155,6,15,5,10,11,10,10,5,6,3,3,5,8,7,2,15,11,11,5,2,12,2,6,13,3,3,8,5,6,12,1,4,12,1028,1,4,4,1,3,5,10,3,5,5,6,6,6,7,4,5,5,7,3,5,5,3,10,6,6,12,1,12,5,10,8,6,13,9,10,7,6,9,6,14,6,5,6,15,3,2,2,6,17,3,7,3,6,3,17,7,15,3,5,9,11,7,6,9,5,8,4,7,11,7,2,6,4,18,5,3,0,13,6,2,5,9,9,5,4,12,6,11,8,15,3,5,1145,15,5,8,5,4,10,8,159,9,5,6,10,13,3,9,8,4,9,14,8,6,8,6,4,8,11,10,6,12,13,8,14,1097,12,1,16,2,104,5,12,4,8,8,8,1,12,16,6,6,4,7,15,15,12,7,12,15,17,15,16,5,5,6,7,9,10,13,4,12,5,9,15,11,7,12,6,5,15,5,3,9,7,7,14,9,343,17,13,15,5,15,15,12,95,8,11,18,10,11,18,10,6,7,9,6,10,12,11,9,9,10,14,4,8,14,10,10,4,14,15,15,15,343,17,6,6,7,8,9,14,14,17,11,13,5,6,10,10,10,4,12,16,16,10,11,13,15,11,14,12,8,11,19,1,15
SBV200_plate03,57,1032,1295,1151,1099,57,1083,9,1146,1181,89,119,1021,1015,1187,1165,160,1110,1278,96,1030,101,28,12,96,14,339,9,1018,96,12,1023,99,14,6,6,12,9,14,9,11,5,14,13,10,12,11,10,10,12,10,14,12,5,13,4,8,7,11,18,4,6,12,4,8,12,6,11,5,10,20,7,6,14,10,11,11,12,5,11,11,11,10,13,158,13,10,12,13,6,13,7,12,13,10,10,12,11,14,11,10,4,8,14,11,5,11,17,8,12,10,15,12,13,5,12,11,5,1031,12,15,13,12,12,12,3,12,14,12,13,17,13,10,13,14,14,14,10,12,12,10,17,13,15,3,12,5,12,3,15,15,8,12,17,14,13,16,15,9,13,14,13,10,12,13,13,13,14,10,14,10,13,10,14,14,10,14,12,16,14,16,15,16,12,15,11,14,18,10,13,13,13,13,16,12,13,0,15,11,14,18,12,16,11,15,13,14,15,18,12,14,1148,10,16,11,14,15,5,11,162,12,14,15,19,8,12,16,17,13,18,21,15,17,11,13,11,17,14,17,13,19,16,11,21,1100,15,11,19,12,107,14,19,15,15,15,15,11,15,19,17,15,15,18,10,18,15,14,15,18,20,18,11,14,14,17,14,16,17,16,15,15,16,16,18,14,14,15,17,16,18,16,10,16,18,18,17,16,346,12,16,18,16,18,10,15,98,11,18,21,17,14,21,13,15,14,16,15,13,21,14,12,18,13,17,11,11,17,13,13,11,17,18,18,18,346,20,17,15,14,17,12,9,17,20,22,16,14,13,19,17,17,13,23,19,19,19,18,20,18,22,17,15,19,14,22,14,18
SBV201_plate03,56,1031,1295,1148,1096,56,1082,12,1145,1180,88,118,1020,1014,1186,1164,159,1109,1278,95,1029,100,27,5,95,9,338,8,1017,95,11,1022,98,9,11,11,12,12,9,10,6,10,5,8,5,5,4,5,5,7,5,9,11,12,8,11,7,10,6,15,11,13,7,11,13,7,13,4,12,7,19,14,11,5,7,6,14,5,12,6,4,6,5,4,157,4,13,7,8,13,8,12,7,8,5,5,3,10,5,4,17,13,9,7,4,14,4,10,15,5,5,10,7,8,14,5,6,10,1030,5,4,6,5,5,7,12,5,3,7,8,6,8,9,6,7,7,9,5,7,7,5,12,8,8,14,5,14,3,12,10,4,11,7,12,9,8,7,8,16,8,7,8,13,5,4,6,8,19,5,5,5,4,5,15,9,17,7,7,7,13,9,8,11,3,6,6,9,13,9,6,8,6,20,5,5,6,15,0,4,7,11,11,9,6,10,8,13,6,17,5,3,1147,17,9,10,7,8,12,10,161,11,7,8,12,13,5,11,10,6,11,12,10,10,10,8,6,10,13,12,8,14,15,10,16,1099,14,5,18,6,102,7,14,8,10,10,10,5,14,18,10,8,8,7,17,17,14,9,14,17,19,17,18,7,7,6,9,11,12,15,8,14,9,11,13,13,9,14,10,9,17,9,5,11,7,11,12,11,345,19,15,17,9,17,17,14,97,10,9,16,12,13,20,12,8,9,11,8,12,10,13,11,11,12,16,6,10,16,12,12,6,16,13,13,17,345,19,10,8,9,10,11,16,12,15,15,15,7,8,12,12,12,6,16,18,18,12,13,11,17,15,16,14,12,13,19,7,17
SBV202_plate03,52,1027,1291,1146,1094,52,1078,10,1141,1176,84,114,1016,1010,1182,1160,155,1105,1274,91,1025,96,23,3,91,9,334,4,1013,91,7,1018,94,9,7,7,8,10,5,10,2,6,5,4,1,3,2,1,1,3,1,5,7,8,4,7,3,10,2,13,7,9,3,7,9,3,9,0,8,3,15,10,7,5,3,2,10,1,8,2,0,2,1,4,153,4,13,3,8,9,8,8,3,4,1,1,3,6,5,0,13,9,9,3,0,10,0,6,11,1,1,6,3,4,10,1,2,10,1026,1,4,2,1,1,3,8,1,3,3,4,6,4,5,2,3,3,5,1,3,3,1,8,4,4,10,1,10,3,8,6,4,11,7,8,5,4,7,4,12,4,3,4,13,1,2,2,4,15,1,5,1,4,1,15,5,13,3,3,7,9,5,4,7,3,6,2,5,9,5,2,4,2,16,5,1,2,11,4,0,3,7,7,5,2,10,4,9,6,13,1,3,1143,13,5,6,3,4,8,6,157,7,3,4,8,11,1,7,6,2,7,12,6,6,6,4,2,6,9,8,4,10,11,6,12,1095,10,1,14,2,102,3,10,4,6,6,6,1,10,14,6,4,4,7,13,13,10,5,10,13,15,13,14,3,3,6,5,7,8,11,4,10,5,7,13,9,5,10,6,5,13,5,1,7,7,7,12,7,341,15,11,13,5,13,13,10,93,6,9,16,8,9,16,8,4,5,7,4,8,10,9,7,7,8,12,2,6,12,8,8,2,12,13,13,13,341,15,6,4,5,6,7,12,12,15,11,11,3,4,8,8,8,2,12,14,14,8,9,11,13,11,12,10,8,9,17,3,13
SBV203_plate03,55,1030,1292,1149,1097,55,1081,13,1144,1179,87,117,1019,1013,1185,1163,158,1108,1275,94,1028,99,26,6,94,12,337,7,1016,94,10,1021,97,12,10,10,10,13,8,13,5,9,8,7,4,6,5,4,4,6,4,8,10,11,7,10,6,13,5,16,10,12,6,10,12,6,12,3,11,6,18,13,10,8,6,5,13,4,11,5,3,5,4,7,156,7,16,6,11,12,11,11,6,7,4,4,6,9,8,3,16,12,12,6,3,13,3,9,14,4,4,9,6,7,13,4,5,13,1029,4,7,5,4,4,6,11,4,6,6,7,9,7,8,5,6,6,8,4,6,6,4,11,7,7,13,4,13,6,11,9,7,14,10,11,8,7,10,7,15,7,6,7,16,4,5,5,7,18,4,8,4,7,4,18,8,16,6,6,10,12,8,7,10,6,9,5,8,12,8,5,7,5,19,8,4,5,14,7,3,0,10,10,8,5,13,7,12,9,16,4,6,1146,16,8,9,6,7,11,9,160,10,6,7,11,14,2,10,9,5,10,15,9,9,9,7,5,9,12,11,7,13,14,9,15,1098,13,4,17,5,105,6,13,7,9,9,9,4,13,17,9,1,7,10,16,16,13,8,13,16,18,16,17,6,6,9,8,10,11,14,7,13,8,10,16,12,8,13,9,8,16,8,4,10,10,10,15,10,344,18,14,16,8,16,16,13,96,9,12,19,11,12,19,11,7,8,10,7,11,13,12,10,10,11,15,5,9,15,11,11,5,15,16,16,16,344,18,9,7,8,9,10,15,15,18,14,14,6,7,11,11,11,5,15,17,17,11,12,14,16,14,15,13,11,12,20,6,16
SBV204_plate03,59,1034,1298,1153,1100,59,1085,17,1148,1183,91,121,1023,1017,1189,1167,162,1112,1280,98,1032,103,30,10,98,16,341,11,1020,98,14,1025,101,16,14,14,15,17,12,17,9,13,12,11,8,10,9,8,8,10,8,12,14,15,11,14,10,17,9,20,14,16,10,14,16,10,16,7,15,10,22,17,14,12,10,9,17,8,15,9,7,9,8,11,160,11,20,10,15,16,15,15,10,11,8,8,10,13,12,7,20,16,16,10,7,17,7,13,18,8,8,13,10,11,17,8,9,17,1033,8,11,9,8,8,10,15,8,10,10,11,13,11,12,9,8,10,12,8,10,10,8,15,11,11,17,8,17,10,15,13,11,18,14,15,12,11,14,9,19,11,4,11,20,8,9,9,11,22,8,12,8,11,8,22,12,20,10,10,14,16,10,11,14,10,13,9,12,16,12,9,11,9,23,12,8,9,18,11,7,10,0,14,12,9,17,11,16,13,20,8,10,1150,20,12,13,10,11,15,13,164,14,10,9,15,18,8,14,13,9,14,19,13,13,13,11,9,13,16,15,11,17,18,13,19,1102,17,8,21,9,109,8,17,11,13,13,13,8,17,21,13,11,11,14,20,20,17,12,17,20,22,20,21,10,8,13,12,14,15,18,11,17,12,14,20,16,12,17,13,12,20,12,8,14,14,14,19,14,348,22,18,20,12,20,20,17,100,13,16,23,15,16,23,15,11,12,14,9,15,17,16,14,12,15,19,9,13,19,15,15,9,19,20,20,20,348,22,13,9,12,13,14,19,19,22,18,18,4,11,13,15,15,7,19,21,21,13,16,18,20,18,19,17,15,16,24,10,20
SBV205_plate03,53,1028,1292,1147,1095,53,1079,11,1142,1177,85,115,1017,1011,1183,1161,156,1106,1275,92,1026,97,24,8,92,10,335,5,1014,92,8,1019,95,10,8,8,9,11,10,11,7,7,10,9,6,8,7,6,6,8,6,10,8,9,9,8,4,11,7,14,8,10,8,8,10,8,10,7,9,6,16,11,8,10,6,7,11,8,9,7,7,7,6,9,154,9,14,8,9,10,9,9,8,9,6,6,8,7,10,7,14,10,10,10,7,11,7,13,12,8,6,11,8,9,11,8,7,11,1027,8,11,9,8,8,8,9,8,10,8,9,13,9,6,9,10,10,10,6,8,8,6,13,9,11,11,8,11,8,9,11,11,12,8,13,10,9,12,11,13,9,10,9,14,8,9,9,9,16,6,10,6,9,6,16,10,14,10,8,12,10,12,11,12,8,11,7,10,14,6,9,9,9,17,12,8,9,12,11,7,10,14,0,12,7,11,9,10,11,14,8,10,1144,14,12,7,10,11,9,7,158,8,10,11,15,12,8,12,13,9,14,17,11,13,7,9,7,13,10,13,9,15,12,7,17,1096,11,7,15,8,103,10,15,11,11,11,11,7,11,15,13,11,11,14,14,14,11,10,11,14,16,14,15,10,10,13,10,12,13,12,11,11,12,12,14,10,10,11,13,12,14,12,6,12,14,14,13,12,342,16,12,14,12,14,14,11,94,7,14,17,13,10,17,9,11,10,12,11,9,17,10,8,14,9,13,7,7,13,9,9,7,13,14,14,14,342,16,13,11,10,13,8,13,13,16,18,12,10,9,15,13,13,9,19,15,15,15,14,16,14,18,13,11,15,10,18,10,14
SBV206_plate03,57,1032,1296,1151,1099,57,1083,15,1146,1181,89,119,1021,1015,1187,1165,160,1110,1279,96,1030,101,28,8,96,14,339,9,1018,96,12,1023,99,14,12,12,13,15,10,15,7,11,10,9,6,8,7,6,6,8,6,10,12,13,9,12,8,15,7,18,12,14,8,12,14,8,14,5,13,8,20,15,12,10,8,7,15,6,13,7,5,7,6,9,158,9,18,8,13,14,13,13,8,9,6,6,8,11,10,5,18,14,14,8,5,15,5,9,16,6,6,11,8,9,15,4,7,15,1031,4,7,7,4,6,8,13,6,8,8,9,9,9,10,7,8,8,10,6,8,8,6,13,9,9,15,4,15,8,13,11,9,16,12,13,10,9,12,9,17,9,8,9,18,6,5,5,9,20,6,10,6,9,6,20,10,18,6,8,12,14,10,9,12,8,11,7,10,14,10,5,9,7,19,8,6,5,16,9,5,8,12,12,0,7,15,9,14,11,16,6,8,1148,18,8,11,8,7,13,11,162,12,8,9,11,16,6,12,9,7,10,17,11,9,11,9,7,9,14,13,7,13,16,11,17,1100,15,4,19,5,107,8,15,7,9,9,9,4,15,19,9,9,7,10,18,18,15,8,15,18,20,18,19,8,8,9,10,12,13,16,7,15,8,12,18,14,10,15,9,8,18,8,6,10,10,10,17,12,346,20,16,18,8,18,18,15,98,11,14,21,13,14,21,13,9,10,12,9,13,15,14,12,12,13,17,7,11,17,13,13,7,17,18,18,18,346,20,9,7,10,9,12,17,17,20,14,16,8,9,13,13,13,7,15,19,19,13,14,16,18,14,17,15,11,14,22,6,18
SBV207_plate03,52,1027,1291,1146,1094,52,1078,10,1141,1176,84,114,1016,1010,1182,1160,155,1105,1274,91,1025,96,23,3,91,9,334,4,1013,91,7,1018,94,9,7,7,8,10,5,10,2,6,5,4,1,3,2,1,1,3,1,5,7,8,4,7,3,10,2,13,7,9,3,7,9,3,9,2,8,3,15,10,7,5,3,2,10,3,8,2,2,2,1,4,153,4,13,3,8,9,8,8,3,4,1,1,3,6,5,2,13,9,9,5,2,10,2,8,11,3,1,6,3,4,10,3,2,10,1026,3,6,4,3,3,3,8,3,5,3,4,8,4,5,4,5,5,5,1,3,3,1,8,4,6,10,3,10,3,8,6,6,11,7,8,5,4,7,6,12,4,5,4,13,3,4,4,4,15,1,5,1,4,1,15,5,13,5,3,7,9,7,6,7,3,6,2,5,9,5,4,4,4,16,7,3,4,11,6,2,5,9,7,7,0,10,4,9,6,13,3,5,1143,13,7,6,5,6,8,6,157,7,5,6,10,11,3,7,8,4,9,12,6,8,6,4,2,8,9,8,4,10,11,6,12,1095,10,2,14,3,102,5,10,6,6,6,6,2,10,14,8,6,6,9,13,13,10,5,10,13,15,13,14,5,5,8,5,7,8,11,6,10,7,7,13,9,5,10,8,7,13,7,1,7,9,9,12,7,341,15,11,13,7,13,13,10,93,6,9,16,8,9,16,8,6,5,7,6,8,12,9,7,9,8,12,2,6,12,8,8,2,12,13,13,13,341,15,8,6,5,8,7,12,12,15,13,11,5,4,10,8,8,4,14,14,14,10,9,11,13,13,12,10,10,9,17,5,13
SBV208_plate03,54,1029,1292,1146,1094,54,1080,12,1143,1178,86,116,1018,1012,1184,1162,157,1107,1275,93,1027,98,25,9,93,7,336,6,1015,93,9,1020,96,7,9,11,10,12,13,10,10,10,9,12,9,9,8,9,9,11,9,13,9,12,12,11,7,10,10,13,11,13,11,11,13,11,13,10,12,9,17,14,11,9,9,10,14,11,12,10,10,10,9,8,155,8,13,11,4,13,4,12,11,12,9,9,7,6,9,10,17,13,9,13,10,14,10,16,15,11,9,14,11,12,14,11,10,10,1028,11,10,12,11,11,11,12,11,9,11,12,12,12,5,12,13,13,13,9,11,11,9,16,12,14,14,11,14,7,12,14,10,11,3,16,13,12,11,14,16,12,13,12,13,11,10,12,12,19,9,9,9,8,9,15,13,17,13,11,11,9,15,14,15,7,10,10,13,17,7,12,12,12,20,11,11,12,15,10,10,13,17,11,15,10,0,12,9,10,17,11,9,1145,17,15,4,13,14,12,6,159,5,13,14,18,13,11,15,16,12,17,16,14,16,4,12,10,16,7,16,12,18,11,6,20,1097,6,10,14,11,100,13,18,14,14,14,14,10,6,14,16,14,14,13,17,13,8,13,10,13,15,13,18,13,13,12,13,15,16,11,14,6,15,15,5,5,13,10,16,15,13,15,9,15,13,17,4,15,343,19,7,9,15,9,17,6,95,6,13,12,16,7,16,8,14,13,15,14,8,16,9,7,17,8,8,10,6,8,8,8,10,8,9,9,9,343,11,16,14,13,16,7,16,8,7,21,9,13,12,18,16,16,12,22,10,10,18,17,15,9,21,8,6,18,11,11,13,9
SBV209_plate03,54,1028,1292,1148,1096,54,1080,10,1143,1178,86,116,1018,1012,1184,1162,157,1107,1275,93,1027,98,25,5,93,11,336,6,1015,93,9,1020,96,11,9,9,10,12,5,12,4,8,7,6,3,5,4,3,3,5,3,5,9,10,6,9,5,12,4,13,9,9,5,9,9,5,11,4,10,5,17,10,9,7,5,4,12,5,10,2,4,4,3,4,155,6,15,5,10,11,10,10,5,6,3,3,5,8,7,4,15,11,11,7,4,12,4,10,13,5,3,8,5,6,12,5,4,12,1028,5,8,6,5,5,3,10,5,7,3,6,10,6,7,6,7,7,7,3,5,5,3,10,6,8,12,5,12,5,10,8,8,13,9,10,7,6,9,8,14,6,7,6,15,5,6,6,6,17,3,7,3,6,3,17,7,15,7,5,9,11,9,6,9,5,8,4,7,11,5,6,6,6,18,9,5,6,13,8,4,7,11,9,9,4,12,0,11,8,15,5,7,1145,15,9,8,5,8,10,8,159,9,7,8,12,13,5,9,10,6,9,14,8,10,8,6,4,10,11,8,6,12,13,8,14,1097,12,4,16,5,104,7,12,8,8,8,8,4,12,16,10,8,8,9,15,15,12,7,12,15,17,15,16,7,7,10,7,7,10,13,8,12,9,9,15,11,7,12,10,9,15,9,3,9,11,11,14,9,343,17,13,15,9,15,15,12,95,8,11,18,10,11,18,10,8,7,9,8,10,14,9,9,11,10,14,4,8,14,10,10,4,14,15,13,15,343,17,10,8,7,10,9,14,14,17,15,13,7,6,12,8,10,6,16,16,16,12,11,13,15,15,14,12,12,11,17,7,15
SBV210_plate03,51,1027,1291,1145,1093,51,1079,13,1141,1175,85,113,1015,1009,1181,1161,154,1104,1274,92,1024,97,24,10,92,10,335,5,1012,92,8,1019,95,10,8,10,9,13,12,13,9,9,12,11,8,10,9,8,8,10,8,12,8,11,11,10,6,13,9,14,10,12,10,10,12,10,12,9,11,8,16,13,10,12,8,9,11,10,11,9,9,9,8,11,154,11,14,10,7,12,7,11,10,11,8,8,10,3,12,9,16,12,12,10,9,13,9,15,14,10,8,13,10,9,13,10,9,13,1025,10,13,11,10,10,10,11,10,12,10,11,15,9,4,11,12,12,12,8,10,10,8,15,11,13,13,10,13,10,11,13,13,14,6,15,12,11,14,13,15,11,12,11,16,10,11,11,11,18,8,12,8,11,8,18,12,16,12,10,14,6,14,13,14,10,13,9,12,16,6,11,11,11,19,14,10,11,14,13,9,12,16,10,14,9,9,11,0,13,16,10,12,1142,16,14,5,12,13,11,5,156,6,12,13,15,12,10,14,15,11,16,19,13,15,5,11,9,15,8,15,11,17,8,5,19,1094,9,9,11,8,101,12,17,13,13,13,13,9,9,9,13,11,11,16,16,10,9,12,7,10,12,10,17,12,12,15,12,14,15,8,13,9,14,14,12,8,12,7,15,14,8,14,8,14,16,16,11,14,342,18,10,12,14,12,16,9,94,5,16,13,15,8,13,5,13,12,14,13,5,19,6,6,16,5,11,9,5,11,5,7,7,11,10,10,12,342,14,15,13,12,15,6,15,9,14,20,10,12,11,17,15,15,11,21,13,13,17,14,18,12,20,11,9,17,10,16,12,12
SBV211_plate03,56,1031,1295,1148,1096,56,1082,12,1145,1180,88,118,1020,1014,1186,1164,159,1109,1278,95,1029,100,27,5,95,9,338,8,1017,95,11,1022,98,9,11,11,12,12,9,10,6,10,5,8,5,5,4,5,5,7,5,9,11,12,8,11,7,10,6,15,11,13,7,11,13,7,13,6,12,7,19,14,11,5,7,6,14,7,12,6,6,6,5,4,157,4,13,7,8,13,8,12,7,8,5,5,3,10,5,6,17,13,9,9,6,14,6,12,15,7,5,10,7,8,14,7,6,10,1030,7,6,8,7,7,7,12,7,5,7,8,8,8,9,8,9,9,9,5,7,7,5,12,8,10,14,7,14,3,12,10,6,11,7,12,9,8,7,10,16,8,9,8,13,7,6,8,4,19,5,5,5,4,5,15,9,17,9,7,7,13,11,10,11,3,6,6,9,13,9,8,8,8,20,7,7,8,15,6,6,9,13,11,11,6,10,8,13,0,17,7,5,1147,17,11,10,9,10,12,10,161,11,9,10,14,13,7,11,12,8,13,12,10,12,10,8,6,12,13,12,8,14,15,10,16,1099,14,6,18,7,102,9,14,10,10,10,10,6,14,18,12,10,10,9,17,17,14,9,14,17,19,17,18,9,9,8,9,11,12,15,10,14,11,11,13,13,9,14,12,11,17,11,5,11,9,13,12,11,345,19,15,17,11,17,17,14,97,10,9,16,12,13,20,12,10,9,11,10,12,12,13,11,13,12,16,6,10,16,12,12,6,16,13,13,17,345,19,12,10,9,12,11,16,12,15,17,15,9,8,14,12,12,8,18,18,18,14,13,11,17,17,16,14,14,13,19,9,17
SBV212_plate03,59,1034,1298,1153,1101,59,1085,17,1148,1183,91,120,1023,1017,1189,1167,162,1112,1281,98,1032,103,30,14,98,16,341,11,1020,98,14,1025,101,16,14,14,13,16,16,17,13,13,16,15,12,14,13,12,12,14,12,16,14,15,15,14,10,17,13,19,14,16,14,14,16,14,16,13,15,12,22,17,14,16,12,13,17,14,15,13,13,13,12,15,160,15,20,14,15,16,15,15,14,15,12,12,14,13,16,13,20,16,16,16,13,17,13,19,18,14,12,17,14,15,17,14,13,17,1033,14,17,15,14,14,14,15,14,16,14,15,19,15,12,15,16,16,16,12,14,14,12,19,15,17,17,14,17,14,15,17,17,18,14,19,16,15,18,17,19,15,16,15,20,14,15,15,15,22,12,16,12,15,12,22,16,20,16,14,18,16,18,17,18,14,17,13,16,20,12,15,15,15,21,18,14,15,18,17,13,16,20,14,16,13,17,15,16,17,0,14,16,1150,20,18,13,16,17,15,13,164,14,16,17,19,18,14,18,17,15,18,23,17,19,13,15,13,17,16,19,13,19,18,13,23,1102,17,13,21,14,109,16,21,17,15,15,15,13,17,21,19,17,17,20,20,20,17,14,17,20,22,20,21,16,16,19,16,18,19,18,17,17,18,18,20,16,16,17,19,18,20,18,12,16,20,20,19,18,348,22,18,20,18,20,20,17,100,13,20,23,19,16,22,15,17,16,18,17,15,23,16,14,20,15,19,13,13,19,15,15,13,19,20,20,20,348,22,19,15,16,17,14,19,19,22,24,18,16,15,21,19,19,15,25,21,21,21,20,22,20,24,19,17,21,16,24,16,20
SBV213_plate03,53,1028,1292,1147,1095,53,1079,11,1142,1177,85,115,1017,1011,1183,1161,156,1106,1275,92,1026,97,24,4,92,10,335,5,1014,92,8,1019,95,10,8,8,9,11,6,11,3,7,6,5,2,4,3,2,2,4,2,6,8,9,5,8,4,11,3,14,8,10,4,8,10,4,10,1,9,4,16,11,8,6,4,3,11,2,9,3,1,3,2,5,154,5,14,4,9,10,9,9,4,5,2,2,4,7,6,1,14,10,10,4,1,11,1,7,12,2,2,7,4,5,11,2,3,11,1027,2,5,3,2,2,4,9,2,4,4,5,7,5,6,3,4,4,6,2,4,4,2,9,5,5,11,2,11,4,9,7,5,12,8,9,6,5,8,5,13,5,4,5,14,2,3,3,5,16,2,6,2,5,2,16,6,14,4,4,8,10,6,5,8,4,7,3,6,10,6,3,5,3,17,6,2,3,12,5,1,4,8,8,6,3,11,5,10,7,14,0,2,1144,14,6,7,2,5,9,7,158,8,4,5,9,12,2,8,7,3,8,13,7,7,7,5,3,7,10,9,5,11,12,7,13,1096,11,2,15,3,103,4,11,5,7,7,7,2,11,15,7,5,5,8,14,14,11,6,11,14,16,14,15,4,4,7,6,8,9,12,5,11,6,8,14,10,6,11,7,6,14,6,2,8,8,8,13,8,342,16,12,14,6,14,14,11,94,7,10,17,9,10,17,9,5,6,8,5,9,11,10,8,8,9,13,3,7,13,9,9,3,13,14,14,14,342,16,7,5,6,7,8,13,13,16,12,12,4,5,9,9,9,3,13,15,15,9,10,12,14,12,13,11,9,10,18,4,14
SBV214_plate03,55,1030,1294,1147,1095,55,1081,11,1144,1179,87,117,1019,1013,1185,1163,158,1108,1277,94,1028,99,26,4,94,8,337,7,1016,94,10,1021,97,8,10,10,11,11,8,9,5,9,4,7,4,4,3,4,4,6,4,8,10,11,7,10,6,9,5,14,10,12,6,10,12,6,12,3,11,6,18,13,10,4,6,5,13,4,11,5,3,5,4,3,156,3,12,6,7,12,7,11,6,7,4,4,2,9,4,3,16,12,8,6,3,13,3,9,14,4,4,9,6,7,13,4,5,9,1029,4,3,5,4,4,6,11,4,2,6,7,5,7,8,5,6,6,8,4,6,6,4,11,7,7,13,4,13,2,11,9,3,10,6,11,8,7,6,7,15,7,6,7,12,4,3,5,7,18,4,4,4,3,4,14,8,16,6,6,6,12,8,7,10,2,5,5,8,12,8,5,7,5,19,4,4,5,14,3,3,6,10,10,8,5,9,7,12,5,16,2,0,1146,16,8,9,4,7,11,9,160,10,6,7,11,12,4,10,9,5,10,11,9,9,9,7,5,9,12,11,7,13,14,9,15,1098,13,4,17,5,101,6,13,7,9,9,9,4,13,17,9,7,7,6,16,16,13,8,13,16,18,16,17,6,6,5,8,10,11,14,7,13,8,10,12,12,8,13,9,8,16,8,4,10,6,10,11,10,344,18,14,16,8,16,16,13,96,9,8,15,11,12,19,11,7,8,10,7,11,9,12,10,10,11,15,5,9,15,11,11,5,15,12,12,16,344,18,9,7,8,9,10,15,11,14,14,14,6,7,11,11,11,5,15,17,17,11,12,10,16,14,15,13,11,12,18,6,16
SBV215_plate03,1120,1008,1253,1091,1056,1120,1059,1147,1144,1121,1110,1127,1001,990,1146,1158,1172,1058,1261,1122,1006,1129,1137,1144,1119,1140,1083,1139,998,1121,1142,1001,1118,1144,1142,1144,1134,1142,1146,1147,1143,1143,1146,1145,1142,1144,1143,1142,1142,1144,1142,1146,1142,1144,1145,1144,1140,1147,1143,1131,1144,1146,1140,1144,1146,1144,1146,1143,1145,1142,1150,1147,1144,1146,1139,1143,1145,1144,1145,1143,1143,1143,1142,1145,1174,1145,1148,1144,1143,1146,1143,1145,1144,1145,1141,1142,1144,1139,1143,1143,1150,1146,1146,1144,1143,1147,1143,1148,1148,1144,1142,1147,1144,1143,1147,1144,1143,1147,1008,1144,1147,1145,1144,1144,1144,1145,1144,1146,1144,1145,1149,1143,1139,1145,1146,1146,1146,1142,1144,1144,1142,1149,1145,1147,1145,1144,1147,1144,1145,1147,1136,1148,1142,1149,1146,1145,1148,1147,1149,1145,1145,1145,1150,1144,1145,1145,1145,1152,1142,1146,1142,1145,1142,1152,1146,1150,1146,1144,1148,1144,1148,1147,1148,1144,1145,1143,1146,1150,1140,1145,1145,1145,1153,1148,1143,1145,1148,1147,1143,1146,1150,1144,1148,1143,1145,1145,1142,1147,1150,1144,1146,0,1150,1148,1141,1146,1147,1145,1141,1176,1142,1146,1147,1149,1146,1144,1148,1149,1145,1150,1153,1147,1149,1141,1143,1143,1149,1144,1149,1145,1151,1146,1141,1153,1049,1145,1134,1149,1133,1129,1146,1151,1147,1147,1147,1147,1134,1145,1147,1147,1145,1145,1150,1149,1148,1145,1146,1145,1148,1150,1148,1151,1146,1144,1149,1146,1148,1149,1146,1147,1145,1148,1148,1148,1144,1146,1145,1148,1148,1146,1148,1142,1148,1150,1150,1147,1148,1087,1152,1146,1148,1148,1147,1149,1144,1121,1141,1150,1151,1149,1144,1151,1143,1147,1144,1147,1147,1143,1153,1144,1142,1150,1143,1147,1143,1141,1147,1143,1143,1141,1147,1148,1148,1148,1087,1150,1149,1147,1146,1147,1142,1149,1147,1150,1154,1146,1146,1144,1147,1149,1149,1145,1155,1149,1149,1147,1148,1152,1148,1154,1147,1144,1151,1140,1152,1146,1148
SBV216_plate03,59,1034,1297,1153,1101,59,1085,11,1148,1183,91,121,1023,1017,1189,1167,162,1112,1280,98,1032,103,30,14,98,16,341,11,1020,98,14,1025,101,16,8,8,14,11,16,11,13,7,16,15,12,14,13,12,12,14,12,16,14,7,15,6,10,7,13,20,6,8,14,6,10,14,8,13,5,12,22,7,8,16,12,13,13,14,5,13,13,13,12,15,160,15,10,14,15,6,15,9,14,15,12,12,14,13,16,13,10,8,10,16,13,9,13,19,8,14,12,17,14,15,9,14,13,9,1033,14,17,15,14,14,14,7,14,16,14,15,19,15,12,15,16,16,16,12,14,14,12,19,15,17,9,14,9,14,7,17,17,8,14,19,16,15,18,17,9,15,16,15,4,14,15,15,15,16,12,16,12,15,12,16,16,10,16,14,18,16,18,17,18,14,17,13,16,20,12,15,15,15,7,18,13,15,10,17,13,16,20,14,18,13,17,15,16,17,20,14,16,1150,0,18,13,16,17,7,13,164,14,16,17,21,10,14,18,19,15,20,23,17,19,13,15,13,19,16,19,15,21,18,13,23,1102,17,13,21,14,109,16,21,17,17,17,17,13,17,21,19,17,17,20,4,20,17,16,17,20,22,20,5,16,16,19,16,18,19,18,17,17,18,18,20,16,16,17,19,18,20,18,12,18,20,20,19,18,348,6,18,20,18,20,4,17,100,13,20,23,19,16,23,15,17,16,18,17,15,23,16,14,20,15,19,13,13,19,15,15,13,19,20,20,20,348,22,19,17,16,19,14,3,19,22,24,18,16,15,21,19,19,15,25,21,21,21,20,22,20,24,19,17,21,16,24,16,20
SBV217_plate03,57,1032,1296,1151,1099,57,1083,15,1146,1181,89,119,1021,1015,1187,1165,160,1110,1279,96,1030,101,28,8,96,14,339,9,1018,96,12,1023,99,14,12,12,13,15,10,15,7,11,10,9,6,8,7,6,6,8,6,10,12,13,9,12,8,15,7,18,12,14,8,12,14,8,14,5,13,8,20,15,12,10,8,7,15,6,13,7,5,7,6,9,158,9,18,8,13,14,13,13,8,9,6,6,8,11,10,5,18,14,14,8,5,15,5,9,16,6,6,11,8,9,15,4,7,15,1031,4,7,7,4,6,8,13,6,8,8,9,9,9,10,7,8,8,10,6,8,8,6,13,9,9,15,4,15,8,13,11,9,16,12,13,10,9,12,9,17,9,8,9,18,6,5,5,9,20,6,10,6,9,6,20,10,18,6,8,12,14,10,9,12,8,11,7,10,14,10,5,9,7,21,4,6,5,16,9,5,8,12,12,8,7,15,9,14,11,18,6,8,1148,18,0,11,8,7,13,11,162,12,8,9,13,16,6,12,11,7,12,17,11,9,11,9,7,11,14,13,9,15,16,11,17,1100,15,4,19,5,107,8,15,7,11,11,11,4,15,19,9,9,7,10,18,18,15,10,15,18,20,18,19,8,8,9,10,12,13,16,3,15,8,12,18,14,10,15,9,4,18,8,6,12,6,10,17,12,346,20,16,18,4,18,18,15,98,11,14,21,13,14,21,13,9,10,12,9,13,15,14,12,12,13,17,7,11,17,13,13,7,17,18,18,18,346,20,5,9,10,11,12,17,17,20,14,16,8,9,13,13,13,7,15,19,19,13,14,16,18,14,17,15,11,14,22,6,18
SBV218_plate05,50,1025,1289,1144,1092,50,1076,10,1139,1174,82,112,1014,1008,1180,1158,153,1103,1272,89,1023,94,21,7,89,7,332,2,1011,89,5,1016,92,7,5,7,6,10,9,10,6,6,9,8,5,7,6,5,5,7,5,9,5,8,8,7,3,10,6,11,7,9,7,7,9,7,9,6,8,5,13,10,7,9,5,6,10,7,8,6,6,6,5,8,151,8,13,7,4,9,4,8,7,8,5,5,7,2,9,6,13,9,9,9,6,10,6,12,11,7,5,10,7,8,10,7,6,10,1024,7,10,8,7,7,7,8,7,9,7,8,12,8,1,8,9,9,9,5,7,7,5,12,8,10,10,7,10,7,8,10,10,11,3,12,9,8,11,10,12,8,9,8,13,7,8,8,8,15,5,9,5,8,5,15,9,13,9,7,11,5,11,10,11,7,10,6,9,13,3,8,8,8,16,11,7,8,11,10,6,9,13,7,11,6,4,8,5,10,13,7,9,1141,13,11,0,9,10,8,2,155,1,9,10,14,11,7,11,12,8,13,16,10,12,0,8,6,12,3,12,8,14,7,2,16,1093,4,6,10,7,100,9,14,10,10,10,10,6,4,10,12,10,10,13,13,9,4,9,6,9,11,9,14,9,9,12,9,11,12,7,10,4,11,11,7,3,9,6,12,11,9,11,5,11,13,13,6,11,339,15,5,7,11,7,13,4,91,2,13,12,12,3,12,4,10,9,11,10,4,16,5,3,13,4,6,6,2,6,4,4,6,6,9,9,7,339,9,12,10,9,12,3,12,8,9,17,5,9,8,14,12,12,8,18,8,8,14,13,15,7,17,6,4,14,7,11,9,7
SBV219_plate03,55,1028,1292,1149,1097,55,1081,11,1144,1179,87,117,1019,1013,1185,1163,158,1108,1275,94,1028,99,26,6,94,12,337,7,1016,94,10,1021,97,12,10,8,11,13,6,13,5,9,8,7,4,6,5,4,4,6,4,6,10,11,7,10,6,13,5,12,10,10,6,10,10,6,12,3,11,6,18,11,10,8,6,5,13,2,11,3,3,5,4,5,156,7,16,6,11,12,11,11,6,7,4,4,6,9,8,3,16,12,12,6,3,13,3,9,14,4,4,9,6,7,13,4,5,13,1029,4,7,5,4,4,4,11,4,6,4,7,9,7,8,5,6,6,8,4,6,6,4,11,7,5,13,4,13,6,11,9,7,14,10,11,8,7,10,7,15,7,6,7,16,4,5,5,7,18,4,8,4,7,4,18,8,16,6,6,10,12,8,5,10,6,9,5,8,12,6,5,7,5,19,8,4,5,14,7,3,6,10,10,8,5,13,5,12,9,16,2,4,1146,16,8,9,0,7,11,9,160,10,6,7,11,14,4,10,9,5,8,15,9,9,9,7,5,9,12,11,7,13,14,9,15,1098,13,4,17,5,105,6,13,7,9,9,9,4,13,17,9,7,7,8,16,16,13,8,13,16,18,16,17,6,6,9,8,10,11,14,7,13,8,10,16,12,8,13,9,8,16,8,4,10,10,10,15,10,344,18,14,16,8,16,16,13,96,9,12,19,11,12,19,11,7,8,10,7,11,13,10,10,10,11,15,5,9,15,11,11,5,15,16,14,16,344,18,9,7,8,9,10,15,15,18,14,12,6,7,11,11,11,5,15,15,15,11,12,14,16,14,15,13,11,12,18,6,16
SBV220_plate03,56,1031,1295,1150,1098,56,1082,14,1145,1180,88,118,1020,1014,1186,1164,159,1109,1278,95,1029,100,27,7,95,13,338,8,1017,95,11,1022,98,13,11,11,12,14,9,14,6,10,9,8,5,7,6,5,5,7,5,9,11,12,8,11,7,14,6,17,11,13,7,11,13,7,13,4,12,7,19,14,11,9,7,6,14,5,12,6,4,6,5,8,157,8,17,7,12,13,12,12,7,8,5,5,7,10,9,4,17,13,13,7,4,14,4,8,15,5,5,10,7,8,14,3,6,14,1030,3,6,6,3,5,7,12,5,7,7,8,8,8,9,6,7,7,9,5,7,7,5,12,8,8,14,3,14,7,12,10,8,15,11,12,9,8,11,8,16,8,7,8,17,5,4,4,8,19,5,9,5,8,5,19,9,17,5,7,11,13,9,8,11,7,10,6,9,13,9,4,8,6,20,7,5,4,15,8,4,7,11,11,7,6,14,8,13,10,17,5,7,1147,17,7,10,7,0,12,10,161,11,7,8,12,15,5,11,10,6,11,16,10,8,10,8,6,10,13,12,8,14,15,10,16,1099,14,3,18,4,106,7,14,6,10,10,10,3,14,18,8,8,6,9,17,17,14,9,14,17,19,17,18,7,7,8,9,11,12,15,6,14,7,11,17,13,9,14,8,7,17,7,5,11,9,9,16,11,345,19,15,17,7,17,17,14,97,10,13,20,12,13,20,12,8,9,11,8,12,14,13,11,11,12,16,6,10,16,12,12,6,16,17,17,17,345,19,8,8,9,10,11,16,16,19,13,15,7,8,12,12,12,6,14,18,18,12,13,15,17,13,16,14,10,13,21,5,17
SBV221_plate03,54,1029,1292,1148,1096,54,1080,6,1143,1178,86,116,1018,1012,1184,1162,157,1107,1275,93,1027,98,25,9,93,11,336,6,1015,93,9,1020,96,11,3,3,9,6,11,6,8,2,11,10,7,9,8,7,7,9,7,11,9,2,10,1,5,4,8,15,1,3,9,1,5,9,3,8,2,7,17,4,3,11,7,8,8,9,2,8,8,8,7,10,155,10,7,9,10,3,10,4,9,10,7,7,9,8,11,8,7,3,5,11,8,4,8,14,5,9,7,12,9,10,4,9,8,4,1028,9,12,10,9,9,9,2,9,11,9,10,14,10,7,10,11,11,11,7,9,9,7,14,10,12,4,9,4,9,2,12,12,5,9,14,11,10,13,12,6,10,11,10,7,9,10,10,10,11,7,11,7,10,7,11,11,7,11,9,13,11,13,12,13,9,12,8,11,15,7,10,10,10,10,13,9,10,5,12,8,11,15,9,13,8,12,10,11,12,15,9,11,1145,7,13,8,11,12,0,8,159,9,11,12,16,5,9,13,14,10,15,18,12,14,8,10,8,14,11,14,10,16,13,8,18,1097,12,8,16,9,104,11,16,12,12,12,12,8,12,16,14,12,12,15,7,15,12,11,12,15,17,15,8,11,11,14,11,13,14,13,12,12,13,13,15,11,11,12,14,13,15,13,7,13,15,15,14,13,343,9,13,15,13,15,7,12,95,8,15,18,14,11,18,10,12,11,13,12,10,18,11,9,15,10,14,8,8,14,10,10,8,14,15,15,15,343,17,14,12,11,14,9,6,14,17,19,13,11,10,16,14,14,10,20,16,16,16,15,17,15,19,14,12,16,11,19,11,15
SBV222_plate03,50,1025,1289,1144,1092,50,1076,10,1139,1174,82,112,1014,1008,1180,1158,153,1103,1272,89,1023,94,21,7,89,7,332,2,1011,89,5,1016,92,7,5,7,6,10,9,10,6,6,9,8,5,7,6,5,5,7,5,9,5,8,8,7,3,10,6,11,7,9,7,7,9,7,9,6,8,5,13,10,7,9,5,6,10,7,8,6,6,6,5,8,151,8,13,7,4,9,4,8,7,8,5,5,7,2,9,6,13,9,9,9,6,10,6,12,11,7,5,10,7,8,10,7,6,10,1024,7,10,8,7,7,7,8,7,9,7,8,12,8,1,8,9,9,9,5,7,7,5,12,8,10,10,7,10,7,8,10,10,11,3,12,9,8,11,10,12,8,9,8,13,7,8,8,8,15,5,9,5,8,5,15,9,13,9,7,11,5,11,10,11,7,10,6,9,13,3,8,8,8,16,11,7,8,11,10,6,9,13,7,11,6,6,8,5,10,13,7,9,1141,13,11,2,9,10,8,0,155,3,9,10,14,11,7,11,12,8,13,16,10,12,2,8,6,12,5,12,8,14,7,2,16,1093,6,6,10,7,100,9,14,10,10,10,10,6,6,10,12,10,10,13,13,9,6,9,6,9,11,9,14,9,9,12,9,11,12,7,10,6,11,11,9,5,9,6,12,11,9,11,5,11,13,13,8,11,339,15,7,9,11,9,13,6,91,2,13,12,12,5,12,4,10,9,11,10,4,16,5,3,13,4,8,6,2,8,4,4,6,8,9,9,9,339,11,12,10,9,12,3,12,8,11,17,7,9,8,14,12,12,8,18,10,10,14,13,15,9,17,8,6,14,7,13,9,9
SBV223_plate03,134,1059,1317,1177,1125,134,1111,161,1172,1205,130,145,1047,1041,1209,1196,107,1135,1301,134,1056,139,151,158,134,154,367,153,1044,136,156,1051,137,158,156,158,156,160,160,161,157,157,160,159,156,158,157,156,156,158,156,160,156,159,159,158,154,161,157,157,158,160,156,158,160,158,159,157,159,156,164,161,158,160,156,157,159,158,159,157,157,157,156,159,10,159,162,158,157,160,157,159,158,159,156,156,158,153,160,157,164,160,160,158,157,161,157,163,162,158,156,161,158,157,161,158,157,161,1057,158,161,159,158,158,158,159,158,160,158,159,163,157,153,159,160,160,160,156,158,158,156,163,159,161,161,158,161,158,159,161,159,162,156,163,160,159,162,161,163,159,160,159,164,158,159,159,159,166,156,160,156,159,156,166,160,164,160,158,162,158,162,161,162,158,161,157,160,164,154,159,159,159,167,162,158,159,162,161,157,160,164,158,162,157,159,159,156,161,164,158,160,1176,164,162,155,160,161,159,155,0,156,160,161,163,160,158,162,163,159,164,167,161,163,155,159,157,163,158,163,159,165,160,155,167,1127,159,157,163,156,145,160,165,161,161,161,161,157,159,161,161,159,159,164,164,162,159,160,159,162,164,162,165,160,160,163,160,162,163,160,161,159,162,162,162,158,160,159,163,162,160,162,156,161,164,164,161,162,374,166,160,162,162,162,164,159,138,155,164,165,163,158,165,157,161,160,162,161,157,167,158,156,164,157,161,157,155,161,157,157,155,161,162,162,162,374,164,163,161,160,163,156,163,161,164,168,160,160,159,164,163,163,159,169,163,163,164,162,166,162,168,161,159,165,157,166,160,162
SBV224_plate03,51,1026,1290,1145,1093,51,1077,11,1140,1175,83,113,1015,1009,1181,1159,154,1104,1273,90,1024,95,22,8,90,8,333,3,1012,90,6,1017,93,8,6,8,7,11,10,11,7,7,10,9,6,8,7,6,6,8,6,10,6,9,9,8,4,11,7,12,8,10,8,8,10,8,10,7,9,6,14,11,8,10,6,7,11,8,9,7,7,7,6,9,152,9,14,8,5,10,5,9,8,9,6,6,8,3,10,7,14,10,10,10,7,11,7,13,12,8,6,11,8,9,11,8,7,11,1025,8,11,9,8,8,8,9,8,10,8,9,13,9,2,9,10,10,10,6,8,8,6,13,9,11,11,8,11,8,9,11,11,12,4,13,10,9,12,11,13,9,10,9,14,8,9,9,9,16,6,10,6,9,6,16,10,14,10,8,12,6,12,11,12,8,11,7,10,14,4,9,9,9,17,12,8,9,12,11,7,10,14,8,12,7,5,9,6,11,14,8,10,1142,14,12,1,10,11,9,3,156,0,10,11,15,12,8,12,13,9,14,17,11,13,1,9,7,13,4,13,9,15,8,3,17,1094,5,7,11,8,101,10,15,11,11,11,11,7,5,11,13,11,11,14,14,10,5,10,7,10,12,10,15,10,10,13,10,12,13,8,11,5,12,12,8,4,10,7,13,12,10,12,6,12,14,14,7,12,340,16,6,8,12,8,14,5,92,3,14,13,13,4,13,5,11,10,12,11,5,17,6,4,14,5,7,7,3,7,5,5,7,7,10,10,8,340,10,13,11,10,13,4,13,9,10,18,6,10,9,15,13,13,9,19,9,9,15,14,16,8,18,7,5,15,8,12,10,8
SBV225_plate03,55,1030,1294,1149,1096,55,1081,13,1144,1179,87,117,1019,1013,1185,1163,158,1108,1277,94,1028,99,26,6,94,12,337,7,1016,94,10,1021,97,12,10,10,10,12,8,13,5,9,8,7,4,6,5,4,4,6,4,8,10,11,7,10,6,13,5,16,10,12,6,10,12,6,12,3,11,6,18,13,10,8,6,5,13,4,11,5,3,5,4,7,156,7,16,6,11,12,11,11,6,7,4,4,6,9,8,3,16,12,12,6,3,13,3,9,14,4,4,9,6,7,13,4,5,13,1029,4,7,5,4,4,6,11,4,6,6,7,9,7,8,5,6,6,8,4,6,6,4,11,7,7,13,4,13,6,11,9,7,14,10,11,8,7,10,7,15,7,6,7,16,4,5,5,7,18,4,8,4,7,4,18,8,16,6,6,10,12,8,7,10,6,9,5,8,12,8,5,7,5,19,8,4,5,14,7,3,6,10,10,8,5,13,7,12,9,16,4,6,1146,16,8,9,6,7,11,9,160,10,0,7,11,14,4,10,9,5,10,15,9,9,9,7,5,9,12,11,7,13,14,9,15,1098,13,4,17,5,105,6,13,7,9,9,9,4,13,17,9,7,7,10,16,16,13,8,13,16,18,16,17,4,6,9,8,10,11,14,7,13,8,10,16,12,8,13,9,8,16,8,4,10,10,10,15,10,344,18,14,16,8,16,16,13,96,9,12,19,11,12,19,11,7,8,10,7,11,9,12,10,10,11,15,5,9,15,11,11,5,15,16,16,16,344,18,9,7,8,9,10,15,15,18,14,14,6,7,11,11,11,5,15,17,17,11,12,14,16,14,15,13,11,12,20,6,16
SBV226_plate03,56,1031,1294,1150,1098,56,1082,14,1145,1180,88,118,1020,1014,1186,1164,159,1109,1277,95,1029,100,27,7,95,13,338,8,1017,95,11,1022,98,13,11,11,12,14,9,14,6,10,9,8,5,7,6,5,5,7,5,9,11,12,8,11,7,14,6,17,11,13,7,11,13,7,13,4,12,7,19,14,11,9,7,6,14,5,12,6,4,6,5,8,157,8,17,7,12,13,12,12,7,8,5,5,7,10,9,4,17,13,13,7,4,14,4,10,15,5,5,10,7,8,14,5,6,14,1030,5,8,6,5,5,7,12,5,7,7,8,10,8,9,6,5,7,9,5,7,7,5,12,8,8,14,5,14,7,12,10,8,15,11,12,9,8,11,4,16,8,5,8,17,5,6,6,8,19,5,9,5,8,5,19,9,17,7,7,11,13,5,8,11,7,10,6,9,13,9,6,8,6,20,9,5,6,15,8,4,7,9,11,9,6,14,8,13,10,17,5,7,1147,17,9,10,7,8,12,10,161,11,7,0,12,15,5,11,10,6,11,16,10,10,10,8,6,10,13,12,8,14,15,10,16,1099,14,5,18,6,106,3,14,8,10,10,10,5,14,18,10,8,8,11,17,17,14,9,14,17,19,17,18,7,5,10,9,11,12,15,8,14,9,11,17,13,9,14,10,9,17,9,5,11,11,11,16,11,345,19,15,17,9,17,17,14,97,10,13,20,12,13,20,12,8,9,11,6,12,14,13,11,7,12,16,6,10,16,12,12,6,16,17,17,17,345,19,10,6,9,10,11,16,16,19,15,15,5,8,8,12,12,4,16,18,18,8,13,15,17,15,16,14,12,13,21,7,17
SBV227_plate03,58,1034,1297,1152,1100,58,1086,18,1148,1182,92,120,1022,1016,1188,1167,161,1110,1281,99,1031,104,31,11,99,17,342,12,1019,99,15,1026,102,17,15,15,16,18,13,18,10,14,13,12,9,11,10,9,9,11,9,13,15,16,12,15,11,18,10,21,15,17,11,15,17,11,17,8,16,11,23,18,15,13,11,10,16,9,16,10,8,10,9,12,161,12,19,11,16,17,16,16,11,12,9,9,11,12,13,8,21,17,17,9,8,18,8,14,19,9,9,14,11,10,18,9,10,18,1032,9,12,10,9,9,11,16,9,11,11,12,14,10,13,10,11,11,13,9,11,11,9,16,12,12,18,9,18,11,16,14,12,19,15,16,13,12,15,12,20,12,11,12,21,9,10,10,12,23,9,13,9,12,9,23,13,21,11,11,15,17,13,12,15,11,14,10,13,17,13,10,12,10,22,13,9,10,19,12,8,11,15,15,11,10,18,12,15,14,19,9,11,1149,21,13,14,11,12,16,14,163,15,11,12,0,17,9,15,2,10,3,20,14,14,14,12,10,2,17,16,10,16,19,14,20,1101,18,9,22,8,108,11,18,12,12,12,12,9,18,20,12,10,10,15,21,21,18,11,18,21,23,21,22,11,11,14,13,15,16,19,12,18,13,15,21,17,13,18,14,13,19,13,9,13,15,15,20,15,349,23,19,21,13,21,21,18,101,14,17,24,16,17,24,16,12,13,15,12,16,18,17,15,15,16,20,10,14,20,16,16,8,20,21,21,21,349,23,14,10,13,12,15,20,20,23,19,19,11,12,16,16,16,10,20,22,22,16,15,19,21,19,20,18,16,17,25,11,21
SBV228_plate03,55,1031,1292,1147,1095,55,1083,7,1144,1178,89,117,1019,1013,1185,1165,158,1108,1275,96,1028,101,28,10,96,12,339,9,1016,96,12,1023,99,12,6,6,12,8,14,7,11,5,12,13,10,10,9,10,10,12,10,14,12,5,13,4,8,5,11,17,4,6,12,4,8,12,6,11,5,10,20,7,6,12,10,11,9,12,5,11,11,11,10,11,158,11,6,12,11,6,11,7,12,13,10,10,10,9,12,11,10,6,6,12,11,7,11,17,8,12,10,15,12,11,7,12,11,5,1029,12,13,13,12,12,12,5,12,12,12,13,15,11,10,13,14,14,14,10,12,12,10,17,13,15,7,12,7,10,5,15,13,6,10,17,14,13,14,15,9,13,14,13,8,12,12,13,13,14,10,12,10,11,10,12,14,10,14,12,14,14,16,15,16,10,13,11,14,18,10,13,13,13,13,14,12,13,8,13,11,14,18,12,16,11,13,13,12,13,18,12,12,1146,10,16,11,14,15,5,11,160,12,14,15,17,0,12,16,17,13,18,19,15,17,11,13,11,17,14,17,13,19,16,11,21,1098,15,11,19,10,103,14,19,15,15,15,15,11,15,17,15,13,13,16,10,18,15,14,15,18,20,18,11,14,14,15,14,16,17,16,15,15,16,16,16,14,14,15,17,16,16,16,10,16,16,18,15,16,346,12,16,18,16,18,10,15,98,11,16,19,17,14,21,13,15,14,16,15,13,19,14,12,18,13,17,11,11,17,13,13,9,17,16,16,18,346,20,17,15,14,17,12,9,15,18,22,16,14,13,19,17,17,13,23,19,19,19,16,18,18,22,17,15,19,14,21,14,18
SBV229_plate03,53,1028,1292,1147,1095,53,1079,11,1142,1177,85,115,1017,1011,1183,1161,156,1106,1275,92,1026,97,24,4,92,10,335,5,1014,92,8,1019,95,10,8,8,9,11,6,11,3,7,6,5,2,4,3,2,2,4,2,6,8,9,5,8,4,11,3,14,8,10,4,8,10,4,10,1,9,4,16,11,8,6,4,3,11,2,9,3,1,3,2,5,154,5,14,4,9,10,9,9,4,5,2,2,4,7,6,1,14,10,10,4,1,11,1,7,12,2,2,7,4,5,11,2,3,11,1027,2,5,3,2,2,4,9,2,4,4,5,7,5,6,3,4,4,6,2,4,4,2,9,5,5,11,2,11,4,9,7,5,12,8,9,6,5,8,5,13,5,4,5,14,2,3,3,5,16,2,6,2,5,2,16,6,14,4,4,8,10,6,5,8,4,7,3,6,10,6,3,5,3,17,6,2,3,12,5,1,2,8,8,6,3,11,5,10,7,14,2,4,1144,14,6,7,4,5,9,7,158,8,4,5,9,12,0,8,7,3,8,13,7,7,7,5,3,7,10,9,5,11,12,7,13,1096,11,2,15,3,103,4,11,5,7,7,7,2,11,15,7,3,5,8,14,14,11,6,11,14,16,14,15,4,4,7,6,8,9,12,5,11,6,8,14,10,6,11,7,6,14,6,2,8,8,8,13,8,342,16,12,14,6,14,14,11,94,7,10,17,9,10,17,9,5,6,8,5,9,11,10,8,8,9,13,3,7,13,9,9,3,13,14,14,14,342,16,7,5,6,7,8,13,13,16,12,12,4,5,9,9,9,3,13,15,15,9,10,12,14,12,13,11,9,10,18,4,14
SBV230_plate03,57,1032,1295,1151,1099,57,1083,15,1146,1181,89,119,1021,1015,1187,1165,160,1110,1278,96,1030,101,28,8,96,14,339,9,1018,96,12,1023,99,14,12,12,13,15,10,15,7,11,10,9,6,8,7,6,6,8,6,10,12,13,9,12,8,15,7,18,12,14,8,12,14,8,14,7,13,8,20,15,12,10,8,7,15,8,13,7,7,7,6,9,158,9,18,8,13,14,13,13,8,9,6,6,8,11,10,7,18,14,14,10,7,15,7,13,16,8,6,11,8,9,15,8,7,15,1031,8,11,9,8,8,8,13,8,10,8,9,13,9,10,9,10,10,10,6,4,8,6,13,9,11,15,8,15,8,13,11,11,16,12,13,6,9,8,11,17,9,10,5,18,8,9,9,9,20,6,10,6,9,6,20,6,18,10,4,8,14,12,11,6,8,11,7,6,14,10,9,3,9,21,12,8,9,16,11,7,10,14,12,12,7,15,9,14,11,18,8,10,1148,18,12,11,10,11,13,11,162,12,10,11,15,16,8,0,13,9,14,17,11,13,11,9,7,13,14,13,9,15,16,11,17,1100,15,7,19,8,107,10,9,11,11,11,11,7,15,19,13,11,11,14,18,18,15,10,15,18,20,18,19,10,10,13,4,12,13,16,11,15,12,2,18,14,4,15,13,12,18,12,6,12,14,14,17,6,346,20,16,18,12,18,18,15,98,11,4,21,13,14,21,13,11,10,12,11,13,17,14,12,14,13,17,7,11,17,13,13,7,17,18,18,18,346,20,13,11,10,13,12,17,17,20,18,16,10,9,15,13,13,9,19,19,19,15,14,16,18,18,17,15,15,14,22,10,18
SBV231_plate03,58,1033,1296,1152,1100,58,1084,16,1147,1182,90,120,1022,1016,1188,1166,161,1110,1280,97,1031,102,29,9,97,15,340,10,1019,97,13,1024,100,15,13,13,14,16,11,16,8,12,11,10,7,9,8,7,7,9,7,11,13,14,10,13,9,16,8,19,13,15,9,13,15,9,15,6,14,9,21,16,13,11,9,8,16,7,14,8,6,8,7,10,159,10,19,9,14,15,14,14,9,10,7,7,9,12,11,6,19,15,15,9,6,16,6,12,17,7,7,12,9,10,16,7,8,16,1032,7,10,8,7,7,9,14,7,9,9,10,12,10,11,8,9,9,11,7,9,9,7,14,10,10,16,7,16,9,14,12,10,17,13,14,11,10,13,10,18,10,9,10,19,7,8,8,10,21,7,11,7,10,7,21,11,19,9,9,13,15,11,10,13,9,12,8,11,15,11,8,10,8,20,11,7,8,17,10,6,9,13,13,9,8,16,10,15,12,17,7,9,1149,19,11,12,9,10,14,12,163,13,9,10,2,17,7,13,0,8,1,18,12,12,12,10,8,0,15,14,8,14,17,12,18,1101,16,7,20,8,108,9,16,10,10,10,10,7,16,20,12,10,10,13,19,19,16,9,16,19,21,19,20,9,9,12,11,13,14,17,10,16,11,13,19,15,11,16,12,11,19,11,7,11,13,13,18,13,347,21,17,19,11,19,19,16,99,12,15,22,14,15,22,14,10,11,13,10,14,16,15,13,13,14,18,8,12,18,14,14,8,18,19,19,19,347,21,12,8,11,10,13,18,18,21,17,17,9,10,14,14,14,8,18,20,20,14,15,17,19,17,18,16,14,15,23,9,19
SBV232_plate03,54,1029,1293,1148,1096,54,1080,12,1143,1178,86,116,1018,1012,1184,1162,157,1107,1276,93,1027,98,25,5,93,11,336,6,1015,93,9,1020,96,11,9,9,10,12,7,12,4,8,7,6,3,5,4,3,3,5,3,7,9,10,6,9,5,12,4,15,9,11,5,9,11,5,11,2,10,5,17,12,9,7,5,4,12,3,10,4,2,4,3,6,155,6,15,5,10,11,10,10,5,6,3,3,5,8,7,2,15,11,11,5,2,12,2,8,13,3,3,8,5,6,12,3,4,12,1028,3,6,4,3,3,5,10,3,5,5,6,8,6,7,4,5,5,7,3,5,5,3,10,6,6,12,3,12,5,10,8,6,13,9,10,7,6,9,6,14,6,5,6,15,3,4,4,6,17,3,7,3,6,3,17,7,15,5,5,9,11,7,6,9,5,8,4,7,11,7,4,6,4,18,7,3,4,13,6,2,5,9,9,7,4,12,6,11,8,15,3,5,1145,15,7,8,5,6,10,8,159,9,5,6,10,13,3,9,8,0,9,14,8,8,8,6,4,8,11,10,6,12,13,8,14,1097,12,3,16,4,104,5,12,6,8,8,8,3,12,16,8,6,6,9,15,15,12,7,12,15,17,15,16,5,5,8,7,9,10,13,6,12,7,9,15,11,7,12,8,7,15,7,3,9,9,9,14,9,343,17,13,15,7,15,15,12,95,8,11,18,10,11,18,10,2,7,9,6,10,12,11,9,9,10,14,4,8,14,10,10,4,14,15,15,15,343,17,8,6,7,4,9,14,14,17,13,13,5,6,10,10,10,4,14,16,16,10,11,13,15,13,14,12,10,11,19,5,15
SBV233_plate03,59,1033,1296,1153,1101,59,1085,15,1148,1183,91,121,1023,1017,1189,1167,162,1111,1280,98,1032,103,30,10,98,16,341,11,1020,98,14,1025,101,16,14,14,15,17,10,17,9,13,12,11,8,10,9,8,8,10,8,10,14,15,11,14,10,17,9,18,14,14,10,14,14,10,16,7,15,10,22,15,14,12,10,9,17,8,15,7,7,9,8,9,160,11,20,10,15,16,15,15,10,11,8,8,10,13,12,7,20,16,16,10,7,17,7,13,18,8,8,13,10,11,17,8,9,17,1033,8,11,9,8,8,8,15,8,10,10,11,13,11,12,9,10,10,12,8,10,10,8,15,11,11,17,8,17,10,15,13,11,18,14,15,12,11,14,11,19,11,10,11,20,8,9,9,11,22,8,12,8,11,8,22,12,20,10,10,14,16,12,9,14,10,13,9,12,16,10,9,11,9,21,12,8,9,18,11,7,10,14,14,10,9,17,9,16,13,18,8,10,1150,20,12,13,8,11,15,13,164,14,10,11,3,18,8,14,1,9,0,19,13,13,13,11,9,1,16,15,9,15,18,13,19,1102,17,8,21,9,109,10,17,11,11,11,11,8,17,21,13,11,11,12,20,20,17,10,17,20,22,20,21,10,10,13,12,14,15,18,11,17,12,14,20,16,12,17,13,12,20,12,8,12,14,14,19,14,348,22,18,20,12,20,20,17,100,13,16,23,15,16,23,15,11,12,14,11,15,17,14,14,14,15,19,9,13,19,15,15,9,19,20,18,20,348,22,13,9,12,11,14,19,19,22,18,18,10,11,15,15,15,9,19,21,21,15,16,18,20,18,19,17,15,16,22,10,20
SBV234_plate05,62,1037,1301,1154,1101,62,1088,18,1151,1186,94,124,1026,1020,1192,1170,165,1115,1283,101,1035,106,33,11,101,15,344,14,1023,101,17,1028,104,15,17,17,18,17,15,16,12,16,11,14,11,11,10,11,11,13,11,15,17,18,14,17,13,16,12,20,17,19,13,17,19,13,19,12,18,13,25,20,17,11,13,12,20,13,18,12,12,12,11,10,163,10,19,13,14,19,14,18,13,14,11,11,9,16,10,12,23,19,15,15,12,20,12,18,21,13,11,16,13,14,20,13,12,16,1036,13,12,14,13,13,13,18,13,11,13,14,14,14,15,14,15,15,15,11,13,13,11,18,14,16,20,13,20,9,18,16,12,17,13,18,15,14,13,16,22,14,15,14,19,13,12,14,14,25,11,11,11,10,11,21,15,23,15,13,13,19,17,16,17,9,12,12,15,19,15,14,14,14,26,13,13,14,21,12,12,15,19,17,17,12,16,14,19,12,23,13,11,1153,23,17,16,15,16,18,16,167,17,15,16,20,19,13,17,18,14,19,0,16,18,16,14,12,18,19,18,14,20,21,16,4,1105,20,12,24,13,108,15,20,16,16,16,16,12,20,24,18,16,16,15,23,23,20,15,20,23,25,23,24,15,15,14,15,17,18,21,16,20,17,17,19,19,15,20,18,17,23,17,11,17,15,19,18,17,351,25,21,23,17,23,23,20,103,16,15,22,18,19,26,18,16,15,17,16,18,18,19,17,19,18,22,12,16,22,18,18,12,22,19,19,23,351,25,18,16,15,18,17,22,18,21,23,21,15,14,20,18,18,14,24,24,24,20,19,17,23,23,22,20,20,19,25,15,23
SBV235_plate05,56,1031,1295,1150,1098,56,1082,14,1145,1180,88,118,1020,1014,1186,1164,159,1109,1278,95,1029,100,27,7,95,13,338,8,1017,95,11,1022,98,13,11,11,12,14,9,14,6,10,9,8,5,7,6,5,5,7,5,9,11,12,8,11,7,14,6,17,11,13,7,11,13,7,13,6,12,5,19,14,11,9,5,6,14,7,12,6,6,6,5,8,157,8,17,7,12,13,12,12,7,8,5,5,7,10,9,6,17,13,13,9,6,14,6,12,15,7,5,10,5,8,14,7,6,14,1030,7,10,8,7,7,7,12,7,9,7,8,12,8,9,8,9,9,9,5,7,7,5,12,8,10,13,7,14,7,12,6,10,15,11,12,9,4,11,10,16,8,9,8,17,7,8,8,8,19,5,9,5,8,5,19,9,17,9,7,11,13,11,10,11,7,10,6,9,13,9,8,8,8,20,11,7,8,15,10,6,9,13,11,11,6,14,8,13,10,17,7,9,1147,17,11,10,9,10,12,10,161,11,9,10,14,15,7,11,12,8,13,16,0,12,10,8,6,12,13,12,6,14,15,10,16,1099,14,6,18,7,106,9,14,10,10,10,10,6,14,18,12,10,10,13,17,17,14,7,14,17,19,17,18,9,9,12,9,11,6,15,10,14,11,11,17,13,9,14,12,11,17,11,5,9,13,13,16,11,345,19,15,17,11,17,17,14,97,10,13,20,12,13,20,12,10,9,11,10,12,16,13,11,13,12,16,4,10,16,12,12,6,16,17,17,17,345,19,12,10,9,12,11,16,16,19,17,15,9,8,14,12,12,8,18,18,18,14,13,15,17,17,16,14,14,13,21,9,17
SBV236_plate03,58,1033,1296,1152,1100,58,1084,16,1147,1182,90,120,1022,1016,1188,1166,161,1111,1279,97,1031,102,29,9,97,15,340,10,1019,97,13,1024,100,15,13,13,14,16,11,16,8,12,11,10,7,9,8,7,7,9,7,11,13,14,10,13,9,16,8,19,13,15,9,13,15,9,15,6,14,9,21,16,13,11,9,8,16,7,14,8,6,8,7,10,159,10,19,9,14,15,14,14,9,10,7,7,9,12,11,6,19,15,15,9,6,16,6,8,17,7,7,12,9,10,16,5,8,16,1032,5,8,8,5,7,9,14,7,9,9,10,10,10,11,8,9,9,11,7,9,9,7,14,10,10,16,5,16,9,14,12,9,17,13,14,11,10,13,10,18,10,9,10,19,7,6,6,10,21,7,11,7,10,7,21,11,19,7,9,13,15,11,10,13,9,12,8,11,15,11,6,10,8,22,9,7,6,17,10,6,9,13,13,9,8,16,10,15,12,19,7,9,1149,19,9,12,9,8,14,12,163,13,9,10,14,17,7,13,12,8,13,18,12,0,12,10,8,12,15,14,10,16,17,12,18,1101,16,5,20,6,108,9,16,8,12,12,12,5,16,20,8,10,8,9,19,19,16,11,16,19,21,19,20,9,9,8,11,13,14,17,8,16,9,13,19,15,11,16,8,9,19,7,7,13,11,9,18,13,347,21,17,19,9,19,19,16,99,12,15,22,14,15,22,14,10,11,13,10,14,16,15,13,13,14,18,8,12,18,14,14,8,18,19,19,19,347,21,10,10,11,12,13,18,18,21,13,17,9,10,14,14,14,8,14,20,20,14,15,17,19,13,18,16,12,15,23,7,19
SBV237_plate03,50,1025,1289,1144,1092,50,1076,10,1139,1174,82,112,1014,1008,1180,1158,153,1103,1272,89,1023,94,21,7,89,7,332,2,1011,89,5,1016,92,7,5,7,6,10,9,10,6,6,9,8,5,7,6,5,5,7,5,9,5,8,8,7,3,10,6,11,7,9,7,7,9,7,9,6,8,5,13,10,7,9,5,6,10,7,8,6,6,6,5,8,151,8,13,7,4,9,4,8,7,8,5,5,7,2,9,6,13,9,9,9,6,10,6,12,11,7,5,10,7,8,10,7,6,10,1024,7,10,8,7,7,7,8,7,9,7,8,12,8,1,8,9,9,9,5,7,7,5,12,8,10,10,7,10,7,8,10,10,11,3,12,9,8,11,10,12,8,9,8,13,7,8,8,8,15,5,9,5,8,5,15,9,13,9,7,11,5,11,10,11,7,10,6,9,13,3,8,8,8,16,11,7,8,11,10,6,9,13,7,11,6,4,8,5,10,13,7,9,1141,13,11,0,9,10,8,2,155,1,9,10,14,11,7,11,12,8,13,16,10,12,0,8,6,12,3,12,8,14,7,2,16,1093,4,6,10,7,100,9,14,10,10,10,10,6,4,10,12,10,10,13,13,9,4,9,6,9,11,9,14,9,9,12,9,11,12,7,10,4,11,11,7,3,9,6,12,11,9,11,5,11,13,13,6,11,339,15,5,7,11,7,13,4,91,2,13,12,12,3,12,4,10,9,11,10,4,16,5,3,13,4,6,6,2,6,4,4,6,6,9,9,7,339,9,12,10,9,12,3,12,8,9,17,5,9,8,14,12,12,8,18,8,8,14,13,15,7,17,6,4,14,7,11,9,7
SBV238_plate03,54,1029,1292,1148,1096,54,1080,12,1143,1178,86,116,1018,1012,1184,1162,157,1107,1275,93,1027,98,25,5,93,11,336,6,1015,93,9,1020,96,11,9,9,10,12,7,12,4,8,7,6,3,5,4,3,3,5,3,7,9,10,6,9,5,12,4,15,9,11,5,9,11,5,11,4,10,5,17,12,9,7,5,4,12,5,10,4,4,4,3,6,155,6,15,5,10,11,10,10,5,6,3,3,5,8,7,4,15,11,11,7,4,12,4,10,13,5,3,8,5,6,12,5,4,12,1028,5,8,6,5,5,5,10,5,7,5,6,10,6,7,6,7,7,7,3,5,5,3,10,6,8,12,5,12,5,10,8,7,13,9,10,7,6,9,8,14,6,7,6,15,5,6,6,6,17,3,7,3,6,3,17,7,15,7,5,9,11,9,8,9,5,4,4,7,11,7,6,6,6,18,9,5,6,13,8,4,7,11,9,9,4,12,6,11,8,15,5,7,1143,15,9,8,7,8,10,8,159,9,7,8,12,13,5,9,10,6,11,14,8,10,8,0,4,10,11,10,6,12,13,8,14,1097,12,4,16,5,104,7,12,8,8,8,8,4,12,16,10,8,8,11,15,15,12,7,12,15,17,15,16,7,7,10,7,9,10,13,8,12,9,9,15,11,7,12,10,9,15,9,3,9,11,11,14,9,343,17,13,15,9,15,15,12,95,8,11,18,10,11,18,10,8,1,9,8,10,14,11,9,11,10,14,4,8,14,10,10,4,14,15,15,15,343,17,10,8,7,10,9,14,14,17,15,13,7,6,12,10,10,6,16,16,16,12,11,13,15,15,14,12,12,11,19,7,15
SBV239_plate03,52,1027,1291,1146,1094,52,1078,10,1141,1176,84,114,1016,1010,1182,1160,155,1105,1274,91,1025,96,23,3,91,9,334,4,1013,91,7,1018,94,9,7,7,8,10,5,10,2,6,5,4,1,3,2,1,1,3,1,5,7,8,4,7,3,10,2,13,7,9,3,7,9,3,9,2,8,3,15,10,7,5,3,2,10,3,8,2,2,2,1,4,153,4,13,3,8,9,8,8,3,4,1,1,3,6,5,2,13,9,9,5,2,10,2,8,11,3,1,6,3,4,10,3,2,10,1026,3,6,4,3,3,3,8,3,5,3,4,8,4,5,4,5,5,5,1,3,3,1,8,4,6,10,3,10,3,8,6,6,11,7,8,5,4,7,6,12,4,5,4,13,3,4,4,4,15,1,5,1,4,1,15,5,13,5,3,7,9,7,6,7,3,6,2,5,9,5,4,4,4,16,7,3,4,11,6,2,5,9,7,7,2,10,4,9,6,13,3,5,1143,13,7,6,5,6,8,6,157,7,5,6,10,11,3,7,8,4,9,12,6,8,6,4,0,8,9,8,4,10,11,6,12,1095,10,2,14,3,102,5,10,6,6,6,6,2,10,14,8,6,6,9,13,13,10,5,10,13,15,13,14,5,5,8,5,7,8,11,6,10,7,7,13,9,5,10,8,7,13,7,1,7,9,9,12,7,341,15,11,13,7,13,13,10,93,6,9,16,8,9,16,8,6,5,7,6,8,12,9,7,9,8,12,2,6,12,8,8,2,12,13,13,13,341,15,8,6,5,8,7,12,12,15,13,11,5,4,10,8,8,4,14,14,14,10,9,11,13,13,12,10,10,9,17,5,13
SBV240_plate05,58,1033,1296,1152,1100,58,1084,16,1147,1182,88,120,1022,1016,1188,1166,161,1110,1280,97,1031,102,29,9,97,15,340,10,1019,97,13,1024,100,15,13,13,14,16,11,16,8,12,11,10,7,9,8,7,7,9,7,11,13,14,10,13,9,16,8,19,13,15,9,13,15,9,15,6,14,9,21,16,13,11,9,8,16,7,14,8,6,8,7,10,159,10,19,9,14,15,14,14,9,10,7,7,9,12,11,6,19,15,15,9,6,16,6,12,17,7,7,12,9,10,16,7,8,16,1032,7,10,8,7,7,9,14,7,9,9,10,12,10,11,8,9,9,11,7,9,9,7,14,10,10,16,7,16,9,14,12,10,17,13,14,11,10,13,10,18,10,9,10,19,7,8,8,10,21,7,11,7,10,7,21,11,19,9,9,13,15,11,10,13,9,12,8,11,15,11,8,10,8,20,11,7,8,17,10,6,9,13,13,9,8,16,10,15,12,17,7,9,1149,19,11,12,9,10,14,12,163,13,9,10,2,17,7,13,0,8,1,18,12,12,12,10,8,0,15,14,8,14,17,12,18,1101,16,7,20,8,108,9,16,10,10,10,10,7,16,20,12,10,10,13,19,19,16,9,16,19,21,19,20,9,9,12,11,13,14,17,10,16,11,13,19,15,11,16,12,11,19,11,7,11,13,13,18,13,347,21,17,19,11,19,19,16,99,12,15,22,14,15,22,14,10,11,13,10,14,16,15,13,13,14,18,8,12,18,14,14,8,18,19,19,19,347,21,12,8,11,10,13,18,18,21,17,17,9,10,14,14,14,8,18,20,20,14,15,17,19,17,18,16,14,15,23,9,19
SBV241_plate03,53,1028,1291,1147,1095,53,1079,13,1142,1177,85,115,1017,1011,1183,1161,156,1106,1274,92,1026,97,24,10,92,10,335,5,1014,92,8,1019,95,10,8,10,9,13,12,13,9,9,12,11,8,10,9,8,8,10,8,12,8,11,11,10,6,13,9,14,10,12,10,10,12,10,12,9,11,8,16,13,10,12,8,9,13,10,11,9,9,9,8,11,154,11,16,10,7,12,7,11,10,11,8,8,10,5,12,9,16,12,12,12,9,13,9,15,14,10,8,13,10,11,13,10,9,13,1027,10,13,11,10,10,10,11,10,12,10,11,15,11,4,11,12,12,12,8,10,10,8,15,11,13,13,10,13,10,11,13,13,14,6,15,12,11,14,13,15,11,12,11,16,10,11,11,11,18,8,12,8,11,8,18,12,16,12,10,14,8,14,13,14,10,13,9,12,16,6,11,11,11,19,14,10,11,14,13,9,12,16,10,14,9,7,11,8,13,16,10,12,1144,16,14,3,12,13,11,5,158,4,12,13,17,14,10,14,15,11,16,19,13,15,3,11,9,15,0,15,11,17,10,5,19,1096,7,9,13,10,103,12,17,13,13,13,13,9,7,13,15,13,13,16,16,12,1,12,9,12,14,12,17,12,12,15,12,14,15,10,13,7,14,14,10,6,12,9,15,14,12,14,8,14,16,16,9,14,342,18,8,10,14,10,16,7,94,5,16,15,15,0,15,7,13,12,14,13,7,19,8,6,16,7,9,9,5,9,7,7,9,9,12,12,10,342,12,15,13,12,15,6,15,11,12,20,2,12,11,17,15,15,11,21,11,11,17,16,18,10,20,9,7,17,10,14,12,10
SBV242_plate03,58,1033,1297,1152,1100,58,1084,16,1147,1182,90,120,1022,1016,1188,1166,161,1111,1280,97,1031,102,29,9,97,15,340,10,1019,97,13,1024,100,15,13,13,14,16,11,16,8,12,11,10,7,9,8,7,7,9,7,11,13,14,10,13,9,16,8,19,13,15,9,13,15,9,15,8,14,9,21,16,13,11,9,8,16,9,14,8,8,8,7,10,159,10,19,9,14,15,14,14,9,10,7,7,9,12,11,8,19,15,15,11,8,16,8,14,17,9,7,12,9,10,16,9,8,16,1032,9,12,10,9,9,9,14,9,11,7,10,14,10,11,10,11,11,11,7,9,9,7,14,10,12,16,9,16,9,14,12,12,17,13,14,11,10,13,12,18,10,11,10,19,9,10,10,10,21,7,11,7,10,7,21,11,19,11,9,13,15,13,12,13,9,12,8,11,15,11,10,10,10,22,13,9,10,17,12,8,11,15,13,13,8,16,8,15,12,19,9,11,1149,19,13,12,11,12,14,12,163,13,11,12,16,17,9,13,14,10,15,18,12,14,12,10,8,14,15,0,10,16,17,12,18,1101,16,8,20,9,108,11,16,12,12,12,12,8,16,20,14,12,12,15,19,19,16,11,16,19,21,19,20,11,11,14,11,7,14,17,12,16,13,13,19,15,11,16,14,13,19,13,7,13,15,15,18,13,347,21,17,19,13,19,19,16,99,12,15,22,14,15,22,14,12,11,13,12,14,18,15,13,15,14,18,8,12,18,14,14,8,18,19,19,19,347,21,14,12,11,14,13,18,18,21,19,17,11,10,16,2,14,10,20,20,20,16,15,17,19,19,18,16,16,15,23,11,19
SBV243_plate03,54,1029,1293,1148,1096,54,1080,12,1143,1178,86,116,1018,1012,1184,1162,157,1107,1276,93,1027,98,25,5,93,11,336,6,1015,93,9,1020,96,11,9,9,10,12,7,12,4,8,7,6,3,5,4,3,3,5,3,7,9,10,6,9,5,12,4,15,9,11,5,9,11,5,11,4,10,3,17,12,9,7,3,4,12,5,10,4,4,4,3,6,155,6,15,5,10,11,10,10,5,6,3,3,5,8,7,4,15,11,11,7,4,12,4,10,13,5,3,8,3,6,12,5,4,12,1028,5,8,6,5,5,5,10,5,7,5,6,10,6,7,6,7,7,7,3,5,5,3,10,6,8,12,5,12,5,10,6,8,13,9,10,7,4,9,8,14,6,7,6,15,5,6,6,6,17,3,7,3,6,3,17,7,15,7,5,9,11,9,8,9,5,8,4,7,11,7,6,6,6,16,9,5,6,13,8,4,7,11,9,7,4,12,6,11,8,13,5,7,1145,15,9,8,7,8,10,8,159,9,7,8,10,13,5,9,8,6,9,14,6,10,8,6,4,8,11,10,0,10,13,8,14,1097,12,4,16,5,104,7,12,8,6,6,6,4,12,16,10,8,8,11,15,15,12,1,12,15,17,15,16,7,7,10,7,9,8,13,8,12,9,9,15,11,7,12,10,9,15,9,3,3,11,11,14,9,343,17,13,15,9,15,15,12,95,8,11,18,10,11,18,10,8,7,9,8,10,14,11,9,11,10,14,2,8,14,10,10,4,14,15,15,15,343,17,10,6,7,8,9,14,14,17,15,13,7,6,12,10,10,6,16,16,16,12,11,13,15,15,14,12,12,11,19,7,15
SBV244_plate03,60,1035,1299,1154,1101,60,1086,18,1149,1184,92,122,1024,1018,1190,1168,163,1113,1281,99,1033,104,31,11,99,17,342,12,1021,99,15,1026,102,17,15,15,16,18,13,18,10,14,13,12,9,11,10,9,9,11,9,13,15,16,12,15,11,18,10,21,15,17,11,15,17,11,17,10,16,11,23,18,15,13,11,10,18,11,16,10,10,10,9,12,161,12,21,11,16,17,16,16,11,12,9,9,11,14,13,10,21,17,17,13,10,18,10,16,19,11,9,14,11,12,18,11,10,18,1034,11,14,12,11,11,11,16,11,13,11,12,16,12,13,12,13,13,13,9,11,7,9,16,12,14,18,11,18,11,16,14,14,19,15,16,13,12,15,14,20,12,13,12,21,11,12,12,12,23,9,13,9,12,9,23,13,21,13,11,15,17,15,14,15,11,14,10,13,17,13,12,12,12,22,15,11,12,19,14,10,13,17,15,13,10,18,12,17,14,19,11,13,1151,21,15,14,13,14,16,14,165,15,13,14,16,19,11,15,14,12,15,20,14,16,14,12,10,14,17,16,10,0,19,14,20,1103,18,10,22,11,110,13,18,14,12,12,12,10,18,22,16,14,14,17,21,21,18,11,18,21,23,21,22,13,13,16,13,15,16,19,14,18,15,15,21,17,13,18,16,15,21,15,9,13,17,17,20,15,349,23,19,21,15,21,21,18,101,14,17,24,16,17,24,16,14,13,15,14,16,20,17,15,17,16,20,10,14,20,16,16,10,20,21,21,21,349,23,16,12,13,14,15,20,20,23,21,19,13,12,18,16,16,12,22,22,22,18,17,19,21,21,20,18,18,17,25,13,21
SBV245_plate03,55,1030,1294,1149,1097,55,1081,15,1144,1179,87,117,1019,1013,1185,1163,158,1108,1277,94,1028,99,26,12,94,12,337,7,1016,94,10,1021,97,12,10,12,11,15,14,15,11,11,14,13,10,12,11,10,10,12,10,14,10,13,13,12,8,15,11,16,12,14,12,12,14,12,14,11,13,10,18,15,12,14,10,11,15,12,13,11,11,11,10,13,156,13,18,12,9,14,9,13,12,13,10,10,12,7,14,11,18,14,14,14,11,15,11,17,16,12,10,15,12,13,15,12,11,15,1029,12,15,13,12,12,12,13,12,14,12,13,17,13,6,13,14,14,14,10,12,12,10,17,13,15,15,12,15,12,13,15,15,16,8,17,14,13,16,15,17,13,14,13,18,12,13,13,13,20,10,14,10,13,10,20,14,18,14,12,16,4,16,15,16,12,15,11,14,18,8,13,13,13,21,16,12,13,16,15,11,14,18,12,16,11,11,13,8,15,18,12,14,1146,18,16,7,14,15,13,7,160,8,14,15,19,16,12,16,17,13,18,21,15,17,7,13,11,17,10,17,13,19,0,7,21,1098,11,11,7,12,105,14,19,15,15,15,15,11,11,7,17,15,15,18,18,6,11,14,3,6,8,6,19,14,14,17,14,16,17,4,15,11,16,16,14,10,14,1,17,16,2,16,10,16,18,18,13,16,344,20,12,14,16,14,18,11,96,7,18,11,17,10,11,7,15,14,16,15,7,21,8,8,18,7,13,11,7,13,7,9,11,13,6,6,14,344,16,17,15,14,17,8,17,5,16,22,12,14,13,19,17,17,13,23,15,15,19,18,20,14,22,13,11,19,12,18,14,14
SBV246_plate03,50,1025,1289,1144,1092,50,1076,10,1139,1174,82,112,1014,1008,1180,1158,153,1103,1272,89,1023,94,21,7,89,7,332,2,1011,89,5,1016,92,7,5,7,6,10,9,10,6,6,9,8,5,7,6,5,5,7,5,9,5,8,8,7,3,10,6,11,7,9,7,7,9,7,9,6,8,5,13,10,7,9,5,6,10,7,8,6,6,6,5,8,151,8,13,7,4,9,4,8,7,8,5,5,7,2,9,6,13,9,9,9,6,10,6,12,11,7,5,10,7,8,10,7,6,10,1024,7,10,8,7,7,7,8,7,9,7,8,12,8,1,8,9,9,9,5,7,7,5,12,8,10,10,7,10,7,8,10,10,11,3,12,9,8,11,10,12,8,9,8,13,7,8,8,8,15,5,9,5,8,5,15,9,13,9,7,11,5,11,10,11,7,10,6,9,13,3,8,8,8,16,11,7,8,11,10,6,9,13,7,11,6,6,8,5,10,13,7,9,1141,13,11,2,9,10,8,2,155,3,9,10,14,11,7,11,12,8,13,16,10,12,2,8,6,12,5,12,8,14,7,0,16,1093,6,6,10,7,100,9,14,10,10,10,10,6,6,10,12,10,10,13,13,9,6,9,6,9,11,9,14,9,9,12,9,11,12,7,10,6,11,11,9,5,9,6,12,11,9,11,5,11,13,13,8,11,339,15,7,9,11,9,13,6,91,2,13,12,12,5,12,4,10,9,11,10,4,16,5,3,13,4,8,6,2,8,4,4,6,8,9,9,9,339,11,12,10,9,12,3,12,8,11,17,7,9,8,14,12,12,8,18,10,10,14,13,15,9,17,8,6,14,7,13,9,9
SBV247_plate03,62,1036,1300,1156,1103,62,1088,20,1151,1186,94,124,1026,1020,1192,1170,165,1115,1282,101,1035,106,33,13,101,19,344,14,1023,101,17,1028,104,19,17,17,18,19,15,20,12,16,15,14,11,13,12,11,11,13,11,15,17,18,14,17,13,20,12,22,17,19,13,17,19,13,19,12,18,13,25,20,17,15,13,12,20,13,18,12,12,12,11,14,163,14,23,13,18,19,18,18,13,14,11,11,13,16,14,12,23,19,19,15,12,20,12,18,21,13,11,16,13,14,20,13,12,20,1036,13,16,14,13,13,13,18,13,15,13,14,18,14,15,14,15,15,15,11,13,13,11,18,14,16,20,13,20,13,18,16,16,21,17,18,15,14,17,16,22,14,15,14,23,13,14,14,14,25,11,15,11,14,11,25,15,23,15,13,17,19,17,16,17,13,16,12,15,19,15,14,14,14,26,17,13,14,21,16,12,15,19,17,17,12,20,14,19,16,23,13,15,1153,23,17,16,15,16,18,16,167,17,15,16,20,21,13,17,18,14,19,4,16,18,16,14,12,18,19,18,14,20,21,16,0,1105,20,12,24,13,112,15,20,16,16,16,16,12,20,24,18,16,16,19,23,23,20,15,20,23,25,23,24,15,15,18,15,17,18,21,16,20,17,17,23,19,15,20,18,17,23,17,11,17,19,19,22,17,351,25,21,23,17,23,23,20,103,16,19,26,18,19,26,18,16,15,17,16,18,22,19,17,19,18,22,12,16,22,18,18,12,22,23,23,23,351,25,18,16,15,18,17,22,22,25,23,21,15,14,20,18,18,14,24,24,24,20,19,21,23,23,22,20,20,19,27,15,23
SBV248_plate05,1072,909,1206,705,688,1072,978,1099,864,738,1062,1078,905,895,1033,873,1126,70,1203,1074,904,1081,1089,1096,1073,1092,1032,1091,899,1073,1094,899,1073,1096,1094,1096,1085,1089,1098,1099,1095,1095,1098,1097,1094,1096,1095,1094,1094,1096,1094,1097,1094,1097,1097,1096,1092,1099,1095,1075,1096,1098,1093,1096,1098,1096,1098,1095,1097,1094,1102,1099,1096,1098,1090,1095,1097,1096,1097,1095,1095,1095,1094,1097,1125,1097,1100,1096,1095,1098,1095,1097,1096,1097,1094,1094,1096,1091,1098,1095,1102,1098,1098,1096,1095,1099,1095,1101,1100,1096,1094,1099,1096,1095,1099,1096,1095,1099,907,1096,1099,1097,1096,1096,1096,1097,1096,1098,1096,1097,1101,1095,1091,1097,1098,1098,1098,1094,1096,1096,1094,1101,1097,1099,1096,1096,1099,1096,1097,1099,1093,1100,1094,1101,1098,1097,1100,1099,1101,1097,1098,1097,1102,1096,1097,1097,1097,1104,1094,1098,1094,1097,1094,1104,1098,1102,1098,1096,1100,1096,1100,1099,1100,1096,1099,1095,1098,1102,1092,1097,1097,1097,1105,1100,1093,1097,1100,1099,1095,1098,1102,1096,1100,1095,1097,1097,1094,1099,1102,1096,1098,1049,1102,1100,1093,1098,1099,1097,1093,1127,1094,1098,1099,1101,1098,1096,1100,1101,1097,1102,1105,1099,1101,1093,1097,1095,1101,1096,1101,1097,1103,1098,1093,1105,0,1097,1095,1101,1094,1080,1098,1103,1099,1099,1099,1099,1095,1097,1099,1099,1097,1097,1102,1101,1100,1097,1098,1097,1100,1102,1100,1103,1098,1094,1101,1098,1100,1101,1098,1099,1097,1100,1100,1100,1096,1098,1097,1101,1098,1098,1100,1094,1100,1100,1102,1099,1100,1037,1104,1095,1100,1098,1099,1101,1096,1075,1093,1102,1103,1101,1096,1103,1095,1099,1098,1100,1099,1095,1105,1096,1094,1102,1095,1099,1095,1093,1099,1095,1095,1093,1099,1100,1100,1100,1037,1102,1099,1099,1098,1096,1094,1101,1099,1102,1106,1098,1098,1096,1100,1101,1101,1097,1107,1101,1101,1100,1100,1104,1100,1106,1099,1096,1103,1091,1104,1098,1100
SBV249_plate03,54,1029,1293,1148,1096,54,1080,14,1143,1178,86,116,1018,1012,1184,1162,157,1107,1276,93,1027,98,25,11,93,11,336,6,1015,93,9,1020,96,11,9,11,10,14,13,14,10,10,13,12,9,11,10,9,9,11,9,13,9,12,12,11,7,14,10,15,11,13,11,11,13,11,13,10,12,9,17,14,11,13,9,10,14,11,12,10,10,10,9,12,155,12,17,11,8,13,8,12,11,12,9,9,11,6,13,10,17,13,13,13,10,14,10,16,15,11,9,14,11,12,14,11,10,14,1028,11,14,12,11,11,11,12,11,13,11,12,16,12,5,12,13,13,13,9,11,11,9,16,12,14,14,11,14,11,12,14,14,15,7,16,13,12,15,14,16,12,13,12,17,11,12,12,12,19,9,13,9,12,9,19,13,17,13,11,15,9,15,14,15,11,14,10,13,17,7,12,12,12,20,15,11,12,15,14,10,13,17,11,15,10,6,12,9,14,17,11,13,1145,17,15,4,13,14,12,6,159,5,13,14,18,15,11,15,16,12,17,20,14,16,4,12,10,16,7,16,12,18,11,6,20,1097,0,10,14,11,104,13,18,14,14,14,14,10,0,14,16,14,14,17,17,13,8,13,10,13,15,13,18,13,13,16,13,15,16,11,14,2,15,15,3,1,13,10,16,15,13,15,9,15,17,17,4,15,343,19,3,5,15,5,17,2,95,6,17,16,16,7,16,8,14,13,15,14,8,20,9,7,17,8,4,10,6,2,8,8,10,4,13,13,5,343,7,16,14,13,16,7,16,12,7,21,9,13,12,18,16,16,12,22,6,6,18,17,19,5,21,4,2,18,11,9,13,5
SBV251_plate03,52,1027,1291,1146,1094,52,1077,10,1141,1176,84,114,1016,1010,1182,1160,155,1105,1274,91,1025,96,23,3,91,9,334,4,1013,91,7,1018,94,9,7,7,8,10,5,10,2,6,5,4,1,3,2,1,1,3,1,5,7,8,4,7,3,10,2,13,7,9,3,7,9,3,9,1,8,3,15,10,7,5,3,2,10,2,8,2,1,2,1,4,153,4,13,3,8,9,8,8,3,4,1,1,3,6,5,1,13,9,9,4,1,10,1,5,11,2,1,6,3,4,10,0,2,10,1026,0,3,3,0,2,3,8,2,4,3,4,5,4,5,3,4,4,5,1,3,3,1,8,4,5,10,0,10,3,8,6,5,11,7,8,5,4,7,5,12,4,4,4,13,2,1,1,4,15,1,5,1,4,1,15,5,13,2,3,7,9,6,5,7,3,6,2,5,9,5,1,4,3,16,4,2,1,11,5,1,4,8,7,4,2,10,4,9,6,13,2,4,1134,13,4,6,4,3,8,6,157,7,4,5,9,11,2,7,7,3,8,12,6,5,6,4,2,7,9,8,4,10,11,6,12,1095,10,0,14,1,102,4,10,3,6,6,6,0,10,14,5,5,3,6,13,13,10,5,10,13,15,13,14,4,4,5,5,7,8,11,3,10,4,7,13,9,5,10,5,4,13,4,1,7,6,6,12,7,341,15,11,13,4,13,13,10,93,6,9,16,8,9,16,8,5,5,7,5,8,11,9,7,8,8,12,2,6,12,8,8,2,12,13,13,13,341,15,5,5,5,7,7,12,12,15,10,11,4,4,9,8,8,3,11,14,14,9,9,11,13,10,12,10,7,9,17,2,13
SBV252_plate03,58,1033,1296,1152,1100,58,1084,18,1147,1182,90,120,1022,1016,1188,1166,161,1111,1279,97,1031,102,29,15,97,15,340,10,1019,97,13,1024,100,15,13,15,14,18,17,18,14,14,17,16,13,15,14,13,13,15,13,17,13,16,16,15,11,18,14,19,15,17,15,15,17,15,17,14,16,13,21,18,15,17,13,14,18,15,16,14,14,14,13,16,159,16,21,15,12,17,12,16,15,16,13,13,15,10,17,14,21,17,17,17,14,18,14,20,19,15,13,18,15,16,18,15,14,18,1032,15,18,16,15,15,15,16,15,17,15,16,20,16,9,16,17,17,17,13,15,15,13,20,16,18,18,15,18,15,16,18,18,19,11,20,17,16,19,18,20,16,17,16,21,15,16,16,16,23,13,17,13,16,13,23,17,21,17,15,19,7,19,18,19,15,18,14,17,21,11,16,16,16,24,19,15,16,19,18,14,17,21,15,19,14,14,16,11,18,21,15,17,1149,21,19,10,17,18,16,10,163,11,17,18,22,19,15,19,20,16,21,24,18,20,10,16,14,20,13,20,16,22,7,10,24,1101,14,14,0,15,108,17,22,18,18,18,18,14,14,4,20,18,18,21,21,9,14,17,4,3,5,3,22,17,17,20,17,19,20,5,18,14,19,19,17,13,17,6,20,19,9,19,13,19,21,21,16,19,347,23,15,17,19,17,21,14,99,10,21,14,20,13,14,10,18,17,19,18,10,24,11,11,21,10,16,14,10,16,10,12,14,16,9,7,17,347,19,20,18,17,20,11,20,8,19,25,15,17,16,22,20,20,16,26,18,18,22,21,23,17,25,16,14,22,15,21,17,17
SBV253_plate03,51,1027,1291,1145,1093,51,1078,11,1140,1175,85,113,1015,1009,1181,1161,154,1104,1274,92,1024,97,24,4,92,10,335,5,1012,92,8,1019,95,10,8,8,9,11,6,11,3,7,6,5,2,4,3,2,2,4,2,6,8,9,5,8,4,11,3,14,8,10,4,8,10,4,10,2,9,4,16,11,8,6,4,3,9,3,9,3,2,3,2,5,154,5,12,4,9,10,9,9,4,5,2,2,4,5,6,2,14,10,10,3,2,11,2,6,12,3,2,7,4,3,11,1,3,11,1025,1,4,4,1,3,4,9,3,5,4,5,6,3,6,4,5,5,6,2,4,4,2,9,5,6,11,1,11,4,9,7,6,12,8,9,6,5,8,6,13,5,5,5,14,3,2,2,5,16,2,6,2,5,2,16,6,14,3,4,8,10,7,6,8,4,7,3,6,10,6,2,5,4,17,5,3,2,12,6,2,5,9,8,5,3,11,5,8,7,14,3,5,1133,14,5,7,5,4,9,7,156,8,5,6,8,10,3,8,8,4,9,13,7,6,7,5,3,8,10,9,5,11,12,7,13,1094,11,1,15,0,101,5,11,4,7,7,7,1,11,13,4,4,2,7,14,14,11,6,11,14,16,14,15,5,5,6,6,8,9,12,4,11,5,8,14,10,6,11,6,5,12,5,2,8,7,7,13,8,342,16,12,14,5,14,14,11,94,7,10,17,9,10,17,9,6,6,8,6,9,12,10,8,9,9,13,3,7,13,9,9,1,13,14,14,14,342,16,6,6,6,8,8,13,13,16,11,12,5,5,10,9,9,4,12,15,15,10,8,12,14,11,13,11,8,10,18,3,14
SBV254_plate03,78,1013,1282,1130,1080,78,1067,104,1124,1162,54,102,1001,995,1167,1145,142,1090,1267,53,1007,80,95,101,53,95,324,98,998,13,101,1005,16,99,101,103,101,103,105,102,102,102,101,104,101,101,100,101,101,103,101,105,101,104,104,103,99,102,102,98,103,105,101,103,105,103,105,102,104,101,109,106,103,101,101,102,104,103,104,102,102,102,101,100,143,100,103,103,98,105,98,104,103,104,101,101,99,98,101,102,109,105,101,103,102,106,102,108,107,103,101,106,103,102,106,103,102,102,1008,103,102,104,103,103,103,104,103,101,103,104,104,102,98,104,105,105,105,101,103,103,101,108,104,106,106,103,106,99,104,106,101,103,97,108,105,104,103,106,108,104,105,104,105,103,102,104,104,111,101,101,101,100,101,107,105,109,105,103,103,103,107,106,107,99,102,102,105,109,99,104,104,104,112,103,103,104,107,102,102,105,109,103,107,102,100,104,101,102,109,103,101,1129,109,107,100,105,106,104,100,145,101,105,106,108,103,103,107,108,104,109,108,106,108,100,104,102,108,103,108,104,110,105,100,112,1080,104,102,108,101,0,105,110,106,106,106,106,102,104,106,106,104,104,105,109,107,104,105,104,107,109,107,110,105,105,104,105,107,108,105,106,104,107,107,103,103,105,104,108,107,105,107,101,106,105,109,102,107,331,111,105,107,107,107,109,104,27,100,105,106,108,103,110,102,106,105,107,106,102,108,103,101,109,102,106,102,100,106,102,102,100,106,103,103,107,331,109,108,106,105,108,101,108,102,105,113,105,105,104,110,108,108,104,114,108,108,110,107,107,107,113,106,104,110,102,109,105,107
SBV255_plate03,55,1030,1294,1149,1097,55,1081,13,1144,1179,87,117,1019,1013,1185,1163,158,1108,1277,94,1028,99,26,6,94,12,337,7,1016,94,10,1021,97,12,10,10,11,13,8,13,5,9,8,7,4,6,5,4,4,6,4,8,10,11,7,10,6,13,5,16,10,12,6,10,12,6,12,3,11,6,18,13,10,8,6,5,13,4,11,5,3,5,4,7,156,7,16,6,11,12,11,11,6,7,4,4,6,9,8,3,16,12,12,6,3,13,3,9,14,4,4,9,6,7,13,4,5,13,1029,4,7,5,4,4,6,11,4,6,6,7,9,7,8,5,4,6,8,4,6,6,4,11,7,7,13,4,13,6,11,9,7,14,10,11,8,7,10,3,15,7,4,7,16,4,5,5,7,18,4,8,4,7,4,18,8,16,6,6,10,12,4,7,10,6,9,5,8,12,8,5,7,5,19,8,4,5,14,7,3,6,8,10,8,5,13,7,12,9,16,4,6,1146,16,8,9,6,7,11,9,160,10,6,3,11,14,4,10,9,5,10,15,9,9,9,7,5,9,12,11,7,13,14,9,15,1098,13,4,17,5,105,0,13,7,9,9,9,4,13,17,9,7,7,10,16,16,13,8,13,16,18,16,17,6,4,9,8,10,11,14,7,13,8,10,16,12,8,13,9,8,16,8,4,10,10,10,15,10,344,18,14,16,8,16,16,13,96,9,12,19,11,12,19,11,7,8,10,5,11,13,12,10,6,11,15,5,9,15,11,11,5,15,16,16,16,344,18,9,5,8,9,10,15,15,18,14,14,4,7,7,11,11,3,15,17,17,7,12,14,16,14,15,13,11,12,20,6,16
SBV256_plate03,60,1035,1298,1154,1102,60,1086,18,1149,1184,92,122,1024,1018,1190,1168,163,1113,1281,99,1033,104,31,11,99,17,342,12,1021,99,15,1026,102,17,15,15,16,18,13,18,10,14,13,12,9,11,10,9,9,11,9,13,15,16,12,15,11,18,10,21,15,17,11,15,17,11,17,10,16,11,23,18,13,13,11,10,18,11,16,10,10,10,9,12,161,12,21,11,16,17,16,14,11,12,9,9,11,14,13,10,21,17,17,13,10,18,10,16,19,11,9,14,11,12,18,11,10,18,1034,11,14,12,11,11,11,16,11,13,11,12,16,12,13,12,13,13,13,9,7,11,9,16,12,14,18,11,18,11,16,14,13,19,15,16,9,12,11,14,20,12,13,8,21,11,12,12,12,23,9,13,9,12,9,23,9,21,13,7,11,17,15,14,9,11,14,10,9,17,13,12,6,12,24,15,11,12,19,14,10,13,17,15,15,10,18,12,17,14,21,11,13,1151,21,15,14,13,14,16,14,165,15,13,14,18,19,11,9,16,12,17,20,14,16,14,12,10,16,17,16,12,18,19,14,20,1103,18,10,22,11,110,13,0,14,14,14,14,10,18,22,16,14,14,17,21,21,18,13,18,21,23,21,22,13,13,16,5,15,16,19,14,18,15,9,21,17,5,18,16,15,21,15,9,15,17,17,20,7,349,23,19,21,15,21,21,18,101,14,11,24,16,17,24,16,14,13,15,14,16,20,17,15,17,16,20,10,14,20,16,16,10,20,21,21,21,349,23,16,14,13,16,15,20,20,23,21,19,13,12,18,16,16,12,22,22,22,18,17,19,21,21,20,18,18,17,25,13,21
SBV257_plate05,56,1031,1295,1150,1098,56,1082,14,1145,1180,88,118,1020,1014,1186,1164,159,1109,1278,95,1029,100,27,7,95,13,338,8,1017,95,11,1022,98,13,11,11,12,14,9,14,6,10,9,8,5,7,6,5,5,7,5,9,11,12,8,11,7,14,6,17,11,13,7,11,13,7,13,4,12,7,19,14,11,9,7,6,14,5,12,6,4,6,5,8,157,8,17,7,12,13,12,12,7,8,5,5,7,10,9,4,17,13,13,7,4,14,4,8,15,5,5,10,7,8,14,3,6,14,1030,3,6,6,3,5,7,12,5,7,7,8,8,8,9,6,7,7,9,5,7,7,5,12,8,8,14,3,14,7,12,10,8,15,11,12,9,8,11,8,16,8,7,8,17,5,4,4,8,19,5,9,5,8,5,19,9,17,5,7,11,13,9,8,11,7,10,6,9,13,9,4,8,6,20,7,5,4,15,8,4,7,11,11,7,6,14,8,13,10,17,5,7,1147,17,7,10,7,6,12,10,161,11,7,8,12,15,5,11,10,6,11,16,10,8,10,8,6,10,13,12,8,14,15,10,16,1099,14,3,18,4,106,7,14,0,10,10,10,3,14,18,8,8,2,9,17,17,14,9,14,17,19,17,18,7,7,8,9,11,12,15,6,14,7,11,17,13,9,14,8,7,17,7,5,11,9,9,16,11,345,19,15,17,7,17,17,14,97,10,13,20,12,13,20,12,8,9,11,8,12,14,13,11,11,12,16,6,10,16,12,12,6,16,17,17,17,345,19,8,8,9,10,11,16,16,19,13,15,7,8,12,12,12,6,14,18,18,12,13,15,17,13,16,14,10,13,21,5,17
SBV258_plate03,56,1031,1295,1150,1098,56,1082,14,1145,1180,88,118,1020,1014,1186,1164,159,1109,1278,95,1029,100,27,7,95,13,338,8,1017,95,11,1022,98,13,11,11,12,14,9,14,6,10,9,8,5,7,6,5,5,7,5,9,11,12,8,11,7,14,6,17,11,13,7,11,13,7,13,6,12,7,19,14,11,9,7,6,14,7,12,6,6,6,5,8,157,8,17,7,12,13,12,12,7,8,5,5,7,10,9,6,17,13,13,9,6,14,6,12,15,7,5,10,7,8,14,7,6,14,1030,7,10,8,7,7,7,12,7,9,7,8,12,8,9,8,9,9,9,5,7,7,5,12,8,10,14,7,14,7,12,10,10,15,11,12,9,8,11,10,16,8,9,8,17,7,8,8,8,19,5,9,5,8,5,19,9,17,9,7,11,13,11,10,11,7,10,6,9,13,9,8,8,8,18,11,7,8,15,10,6,9,13,11,9,6,14,8,13,10,15,7,9,1147,17,11,10,9,10,12,10,161,11,9,10,12,15,7,11,10,8,11,16,10,12,10,8,6,10,13,12,6,12,15,10,16,1099,14,6,18,7,106,9,14,10,0,0,0,6,14,18,12,10,10,13,17,17,14,7,14,17,19,17,18,9,9,12,9,11,12,15,10,14,11,11,17,13,9,14,12,11,17,11,5,9,13,13,16,11,345,19,15,17,11,17,17,14,97,10,13,20,6,13,20,12,10,9,5,10,12,16,13,11,13,12,16,6,10,16,12,12,6,16,17,17,17,345,19,12,8,3,10,11,16,16,19,17,15,9,4,14,12,8,8,18,18,18,14,7,9,17,17,16,14,14,13,21,9,17
SBV259_plate03,56,1031,1295,1150,1098,56,1082,14,1145,1180,88,118,1020,1014,1186,1164,159,1109,1278,95,1029,100,27,7,95,13,338,8,1017,95,11,1022,98,13,11,11,12,14,9,14,6,10,9,8,5,7,6,5,5,7,5,9,11,12,8,11,7,14,6,17,11,13,7,11,13,7,13,6,12,7,19,14,11,9,7,6,14,7,12,6,6,6,5,8,157,8,17,7,12,13,12,12,7,8,5,5,7,10,9,6,17,13,13,9,6,14,6,12,15,7,5,10,7,8,14,7,6,14,1030,7,10,8,7,7,7,12,7,9,7,8,12,8,9,8,9,9,9,5,7,7,5,12,8,10,14,7,14,7,12,10,10,15,11,12,9,8,11,10,16,8,9,8,17,7,8,8,8,19,5,9,5,8,5,19,9,17,9,7,11,13,11,10,11,7,10,6,9,13,9,8,8,8,18,11,7,8,15,10,6,9,13,11,9,6,14,8,13,10,15,7,9,1147,17,11,10,9,10,12,10,161,11,9,10,12,15,7,11,10,8,11,16,10,12,10,8,6,10,13,12,6,12,15,10,16,1099,14,6,18,7,106,9,14,10,0,0,0,6,14,18,12,10,10,13,17,17,14,7,14,17,19,17,18,9,9,12,9,11,12,15,10,14,11,11,17,13,9,14,12,11,17,11,5,9,13,13,16,11,345,19,15,17,11,17,17,14,97,10,13,20,6,13,20,12,10,9,5,10,12,16,13,11,13,12,16,6,10,16,12,12,6,16,17,17,17,345,19,12,8,3,10,11,16,16,19,17,15,9,4,14,12,8,8,18,18,18,14,7,9,17,17,16,14,14,13,21,9,17
SBV260_plate03,56,1031,1295,1150,1098,56,1082,14,1145,1180,88,118,1020,1014,1186,1164,159,1109,1278,95,1029,100,27,7,95,13,338,8,1017,95,11,1022,98,13,11,11,12,14,9,14,6,10,9,8,5,7,6,5,5,7,5,9,11,12,8,11,7,14,6,17,11,13,7,11,13,7,13,6,12,7,19,14,11,9,7,6,14,7,12,6,6,6,5,8,157,8,17,7,12,13,12,12,7,8,5,5,7,10,9,6,17,13,13,9,6,14,6,12,15,7,5,10,7,8,14,7,6,14,1030,7,10,8,7,7,7,12,7,9,7,8,12,8,9,8,9,9,9,5,7,7,5,12,8,10,14,7,14,7,12,10,10,15,11,12,9,8,11,10,16,8,9,8,17,7,8,8,8,19,5,9,5,8,5,19,9,17,9,7,11,13,11,10,11,7,10,6,9,13,9,8,8,8,18,11,7,8,15,10,6,9,13,11,9,6,14,8,13,10,15,7,9,1147,17,11,10,9,10,12,10,161,11,9,10,12,15,7,11,10,8,11,16,10,12,10,8,6,10,13,12,6,12,15,10,16,1099,14,6,18,7,106,9,14,10,0,0,0,6,14,18,12,10,10,13,17,17,14,7,14,17,19,17,18,9,9,12,9,11,12,15,10,14,11,11,17,13,9,14,12,11,17,11,5,9,13,13,16,11,345,19,15,17,11,17,17,14,97,10,13,20,6,13,20,12,10,9,5,10,12,16,13,11,13,12,16,6,10,16,12,12,6,16,17,17,17,345,19,12,8,3,10,11,16,16,19,17,15,9,4,14,12,8,8,18,18,18,14,7,9,17,17,16,14,14,13,21,9,17
SBV261_plate03,52,1027,1291,1146,1094,52,1077,10,1141,1176,84,114,1016,1010,1182,1160,155,1105,1274,91,1025,96,23,3,91,9,334,4,1013,91,7,1018,94,9,7,7,8,10,5,10,2,6,5,4,1,3,2,1,1,3,1,5,7,8,4,7,3,10,2,13,7,9,3,7,9,3,9,1,8,3,15,10,7,5,3,2,10,2,8,2,1,2,1,4,153,4,13,3,8,9,8,8,3,4,1,1,3,6,5,1,13,9,9,4,1,10,1,5,11,2,1,6,3,4,10,0,2,10,1026,0,3,3,0,2,3,8,2,4,3,4,5,4,5,3,4,4,5,1,3,3,1,8,4,5,10,0,10,3,8,6,5,11,7,8,5,4,7,5,12,4,4,4,13,2,1,1,4,15,1,5,1,4,1,15,5,13,2,3,7,9,6,5,7,3,6,2,5,9,5,1,4,3,16,4,2,1,11,5,1,4,8,7,4,2,10,4,9,6,13,2,4,1134,13,4,6,4,3,8,6,157,7,4,5,9,11,2,7,7,3,8,12,6,5,6,4,2,7,9,8,4,10,11,6,12,1095,10,0,14,1,102,4,10,3,6,6,6,0,10,14,5,5,3,6,13,13,10,5,10,13,15,13,14,4,4,5,5,7,8,11,3,10,4,7,13,9,5,10,5,4,13,4,1,7,6,6,12,7,341,15,11,13,4,13,13,10,93,6,9,16,8,9,16,8,5,5,7,5,8,11,9,7,8,8,12,2,6,12,8,8,2,12,13,13,13,341,15,5,5,5,7,7,12,12,15,10,11,4,4,9,8,8,3,11,14,14,9,9,11,13,10,12,10,7,9,17,2,13
SBV262_plate03,54,1029,1293,1148,1096,54,1080,14,1143,1178,86,116,1018,1012,1184,1162,157,1107,1276,93,1027,98,25,11,93,11,336,6,1015,93,9,1020,96,11,9,11,10,14,13,14,10,10,13,12,9,11,10,9,9,11,9,13,9,12,12,11,7,14,10,15,11,13,11,11,13,11,13,10,12,9,17,14,11,13,9,10,14,11,12,10,10,10,9,12,155,12,17,11,8,13,8,12,11,12,9,9,11,6,13,10,17,13,13,13,10,14,10,16,15,11,9,14,11,12,14,11,10,14,1028,11,14,12,11,11,11,12,11,13,11,12,16,12,5,12,13,13,13,9,11,11,9,16,12,14,14,11,14,11,12,14,14,15,7,16,13,12,15,14,16,12,13,12,17,11,12,12,12,19,9,13,9,12,9,19,13,17,13,11,15,9,15,14,15,11,14,10,13,17,7,12,12,12,20,15,11,12,15,14,10,13,17,11,15,10,6,12,9,14,17,11,13,1145,17,15,4,13,14,12,6,159,5,13,14,18,15,11,15,16,12,17,20,14,16,4,12,10,16,7,16,12,18,11,6,20,1097,0,10,14,11,104,13,18,14,14,14,14,10,0,14,16,14,14,17,17,13,8,13,10,13,15,13,18,13,13,16,13,15,16,11,14,2,15,15,3,1,13,10,16,15,13,15,9,15,17,17,4,15,342,19,3,5,15,5,17,2,95,6,17,16,16,7,16,8,14,13,15,14,8,20,9,7,17,8,4,10,6,2,8,8,10,4,13,13,5,343,7,16,14,13,16,7,16,12,7,21,9,13,12,18,16,16,12,22,6,6,18,17,19,5,21,4,2,18,11,9,13,5
SBV263_plate03,56,1032,1296,1150,1098,56,1084,18,1146,1180,90,118,1020,1014,1186,1166,159,1109,1279,97,1029,102,29,15,97,15,340,10,1017,97,13,1024,100,15,13,15,14,18,17,18,14,14,17,16,13,15,14,13,13,15,13,17,13,16,16,15,11,18,14,19,15,17,15,15,17,15,17,14,16,13,21,18,15,17,13,14,16,15,16,14,14,14,13,16,159,16,19,15,12,17,12,16,15,16,13,13,15,8,17,14,21,17,17,15,14,18,14,20,19,15,13,18,15,14,18,15,14,18,1030,15,18,16,15,15,15,16,15,17,15,16,20,14,9,16,17,17,17,13,15,15,13,20,16,18,18,15,18,15,16,18,18,19,11,20,17,16,19,18,20,16,17,16,21,15,16,16,16,23,13,17,13,16,13,23,17,21,17,15,19,7,19,18,19,15,18,14,17,21,11,16,16,16,24,19,15,16,19,18,14,17,21,15,19,14,14,16,9,18,21,15,17,1147,21,19,10,17,18,16,10,161,11,17,18,20,17,15,19,20,16,21,24,18,20,10,16,14,20,13,20,16,22,7,10,24,1099,14,14,4,13,106,17,22,18,18,18,18,14,14,0,18,16,16,21,21,9,14,17,4,3,5,3,22,17,17,20,17,19,20,5,18,14,19,19,17,13,17,6,20,19,7,19,13,19,21,21,16,19,347,23,15,17,19,17,21,14,99,10,21,14,20,13,14,10,18,17,19,18,10,24,11,11,21,10,16,14,10,16,10,12,12,16,9,7,17,347,19,20,18,17,20,11,20,8,19,25,15,17,16,22,20,20,16,26,18,18,22,19,23,17,25,16,14,22,15,21,17,17
SBV265_plate03,56,1032,1295,1150,1098,56,1084,16,1145,1180,90,118,1020,1014,1186,1166,159,1109,1278,97,1029,102,29,9,97,15,340,10,1017,97,13,1024,100,15,13,13,14,16,11,16,8,12,11,10,7,9,8,7,7,9,7,11,13,14,10,13,9,16,8,18,13,15,9,13,15,9,15,6,14,9,21,16,13,11,9,8,14,7,14,8,6,8,7,10,159,10,17,9,14,15,14,14,9,10,7,7,9,10,11,6,19,15,15,7,6,16,6,2,17,7,7,12,9,8,16,5,8,16,1030,5,8,8,5,7,9,14,7,9,9,10,10,8,11,8,9,9,11,7,9,9,7,14,10,10,16,5,16,9,14,12,10,17,13,14,11,10,13,10,18,10,9,10,19,7,6,6,10,21,7,11,7,10,7,21,11,19,7,9,13,15,11,10,13,9,12,8,11,15,11,6,10,8,22,9,7,6,17,10,6,9,13,13,9,8,16,10,13,12,19,7,9,1147,19,9,12,9,8,14,12,161,13,9,10,12,15,7,13,12,8,13,18,12,8,12,10,8,12,15,14,10,16,17,12,18,1099,16,5,20,4,106,9,16,8,12,12,12,5,16,18,0,8,6,9,19,19,16,11,16,19,21,19,20,9,9,8,11,13,14,17,8,16,9,13,19,15,11,16,8,9,17,7,7,13,11,3,18,13,347,21,17,19,9,19,19,16,99,12,15,22,14,15,22,14,10,11,13,10,14,16,15,13,13,14,18,8,12,18,14,14,6,18,19,19,19,347,21,10,10,11,12,13,18,18,21,13,17,9,10,14,14,14,8,14,20,20,14,13,17,19,13,18,16,12,15,23,7,19
SBV266_plate03,54,1030,1292,1148,1096,54,1082,14,1143,1178,88,116,1018,1012,1184,1164,157,1107,1275,95,1027,100,27,7,95,13,338,8,1015,95,11,1022,98,13,11,11,11,14,9,14,6,10,9,8,5,7,6,5,5,7,5,9,11,12,8,11,7,14,6,17,11,13,7,11,13,7,13,4,12,7,19,14,11,9,7,6,12,5,12,6,4,6,5,8,157,8,15,7,12,13,12,12,7,8,5,5,7,8,9,4,17,13,13,5,4,14,4,10,15,5,5,10,7,6,14,5,6,14,1028,5,8,6,5,5,7,12,5,7,7,8,10,6,9,6,7,7,9,5,7,7,5,12,8,8,14,5,14,7,12,10,8,15,11,12,9,8,11,8,16,8,7,8,17,5,6,6,8,19,5,9,5,8,5,19,9,17,7,7,11,13,9,8,11,7,10,6,9,13,9,6,8,6,20,9,5,6,15,8,4,1,11,11,9,6,14,8,11,10,17,5,7,1145,17,9,10,7,8,12,10,159,11,7,8,10,13,3,11,10,6,11,16,10,10,10,8,6,10,13,12,8,14,15,10,16,1097,14,5,18,4,104,7,14,8,10,10,10,5,14,16,8,0,6,11,17,17,14,9,14,17,19,17,18,7,7,10,9,11,12,15,8,14,9,11,17,13,9,14,10,9,15,9,5,11,11,11,16,11,345,19,15,17,9,17,17,14,97,10,13,20,12,13,20,12,8,9,11,8,12,14,13,11,11,12,16,6,10,16,12,12,4,16,17,17,17,345,19,10,8,9,10,11,16,16,19,15,15,7,8,12,12,12,6,16,18,18,12,11,15,17,15,16,14,12,13,21,7,17
SBV267_plate03,54,1030,1294,1148,1096,54,1082,14,1144,1178,88,116,1018,1012,1184,1164,157,1107,1277,95,1027,100,27,7,95,13,338,8,1015,95,11,1022,98,13,11,11,12,14,9,14,6,10,9,8,5,7,6,5,5,7,5,9,11,12,8,11,7,14,6,17,11,13,7,11,13,7,13,4,12,7,19,14,11,9,7,6,12,5,12,6,4,6,5,8,157,8,15,7,12,13,12,12,7,8,5,5,7,8,9,4,17,13,13,5,4,14,4,8,15,5,5,10,7,6,14,3,6,14,1028,3,6,6,3,5,7,12,5,7,7,8,8,6,9,6,7,7,9,5,7,7,5,12,8,8,14,3,14,7,12,10,8,15,11,12,9,8,11,8,16,8,7,8,17,5,4,4,8,19,5,9,5,8,5,19,9,17,5,7,11,13,9,8,11,7,10,6,9,13,9,4,8,6,20,7,5,4,15,8,4,7,11,11,7,6,14,8,11,10,17,5,7,1145,17,7,10,7,6,12,10,159,11,7,8,10,13,5,11,10,6,11,16,10,8,10,8,6,10,13,12,8,14,15,10,16,1097,14,3,18,2,104,7,14,2,10,10,10,3,14,16,6,6,0,9,17,17,14,9,14,17,19,17,18,7,7,8,9,11,12,15,6,14,7,11,17,13,9,14,8,7,15,7,5,11,9,9,16,11,345,19,15,17,7,17,17,14,97,10,13,20,12,13,20,12,8,9,11,8,12,14,13,11,11,12,16,6,10,16,12,12,4,16,17,17,17,345,19,8,8,9,10,11,16,16,19,13,15,7,8,12,12,12,6,14,18,18,12,11,15,17,13,16,14,10,13,21,5,17
SBV268_plate03,59,1033,1295,1151,1099,59,1085,13,1148,1183,91,121,1023,1017,1189,1167,162,1112,1278,98,1032,103,30,8,98,12,341,11,1020,98,14,1025,101,12,14,14,15,15,10,13,9,13,8,11,8,8,7,8,8,10,8,10,14,15,11,14,10,13,9,16,14,14,10,14,14,10,16,7,15,10,22,15,14,8,10,9,17,8,15,7,7,9,8,5,160,7,16,10,11,16,11,15,10,11,8,8,6,13,8,7,20,16,12,10,7,17,7,9,18,8,8,13,10,11,17,6,9,13,1033,6,5,9,6,8,8,15,8,6,10,11,7,11,12,9,10,10,12,8,10,10,8,15,11,11,17,6,17,6,15,13,7,14,10,15,12,11,10,11,19,11,10,11,16,8,5,7,11,22,8,8,8,7,8,18,12,20,8,10,10,16,12,9,14,6,9,9,12,16,10,7,11,9,23,6,8,7,18,7,7,10,14,14,10,9,13,9,16,9,20,8,6,1150,20,10,13,8,9,15,13,164,14,10,11,15,16,8,14,13,9,12,15,13,9,13,11,9,13,16,15,11,17,18,13,19,1102,17,6,21,7,105,10,17,9,13,13,13,6,17,21,9,11,9,0,20,20,17,12,17,20,22,20,21,10,10,5,12,14,15,18,9,17,10,14,16,16,12,17,9,10,20,8,8,14,8,10,15,14,348,22,18,20,10,20,20,17,100,13,12,19,15,16,23,15,11,12,14,11,15,13,14,14,14,15,19,9,13,19,15,15,9,19,16,14,20,348,22,11,11,12,13,14,19,15,18,14,18,10,11,15,15,15,9,15,21,21,15,16,14,20,14,19,17,13,16,20,8,20
SBV269_plate05,59,1034,1296,1153,1101,59,1085,11,1147,1183,91,121,1023,1017,1188,1167,162,1111,1279,98,1032,103,30,14,98,16,341,11,1020,98,14,1025,101,16,8,8,14,11,16,11,13,7,16,15,12,14,13,12,12,14,12,16,14,7,15,6,10,7,13,20,6,8,14,6,10,14,8,13,5,12,22,7,8,16,12,13,13,14,5,13,13,13,12,15,160,15,10,14,15,6,15,9,14,15,12,12,14,13,16,13,10,8,10,16,13,9,13,19,8,14,12,17,14,15,9,14,13,9,1033,14,17,15,14,14,14,7,14,16,14,15,19,15,12,15,16,16,16,12,14,14,12,19,15,17,9,14,9,14,7,17,17,8,14,19,16,15,18,17,9,15,16,15,4,14,15,15,15,16,12,16,12,15,12,16,16,10,16,14,18,16,18,17,18,14,17,13,16,20,12,15,15,15,7,18,13,15,10,17,13,16,20,14,18,13,17,15,16,17,20,14,16,1149,4,18,13,16,17,7,13,164,14,16,17,21,10,14,18,19,15,20,23,17,19,13,15,13,19,16,19,15,21,18,13,23,1101,17,13,21,14,109,16,21,17,17,17,17,13,17,21,19,17,17,20,0,20,17,16,17,20,22,20,5,16,16,19,16,18,19,18,17,17,18,18,20,16,16,17,19,18,20,18,12,17,20,20,19,18,348,6,18,20,18,20,2,17,100,13,20,23,19,16,23,15,17,16,18,17,15,23,16,14,20,15,19,13,13,19,15,15,13,19,20,20,20,348,22,19,17,16,19,14,3,19,22,24,18,16,15,21,19,19,15,25,21,21,21,20,22,20,24,19,17,21,16,24,16,20
SBV270_plate04,57,1032,1295,1151,1099,57,1083,17,1146,1181,89,119,1021,1015,1187,1165,160,1110,1278,96,1030,101,28,14,96,14,339,9,1018,96,12,1023,99,14,12,14,13,17,16,17,13,13,16,15,12,14,13,12,12,14,12,16,12,15,15,14,10,17,13,18,14,16,14,14,16,14,16,13,15,12,20,17,14,16,12,13,17,14,15,13,13,13,12,15,158,15,20,14,11,16,11,15,14,15,12,12,14,9,16,13,20,16,16,16,13,17,13,19,18,14,12,17,14,15,17,14,13,17,1031,14,17,15,14,14,14,15,14,16,14,15,19,15,8,15,16,16,16,12,14,14,12,19,15,17,17,14,17,14,15,17,17,18,10,19,16,15,18,17,19,15,16,15,20,14,15,15,15,22,12,16,12,15,12,22,16,20,16,14,18,6,18,17,18,14,17,13,16,20,10,15,15,15,23,18,14,15,18,17,13,16,20,14,18,13,13,15,10,17,20,14,16,1148,20,18,9,16,17,15,9,162,10,16,17,21,18,14,18,19,15,20,23,17,19,9,15,13,19,12,19,15,21,6,9,23,1100,13,13,9,14,107,16,21,17,17,17,17,13,13,9,19,17,17,20,20,0,13,16,5,8,10,8,21,16,16,19,16,18,19,6,17,13,18,18,16,12,16,5,19,18,8,18,12,18,20,20,15,18,346,22,14,16,18,16,20,13,98,9,20,13,19,12,13,9,17,16,18,17,9,23,10,10,20,9,15,13,9,15,9,11,13,15,8,8,16,346,18,19,17,16,19,10,19,7,18,24,14,16,15,21,19,19,15,25,17,17,21,20,22,16,24,15,13,21,14,20,16,16
SBV271_plate04,54,1029,1292,1148,1096,54,1080,14,1143,1178,86,116,1018,1012,1184,1162,157,1107,1275,93,1027,98,25,11,93,11,336,6,1015,93,9,1020,96,11,9,11,10,14,13,14,10,10,13,12,9,11,10,9,9,11,9,13,9,12,12,11,7,14,10,15,11,13,11,11,13,11,13,10,12,9,17,14,11,13,9,10,14,11,12,10,10,10,9,12,155,12,17,11,8,13,8,12,11,12,9,9,11,6,13,10,17,13,13,13,10,14,10,16,15,11,9,14,11,12,14,11,10,14,1028,11,14,12,11,11,11,12,11,13,11,12,16,12,5,12,13,13,13,9,11,11,9,16,12,14,14,11,14,11,12,14,14,15,7,16,13,12,15,14,16,12,13,12,17,11,12,12,12,19,9,13,9,12,9,19,13,17,13,11,15,9,15,14,15,11,14,10,13,17,7,12,12,12,20,15,11,12,15,14,10,13,17,11,15,10,8,12,9,14,17,11,13,1145,17,15,4,13,14,12,6,159,5,13,14,18,15,11,15,16,12,17,20,14,16,4,12,10,16,1,16,12,18,11,6,20,1097,8,10,14,11,104,13,18,14,14,14,14,10,8,14,16,14,14,17,17,13,0,13,10,13,15,13,18,13,13,16,13,15,16,11,14,8,15,15,11,7,13,10,16,15,13,15,9,15,17,17,10,15,343,19,9,11,15,11,17,8,95,6,17,16,16,1,16,8,14,13,15,14,8,20,9,7,17,8,10,10,6,10,8,8,10,10,13,13,11,343,13,16,14,13,16,7,16,12,13,21,3,13,12,18,16,16,12,22,12,12,18,17,19,11,21,10,8,18,11,15,13,11
SBV272_plate04,55,1030,1294,1149,1097,55,1081,13,1144,1179,87,117,1019,1013,1185,1163,158,1108,1277,94,1028,99,26,6,94,12,337,7,1016,94,10,1021,97,12,10,10,11,13,8,13,5,9,8,7,4,6,5,4,4,6,4,8,10,11,7,10,6,13,5,16,10,12,6,10,12,6,12,5,11,4,18,13,10,8,4,5,13,6,11,5,5,5,4,7,156,7,16,6,11,12,11,11,6,7,4,4,6,9,8,5,16,12,12,8,5,13,5,11,14,6,4,9,4,7,13,6,5,13,1029,6,9,7,6,6,6,11,6,8,6,7,11,7,8,7,8,8,8,4,6,6,4,11,7,9,13,6,13,6,11,7,9,14,10,11,8,5,10,9,15,7,8,7,16,6,7,7,7,18,4,8,4,7,4,18,8,16,8,6,10,12,10,9,10,6,9,5,8,12,8,7,7,7,17,10,6,7,14,9,5,8,12,10,8,5,13,7,12,9,14,6,8,1146,16,10,9,8,9,11,9,160,10,8,9,11,14,6,10,9,7,10,15,7,11,9,7,5,9,12,11,1,11,14,9,15,1098,13,5,17,6,105,8,13,9,7,7,7,5,13,17,11,9,9,12,16,16,13,0,13,16,18,16,17,8,8,11,8,10,9,14,9,13,10,10,16,12,8,13,11,10,16,10,4,4,12,12,15,10,344,18,14,16,10,16,16,13,96,9,12,19,11,12,19,11,9,8,10,9,11,15,12,10,12,11,15,3,9,15,11,11,5,15,16,16,16,344,18,11,7,8,9,10,15,15,18,16,14,8,7,13,11,11,7,17,17,17,13,12,14,16,16,15,13,13,12,20,8,16
SBV273_plate04,54,1029,1293,1148,1096,54,1080,14,1143,1178,86,116,1018,1012,1184,1162,157,1107,1276,93,1027,98,25,11,93,11,336,6,1015,93,9,1020,96,11,9,11,10,14,13,14,10,10,13,12,9,11,10,9,9,11,9,13,9,12,12,11,7,14,10,15,11,13,11,11,13,11,13,10,12,9,17,14,11,13,9,10,14,11,12,10,10,10,9,12,155,12,17,11,8,13,8,12,11,12,9,9,11,6,13,10,17,13,13,13,10,14,10,16,15,11,9,14,11,12,14,11,10,14,1028,11,14,12,11,11,11,12,11,13,11,12,16,12,5,12,13,13,13,9,11,11,9,16,12,14,14,11,14,11,12,14,14,15,7,16,13,12,15,14,16,12,13,12,17,11,12,12,12,19,9,13,9,12,9,19,13,17,13,11,15,3,15,14,15,11,14,10,13,17,7,12,12,12,20,15,11,12,15,14,10,13,17,11,15,10,10,12,7,14,17,11,13,1145,17,15,6,13,14,12,6,159,7,13,14,18,15,11,15,16,12,17,20,14,16,6,12,10,16,9,16,12,18,3,6,20,1097,10,10,4,11,104,13,18,14,14,14,14,10,10,4,16,14,14,17,17,5,10,13,0,3,5,3,18,13,13,16,13,15,16,1,14,10,15,15,13,9,13,2,16,15,5,15,9,15,17,17,12,15,343,19,11,13,15,13,17,10,95,6,17,10,16,9,10,6,14,13,15,14,6,20,7,7,17,6,12,10,6,12,6,8,10,12,5,3,13,343,15,16,14,13,16,7,16,4,15,21,11,13,12,18,16,16,12,22,14,14,18,17,19,13,21,12,10,18,11,17,13,13
SBV274_plate04,57,1032,1296,1151,1099,57,1083,17,1146,1181,89,119,1021,1015,1187,1165,160,1110,1279,96,1030,101,28,14,96,14,339,9,1018,96,12,1023,99,14,12,14,13,17,16,17,13,13,16,15,12,14,13,12,12,14,12,16,12,15,15,14,10,17,13,18,14,16,14,14,16,14,16,13,15,12,20,17,14,16,12,13,17,14,15,13,13,13,12,15,158,15,20,14,11,16,11,15,14,15,12,12,14,9,16,13,20,16,16,16,13,17,13,19,18,14,12,17,14,15,17,14,13,17,1031,14,17,15,14,14,14,15,14,16,14,15,19,15,8,15,16,16,16,12,14,14,12,19,15,17,17,14,17,14,15,17,17,18,10,19,16,15,18,17,19,15,16,15,20,14,15,15,15,22,12,16,12,15,12,22,16,20,16,14,18,6,18,17,18,14,17,13,16,20,10,15,15,15,23,18,14,15,18,17,13,16,20,14,18,13,13,15,10,17,20,14,16,1148,20,18,9,16,17,15,9,162,10,16,17,21,18,14,18,19,15,20,23,17,19,9,15,13,19,12,19,15,21,6,9,23,1100,13,13,3,14,107,16,21,17,17,17,17,13,13,3,19,17,17,20,20,8,13,16,3,0,4,2,21,16,16,19,16,18,19,4,17,13,18,18,16,12,16,5,19,18,8,18,12,18,20,20,15,18,346,22,14,16,18,16,20,13,98,9,20,13,19,12,13,9,17,16,18,17,9,23,10,10,20,9,15,13,9,15,9,11,13,15,8,6,16,346,18,19,17,16,19,10,19,7,18,24,14,16,15,21,19,19,15,25,17,17,21,20,22,16,24,15,13,21,14,20,16,16
SBV275_plate04,59,1034,1296,1149,1096,59,1085,19,1148,1180,91,121,1023,1017,1189,1167,162,1112,1279,98,1032,103,30,16,98,16,341,11,1020,98,14,1025,101,16,14,16,15,19,18,19,15,15,18,17,14,16,15,14,14,16,14,18,14,17,17,16,12,19,15,20,16,18,16,16,18,16,18,15,17,14,22,19,16,18,14,15,19,16,17,15,15,15,14,17,160,17,22,16,13,18,13,17,16,17,14,14,16,11,18,15,22,18,18,18,15,19,15,21,20,16,14,19,16,17,19,16,15,19,1033,16,19,17,16,16,16,17,16,18,16,17,21,17,10,17,18,18,18,14,16,16,14,21,17,19,19,16,19,16,17,19,19,20,12,21,18,17,20,19,21,17,18,17,22,16,17,17,17,24,14,18,14,17,14,24,18,22,18,16,20,8,20,19,20,16,19,15,18,22,12,17,17,17,25,20,16,17,20,19,15,18,22,16,20,15,15,17,12,19,22,16,18,1150,22,20,11,18,19,17,11,164,12,18,19,23,20,16,20,21,17,22,25,19,21,11,17,15,21,14,21,17,23,8,11,25,1102,15,15,5,16,109,18,23,19,19,19,19,15,15,5,21,19,19,22,22,10,15,18,5,4,0,4,23,18,18,21,18,20,21,6,19,15,20,20,18,14,18,7,21,20,10,20,14,20,22,22,17,20,348,24,16,18,20,18,22,15,100,11,22,15,21,14,15,11,19,18,20,19,11,25,12,12,22,11,17,15,11,17,11,13,15,17,10,8,18,348,20,21,19,18,21,12,21,9,20,26,16,18,17,23,21,21,17,27,19,19,23,22,24,18,26,17,15,23,16,22,18,18
SBV276_plate04,57,1032,1296,1151,1099,57,1083,17,1146,1181,89,119,1021,1015,1187,1165,160,1110,1279,96,1030,101,28,14,96,14,339,9,1018,96,12,1023,99,14,12,14,13,17,16,17,13,13,16,15,12,14,13,12,12,14,12,16,12,15,15,14,10,17,13,18,14,16,14,14,16,14,16,13,15,12,20,17,14,16,12,13,17,14,15,13,13,13,12,15,158,15,20,14,11,16,11,15,14,15,12,12,14,9,16,13,20,16,16,16,13,17,13,19,18,14,12,17,14,15,17,14,13,17,1031,14,17,15,14,14,14,15,14,16,14,15,19,15,8,15,16,16,16,12,14,14,12,19,15,17,17,14,17,14,15,17,17,18,10,19,16,15,18,17,19,15,16,15,20,14,15,15,15,22,12,16,12,15,12,22,16,20,16,14,18,6,18,17,18,14,17,13,16,20,10,15,15,15,23,18,14,15,18,17,13,16,20,14,18,13,13,15,10,17,20,14,16,1148,20,18,9,16,17,15,9,162,10,16,17,21,18,14,18,19,15,20,23,17,19,9,15,13,19,12,19,15,21,6,9,23,1100,13,13,3,14,107,16,21,17,17,17,17,13,13,3,19,17,17,20,20,8,13,16,3,2,4,0,21,16,16,19,16,18,19,4,17,13,18,18,16,12,16,5,19,18,8,18,12,18,20,20,15,18,346,22,14,16,18,16,20,13,98,9,20,13,19,12,13,9,17,16,18,17,9,23,10,10,20,9,15,13,9,15,9,11,13,15,8,6,16,346,18,19,17,16,19,10,19,7,18,24,14,16,15,21,19,19,15,25,17,17,21,20,22,16,24,15,13,21,14,20,16,16
SBV277_plate04,60,1035,1298,1154,1102,60,1086,12,1149,1184,92,122,1024,1018,1190,1168,163,1113,1281,99,1033,104,31,15,99,17,342,12,1021,99,15,1026,102,17,9,9,15,12,17,12,14,8,17,16,13,15,14,13,13,15,13,17,15,8,16,7,11,8,14,21,7,9,15,7,11,15,9,14,6,13,23,8,9,17,13,14,14,15,6,14,14,14,13,16,161,16,11,15,16,7,16,10,15,16,13,13,15,14,17,14,11,9,11,17,14,10,14,20,9,15,13,18,15,16,10,15,14,10,1034,15,18,16,15,15,15,8,15,17,15,16,20,16,13,16,17,17,17,13,15,15,13,20,16,18,10,15,10,15,8,18,18,9,15,20,17,16,19,18,10,16,17,16,5,15,16,16,16,17,13,17,13,16,13,17,17,11,17,15,19,17,19,18,19,15,18,14,17,21,13,16,16,16,8,19,14,16,11,18,14,17,21,15,19,14,18,16,17,18,21,15,17,1151,5,19,14,17,18,8,14,165,15,17,18,22,11,15,19,20,16,21,24,18,20,14,16,14,20,17,20,16,22,19,14,24,1103,18,14,22,15,110,17,22,18,18,18,18,14,18,22,20,18,18,21,5,21,18,17,18,21,23,21,0,17,17,20,17,19,20,19,18,18,19,19,21,17,17,18,20,19,21,19,13,19,21,21,20,19,349,7,19,21,19,21,5,18,101,14,21,24,20,17,24,16,18,17,19,18,16,24,17,15,21,16,20,14,14,20,16,16,14,20,21,21,21,349,23,20,18,17,20,15,4,20,23,25,19,17,16,22,20,20,16,26,22,22,22,21,23,21,25,20,18,22,17,25,17,21
SBV278_plate04,55,1030,1294,1149,1097,55,1081,13,1144,1179,87,117,1019,1013,1185,1163,158,1108,1277,94,1028,99,26,6,94,12,337,7,1016,94,10,1021,97,12,10,10,11,13,8,13,5,9,8,7,4,6,5,4,4,6,4,8,10,11,7,10,6,13,5,16,10,12,6,10,12,6,12,3,11,6,18,13,10,8,6,5,13,4,11,5,3,5,4,7,156,7,16,6,11,12,11,11,6,7,4,4,6,9,8,3,16,12,12,6,3,13,3,9,14,4,4,9,6,7,13,4,5,13,1029,4,7,5,4,4,6,11,4,6,6,7,9,7,8,5,6,6,8,4,6,6,4,11,7,7,13,4,13,6,11,9,7,14,10,11,8,7,10,7,15,7,6,7,16,4,5,5,7,18,4,8,4,7,4,18,8,16,6,6,10,12,8,7,10,6,9,5,8,12,8,5,7,5,19,8,4,5,14,7,3,6,10,10,8,5,13,7,12,9,16,4,6,1146,16,8,9,6,7,11,9,160,10,4,7,11,14,4,10,9,5,10,15,9,9,9,7,5,9,12,11,7,13,14,9,15,1098,13,4,17,5,105,6,13,7,9,9,9,4,13,17,9,7,7,10,16,16,13,8,13,16,18,16,17,0,6,9,8,10,11,14,7,13,8,10,16,12,8,13,9,8,16,8,4,10,10,10,15,10,344,18,14,16,8,16,16,13,96,9,12,19,11,12,19,11,7,8,10,7,11,11,12,10,10,11,15,5,9,15,11,11,5,15,16,16,16,344,18,9,7,8,9,10,15,15,18,14,14,6,7,11,11,11,5,15,17,17,11,12,14,16,14,15,13,11,12,20,6,16
SBV279_plate04,55,1026,1290,1143,1096,55,1078,13,1140,1174,87,117,1015,1010,1182,1159,158,1104,1275,94,1024,99,26,6,94,12,336,7,1012,94,10,1017,97,12,10,10,11,13,8,13,5,9,8,7,4,6,5,4,4,6,4,8,10,11,7,10,6,13,5,16,10,12,6,10,12,6,12,3,11,6,17,13,10,8,6,5,13,4,11,5,3,5,4,7,156,7,16,6,11,12,11,11,6,7,4,4,6,9,8,3,16,12,12,6,3,13,3,9,14,4,4,8,6,7,13,4,5,13,1025,4,7,5,4,4,6,11,4,6,6,7,9,7,8,5,4,6,8,4,6,6,4,11,7,7,13,4,13,6,11,9,7,14,10,11,8,7,10,5,15,7,4,7,16,4,5,5,7,18,4,8,4,7,4,18,8,16,6,6,10,12,6,7,10,6,9,5,8,12,8,5,7,5,19,8,4,5,14,7,3,6,8,10,8,5,13,7,12,9,16,4,6,1144,16,8,9,6,7,11,9,160,10,6,5,11,14,4,10,9,5,10,15,9,9,9,7,5,9,12,11,7,13,14,9,15,1094,13,4,17,5,105,4,13,7,9,9,9,4,13,17,9,7,7,10,16,16,13,8,13,16,18,16,17,6,0,9,8,10,11,14,7,13,8,10,16,12,8,13,9,8,16,8,4,10,10,10,15,10,342,18,14,16,8,16,16,13,96,9,12,19,11,12,19,11,7,8,10,5,11,13,12,10,8,11,15,5,9,15,11,11,5,15,16,16,16,342,18,9,3,8,9,10,15,15,18,14,14,4,7,9,11,11,3,15,17,17,9,12,14,16,14,15,13,11,12,20,6,16
SBV280_plate05,58,1033,1296,1150,1098,58,1084,14,1147,1182,90,120,1022,1016,1188,1166,161,1111,1279,97,1031,102,29,7,97,11,340,10,1019,97,13,1024,100,11,13,13,14,14,11,12,8,12,7,10,7,7,6,7,7,9,7,11,13,14,10,13,9,12,8,17,13,15,9,13,15,9,15,6,14,9,21,16,13,7,9,8,16,7,14,8,6,8,7,6,159,6,15,9,10,15,10,14,9,10,7,7,5,12,7,6,19,15,11,9,6,16,6,8,17,7,7,12,9,10,16,5,8,12,1032,5,4,8,5,7,9,14,7,5,9,10,6,10,11,8,9,9,11,7,9,9,7,14,10,10,16,5,16,5,14,12,6,13,9,14,11,10,9,10,18,10,9,10,15,7,4,6,10,21,7,7,7,6,7,17,11,19,7,9,9,15,11,10,13,5,8,8,11,15,11,6,10,8,22,5,7,6,17,6,6,9,13,13,9,8,12,10,15,8,19,7,5,1149,19,9,12,9,8,14,12,163,13,9,10,14,15,7,13,12,8,13,14,12,8,12,10,8,12,15,14,10,16,17,12,18,1101,16,5,20,6,104,9,16,8,12,12,12,5,16,20,8,10,8,5,19,19,16,11,16,19,21,19,20,9,9,0,11,13,14,17,8,16,9,13,15,15,11,16,8,9,19,7,7,13,7,9,14,13,347,21,17,19,9,19,19,16,99,12,11,18,14,15,22,14,10,11,13,10,14,12,15,13,13,14,18,8,12,18,14,14,8,18,15,15,19,347,21,10,10,11,12,13,18,14,17,13,17,9,10,14,14,14,8,14,20,20,14,15,13,19,13,18,16,12,15,21,7,19
SBV281_plate04,55,1030,1294,1149,1097,55,1081,13,1144,1179,87,117,1019,1013,1185,1163,158,1108,1277,94,1028,99,26,6,94,12,337,7,1016,94,10,1021,97,12,10,10,11,13,8,13,5,9,8,7,4,6,5,4,4,6,4,8,10,11,7,10,6,13,5,16,10,12,6,10,12,6,12,5,11,6,18,13,8,8,6,5,13,6,11,5,5,5,4,7,156,7,16,6,11,12,11,9,6,7,4,4,6,9,8,5,16,12,12,8,5,13,5,11,14,6,4,9,6,7,13,6,5,13,1029,6,9,7,6,6,6,11,6,8,6,7,11,7,8,7,8,8,8,4,2,6,4,11,7,9,13,6,13,6,11,9,9,14,10,11,4,7,6,9,15,7,8,3,16,6,7,7,7,18,4,8,4,7,4,18,4,16,8,2,6,12,10,9,4,6,9,5,4,12,8,7,1,7,19,10,6,7,14,9,5,8,12,10,10,5,13,7,12,9,16,6,8,1146,16,10,9,8,9,11,9,160,10,8,9,13,14,6,4,11,7,12,15,9,11,9,7,5,11,12,11,7,13,14,9,15,1098,13,5,17,6,105,8,5,9,9,9,9,5,13,17,11,9,9,12,16,16,13,8,13,16,18,16,17,8,8,11,0,10,11,14,9,13,10,4,16,12,0,13,11,10,16,10,4,10,12,12,15,2,344,18,14,16,10,16,16,13,96,9,6,19,11,12,19,11,9,8,10,9,11,15,12,10,12,11,15,5,9,15,11,11,5,15,16,16,16,344,18,11,9,8,11,10,15,15,18,16,14,8,7,13,11,11,7,17,17,17,13,12,14,16,16,15,13,13,12,20,8,16
SBV282_plate04,57,1032,1296,1151,1099,57,1083,15,1146,1181,89,119,1021,1015,1187,1165,160,1110,1279,96,1030,101,28,8,96,14,339,9,1018,96,12,1023,99,14,12,12,13,15,10,15,7,11,10,9,6,8,7,6,6,8,6,10,12,13,9,12,8,15,7,18,12,14,8,12,14,8,14,7,13,8,20,15,12,10,8,7,15,8,13,7,7,7,6,9,158,9,18,8,13,14,13,13,8,9,6,6,8,11,10,7,18,14,14,10,7,15,7,13,16,8,6,11,8,9,15,8,7,15,1031,8,11,9,8,8,8,13,8,10,6,9,13,9,10,9,10,10,10,6,8,8,6,13,9,11,15,8,15,8,13,11,11,16,12,13,10,9,12,11,17,9,10,9,18,8,9,9,9,20,6,10,6,9,6,20,10,18,10,8,12,14,12,11,12,8,11,7,10,14,10,9,9,9,21,12,8,9,16,11,7,10,14,12,12,7,15,7,14,11,18,8,10,1148,18,12,11,10,11,13,11,162,12,10,11,15,16,8,12,13,9,14,17,11,13,11,9,7,13,14,7,9,15,16,11,17,1100,15,7,19,8,107,10,15,11,11,11,11,7,15,19,13,11,11,14,18,18,15,10,15,18,20,18,19,10,10,13,10,0,13,16,11,15,12,12,18,14,10,15,13,12,18,12,6,12,14,14,17,12,346,20,16,18,12,18,18,15,98,11,14,21,13,14,21,13,11,10,12,11,13,17,14,12,14,13,17,7,11,17,13,13,7,17,18,18,18,346,20,13,11,10,13,12,17,17,20,18,16,10,9,15,7,13,9,19,19,19,15,14,16,18,18,17,15,15,14,22,10,18
SBV283_plate04,58,1033,1297,1152,1100,58,1084,16,1147,1182,90,120,1022,1016,1188,1166,161,1111,1280,97,1031,102,29,9,97,15,340,10,1019,97,13,1024,100,15,13,13,14,16,11,16,8,12,11,10,7,9,8,7,7,9,7,11,13,14,10,13,9,16,8,19,13,15,9,13,15,9,15,8,14,7,21,16,13,11,7,8,16,9,14,8,8,8,7,10,159,10,19,9,14,15,14,14,9,10,7,7,9,12,11,8,19,15,15,11,8,16,8,14,17,9,7,12,7,10,16,9,8,16,1032,9,12,10,9,9,9,14,9,11,9,10,14,10,11,10,11,11,11,7,9,9,7,14,10,12,15,9,16,9,14,8,12,17,13,14,11,6,13,12,18,10,11,10,19,9,10,10,10,21,7,11,7,10,7,21,11,19,11,9,13,15,13,12,13,9,12,8,11,15,11,10,10,10,22,13,9,10,17,12,8,11,15,13,13,8,16,10,15,12,19,9,11,1149,19,13,12,11,12,14,12,163,13,11,12,16,17,9,13,14,10,15,18,6,14,12,10,8,14,15,14,8,16,17,12,18,1101,16,8,20,9,108,11,16,12,12,12,12,8,16,20,14,12,12,15,19,19,16,9,16,19,21,19,20,11,11,14,11,13,0,17,12,16,13,13,19,15,11,16,14,13,19,13,7,11,15,15,18,13,347,21,17,19,13,19,19,16,99,12,15,22,14,15,22,14,12,11,13,12,14,18,15,13,15,14,18,6,12,18,14,14,8,18,19,19,19,347,21,14,12,11,14,13,18,18,21,19,17,11,10,16,14,14,10,20,20,20,16,15,17,19,19,18,16,16,15,23,11,19
SBV284_plate04,55,1030,1294,1149,1097,55,1081,15,1144,1179,87,117,1019,1013,1185,1163,158,1108,1277,94,1028,99,26,12,94,12,337,7,1016,94,10,1021,97,12,10,12,11,15,14,15,11,11,14,13,10,12,11,10,10,12,10,14,10,13,13,12,8,15,11,16,12,14,12,12,14,12,14,11,13,10,18,15,12,14,10,11,15,12,13,11,11,11,10,13,156,13,18,12,9,14,9,13,12,13,10,10,12,7,14,11,18,14,14,14,11,15,11,17,16,12,10,15,12,13,15,12,11,15,1029,12,15,13,12,12,12,13,12,14,12,13,17,13,6,13,14,14,14,10,12,12,10,17,13,15,15,12,15,12,13,15,15,16,8,17,14,13,16,15,17,13,14,13,18,12,13,13,13,20,10,14,10,13,10,20,14,18,14,12,16,4,16,15,16,12,15,11,14,18,8,13,13,13,21,16,12,13,16,15,11,14,18,12,16,11,11,13,8,15,18,12,14,1146,18,16,7,14,15,13,7,160,8,14,15,19,16,12,16,17,13,18,21,15,17,7,13,11,17,10,17,13,19,4,7,21,1098,11,11,5,12,105,14,19,15,15,15,15,11,11,5,17,15,15,18,18,6,11,14,1,4,6,4,19,14,14,17,14,16,17,0,15,11,16,16,14,10,14,3,17,16,6,16,10,16,18,18,13,16,344,20,12,14,16,14,18,11,96,7,18,11,17,10,11,7,15,14,16,15,7,21,8,8,18,7,13,11,7,13,7,9,11,13,6,4,14,344,16,17,15,14,17,8,17,5,16,22,12,14,13,19,17,17,13,23,15,15,19,18,20,14,22,13,11,19,12,18,14,14
SBV285_plate04,56,1031,1295,1150,1098,56,1082,14,1145,1180,88,118,1020,1014,1186,1164,159,1109,1278,95,1029,100,27,7,95,13,338,8,1017,95,11,1022,98,13,11,11,12,14,9,14,6,10,9,8,5,7,6,5,5,7,5,9,11,12,8,11,7,14,6,17,11,13,7,11,13,7,13,4,12,7,19,14,11,9,7,6,14,5,12,6,4,6,5,8,157,8,17,7,12,13,12,12,7,8,5,5,7,10,9,4,17,13,13,7,4,14,4,8,15,5,5,10,7,8,14,3,6,14,1030,3,6,6,3,5,7,12,5,7,7,8,8,8,9,6,7,7,9,5,7,7,5,12,8,8,14,3,14,7,12,10,8,15,11,12,9,8,11,8,16,8,7,8,17,5,4,4,8,19,5,9,5,8,5,19,9,17,5,7,11,13,9,8,11,7,10,6,9,13,9,4,8,6,20,3,5,4,15,8,4,7,11,11,7,6,14,8,13,10,17,5,7,1147,17,3,10,7,6,12,10,161,11,7,8,12,15,5,11,10,6,11,16,10,8,10,8,6,10,13,12,8,14,15,10,16,1099,14,3,18,4,106,7,14,6,10,10,10,3,14,18,8,8,6,9,17,17,14,9,14,17,19,17,18,7,7,8,9,11,12,15,0,14,7,11,17,13,9,14,8,3,17,7,5,11,5,9,16,11,345,19,15,17,3,17,17,14,97,10,13,20,12,13,20,12,8,9,11,8,12,14,13,11,11,12,16,6,10,16,12,12,6,16,17,17,17,345,19,4,8,9,10,11,16,16,19,13,15,7,8,12,12,12,6,14,18,18,12,13,15,17,13,16,14,10,13,21,5,17
SBV286_plate04,54,1029,1293,1148,1096,54,1080,14,1143,1178,86,116,1018,1012,1184,1162,157,1107,1276,93,1027,98,25,11,93,11,336,6,1015,93,9,1020,96,11,9,11,10,14,13,14,10,10,13,12,9,11,10,9,9,11,9,13,9,12,12,11,7,14,10,15,11,13,11,11,13,11,13,10,12,9,17,14,11,13,9,10,14,11,12,10,10,10,9,12,155,12,17,11,8,13,8,12,11,12,9,9,11,6,13,10,17,13,13,13,10,14,10,16,15,11,9,14,11,12,14,11,10,14,1028,11,14,12,11,11,11,12,11,13,11,12,16,12,5,12,13,13,13,9,11,11,9,16,12,14,14,11,14,11,12,14,14,15,7,16,13,12,15,14,16,12,13,12,17,11,12,12,12,19,9,13,9,12,9,19,13,17,13,11,15,9,15,14,15,11,14,10,13,17,7,12,12,12,20,15,11,12,15,14,10,13,17,11,15,10,6,12,9,14,17,11,13,1145,17,15,4,13,14,12,6,159,5,13,14,18,15,11,15,16,12,17,20,14,16,4,12,10,16,7,16,12,18,11,6,20,1097,2,10,14,11,104,13,18,14,14,14,14,10,2,14,16,14,14,17,17,13,8,13,10,13,15,13,18,13,13,16,13,15,16,11,14,0,15,15,5,1,13,10,16,15,13,15,9,15,17,17,4,15,343,19,3,5,15,5,17,2,95,6,17,16,16,7,16,8,14,13,15,14,8,20,9,7,17,8,4,10,6,4,8,8,10,4,13,13,5,343,7,16,14,13,16,7,16,12,7,21,9,13,12,18,16,16,12,22,6,6,18,17,19,5,21,4,2,18,11,9,13,5
SBV287_plate04,57,1032,1296,1151,1099,57,1083,15,1146,1181,89,119,1021,1015,1187,1165,160,1110,1279,96,1030,101,28,8,96,14,339,9,1018,96,12,1023,99,14,12,12,13,15,10,15,7,11,10,9,6,8,7,6,6,8,6,10,12,13,9,12,8,15,7,18,12,14,8,12,14,8,14,5,13,8,20,15,12,10,8,7,15,6,13,7,5,7,6,9,158,9,18,8,13,14,13,13,8,9,6,6,8,11,10,5,18,14,14,8,5,15,5,9,16,6,6,11,8,9,15,4,7,15,1031,4,7,7,4,6,8,13,6,8,8,9,9,9,10,7,8,8,10,6,8,8,6,13,9,9,15,4,15,8,13,11,9,16,12,13,10,9,12,9,17,9,8,9,18,6,5,5,9,20,6,10,6,9,6,20,10,18,6,8,12,14,10,9,12,8,11,7,10,14,10,5,9,7,21,8,6,5,16,9,5,8,12,12,8,7,15,9,14,11,18,6,8,1148,18,8,11,8,7,13,11,162,12,8,9,13,16,6,12,11,7,12,17,11,9,11,9,7,11,14,13,9,15,16,11,17,1100,15,4,19,5,107,8,15,7,11,11,11,4,15,19,9,9,7,10,18,18,15,10,15,18,20,18,19,8,8,9,10,12,13,16,7,15,0,12,18,14,10,15,9,8,18,8,6,12,10,10,17,12,346,20,16,18,8,18,18,15,98,11,14,21,13,14,21,13,9,10,12,9,13,15,14,12,12,13,17,7,11,17,13,13,7,17,18,18,18,346,20,9,9,10,11,12,17,17,20,14,16,8,9,13,13,13,7,15,19,19,13,14,16,18,14,17,15,11,14,22,6,18
SBV288_plate04,57,1032,1296,1151,1099,57,1083,15,1146,1181,89,119,1021,1015,1187,1165,160,1110,1279,96,1030,101,28,8,96,14,339,9,1018,96,12,1023,99,14,12,12,13,15,10,15,7,11,10,9,6,8,7,6,6,8,6,10,12,13,9,12,8,15,7,18,12,14,8,12,14,8,14,7,13,8,20,15,12,10,8,7,15,8,13,7,7,7,6,9,158,9,18,8,13,14,13,13,8,9,6,6,8,11,10,7,18,14,14,10,7,15,7,13,16,8,6,11,8,9,15,8,7,15,1031,8,11,9,8,8,8,13,8,10,8,9,13,9,10,9,10,10,10,6,4,8,6,13,9,11,15,8,15,8,13,11,11,16,12,13,6,9,8,11,17,9,10,5,18,8,9,9,9,20,6,10,6,9,6,20,6,18,10,4,8,14,12,11,6,8,11,7,6,14,10,9,3,9,21,12,8,9,16,11,7,10,14,12,12,7,15,9,14,11,18,8,10,1148,18,12,11,10,11,13,11,162,12,10,11,15,16,8,2,13,9,14,17,11,13,11,9,7,13,14,13,9,15,16,11,17,1100,15,7,19,8,107,10,9,11,11,11,11,7,15,19,13,11,11,14,18,18,15,10,15,18,20,18,19,10,10,13,4,12,13,16,11,15,12,0,18,14,4,15,13,12,18,12,6,12,14,14,17,6,346,20,16,18,12,18,18,15,98,11,4,21,13,14,21,13,11,10,12,11,13,17,14,12,14,13,17,7,11,17,13,13,7,17,18,18,18,346,20,13,11,10,13,12,17,17,20,18,16,10,9,15,13,13,9,19,19,19,15,14,16,18,18,17,15,15,14,22,10,18
SBV289_plate04,57,1032,1296,1149,1097,57,1083,15,1146,1181,89,119,1021,1015,1187,1165,160,1110,1279,96,1030,101,28,12,96,10,339,9,1018,96,12,1023,99,10,12,14,13,15,16,13,13,13,12,15,12,12,11,12,12,14,12,16,12,15,15,14,10,13,13,16,14,16,14,14,16,14,16,13,15,12,20,17,14,12,12,13,17,14,15,13,13,13,12,11,158,11,16,14,7,16,7,15,14,15,12,12,10,9,12,13,20,16,12,16,13,17,13,19,18,14,12,17,14,15,17,14,13,13,1031,14,13,15,14,14,14,15,14,12,14,15,15,15,8,15,16,16,16,12,14,14,12,19,15,17,17,14,17,10,15,17,13,14,6,19,16,15,14,17,19,15,16,15,16,14,13,15,15,22,12,12,12,11,12,18,16,20,16,14,14,12,18,17,18,10,13,13,16,20,10,15,15,15,23,14,14,15,18,13,13,16,20,14,18,13,5,15,12,13,20,14,12,1148,20,18,7,16,17,15,9,162,8,16,17,21,16,14,18,19,15,20,19,17,19,7,15,13,19,10,19,15,21,14,9,23,1100,3,13,17,14,103,16,21,17,17,17,17,13,3,17,19,17,17,16,20,16,11,16,13,16,18,16,21,16,16,15,16,18,19,14,17,5,18,18,0,4,16,13,19,18,16,18,12,18,16,20,3,18,346,22,6,8,18,8,20,5,98,9,16,15,19,10,19,11,17,16,18,17,11,19,12,10,20,11,7,13,9,3,11,11,13,7,12,12,8,346,10,19,17,16,19,10,19,11,6,24,12,16,15,21,19,19,15,25,9,9,21,20,18,8,24,7,5,21,14,10,16,8
SBV290_plate04,53,1028,1292,1147,1095,53,1079,13,1142,1177,85,115,1017,1011,1183,1161,156,1106,1275,92,1026,97,24,10,92,10,335,5,1014,92,8,1019,95,10,8,10,9,13,12,13,9,9,12,11,8,10,9,8,8,10,8,12,8,11,11,10,6,13,9,14,10,12,10,10,12,10,12,9,11,8,16,13,10,12,8,9,13,10,11,9,9,9,8,11,154,11,16,10,7,12,7,11,10,11,8,8,10,5,12,9,16,12,12,12,9,13,9,15,14,10,8,13,10,11,13,10,9,13,1027,10,13,11,10,10,10,11,10,12,10,11,15,11,4,11,12,12,12,8,10,10,8,15,11,13,13,10,13,10,11,13,13,14,6,15,12,11,14,13,15,11,12,11,16,10,11,11,11,18,8,12,8,11,8,18,12,16,12,10,14,8,14,13,14,10,13,9,12,16,6,11,11,11,19,14,10,11,14,13,9,12,16,10,14,9,5,11,8,13,16,10,12,1144,16,14,3,12,13,11,5,158,4,12,13,17,14,10,14,15,11,16,19,13,15,3,11,9,15,6,15,11,17,10,5,19,1096,1,9,13,10,103,12,17,13,13,13,13,9,1,13,15,13,13,16,16,12,7,12,9,12,14,12,17,12,12,15,12,14,15,10,13,1,14,14,4,0,12,9,15,14,12,14,8,14,16,16,3,14,342,18,2,4,14,4,16,1,94,5,16,15,15,6,15,7,13,12,14,13,7,19,8,6,16,7,3,9,5,3,7,7,9,3,12,12,4,342,6,15,13,12,15,6,15,11,6,20,8,12,11,17,15,15,11,21,5,5,17,16,18,4,20,3,1,17,10,8,12,4
SBV291_plate04,55,1030,1294,1149,1097,55,1081,13,1144,1179,87,117,1019,1013,1185,1163,158,1108,1277,94,1028,99,26,6,94,12,337,7,1016,94,10,1021,97,12,10,10,11,13,8,13,5,9,8,7,4,6,5,4,4,6,4,8,10,11,7,10,6,13,5,16,10,12,6,10,12,6,12,5,11,6,18,13,8,8,6,5,13,6,11,5,5,5,4,7,156,7,16,6,11,12,11,9,6,7,4,4,6,9,8,5,16,12,12,8,5,13,5,11,14,6,4,9,6,7,13,6,5,13,1029,6,9,7,6,6,6,11,6,8,6,7,11,7,8,7,8,8,8,4,2,6,4,11,7,9,13,6,13,6,11,9,9,14,10,11,4,7,6,9,15,7,8,3,16,6,7,7,7,18,4,8,4,7,4,18,4,16,8,2,6,12,10,9,4,6,9,5,4,12,8,7,1,7,19,10,6,7,14,9,5,8,12,10,10,5,13,7,12,9,16,6,8,1146,16,10,9,8,9,11,9,160,10,8,9,13,14,6,4,11,7,12,15,9,11,9,7,5,11,12,11,7,13,14,9,15,1098,13,5,17,6,105,8,5,9,9,9,9,5,13,17,11,9,9,12,16,16,13,8,13,16,18,16,17,8,8,11,0,10,11,14,9,13,10,4,16,12,0,13,11,10,16,10,4,10,12,12,15,2,344,18,14,16,10,16,16,13,96,9,6,19,11,12,19,11,9,8,10,9,11,15,12,10,12,11,15,5,9,15,11,11,5,15,16,16,16,344,18,11,9,8,11,10,15,15,18,16,14,8,7,13,11,11,7,17,17,17,13,12,14,16,16,15,13,13,12,20,8,16
SBV292_plate04,54,1029,1293,1148,1096,54,1080,14,1143,1178,86,116,1018,1012,1184,1162,157,1107,1276,93,1027,98,25,11,93,11,336,6,1015,93,9,1020,96,11,9,11,10,14,13,14,10,10,13,12,9,11,10,9,9,11,9,13,9,12,12,11,7,14,10,15,11,13,11,11,13,11,13,10,12,9,17,14,11,13,9,10,14,11,12,10,10,10,9,12,155,12,17,11,8,13,8,12,11,12,9,9,11,6,13,10,17,13,13,13,10,14,10,16,15,11,9,14,11,12,14,11,10,14,1028,11,14,12,11,11,11,12,11,13,11,12,16,12,5,12,13,13,13,9,11,11,9,16,12,14,14,11,14,11,12,14,14,15,7,16,13,12,15,14,16,12,13,12,17,11,12,12,12,19,9,13,9,12,9,19,13,17,13,11,15,3,15,14,15,11,14,10,13,17,7,12,12,12,20,15,11,12,15,14,10,13,17,11,15,10,10,12,7,14,17,11,13,1145,17,15,6,13,14,12,6,159,7,13,14,18,15,11,15,16,12,17,20,14,16,6,12,10,16,9,16,12,18,1,6,20,1097,10,10,6,11,104,13,18,14,14,14,14,10,10,6,16,14,14,17,17,5,10,13,2,5,7,5,18,13,13,16,13,15,16,3,14,10,15,15,13,9,13,0,16,15,3,15,9,15,17,17,12,15,343,19,11,13,15,13,17,10,95,6,17,10,16,9,10,6,14,13,15,14,6,20,7,7,17,6,12,10,6,12,6,8,10,12,5,5,13,343,15,16,14,13,16,7,16,4,15,21,11,13,12,18,16,16,12,22,14,14,18,17,19,13,21,12,10,18,11,17,13,13
SBV293_plate04,58,1033,1296,1152,1100,58,1084,16,1147,1182,90,120,1022,1016,1188,1166,161,1111,1279,97,1031,102,29,9,97,15,340,10,1019,97,13,1024,100,15,13,13,14,16,11,16,8,12,11,10,7,9,8,7,7,9,7,11,13,14,10,13,9,16,8,19,13,15,9,13,15,9,15,6,14,9,21,16,13,11,9,8,16,7,14,8,6,8,7,10,159,10,19,9,14,15,14,14,9,10,7,7,9,12,11,6,19,15,15,9,6,16,6,8,17,7,7,12,9,10,16,5,8,16,1032,5,8,8,5,7,9,14,7,9,9,10,10,10,11,8,9,9,11,7,9,9,7,14,10,10,16,5,16,9,14,12,10,17,13,14,11,10,13,10,18,10,9,10,19,7,6,6,10,21,7,11,7,10,7,21,11,19,7,9,13,15,11,10,13,9,12,8,11,15,11,6,10,8,22,9,7,6,17,10,6,9,13,13,9,8,16,10,15,12,19,7,9,1148,19,9,12,9,8,14,12,163,13,9,10,14,17,7,13,12,8,13,18,12,8,12,10,8,12,15,14,10,16,17,12,18,1101,16,5,20,6,108,9,16,8,12,12,12,5,16,20,8,10,8,9,19,19,16,11,16,19,21,19,20,9,9,8,11,13,14,17,8,16,9,13,19,15,11,16,0,9,19,7,7,13,11,9,18,13,347,21,17,19,9,19,19,16,99,12,15,22,14,15,22,14,10,11,13,10,14,16,15,13,13,14,18,8,12,18,14,14,8,18,19,19,19,347,21,10,10,11,12,13,18,18,21,13,17,9,10,14,14,14,8,14,20,20,14,15,17,19,13,18,16,12,15,23,7,19
SBV294_plate04,57,1031,1296,1150,1098,57,1082,15,1144,1180,89,119,1020,1014,1186,1164,160,1108,1279,96,1029,101,28,8,96,14,339,9,1017,96,12,1022,99,14,12,12,13,15,10,15,7,11,10,9,6,8,7,6,6,8,6,10,12,13,9,12,8,15,7,18,12,14,8,12,14,8,14,5,13,8,20,15,12,10,8,7,15,6,13,7,5,7,6,9,158,9,18,8,13,14,13,13,8,9,6,6,8,11,10,5,18,14,14,8,5,15,5,9,16,6,6,11,8,9,15,4,7,15,1030,4,7,7,4,6,8,13,6,8,8,9,9,9,10,7,8,8,10,6,8,8,6,13,9,9,15,4,15,8,13,11,9,16,12,13,10,9,12,9,17,9,8,9,18,6,5,5,9,20,6,10,6,9,6,20,10,18,6,8,12,14,10,9,12,8,11,7,10,14,10,5,9,7,21,4,6,5,16,9,5,8,12,12,8,7,15,9,14,11,18,6,8,1148,18,4,11,8,7,13,11,162,12,8,9,13,16,6,12,11,7,12,17,11,9,11,9,7,11,14,13,9,15,16,11,17,1098,15,4,19,5,107,8,15,7,11,11,11,4,15,19,9,9,7,10,18,18,15,10,15,18,20,18,19,8,8,9,10,12,13,16,3,15,8,12,18,14,10,15,9,0,18,8,6,12,2,10,17,12,346,20,16,18,0,18,18,15,98,11,14,21,13,14,21,13,9,10,12,9,13,15,14,12,12,13,17,7,11,17,13,13,7,17,18,18,18,346,20,1,9,10,11,12,17,17,20,14,16,8,9,13,13,13,7,15,19,19,13,14,16,18,14,17,15,11,14,22,6,18
SBV295_plate04,55,1031,1295,1149,1097,55,1083,17,1145,1179,89,117,1019,1013,1185,1165,158,1108,1278,96,1028,101,28,14,96,14,339,9,1016,96,12,1023,99,14,12,14,13,17,16,17,13,13,16,15,12,14,13,12,12,14,12,16,12,15,15,14,10,17,13,18,14,16,14,14,16,14,16,13,15,12,20,17,14,16,12,13,15,14,15,13,13,13,12,15,158,15,18,14,11,16,11,15,14,15,12,12,14,7,16,13,20,16,16,14,13,17,13,19,18,14,12,17,14,13,17,14,13,17,1029,14,17,15,14,14,14,15,14,16,14,15,19,13,8,15,16,16,16,12,14,14,12,19,15,17,17,14,17,14,15,17,17,18,10,19,16,15,18,17,19,15,16,15,20,14,15,15,15,22,12,16,12,15,12,22,16,20,16,14,18,6,18,17,18,14,17,13,16,20,10,15,15,15,23,18,14,15,18,17,13,16,20,14,18,13,13,15,8,17,20,14,16,1146,20,18,9,16,17,15,9,160,10,16,17,19,16,14,18,19,15,20,23,17,19,9,15,13,19,12,19,15,21,2,9,23,1098,13,13,9,12,105,16,21,17,17,17,17,13,13,7,17,15,15,20,20,8,13,16,5,8,10,8,21,16,16,19,16,18,19,6,17,13,18,18,16,12,16,3,19,18,0,18,12,18,20,20,15,18,346,22,14,16,18,16,20,13,98,9,20,13,19,12,13,9,17,16,18,17,9,23,10,10,20,9,15,13,9,15,9,11,11,15,8,8,16,346,18,19,17,16,19,10,19,7,18,24,14,16,15,21,19,19,15,25,17,17,21,18,22,16,24,15,13,21,14,20,16,16
SBV296_plate04,57,1032,1295,1151,1099,57,1083,15,1146,1181,89,119,1021,1015,1187,1165,160,1110,1278,96,1030,101,28,8,96,14,339,9,1018,96,12,1023,99,14,12,12,13,15,10,15,7,11,10,9,6,8,7,6,6,8,6,10,12,13,9,12,8,15,7,18,12,14,8,12,14,8,14,5,13,8,20,15,12,10,8,7,15,6,13,7,5,7,6,9,158,9,18,8,13,14,13,13,8,9,6,6,8,11,10,5,18,14,14,8,5,15,5,7,16,6,6,11,8,9,15,4,7,15,1031,4,7,7,4,6,8,13,6,8,8,9,9,9,10,7,8,8,10,6,8,8,6,13,9,9,15,4,15,8,13,11,9,16,12,13,10,9,12,9,17,9,8,9,18,6,5,5,9,20,6,10,6,9,6,20,10,18,6,8,12,14,10,9,12,8,11,7,10,14,10,5,9,7,21,8,6,5,16,9,5,8,12,12,8,7,15,9,14,11,18,6,8,1148,18,8,11,8,7,13,11,162,12,8,9,13,16,6,12,11,7,12,17,11,7,11,9,7,11,14,13,9,15,16,11,17,1100,15,4,19,5,107,8,15,7,11,11,11,4,15,19,7,9,7,8,18,18,15,10,15,18,20,18,19,8,8,7,10,12,13,16,7,15,8,12,18,14,10,15,7,8,18,0,6,12,10,8,17,12,346,20,16,18,8,18,18,15,98,11,14,21,13,14,21,13,9,10,12,9,13,15,14,12,12,13,17,7,11,17,13,13,7,17,18,18,18,346,20,9,9,10,11,12,17,17,20,8,16,8,9,13,13,13,7,9,19,19,13,14,16,18,8,17,15,11,14,22,6,18
SBV297_plate04,51,1026,1290,1145,1093,51,1077,9,1140,1175,83,113,1015,1009,1181,1159,154,1104,1273,90,1024,95,22,2,90,8,333,3,1012,90,6,1017,93,8,6,6,7,9,4,9,1,5,4,3,0,2,1,0,0,2,0,4,6,7,3,6,2,9,1,12,6,8,2,6,8,2,8,1,7,2,14,9,6,4,2,1,9,2,7,1,1,1,0,3,152,3,12,2,7,8,7,7,2,3,0,0,2,5,4,1,12,8,8,4,1,9,1,7,10,2,0,5,2,3,9,2,1,9,1025,2,5,3,2,2,2,7,2,4,2,3,7,3,4,3,4,4,4,0,2,2,0,7,3,5,9,2,9,2,7,5,5,10,6,7,4,3,6,5,11,3,4,3,12,2,3,3,3,14,0,4,0,3,0,14,4,12,4,2,6,8,6,5,6,2,5,1,4,8,4,3,3,3,15,6,2,3,10,5,1,4,8,6,6,1,9,3,8,5,12,2,4,1142,12,6,5,4,5,7,5,156,6,4,5,9,10,2,6,7,3,8,11,5,7,5,3,1,7,8,7,3,9,10,5,11,1094,9,1,13,2,101,4,9,5,5,5,5,1,9,13,7,5,5,8,12,12,9,4,9,12,14,12,13,4,4,7,4,6,7,10,5,9,6,6,12,8,4,9,7,6,12,6,0,6,8,8,11,6,340,14,10,12,6,12,12,9,92,5,8,15,7,8,15,7,5,4,6,5,7,11,8,6,8,7,11,1,5,11,7,7,1,11,12,12,12,340,14,7,5,4,7,6,11,11,14,12,10,4,3,9,7,7,3,13,13,13,9,8,10,12,12,11,9,9,8,16,4,12
SBV298_plate04,56,1030,1296,1148,1096,56,1081,15,1146,1178,88,117,1019,1013,1184,1163,159,1110,1279,95,1028,100,27,8,95,14,338,9,1016,95,12,1021,98,14,12,12,13,15,10,15,7,11,10,9,6,8,7,6,6,8,6,10,12,13,9,12,8,15,7,18,12,14,8,12,14,8,14,7,13,6,20,15,12,10,6,7,15,8,13,7,7,7,6,9,157,9,18,8,13,14,13,13,8,9,6,6,8,11,10,7,18,14,14,10,7,15,7,13,16,8,6,11,6,9,15,8,7,15,1029,8,11,9,8,8,8,13,8,10,8,9,13,9,10,9,10,10,10,6,8,8,6,13,9,11,15,8,15,8,13,9,11,16,12,13,10,7,12,11,17,9,10,9,18,8,9,9,9,20,6,10,6,9,6,20,10,18,10,8,12,14,12,11,12,8,11,7,10,14,10,9,9,9,19,12,8,9,16,11,7,10,14,12,10,7,15,9,14,11,16,8,10,1148,18,12,11,10,11,13,11,161,12,10,11,13,16,8,12,11,9,12,17,9,13,11,9,7,11,14,13,3,13,16,11,17,1100,15,7,19,8,106,10,15,11,9,9,9,7,15,19,13,11,11,14,17,18,15,4,15,18,20,18,19,10,10,13,10,12,11,16,11,15,12,12,18,14,10,15,13,12,18,12,6,0,14,14,17,12,345,20,16,18,12,18,17,15,97,11,14,21,13,14,21,13,11,10,12,11,13,17,14,12,14,13,17,5,11,17,13,13,7,17,18,18,18,345,20,13,9,10,11,12,17,17,20,18,16,10,9,15,13,13,9,19,19,19,15,14,16,18,18,17,15,15,14,22,10,18
SBV299_plate04,59,1033,1298,1150,1098,59,1084,15,1146,1182,91,121,1022,1016,1188,1166,162,1110,1281,98,1031,103,30,8,98,12,341,11,1019,98,14,1024,101,12,14,14,15,15,12,13,9,13,8,11,8,8,7,8,8,10,8,12,14,15,11,14,10,13,9,18,14,16,10,14,16,10,16,7,15,10,22,17,14,8,10,9,17,8,15,9,7,9,8,7,160,7,16,10,11,16,11,15,10,11,8,8,6,13,8,7,20,16,12,10,7,17,7,11,18,8,8,13,10,11,17,6,9,13,1032,6,5,9,6,8,10,15,8,6,10,11,7,11,12,9,10,10,12,8,10,10,8,15,11,11,17,6,17,6,15,13,7,14,10,15,12,11,10,11,19,11,10,11,16,8,5,7,11,22,8,8,8,7,8,18,12,20,8,10,10,16,12,11,14,6,9,9,12,16,12,7,11,9,23,2,8,7,18,7,7,10,14,14,10,9,13,11,16,9,20,8,6,1150,20,6,13,10,9,15,13,164,14,10,11,15,16,8,14,13,9,14,15,13,11,13,11,9,13,16,15,11,17,18,13,19,1100,17,6,21,7,105,10,17,9,13,13,13,6,17,21,11,11,9,8,20,20,17,12,17,20,22,20,21,10,10,7,12,14,15,18,5,17,10,14,16,16,12,17,11,2,20,10,8,14,0,12,15,14,348,22,18,20,2,20,20,17,100,13,12,19,15,16,23,15,11,12,14,11,15,13,16,14,14,15,19,9,13,19,15,15,9,19,16,16,20,348,22,3,11,12,13,14,19,15,18,16,18,10,11,15,15,15,9,17,21,21,15,16,14,20,16,19,17,13,16,22,8,20
SBV300_plate04,59,1034,1297,1153,1101,59,1085,17,1148,1183,91,121,1023,1017,1189,1167,162,1112,1280,98,1032,103,30,10,98,16,341,11,1020,98,14,1025,101,16,14,14,15,17,12,17,9,13,12,11,8,10,9,8,8,10,8,12,14,15,11,14,10,17,9,19,14,16,10,14,16,10,16,7,15,10,22,17,14,12,10,9,17,8,15,9,7,9,8,11,160,11,20,10,15,16,15,15,10,11,8,8,10,13,12,7,20,16,16,10,7,17,7,3,18,8,8,13,10,11,17,6,9,17,1033,6,9,9,6,8,10,15,8,10,10,11,11,11,12,9,10,10,12,8,10,10,8,15,11,11,17,6,17,10,15,13,11,18,14,15,12,11,14,11,19,11,10,11,20,8,7,7,11,22,8,12,8,11,8,22,12,20,8,10,14,16,12,11,14,10,13,9,12,16,12,7,11,9,23,10,8,7,18,11,7,10,14,14,10,9,17,11,16,13,20,8,10,1150,20,10,13,10,9,15,13,164,14,10,11,15,18,8,14,13,9,14,19,13,9,13,11,9,13,16,15,11,17,18,13,19,1102,17,6,21,7,109,10,17,9,13,13,13,6,17,21,3,11,9,10,20,20,17,12,17,20,22,20,21,10,10,9,12,14,15,18,9,17,10,14,20,16,12,17,9,10,20,8,8,14,12,0,19,14,348,22,18,20,10,20,20,17,100,13,16,23,15,16,23,15,11,12,14,11,15,17,16,14,14,15,19,9,13,19,15,15,9,19,20,20,20,348,22,11,11,12,13,14,19,19,22,14,18,10,11,15,15,15,9,15,21,21,15,16,18,20,14,19,17,13,16,24,8,20
SBV301_plate04,56,1031,1295,1148,1096,56,1082,14,1145,1180,88,118,1020,1014,1186,1164,159,1109,1278,95,1029,100,27,11,95,9,338,8,1017,95,11,1022,98,9,11,13,12,14,15,12,12,12,11,14,11,11,10,11,11,13,11,15,11,14,14,13,9,12,12,15,13,15,13,13,15,13,15,12,14,11,19,16,13,11,11,12,16,13,14,12,12,12,11,10,157,10,15,13,6,15,6,14,13,14,11,11,9,8,11,12,19,15,11,15,12,16,12,18,17,13,11,16,13,14,16,13,12,12,1030,13,12,14,13,13,13,14,13,11,13,14,14,14,7,14,15,15,15,11,13,13,11,18,14,16,16,13,16,9,14,16,12,13,5,18,15,14,13,16,18,14,15,14,15,13,12,14,14,21,11,11,11,10,11,17,15,19,15,13,13,11,17,16,17,9,12,12,15,19,9,14,14,14,22,13,13,14,17,12,12,15,19,13,17,12,4,14,11,12,19,13,11,1147,19,17,6,15,16,14,8,161,7,15,16,20,15,13,17,18,14,19,18,16,18,6,14,12,18,9,18,14,20,13,8,22,1099,4,12,16,13,102,15,20,16,16,16,16,12,4,16,18,16,16,15,19,15,10,15,12,15,17,15,20,15,15,14,15,17,18,13,16,4,17,17,3,3,15,12,18,17,15,17,11,17,15,19,0,17,345,21,5,7,17,7,19,4,97,8,15,14,18,9,18,10,16,15,17,16,10,18,11,9,19,10,6,12,8,6,10,10,12,6,11,11,7,345,9,18,16,15,18,9,18,10,5,23,11,15,14,20,18,18,14,24,8,8,20,19,17,7,23,6,4,20,13,9,15,7
SBV302_plate04,57,1032,1296,1151,1099,57,1083,15,1146,1181,89,119,1021,1015,1187,1165,160,1110,1279,96,1030,101,28,8,96,14,339,9,1018,96,12,1023,99,14,12,12,13,15,10,15,7,11,10,9,6,8,7,6,6,8,6,10,12,13,9,12,8,15,7,18,12,14,8,12,14,8,14,7,13,8,20,15,10,10,8,7,15,8,13,7,7,7,6,9,158,9,18,8,13,14,13,11,8,9,6,6,8,11,10,7,18,14,14,10,7,15,7,13,16,8,6,11,8,9,15,8,7,15,1031,8,11,9,8,8,8,13,8,10,8,9,13,9,10,9,10,10,10,6,4,8,6,13,9,11,15,8,15,8,13,11,11,16,12,13,6,9,8,11,17,9,10,5,18,8,9,9,9,20,6,10,6,9,6,20,6,18,10,4,8,14,12,11,6,8,11,7,6,14,10,9,3,9,21,12,8,9,16,11,7,10,14,12,12,7,15,9,14,11,18,8,10,1148,18,12,11,10,11,13,11,162,12,10,11,15,16,8,6,13,9,14,17,11,13,11,9,7,13,14,13,9,15,16,11,17,1100,15,7,19,8,107,10,7,11,11,11,11,7,15,19,13,11,11,14,18,18,15,10,15,18,20,18,19,10,10,13,2,12,13,16,11,15,12,6,18,14,2,15,13,12,18,12,6,12,14,14,17,0,346,20,16,18,12,18,18,15,98,11,8,21,13,14,21,13,11,10,12,11,13,17,14,12,14,13,17,7,11,17,13,13,7,17,18,18,18,346,20,13,11,10,13,12,17,17,20,18,16,10,9,15,13,13,9,19,19,19,15,14,16,18,18,17,15,15,14,22,10,18
SBV304_plate04,319,966,1212,1079,1037,319,1015,345,1084,1111,313,331,961,953,1124,1102,372,1047,1197,320,964,325,334,342,320,338,41,337,957,320,340,958,321,342,339,342,336,343,344,345,341,341,344,343,340,342,341,340,340,342,340,344,340,343,343,342,338,345,341,337,342,344,339,342,344,342,344,341,343,340,348,345,342,344,338,341,344,342,343,341,341,341,340,343,370,343,348,342,341,344,341,343,342,343,340,340,342,339,344,341,348,344,344,344,341,345,341,347,346,342,340,345,342,343,345,342,341,345,967,342,345,343,342,342,342,343,342,344,342,343,347,343,337,343,344,344,344,340,342,342,340,347,343,345,345,342,345,342,343,345,344,346,340,347,344,343,346,345,347,343,344,343,348,342,343,343,343,350,340,344,340,343,340,350,344,348,344,342,346,342,346,345,346,342,345,341,344,348,338,343,343,343,351,346,342,343,346,345,341,344,348,342,346,341,343,343,342,345,348,342,344,1087,348,346,339,344,345,343,339,374,340,344,345,349,346,342,346,347,343,348,351,345,347,339,343,341,347,342,347,343,349,344,339,351,1037,343,341,347,342,331,344,349,345,345,345,345,341,342,347,347,345,345,348,348,346,343,344,343,346,348,346,349,344,342,347,344,346,347,344,345,343,346,346,346,342,344,343,347,346,346,346,340,345,348,348,345,346,0,350,344,345,346,345,348,343,322,339,348,349,347,342,349,341,345,344,346,345,341,351,342,340,348,341,345,341,339,345,341,341,341,345,346,346,346,2,348,347,345,344,347,340,347,345,348,352,344,344,343,349,347,347,343,353,347,347,349,348,350,346,352,345,343,349,339,350,344,346
SBV305_plate04,61,1036,1299,1155,1103,61,1087,13,1150,1185,93,123,1025,1019,1191,1169,164,1114,1282,100,1034,105,32,16,100,18,343,13,1022,100,16,1027,103,18,10,10,16,13,18,13,15,9,18,17,14,16,15,14,14,16,14,18,16,9,17,8,12,9,15,22,8,10,16,8,12,16,10,15,7,14,24,9,10,18,14,15,15,16,7,15,15,15,14,17,162,17,12,16,17,8,17,11,16,17,14,14,16,15,18,15,12,10,12,18,15,11,15,21,10,16,14,19,16,17,11,16,15,11,1035,16,19,17,16,16,16,9,16,18,16,17,21,17,14,17,18,18,18,14,16,16,14,21,17,19,11,16,11,16,9,19,19,10,16,21,18,17,20,19,11,17,18,17,6,16,17,17,17,18,14,18,14,17,14,18,18,12,18,16,20,18,20,19,20,16,19,15,18,22,14,17,17,17,9,20,15,17,12,19,15,18,22,16,20,15,19,17,18,19,22,16,18,1152,6,20,15,18,19,9,15,166,16,18,19,23,12,16,20,21,17,22,25,19,21,15,17,15,21,18,21,17,23,20,15,25,1104,19,15,23,16,111,18,23,19,19,19,19,15,19,23,21,19,19,22,6,22,19,18,19,22,24,22,7,18,18,21,18,20,21,20,19,19,20,20,22,18,18,19,21,20,22,20,14,20,22,22,21,20,350,0,20,22,20,22,6,19,102,15,22,25,21,18,25,17,19,18,20,19,17,25,18,16,22,17,21,15,15,21,17,17,15,21,22,22,22,350,24,21,19,18,21,16,5,21,24,26,20,18,17,23,21,21,17,27,23,23,23,22,24,22,26,21,19,23,18,26,18,22
SBV306_plate04,55,1030,1294,1148,1096,55,1080,15,1143,1178,87,117,1019,1013,1185,1162,158,1105,1277,94,1028,99,26,12,94,12,337,7,1016,94,10,1021,97,12,10,12,11,15,14,15,11,11,14,13,10,12,11,10,10,12,10,14,10,13,13,12,8,15,11,16,12,14,12,12,14,12,14,11,13,10,18,15,12,14,10,11,15,12,13,11,11,11,10,13,156,13,18,12,9,14,9,13,12,13,10,10,12,7,14,11,18,14,14,14,11,15,11,17,16,12,10,15,12,13,15,12,11,15,1029,12,15,13,12,12,12,13,12,14,12,13,17,13,6,13,14,14,14,10,12,12,10,17,13,15,15,12,15,12,13,15,15,16,8,17,14,13,16,15,17,13,14,13,18,12,13,13,13,20,10,14,10,13,10,20,14,18,14,12,16,10,16,15,16,12,15,11,14,18,8,13,13,13,21,16,12,13,16,15,11,14,18,12,16,11,7,13,10,15,18,12,14,1146,18,16,5,14,15,13,7,160,6,14,15,19,16,12,16,17,13,18,21,15,17,5,13,11,17,8,17,13,19,12,7,21,1095,3,11,15,12,105,14,19,15,15,15,15,11,3,15,17,15,15,18,18,14,9,14,11,14,16,14,19,14,14,17,14,16,17,12,15,3,16,16,6,2,14,11,17,16,14,16,10,16,18,18,5,16,344,20,0,6,16,6,18,3,96,7,18,17,17,8,17,9,15,14,16,15,9,21,10,8,18,9,5,11,7,5,9,9,11,5,14,14,6,344,8,17,15,14,17,8,17,13,8,22,10,14,13,19,17,17,13,23,7,7,19,18,20,6,22,5,3,19,12,10,14,6
SBV307_plate04,57,1032,1295,1150,1098,57,1083,17,1146,1180,89,119,1021,1015,1187,1165,160,1110,1278,96,1030,101,28,14,96,14,339,9,1018,96,12,1023,99,14,12,14,13,17,16,17,13,13,16,15,12,14,13,12,12,14,12,16,12,15,15,14,10,17,13,17,14,16,14,14,16,14,16,13,15,12,20,17,14,16,12,13,17,14,15,13,13,13,12,15,158,15,20,14,11,16,11,15,14,15,12,12,14,9,16,13,20,16,16,16,13,17,13,19,18,14,12,17,14,15,17,14,13,17,1031,14,17,15,14,14,14,15,14,16,14,15,19,15,8,15,16,16,16,12,14,14,12,19,15,17,17,14,17,14,15,17,17,18,10,19,16,15,18,17,19,15,16,15,20,14,15,15,15,22,12,16,12,15,12,22,16,20,16,14,18,12,18,17,18,14,17,13,16,20,10,15,15,15,23,18,14,15,18,17,13,16,20,14,18,13,9,15,12,17,20,14,16,1148,20,18,7,16,17,15,9,162,8,16,17,21,18,14,18,19,15,20,23,17,19,7,15,13,19,10,19,15,21,14,9,23,1100,5,13,17,14,107,16,21,17,17,17,17,13,5,17,19,17,17,20,20,16,11,16,13,16,18,16,21,16,16,19,16,18,19,14,17,5,18,18,8,4,16,13,19,18,16,18,12,18,20,20,7,18,345,22,6,0,18,8,20,5,98,9,20,19,19,10,19,11,17,16,18,17,11,23,12,10,20,11,7,13,9,7,11,11,13,7,16,16,8,345,10,19,17,16,19,10,19,15,10,24,12,16,15,21,19,19,15,25,9,9,21,20,22,8,24,7,5,21,14,12,16,8
SBV308_plate04,57,1031,1296,1150,1098,57,1082,15,1144,1180,89,119,1020,1014,1186,1164,160,1108,1279,96,1029,101,28,8,96,14,339,9,1017,96,12,1022,99,14,12,12,13,15,10,15,7,11,10,9,6,8,7,6,6,8,6,10,12,13,9,12,8,15,7,18,12,14,8,12,14,8,14,5,13,8,20,15,12,10,8,7,15,6,13,7,5,7,6,9,158,9,18,8,13,14,13,13,8,9,6,6,8,11,10,5,18,14,14,8,5,15,5,9,16,6,6,11,8,9,15,4,7,15,1030,4,7,7,4,6,8,13,6,8,8,9,9,9,10,7,8,8,10,6,8,8,6,13,9,9,15,4,15,8,13,11,9,16,12,13,10,9,12,9,17,9,8,9,18,6,5,5,9,20,6,10,6,9,6,20,10,18,6,8,12,14,10,9,12,8,11,7,10,14,10,5,9,7,21,4,6,5,16,9,5,8,12,12,8,7,15,9,14,11,18,6,8,1148,18,4,11,8,7,13,11,162,12,8,9,13,16,6,12,11,7,12,17,11,9,11,9,7,11,14,13,9,15,16,11,17,1098,15,4,19,5,107,8,15,7,11,11,11,4,15,19,9,9,7,10,18,18,15,10,15,18,20,18,19,8,8,9,10,12,13,16,3,15,8,12,18,14,10,15,9,0,18,8,6,12,2,10,17,12,346,20,16,18,0,18,18,15,98,11,14,21,13,14,21,13,9,10,12,9,13,15,14,12,12,13,17,7,11,17,13,13,7,17,18,18,18,346,20,1,9,10,11,12,17,17,20,14,16,8,9,13,13,13,7,15,19,19,13,14,16,18,14,17,15,11,14,22,6,18
SBV310_plate04,57,1031,1295,1150,1098,57,1082,17,1145,1180,89,119,1020,1014,1186,1164,160,1109,1278,96,1029,101,28,14,96,14,338,9,1017,96,12,1022,99,14,12,14,12,17,16,17,13,13,16,15,12,14,13,12,12,14,12,16,12,15,15,14,10,17,13,18,14,16,14,14,16,14,16,13,15,12,20,17,14,16,12,13,17,14,15,13,13,13,12,15,158,15,20,14,11,16,11,15,14,15,12,12,14,9,16,13,20,16,16,16,13,17,13,19,18,14,12,17,14,15,17,14,13,17,1030,14,17,15,14,14,14,15,14,16,14,15,19,15,8,15,16,16,16,12,14,14,12,19,15,17,17,14,17,14,15,17,17,18,10,19,16,15,18,17,19,15,16,15,20,14,15,15,15,22,12,16,12,15,12,22,16,20,16,14,18,12,18,17,18,14,17,13,16,20,10,15,15,15,23,18,14,15,18,17,13,16,20,14,18,13,9,15,12,17,20,14,16,1147,20,18,7,16,17,15,9,162,8,16,17,21,18,14,18,19,15,20,23,17,19,7,15,13,19,10,19,15,21,14,9,23,1099,5,13,17,14,107,16,21,17,17,17,17,13,5,17,19,17,17,20,20,16,11,16,13,16,18,16,21,16,16,19,16,18,19,14,17,5,18,18,8,4,16,13,19,18,16,18,12,18,20,20,7,18,345,22,6,8,18,0,20,5,98,9,20,19,19,10,19,11,17,16,18,17,11,23,12,10,20,11,7,13,9,7,11,11,13,7,16,16,8,345,10,19,17,16,19,10,19,15,10,24,12,16,15,21,19,19,15,25,9,9,21,20,22,8,24,7,5,21,14,12,16,8
SBV311_plate04,59,1034,1296,1153,1101,59,1085,11,1147,1183,91,121,1023,1017,1188,1167,162,1111,1279,98,1032,103,30,14,98,16,341,11,1020,98,14,1025,101,16,8,8,14,11,16,11,13,7,16,15,12,14,13,12,12,14,12,16,14,7,15,6,10,7,13,20,6,8,14,6,10,14,8,13,5,12,22,7,8,16,12,13,13,14,5,13,13,13,12,15,160,15,10,14,15,6,15,9,14,15,12,12,14,13,16,13,10,8,10,16,13,9,13,19,8,14,12,17,14,15,9,14,13,9,1033,14,17,15,14,14,14,7,14,16,14,15,19,15,12,15,16,16,16,12,14,14,12,19,15,17,9,14,9,14,7,17,17,8,14,19,16,15,18,17,9,15,16,15,4,14,15,15,15,16,12,16,12,15,12,16,16,10,16,14,18,16,18,17,18,14,17,13,16,20,12,15,15,15,7,18,13,15,10,17,13,16,20,14,18,13,17,15,16,17,20,14,16,1149,4,18,13,16,17,7,13,164,14,16,17,21,10,14,18,19,15,20,23,17,19,13,15,13,19,16,19,15,21,18,13,23,1101,17,13,21,14,109,16,21,17,17,17,17,13,17,21,19,17,17,20,2,20,17,16,17,20,22,20,5,16,16,19,16,18,19,18,17,17,18,18,20,16,16,17,19,18,20,18,12,17,20,20,19,18,348,6,18,20,18,20,0,17,100,13,20,23,19,16,23,15,17,16,18,17,15,23,16,14,20,15,19,13,13,19,15,15,13,19,20,20,20,348,22,19,17,16,19,14,3,19,22,24,18,16,15,21,19,19,15,25,21,21,21,20,22,20,24,19,17,21,16,24,16,20
SBV312_plate04,54,1028,1292,1148,1096,54,1079,14,1142,1178,86,116,1017,1011,1183,1161,157,1106,1275,93,1026,98,25,11,93,11,336,6,1014,93,9,1019,96,11,9,11,10,14,13,14,10,10,13,12,9,11,10,9,9,11,9,13,9,12,12,11,7,14,10,15,11,13,11,11,13,11,13,10,12,9,17,14,11,13,9,10,14,11,12,10,10,10,9,12,155,12,17,11,8,13,8,12,11,12,9,9,11,6,13,10,17,13,13,13,10,14,10,16,15,11,9,14,11,12,14,11,10,14,1027,11,14,12,11,11,11,12,11,13,11,12,16,12,5,12,13,13,13,9,11,11,9,16,12,14,14,11,14,11,12,14,14,15,7,16,13,12,15,14,16,12,13,12,17,11,12,12,12,19,9,13,9,12,9,19,13,17,13,11,15,9,15,14,15,11,14,10,13,17,7,12,12,12,20,15,11,12,15,14,10,13,17,11,15,10,6,12,9,14,17,11,13,1144,17,15,4,13,14,12,6,159,5,13,14,18,15,11,15,16,12,17,20,14,16,4,12,10,16,7,16,12,18,11,6,20,1096,2,10,14,11,104,13,18,14,14,14,14,10,2,14,16,14,14,17,17,13,8,13,10,13,15,13,18,13,13,16,13,15,16,11,14,2,15,15,5,1,13,10,16,15,13,15,9,15,17,17,4,15,343,19,3,5,15,5,17,0,95,6,17,16,16,7,16,8,14,13,15,14,8,20,9,7,17,8,4,10,6,4,8,8,10,4,13,13,5,343,7,16,14,13,16,7,16,12,7,21,9,13,12,18,16,16,12,22,6,6,18,17,19,5,21,4,2,18,11,9,13,5
SBV313_plate04,71,1006,1275,1126,1074,71,1059,97,1119,1156,45,95,995,989,1162,1138,135,1085,1261,44,1001,71,86,94,42,90,315,89,992,16,92,997,19,94,92,94,92,96,96,97,93,93,96,95,92,94,93,92,92,94,92,96,92,95,95,94,90,97,93,92,94,96,92,94,96,94,96,93,95,92,100,97,94,96,92,93,97,94,95,93,93,93,92,95,134,95,100,94,93,96,93,95,94,95,92,92,94,91,96,93,100,96,96,96,93,97,93,99,98,94,92,97,94,95,97,94,93,97,1002,94,97,95,94,94,94,95,94,96,94,95,99,95,89,95,96,96,96,92,94,94,92,99,95,97,97,94,97,94,95,97,96,98,92,99,96,95,98,97,99,95,96,95,100,94,95,95,95,102,92,96,92,95,92,102,96,100,96,94,98,94,98,97,98,94,97,93,96,100,90,95,95,95,103,98,94,95,98,97,93,96,100,94,98,93,95,95,94,97,100,94,96,1121,100,98,91,96,97,95,91,138,92,96,97,101,98,94,98,99,95,100,103,97,99,91,95,93,99,94,99,95,101,96,91,103,1075,95,93,99,94,27,96,101,97,97,97,97,93,95,99,99,97,97,100,100,98,95,96,95,98,100,98,101,96,96,99,96,98,99,96,97,95,98,98,98,94,96,95,99,98,98,98,92,97,100,100,97,98,322,102,96,98,98,98,100,95,0,91,100,101,99,94,101,93,97,96,98,97,93,103,94,92,100,93,97,93,91,97,93,93,93,97,98,98,98,322,100,99,97,96,99,92,99,97,100,104,96,96,95,101,99,99,95,105,99,99,101,100,102,98,104,97,95,101,93,102,96,98
SBV314_plate04,50,1025,1289,1144,1092,50,1076,10,1139,1174,82,112,1014,1008,1180,1158,153,1103,1272,89,1023,94,21,7,89,7,332,2,1011,89,5,1016,92,7,5,7,6,10,9,10,6,6,9,8,5,7,6,5,5,7,5,9,5,8,8,7,3,10,6,11,7,9,7,7,9,7,9,6,8,5,13,10,7,9,5,6,10,7,8,6,6,6,5,8,151,8,13,7,4,9,4,8,7,8,5,5,7,2,9,6,13,9,9,9,6,10,6,12,11,7,5,10,7,8,10,7,6,10,1024,7,10,8,7,7,7,8,7,9,7,8,12,8,1,8,9,9,9,5,7,7,5,12,8,10,10,7,10,7,8,10,10,11,3,12,9,8,11,10,12,8,9,8,13,7,8,8,8,15,5,9,5,8,5,15,9,13,9,7,11,5,11,10,11,7,10,6,9,13,3,8,8,8,16,11,7,8,11,10,6,9,13,7,11,6,6,8,5,10,13,7,9,1141,13,11,2,9,10,8,2,155,3,9,10,14,11,7,11,12,8,13,16,10,12,2,8,6,12,5,12,8,14,7,2,16,1093,6,6,10,7,100,9,14,10,10,10,10,6,6,10,12,10,10,13,13,9,6,9,6,9,11,9,14,9,9,12,9,11,12,7,10,6,11,11,9,5,9,6,12,11,9,11,5,11,13,13,8,11,339,15,7,9,11,9,13,6,91,0,13,12,12,5,12,4,10,9,11,10,4,16,5,3,13,4,8,6,2,8,4,4,6,8,9,9,9,339,11,12,10,9,12,3,12,8,11,17,7,9,8,14,12,12,8,18,10,10,14,13,15,9,17,8,6,14,7,13,9,9
SBV315_plate04,59,1034,1298,1151,1099,59,1085,15,1148,1183,91,121,1023,1017,1189,1167,162,1112,1281,98,1032,103,30,8,98,12,341,11,1020,98,14,1025,101,12,14,14,15,15,12,13,9,13,8,11,8,8,7,8,8,10,8,12,14,15,11,14,10,13,9,18,14,16,10,14,16,10,16,9,15,10,22,17,14,8,10,9,17,10,15,9,9,9,8,7,160,7,16,10,11,16,11,15,10,11,8,8,6,13,8,9,20,16,12,12,9,17,9,15,18,10,8,13,10,11,17,10,9,13,1033,10,9,11,10,10,10,15,10,8,10,11,11,11,12,11,12,12,12,8,6,10,8,15,11,13,17,10,17,6,15,13,9,14,10,15,8,11,6,13,19,11,12,7,16,10,9,11,11,22,8,8,8,7,8,18,8,20,12,6,6,16,14,13,8,6,9,9,8,16,12,11,5,11,23,10,10,11,18,9,9,12,16,14,14,9,13,11,16,9,20,10,8,1150,20,14,13,12,13,15,13,164,14,12,13,17,16,10,4,15,11,16,15,13,15,13,11,9,15,16,15,11,17,18,13,19,1102,17,9,21,10,105,12,11,13,13,13,13,9,17,21,15,13,13,12,20,20,17,12,17,20,22,20,21,12,12,11,6,14,15,18,13,17,14,4,16,16,6,17,15,14,20,14,8,14,12,16,15,8,348,22,18,20,14,20,20,17,100,13,0,19,15,16,23,15,13,12,14,13,15,15,16,14,16,15,19,9,13,19,15,15,9,19,16,16,20,348,22,15,13,12,15,14,19,15,18,20,18,12,11,17,15,15,11,21,21,21,17,16,14,20,20,19,17,17,16,22,12,20
SBV316_plate04,60,1035,1298,1152,1100,60,1086,18,1149,1184,92,122,1024,1018,1190,1168,163,1113,1281,99,1033,104,31,15,99,13,342,12,1021,99,15,1026,102,13,15,17,16,18,19,16,16,16,15,18,15,15,14,15,15,17,15,19,15,18,18,17,13,16,16,19,17,19,17,17,19,17,19,16,18,15,23,20,17,15,15,16,20,17,18,16,16,16,15,14,161,14,19,17,10,19,10,18,17,18,15,15,13,12,15,16,23,19,15,19,16,20,16,22,21,17,15,20,17,18,20,17,16,16,1034,17,16,18,17,17,17,18,17,15,17,18,18,18,11,18,19,19,19,15,17,17,15,22,18,20,20,17,20,13,18,20,16,17,9,22,19,18,17,20,22,18,19,18,19,17,16,18,18,25,15,15,15,14,15,21,19,23,19,17,17,9,21,20,21,13,16,16,19,23,13,18,18,18,26,17,17,18,21,16,16,19,23,17,21,16,12,18,13,16,23,17,15,1151,23,21,12,19,20,18,12,165,13,19,20,24,19,17,21,22,18,23,22,20,22,12,18,16,22,15,22,18,24,11,12,26,1103,16,16,14,17,106,19,24,20,20,20,20,16,16,14,22,20,20,19,23,13,16,19,10,13,15,13,24,19,19,18,19,21,22,11,20,16,21,21,15,15,19,10,22,21,13,21,15,21,19,23,14,21,349,25,17,19,21,19,23,16,101,12,19,0,22,15,16,12,20,19,21,20,12,22,13,13,23,12,18,16,12,18,12,14,16,18,9,9,19,349,21,22,20,19,22,13,22,8,17,27,17,19,18,24,22,22,18,28,20,20,24,23,21,19,27,18,16,24,17,21,19,19
SBV317_plate04,58,1033,1297,1152,1100,58,1084,16,1147,1182,90,120,1022,1016,1188,1166,161,1111,1280,97,1031,102,29,9,97,15,340,10,1018,97,13,1024,100,15,13,13,14,16,11,16,8,12,11,10,7,9,8,7,7,9,7,11,13,14,10,13,9,16,8,19,13,15,9,13,15,9,15,8,14,9,21,16,13,11,9,8,16,9,14,8,8,8,7,10,159,10,19,9,14,15,14,14,9,10,7,7,9,12,11,8,19,15,15,11,8,16,8,14,17,9,7,12,9,10,16,9,8,16,1032,9,12,10,9,9,9,14,9,11,9,10,14,10,11,10,11,11,11,7,9,9,7,14,10,12,16,9,16,9,14,12,12,17,13,14,11,10,13,12,18,10,11,10,19,9,10,10,10,21,7,11,7,10,7,21,11,19,11,9,13,15,13,12,13,9,12,8,11,15,11,10,10,10,22,13,9,10,17,12,8,11,15,13,13,8,16,10,15,12,19,9,11,1149,19,13,12,11,12,14,12,163,13,11,12,16,17,9,13,14,10,15,18,12,14,12,10,8,14,15,14,10,16,17,12,18,1101,16,8,20,9,108,11,16,12,6,6,6,8,16,20,14,12,12,15,19,19,16,11,16,19,21,19,20,11,11,14,11,13,14,17,12,16,13,13,19,15,11,16,14,13,19,13,7,13,15,15,18,13,347,21,17,19,13,19,19,16,99,12,15,22,0,15,22,14,12,11,7,12,14,18,15,13,15,14,18,8,12,18,14,14,8,18,19,19,19,347,21,14,12,5,14,13,18,18,21,19,17,11,6,16,14,10,10,20,20,20,16,9,5,19,19,18,16,16,15,23,11,19
SBV318_plate04,53,1028,1291,1147,1095,53,1079,13,1142,1177,85,115,1017,1011,1183,1161,156,1106,1274,92,1026,97,24,10,92,10,335,5,1014,92,8,1019,95,10,8,10,9,13,12,13,9,9,12,11,8,10,9,8,8,10,8,12,8,11,11,10,6,13,9,14,10,12,10,10,12,10,12,9,11,8,16,13,10,12,8,9,13,10,11,9,9,9,8,11,154,11,16,10,7,12,7,11,10,11,8,8,10,5,12,9,16,12,12,12,9,13,9,15,14,10,8,13,10,11,13,10,9,13,1027,10,13,11,10,10,10,11,10,12,10,11,15,11,4,11,12,12,12,8,10,10,8,15,11,13,13,10,13,10,11,13,13,14,6,15,12,11,14,13,15,11,12,11,16,10,11,11,11,18,8,12,8,11,8,18,12,16,12,10,14,8,14,13,14,10,13,9,12,16,6,11,11,11,19,14,10,11,14,13,9,12,16,10,14,9,7,11,8,13,16,10,12,1144,16,14,3,12,13,11,5,158,4,12,13,17,14,10,14,15,11,16,19,13,15,3,11,9,15,0,15,11,17,10,5,19,1096,7,9,13,10,103,12,17,13,13,13,13,9,7,13,15,13,13,16,16,12,1,12,9,12,14,12,17,12,12,15,12,14,15,10,13,7,14,14,10,6,12,9,15,14,12,14,8,14,16,16,9,14,342,18,8,10,14,10,16,7,94,5,16,15,15,0,15,7,13,12,14,13,7,19,8,6,16,7,9,9,5,9,7,7,9,9,12,12,10,342,12,15,13,12,15,6,15,11,12,20,2,12,11,17,15,15,11,21,11,11,17,16,18,10,20,9,7,17,10,14,12,10
SBV319_plate04,60,1034,1299,1154,1102,60,1086,20,1149,1184,92,122,1023,1017,1188,1168,163,1113,1282,99,1032,104,31,17,99,17,342,12,1020,99,15,1025,102,17,15,17,16,19,19,20,16,16,19,18,15,17,16,15,15,17,15,19,15,18,18,17,13,20,16,21,17,19,17,17,19,17,19,16,18,15,23,20,17,19,15,16,20,17,18,16,16,16,15,18,161,18,23,17,14,19,14,18,17,18,15,15,17,12,19,16,23,19,19,19,16,20,16,22,21,17,15,20,17,18,20,17,16,20,1033,17,20,18,17,17,17,18,17,19,17,18,22,18,11,18,19,19,19,15,17,17,15,22,18,20,20,17,20,17,18,20,20,21,13,22,19,18,21,20,22,18,19,18,23,17,18,18,18,25,15,19,15,18,15,25,19,23,19,17,21,9,21,20,21,17,20,16,19,23,13,18,18,18,26,21,17,18,21,20,16,19,23,17,21,16,16,18,13,20,22,17,19,1151,23,21,12,19,20,18,12,165,13,19,20,24,21,17,21,22,18,23,26,20,22,12,18,16,22,15,22,18,24,11,12,26,1103,16,16,14,17,110,19,24,20,20,20,20,16,16,14,22,20,20,23,23,13,16,19,10,13,15,13,24,19,19,22,19,21,22,11,20,16,21,21,19,15,19,10,22,21,13,21,15,21,23,23,18,21,349,25,17,19,21,19,23,16,101,12,23,16,22,15,0,12,20,19,21,20,12,26,13,13,23,12,18,16,12,18,12,14,16,18,13,13,19,349,21,22,20,19,22,13,22,12,21,27,17,19,18,24,22,22,18,28,20,20,24,23,25,19,27,18,16,24,17,23,19,19
SBV320_plate04,52,1027,1291,1146,1094,52,1078,12,1141,1176,84,114,1016,1010,1182,1160,155,1105,1274,91,1025,96,23,9,91,9,334,4,1013,91,7,1018,94,9,7,9,8,12,11,12,8,8,11,10,7,9,8,7,7,9,7,11,7,10,10,9,5,12,8,13,9,11,9,9,11,9,11,8,10,7,15,12,9,11,7,8,12,9,10,8,8,8,7,10,153,10,15,9,6,11,6,10,9,10,7,7,9,4,11,8,15,11,11,11,8,12,8,14,13,9,7,12,9,10,12,9,8,12,1026,9,12,10,9,9,9,10,9,11,9,10,14,10,3,10,11,11,11,7,9,9,7,14,10,12,12,9,12,9,10,12,12,13,5,14,11,10,13,12,14,10,11,10,15,9,10,10,10,17,7,11,7,10,7,17,11,15,11,9,13,5,13,12,13,9,12,8,11,15,5,10,10,10,18,13,9,10,13,12,8,11,15,9,13,8,8,10,5,12,15,9,11,1143,15,13,4,11,12,10,4,157,5,11,12,16,13,9,13,14,10,15,18,12,14,4,10,8,14,7,14,10,16,7,4,18,1095,8,8,10,9,102,11,16,12,12,12,12,8,8,10,14,12,12,15,15,9,8,11,6,9,11,9,16,11,11,14,11,13,14,7,12,8,13,13,11,7,11,6,14,13,9,13,7,13,15,15,10,13,341,17,9,11,13,11,15,8,93,4,15,12,14,7,12,0,12,11,13,12,0,18,1,5,15,0,10,8,4,10,0,6,8,10,9,9,11,341,13,14,12,11,14,5,14,8,13,19,9,11,10,16,14,14,10,20,12,12,16,15,17,11,19,10,8,16,9,15,11,11
SBV321_plate04,56,1031,1295,1150,1098,56,1082,14,1145,1180,88,118,1020,1014,1186,1164,159,1109,1278,95,1029,100,27,7,95,13,338,8,1017,95,11,1022,98,13,11,11,12,14,9,14,6,10,9,8,5,7,6,5,5,7,5,9,11,12,8,11,7,14,6,17,11,13,7,11,13,7,13,4,12,7,19,14,11,9,7,6,14,5,12,6,4,6,5,8,157,8,17,7,12,13,12,12,7,8,5,5,7,10,9,4,17,13,13,7,4,14,4,10,15,5,5,10,7,8,14,5,6,14,1030,5,8,6,5,5,7,12,5,7,7,8,10,8,9,6,7,7,9,5,7,7,5,12,8,8,14,5,14,7,12,10,8,15,11,12,9,8,11,8,16,8,7,8,17,5,6,6,8,19,5,9,5,8,5,19,9,17,7,7,11,13,9,8,11,7,10,6,9,13,9,6,8,6,20,9,5,6,15,8,4,7,11,11,9,6,14,8,13,10,17,5,7,1147,17,9,10,7,8,12,10,161,11,7,8,12,15,5,11,10,2,11,16,10,10,10,8,6,10,13,12,8,14,15,10,16,1099,14,5,18,6,106,7,14,8,10,10,10,5,14,18,10,8,8,11,17,17,14,9,14,17,19,17,18,7,7,10,9,11,12,15,8,14,9,11,17,13,9,14,10,9,17,9,5,11,11,11,16,11,345,19,15,17,9,17,17,14,97,10,13,20,12,13,20,12,0,9,11,8,12,14,13,11,11,12,16,6,10,16,12,12,6,16,17,17,17,345,19,10,8,9,6,11,16,16,19,15,15,7,8,12,12,12,6,16,18,18,12,13,15,17,15,16,14,12,13,21,7,17
SBV322_plate04,55,1030,1293,1149,1097,55,1081,13,1144,1179,87,117,1019,1013,1185,1163,158,1108,1276,94,1028,99,26,6,94,12,337,7,1016,94,10,1021,97,12,10,10,11,13,8,13,5,9,8,7,4,6,5,4,4,6,4,8,10,11,7,10,6,13,5,16,10,12,6,10,12,6,12,5,11,6,18,13,10,8,6,5,13,6,11,5,5,5,4,7,156,7,16,6,11,12,11,11,6,7,4,4,6,9,8,5,16,12,12,8,5,13,5,11,14,6,4,9,6,7,13,6,5,13,1029,6,9,7,6,6,6,11,6,8,6,7,11,7,8,7,8,8,8,4,6,6,4,11,7,9,13,6,13,6,11,9,8,14,10,11,8,7,10,9,15,7,8,7,16,6,7,7,7,18,4,8,4,7,4,18,8,16,8,6,10,12,10,9,10,6,5,5,8,12,8,7,7,7,19,10,6,7,14,9,5,8,12,10,10,5,13,7,12,9,16,6,8,1144,16,10,9,8,9,11,9,160,10,8,9,13,14,6,10,11,7,12,15,9,11,9,1,5,11,12,11,7,13,14,9,15,1098,13,5,17,6,105,8,13,9,9,9,9,5,13,17,11,9,9,12,16,16,13,8,13,16,18,16,17,8,8,11,8,10,11,14,9,13,10,10,16,12,8,13,11,10,16,10,4,10,12,12,15,10,344,18,14,16,10,16,16,13,96,9,12,19,11,12,19,11,9,0,10,9,11,15,12,10,12,11,15,5,9,15,11,11,5,15,16,16,16,344,18,11,9,8,11,10,15,15,18,16,14,8,7,13,11,11,7,17,17,17,13,12,14,16,16,15,13,13,12,20,8,16
SBV323_plate04,57,1032,1295,1150,1098,57,1083,15,1146,1180,89,119,1021,1015,1187,1165,160,1110,1278,96,1030,101,28,8,96,14,339,9,1018,96,12,1023,99,14,12,12,13,15,10,15,7,11,10,9,6,8,7,6,6,8,6,10,12,13,9,12,8,15,7,18,12,14,8,12,14,8,14,7,13,8,20,15,12,10,8,7,15,8,13,7,7,7,6,9,158,9,18,8,13,14,13,13,8,9,6,6,8,11,10,7,18,14,14,10,7,15,7,13,16,8,6,11,8,9,15,8,7,15,1031,8,11,9,8,8,8,13,8,10,8,9,13,9,10,9,10,10,10,6,8,8,6,13,9,11,15,8,15,8,13,11,11,16,12,13,10,9,12,11,17,9,10,9,18,8,9,9,9,20,6,10,6,9,6,20,10,18,10,8,12,14,12,11,12,8,11,7,10,14,10,9,9,9,21,12,8,9,16,11,7,10,14,12,12,7,15,9,14,11,18,8,10,1147,18,12,11,10,11,13,11,162,12,10,11,15,16,8,12,13,9,14,17,11,13,11,9,7,13,14,13,9,15,16,11,17,1100,15,7,19,8,107,10,15,11,5,5,5,7,15,19,13,11,11,14,18,18,15,10,15,18,20,18,19,10,10,13,10,12,13,16,11,15,12,12,18,14,10,15,13,12,18,12,6,12,14,14,17,12,346,20,16,18,12,18,18,15,98,11,14,21,7,14,21,13,11,10,0,11,13,17,14,12,14,13,17,7,11,17,13,13,7,17,18,18,18,346,20,13,11,4,13,12,17,17,20,18,16,10,5,15,13,9,9,19,19,19,15,8,10,18,18,17,15,15,14,22,10,18
SBV324_plate04,56,1031,1295,1150,1098,56,1082,14,1145,1180,88,118,1020,1014,1186,1164,159,1109,1278,95,1029,100,27,7,95,13,338,8,1017,95,11,1022,98,13,11,11,12,14,9,14,6,10,9,8,5,7,6,5,5,7,5,9,11,12,8,11,7,14,6,17,11,13,7,11,13,7,13,4,12,7,19,14,11,9,7,6,14,5,12,6,4,6,5,8,157,8,17,7,12,13,12,12,7,8,5,5,7,10,9,4,17,13,13,7,4,14,4,10,15,5,5,10,7,8,14,5,6,14,1030,5,8,6,5,5,7,12,5,7,7,8,10,8,9,6,5,7,9,5,7,7,5,12,8,8,14,5,14,7,12,10,8,15,11,12,9,8,11,6,16,8,5,8,17,5,6,6,8,19,5,9,5,8,5,19,9,17,7,7,11,13,7,8,11,7,10,6,9,13,9,6,8,6,20,9,5,6,15,8,4,7,9,11,9,6,14,8,13,10,17,5,7,1147,17,9,10,7,8,12,10,161,11,7,6,12,15,5,11,10,6,11,16,10,10,10,8,6,10,13,12,8,14,15,10,16,1099,14,5,18,6,106,5,14,8,10,10,10,5,14,18,10,8,8,11,17,17,14,9,14,17,19,17,18,7,5,10,9,11,12,15,8,14,9,11,17,13,9,14,10,9,17,9,5,11,11,11,16,11,345,19,15,17,9,17,17,14,97,10,13,20,12,13,20,12,8,9,11,0,12,14,13,11,9,12,16,6,10,16,12,12,6,16,17,17,17,345,19,10,6,9,10,11,16,16,19,15,15,5,8,10,12,12,4,16,18,18,10,13,15,17,15,16,14,12,13,21,7,17
SBV325_plate04,52,1027,1291,1146,1094,52,1078,12,1141,1176,84,114,1016,1010,1182,1160,155,1105,1274,91,1025,96,23,9,91,9,334,4,1013,91,7,1018,94,9,7,9,8,12,11,12,8,8,11,10,7,9,8,7,7,9,7,11,7,10,10,9,5,12,8,13,9,11,9,9,11,9,11,8,10,7,15,12,9,11,7,8,12,9,10,8,8,8,7,10,153,10,15,9,6,11,6,10,9,10,7,7,9,4,11,8,15,11,11,11,8,12,8,14,13,9,7,12,9,10,12,9,8,12,1026,9,12,10,9,9,9,10,9,11,9,10,14,10,3,10,11,11,11,7,9,9,7,14,10,12,12,9,12,9,10,12,12,13,5,14,11,10,13,12,14,10,11,10,15,9,10,10,10,17,7,11,7,10,7,17,11,15,11,9,13,5,13,12,13,9,12,8,11,15,5,10,10,10,18,13,9,10,13,12,8,11,15,9,13,8,8,10,5,12,15,9,11,1143,15,13,4,11,12,10,4,157,5,11,12,16,13,9,13,14,10,15,18,12,14,4,10,8,14,7,14,10,16,7,4,18,1095,8,8,10,9,102,11,16,12,12,12,12,8,8,10,14,12,12,15,15,9,8,11,6,9,11,9,16,11,11,14,11,13,14,7,12,8,13,13,11,7,11,6,14,13,9,13,7,13,15,15,10,13,341,17,9,11,13,11,15,8,93,4,15,12,14,7,12,0,12,11,13,12,0,18,1,5,15,0,10,8,4,10,0,6,8,10,9,9,11,341,13,14,12,11,14,5,14,8,13,19,9,11,10,16,14,14,10,20,12,12,16,15,17,11,19,10,8,16,9,15,11,11
SBV326_plate04,62,1037,1301,1154,1101,62,1088,18,1151,1186,94,124,1026,1020,1192,1170,165,1115,1284,101,1035,106,33,11,101,15,344,14,1023,101,17,1028,104,15,17,17,18,17,15,16,12,16,11,14,11,11,10,11,11,13,11,15,17,18,14,17,13,16,12,21,17,19,13,17,19,13,19,10,18,13,25,20,17,11,13,12,20,11,18,12,10,12,11,10,163,10,19,13,14,19,14,18,13,14,11,11,9,16,11,10,23,19,15,13,10,20,10,16,21,11,11,16,13,14,20,11,12,16,1036,11,10,12,11,11,13,18,11,9,13,14,12,14,15,12,13,13,15,11,13,13,11,18,14,14,20,11,20,9,18,16,10,17,13,18,15,14,13,14,22,14,13,14,19,11,10,12,14,25,11,11,11,10,11,21,15,23,13,13,13,19,15,14,17,9,12,12,15,19,15,12,14,12,26,11,11,12,21,10,10,13,17,17,15,12,16,14,19,12,23,11,9,1153,23,15,16,13,14,18,16,167,17,9,14,18,19,11,17,16,12,17,18,16,16,16,14,12,16,19,18,14,20,21,16,22,1105,20,11,24,12,108,13,20,14,16,16,16,11,20,24,16,14,14,13,23,23,20,15,20,23,25,23,24,11,13,12,15,17,18,21,14,20,15,17,19,19,15,20,16,15,23,15,11,17,13,17,18,17,351,25,21,23,15,23,23,20,103,16,15,22,18,19,26,18,14,15,17,14,18,0,19,17,17,18,22,12,16,22,18,18,12,22,19,19,23,351,25,16,14,15,16,17,22,18,21,21,21,13,14,18,18,18,12,22,24,24,18,19,17,23,21,22,20,18,19,25,13,23
SBV327_plate04,53,1027,1291,1147,1095,53,1079,11,1142,1177,85,115,1017,1011,1183,1161,156,1106,1274,92,1026,97,24,10,92,10,335,5,1014,92,8,1019,95,10,8,10,9,13,10,13,9,9,12,11,8,10,9,8,8,10,8,10,8,11,11,10,6,13,9,12,10,10,10,10,10,10,12,9,11,8,16,11,10,12,8,9,13,10,11,7,9,9,8,9,154,11,16,10,7,12,7,11,10,11,8,8,10,5,12,9,16,12,12,12,9,13,9,15,14,10,8,13,10,11,13,10,9,13,1027,10,13,11,10,10,8,11,10,12,10,11,15,11,4,11,12,12,12,8,10,10,8,15,11,13,13,10,13,10,11,13,13,14,6,15,12,11,14,13,15,11,12,11,16,10,11,11,11,18,8,12,8,11,8,18,12,16,12,10,14,6,14,11,14,10,13,9,12,16,4,11,11,11,19,14,10,11,14,13,9,12,16,10,14,9,9,9,6,13,16,10,12,1144,16,14,5,10,13,11,5,158,6,12,13,17,14,10,14,15,11,14,19,13,15,5,11,9,15,8,15,11,17,8,5,19,1096,9,9,11,10,103,12,17,13,13,13,13,9,9,11,15,13,13,14,16,10,9,12,7,10,12,10,17,12,12,15,12,14,15,8,13,9,14,14,12,8,12,7,15,14,10,14,8,14,16,16,11,14,342,18,10,12,14,12,16,9,94,5,16,13,15,8,13,1,13,12,14,13,1,19,0,6,16,1,11,9,5,11,1,7,9,11,10,8,12,342,14,15,13,12,15,6,15,9,14,20,10,12,11,17,15,15,11,21,13,13,17,16,18,12,20,11,9,17,10,14,12,12
SBV328_plate04,51,1026,1290,1145,1093,51,1077,11,1140,1175,83,113,1015,1009,1181,1159,154,1104,1272,90,1024,95,22,8,90,8,333,3,1012,90,6,1017,93,8,6,8,7,11,10,11,7,7,10,9,6,8,7,6,6,8,6,10,6,9,9,8,4,11,7,12,8,10,8,8,10,8,10,7,9,6,14,11,8,10,6,7,11,8,9,7,7,7,6,9,152,9,14,8,5,10,5,9,8,9,6,6,8,3,10,7,14,10,10,10,7,11,7,13,12,8,6,11,8,9,11,8,7,11,1025,8,11,9,8,8,8,9,8,10,8,9,13,9,2,9,10,10,10,6,8,8,6,13,9,11,11,8,11,8,9,11,11,12,4,13,10,9,12,11,13,9,10,9,14,8,9,9,9,16,6,10,6,9,6,16,10,14,10,8,12,6,12,11,12,8,11,7,10,14,4,9,9,9,17,12,8,9,12,11,7,10,14,8,12,7,7,9,6,11,14,8,10,1142,14,12,3,10,11,9,3,156,4,10,11,15,12,8,12,13,9,14,17,11,13,3,9,7,13,6,13,9,15,8,3,17,1094,7,7,11,8,101,10,15,11,11,11,11,7,7,11,13,11,11,14,14,10,7,10,7,10,12,10,15,10,10,13,10,12,13,8,11,7,12,12,10,6,10,7,13,12,10,12,6,12,14,14,9,12,340,16,8,10,12,10,14,7,92,3,14,13,13,6,13,5,11,10,12,11,5,17,6,0,14,5,9,7,1,9,5,3,7,9,10,10,10,340,12,13,11,10,13,2,13,9,12,18,8,10,9,15,13,13,9,19,11,11,15,14,16,10,18,9,7,15,8,14,10,10
SBV329_plate04,59,1034,1298,1153,1101,59,1085,17,1148,1183,91,121,1023,1017,1189,1167,162,1112,1281,98,1032,103,30,10,98,16,341,11,1020,98,14,1025,101,16,14,14,15,17,12,17,9,13,12,11,8,10,9,8,8,10,8,12,14,15,11,14,10,17,9,20,14,16,10,14,16,10,16,7,15,10,22,17,14,12,10,9,17,8,15,9,7,9,8,11,160,11,20,10,15,16,15,15,10,11,8,8,10,13,12,7,20,16,16,10,7,17,7,13,18,8,8,13,10,11,17,8,9,17,1033,8,11,9,8,8,10,15,8,10,10,11,13,11,12,9,8,10,12,8,10,10,8,15,11,11,17,8,17,10,15,13,11,18,14,15,12,11,14,7,19,11,8,11,20,8,9,9,11,22,8,12,8,11,8,22,12,20,10,10,14,16,8,11,14,10,13,9,12,16,12,9,11,9,23,12,8,9,18,11,7,10,12,14,12,9,17,11,16,13,20,8,10,1150,20,12,13,10,11,15,13,164,14,10,7,15,18,8,14,13,9,14,19,13,13,13,11,9,13,16,15,11,17,18,13,19,1102,17,8,21,9,109,6,17,11,13,13,13,8,17,21,13,11,11,14,20,20,17,12,17,20,22,20,21,10,8,13,12,14,15,18,11,17,12,14,20,16,12,17,13,12,20,12,8,14,14,14,19,14,348,22,18,20,12,20,20,17,100,13,16,23,15,16,23,15,11,12,14,9,15,17,16,14,0,15,19,9,13,19,15,15,9,19,20,20,20,348,22,13,9,12,13,14,19,19,22,18,18,8,11,11,15,15,7,19,21,21,11,16,18,20,18,19,17,15,16,24,10,20
SBV330_plate04,52,1027,1291,1146,1094,52,1078,12,1141,1176,84,114,1016,1010,1182,1160,155,1105,1274,91,1025,96,23,9,91,9,334,4,1013,91,7,1018,94,9,7,9,8,12,11,12,8,8,11,10,7,9,8,7,7,9,7,11,7,10,10,9,5,12,8,13,9,11,9,9,11,9,11,8,10,7,15,12,9,11,7,8,12,9,10,8,8,8,7,10,153,10,15,9,6,11,6,10,9,10,7,7,9,4,11,8,15,11,11,11,8,12,8,14,13,9,7,12,9,10,12,9,8,12,1026,9,12,10,9,9,9,10,9,11,9,10,14,10,3,10,11,11,11,7,9,9,7,14,10,12,12,9,12,9,10,12,12,13,5,14,11,10,13,12,14,10,11,10,15,9,10,10,10,17,7,11,7,10,7,17,11,15,11,9,13,5,13,12,13,9,12,8,11,15,5,10,10,10,18,13,9,10,13,12,8,11,15,9,13,8,8,10,5,12,15,9,11,1143,15,13,4,11,12,10,4,157,5,11,12,16,13,9,13,14,10,15,18,12,14,4,10,8,14,7,14,10,16,7,4,18,1095,8,8,10,9,102,11,16,12,12,12,12,8,8,10,14,12,12,15,15,9,8,11,6,9,11,9,16,11,11,14,11,13,14,7,12,8,13,13,11,7,11,6,14,13,9,13,7,13,15,15,10,13,341,17,9,11,13,11,15,8,93,4,15,12,14,7,12,0,12,11,13,12,0,18,1,5,15,0,10,8,4,10,0,6,8,10,9,9,11,341,13,14,12,11,14,5,14,8,13,19,9,11,10,16,14,14,10,20,12,12,16,15,17,11,19,10,8,16,9,15,11,11
SBV331_plate04,56,1031,1295,1150,1098,56,1082,16,1145,1180,88,118,1020,1014,1186,1164,159,1109,1278,95,1029,100,27,13,95,13,338,8,1017,95,11,1022,98,13,11,13,12,16,15,16,12,12,15,14,11,13,12,11,11,13,11,15,11,14,14,13,9,16,12,17,13,15,13,13,15,13,15,12,14,11,19,16,13,15,11,12,16,13,14,12,12,12,11,14,157,14,19,13,10,15,10,14,13,14,11,11,13,8,15,12,19,15,15,15,12,16,12,18,17,13,11,16,13,14,16,13,12,16,1030,13,16,14,13,13,13,14,13,15,13,14,18,14,7,14,15,15,15,11,13,13,11,18,14,16,16,13,16,13,14,16,16,17,9,18,15,14,17,16,18,14,15,14,19,13,14,14,14,21,11,15,11,14,11,21,15,19,15,13,17,11,17,16,17,13,16,12,15,19,9,14,14,14,22,17,13,14,17,16,12,15,19,13,17,12,8,14,11,16,19,13,15,1147,19,17,6,15,16,14,8,161,7,15,16,20,17,13,17,18,14,19,22,16,18,6,14,12,18,9,18,14,20,13,8,22,1099,4,12,16,13,106,15,20,16,16,16,16,12,4,16,18,16,16,19,19,15,10,15,12,15,17,15,20,15,15,18,15,17,18,13,16,4,17,17,7,3,15,12,18,17,15,17,11,17,19,19,6,17,345,21,5,7,17,7,19,4,97,8,19,18,18,9,18,10,16,15,17,16,10,22,11,9,19,10,0,12,8,6,10,10,12,0,15,15,1,345,3,18,16,15,18,9,18,14,3,23,11,15,14,20,18,18,14,24,2,2,20,19,21,1,23,0,2,20,13,9,15,7
SBV332_plate04,52,1027,1291,1146,1094,52,1078,10,1141,1176,84,114,1016,1010,1182,1160,155,1105,1274,91,1025,96,23,3,91,9,334,4,1013,91,7,1018,94,9,7,7,8,10,5,10,2,6,5,4,1,3,2,1,1,3,1,5,7,8,4,7,3,10,2,13,7,9,3,7,9,3,9,2,8,1,15,10,7,5,1,2,10,3,8,2,2,2,1,4,153,4,13,3,8,9,8,8,3,4,1,1,3,6,5,2,13,9,9,5,2,10,2,8,11,3,1,6,1,4,10,3,2,10,1026,3,6,4,3,3,3,8,3,5,3,4,8,4,5,4,5,5,5,1,3,3,1,8,4,6,10,3,10,3,8,4,6,11,7,8,5,2,7,6,12,4,5,4,13,3,4,4,4,15,1,5,1,4,1,15,5,13,5,3,7,9,7,6,7,3,6,2,5,9,5,4,4,4,16,7,3,4,11,6,2,5,9,7,7,2,10,4,9,6,13,3,5,1143,13,7,6,5,6,8,6,157,7,5,6,10,11,3,7,8,4,9,12,4,8,6,4,2,8,9,8,2,10,11,6,12,1095,10,2,14,3,102,5,10,6,6,6,6,2,10,14,8,6,6,9,13,13,10,3,10,13,15,13,14,5,5,8,5,7,6,11,6,10,7,7,13,9,5,10,8,7,13,7,1,5,9,9,12,7,341,15,11,13,7,13,13,10,93,6,9,16,8,9,16,8,6,5,7,6,8,12,9,7,9,8,12,0,6,12,8,8,2,12,13,13,13,341,15,8,6,5,8,7,12,12,15,13,11,5,4,10,8,8,4,14,14,14,10,9,11,13,13,12,10,10,9,17,5,13
SBV333_plate04,50,1025,1289,1144,1092,50,1076,10,1139,1174,82,112,1014,1008,1180,1158,153,1103,1271,89,1023,94,21,7,89,7,332,2,1011,89,5,1016,92,7,5,7,6,10,9,10,6,6,9,8,5,7,6,5,5,7,5,9,5,8,8,7,3,10,6,11,7,9,7,7,9,7,9,6,8,5,13,10,7,9,5,6,10,7,8,6,6,6,5,8,151,8,13,7,4,9,4,8,7,8,5,5,7,2,9,6,13,9,9,9,6,10,6,12,11,7,5,10,7,8,10,7,6,10,1024,7,10,8,7,7,7,8,7,9,7,8,12,8,1,8,9,9,9,5,7,7,5,12,8,10,10,7,10,7,8,10,10,11,3,12,9,8,11,10,12,8,9,8,13,7,8,8,8,15,5,9,5,8,5,15,9,13,9,7,11,5,11,10,11,7,10,6,9,13,3,8,8,8,16,11,7,8,11,10,6,9,13,7,11,6,6,8,5,10,13,7,9,1141,13,11,2,9,10,8,2,155,3,9,10,14,11,7,11,12,8,13,16,10,12,2,8,6,12,5,12,8,14,7,2,16,1093,6,6,10,7,100,9,14,10,10,10,10,6,6,10,12,10,10,13,13,9,6,9,6,9,11,9,14,9,9,12,9,11,12,7,10,6,11,11,9,5,9,6,12,11,9,11,5,11,13,13,8,11,339,15,7,9,11,9,13,6,91,2,13,12,12,5,12,4,10,9,11,10,4,16,5,1,13,4,8,6,0,8,4,2,6,8,9,9,9,339,11,12,10,9,12,1,12,8,11,17,7,9,8,14,12,12,8,18,10,10,14,13,15,9,17,8,6,14,7,13,9,9
SBV334_plate04,56,1031,1295,1150,1098,56,1082,16,1145,1180,88,118,1020,1014,1186,1164,159,1109,1278,95,1029,100,27,13,95,13,338,8,1017,95,11,1022,98,13,11,13,12,16,15,16,12,12,15,14,11,13,12,11,11,13,11,15,11,14,14,13,9,16,12,17,13,15,13,13,15,13,15,12,14,11,19,16,13,15,11,12,16,13,14,12,12,12,11,14,157,14,19,13,10,15,10,14,13,14,11,11,13,8,15,12,19,15,15,15,12,16,12,18,17,13,11,16,13,14,16,13,12,16,1030,13,16,14,13,13,13,14,13,15,13,14,18,14,7,14,15,15,15,11,13,13,11,18,14,16,16,13,16,13,14,16,16,17,9,18,15,14,17,16,18,14,15,14,19,13,14,14,14,21,11,15,11,14,11,21,15,19,15,13,17,11,17,16,17,13,16,12,15,19,9,14,14,14,22,17,13,14,17,16,12,15,19,13,17,12,8,14,11,16,19,13,15,1147,19,17,6,15,16,14,8,161,7,15,16,20,17,13,17,18,14,19,22,16,18,6,14,12,18,9,18,14,20,13,8,22,1099,2,12,16,13,106,15,20,16,16,16,16,12,2,16,18,16,16,19,19,15,10,15,12,15,17,15,20,15,15,18,15,17,18,13,16,4,17,17,3,3,15,12,18,17,15,17,11,17,19,19,6,17,345,21,5,7,17,7,19,4,97,8,19,18,18,9,18,10,16,15,17,16,10,22,11,9,19,10,6,12,8,0,10,10,12,6,15,15,7,345,9,18,16,15,18,9,18,14,9,23,11,15,14,20,18,18,14,24,8,8,20,19,21,7,23,6,4,20,13,11,15,7
SBV335_plate04,52,1027,1291,1146,1094,52,1078,12,1141,1176,84,114,1016,1010,1182,1160,155,1105,1274,91,1025,96,23,9,91,9,334,4,1013,91,7,1018,94,9,7,9,8,12,11,12,8,8,11,10,7,9,8,7,7,9,7,11,7,10,10,9,5,12,8,13,9,11,9,9,11,9,11,8,10,7,15,12,9,11,7,8,12,9,10,8,8,8,7,10,153,10,15,9,6,11,6,10,9,10,7,7,9,4,11,8,15,11,11,11,8,12,8,14,13,9,7,12,9,10,12,9,8,12,1026,9,12,10,9,9,9,10,9,11,9,10,14,10,3,10,11,11,11,7,9,9,7,14,10,12,12,9,12,9,10,12,12,13,5,14,11,10,13,12,14,10,11,10,15,9,10,10,10,17,7,11,7,10,7,17,11,15,11,9,13,5,13,12,13,9,12,8,11,15,5,10,10,10,18,13,9,10,13,12,8,11,15,9,13,8,8,10,5,12,15,9,11,1143,15,13,4,11,12,10,4,157,5,11,12,16,13,9,13,14,10,15,18,12,14,4,10,8,14,7,14,10,16,7,4,18,1095,8,8,10,9,102,11,16,12,12,12,12,8,8,10,14,12,12,15,15,9,8,11,6,9,11,9,16,11,11,14,11,13,14,7,12,8,13,13,11,7,11,6,14,13,9,13,7,13,15,15,10,13,341,17,9,11,13,11,15,8,93,4,15,12,14,7,12,0,12,11,13,12,0,18,1,5,15,0,10,8,4,10,0,6,8,10,9,9,11,341,13,14,12,11,14,5,14,8,13,19,9,11,10,16,14,14,10,20,12,12,16,15,17,11,19,10,8,16,9,15,11,11
SBV336_plate04,52,1027,1291,1146,1094,52,1078,12,1141,1176,84,114,1016,1010,1182,1160,155,1105,1273,91,1025,96,23,9,91,9,334,4,1013,91,7,1018,94,9,7,9,8,12,11,12,8,8,11,10,7,9,8,7,7,9,7,11,7,10,10,9,5,12,8,13,9,11,9,9,11,9,11,8,10,7,15,12,9,11,7,8,12,9,10,8,8,8,7,10,153,10,15,9,6,11,6,10,9,10,7,7,9,4,11,8,15,11,11,11,8,12,8,14,13,9,7,12,9,10,12,9,8,12,1026,9,12,10,9,9,9,10,9,11,9,10,14,10,3,10,11,11,11,7,9,9,7,14,10,12,12,9,12,9,10,12,12,13,5,14,11,10,13,12,14,10,11,10,15,9,10,10,10,17,7,11,7,10,7,17,11,15,11,9,13,7,13,12,13,9,12,8,11,15,5,10,10,10,18,13,9,10,13,12,8,11,15,9,13,8,8,10,7,12,15,9,11,1143,15,13,4,11,12,10,4,157,5,11,12,16,13,9,13,14,10,15,18,12,14,4,10,8,14,7,14,10,16,9,4,18,1095,8,8,12,9,102,11,16,12,12,12,12,8,8,12,14,12,12,15,15,11,8,11,8,11,13,11,16,11,11,14,11,13,14,9,12,8,13,13,11,7,11,8,14,13,11,13,7,13,15,15,10,13,341,17,9,11,13,11,15,8,93,4,15,14,14,7,14,6,12,11,13,12,6,18,7,3,15,6,10,8,2,10,6,0,8,10,11,11,11,341,13,14,12,11,14,3,14,10,13,19,9,11,10,16,14,14,10,20,12,12,16,15,17,11,19,10,8,16,9,15,11,11
SBV337_plate04,50,1026,1290,1144,1092,50,1078,10,1140,1174,84,112,1014,1008,1180,1160,153,1103,1273,91,1023,96,23,3,91,9,334,4,1011,91,7,1018,94,9,7,7,8,10,5,10,2,6,5,4,1,3,2,1,1,3,1,5,7,8,4,7,3,10,2,13,7,9,3,7,9,3,9,2,8,3,15,10,7,5,3,2,8,3,8,2,2,2,1,4,153,4,11,3,8,9,8,8,3,4,1,1,3,4,5,2,13,9,9,3,2,10,2,8,11,3,1,6,3,2,10,3,2,10,1024,3,6,4,3,3,3,8,3,5,3,4,8,2,5,4,5,5,5,1,3,3,1,8,4,6,10,3,10,3,8,6,6,11,7,8,5,4,7,6,12,4,5,4,13,3,4,4,4,15,1,5,1,4,1,15,5,13,5,3,7,9,7,6,7,3,6,2,5,9,5,4,4,4,16,7,3,4,11,6,2,5,9,7,7,2,10,4,7,6,13,3,5,1141,13,7,6,5,6,8,6,155,7,5,6,8,9,3,7,8,4,9,12,6,8,6,4,2,8,9,8,4,10,11,6,12,1093,10,2,14,1,100,5,10,6,6,6,6,2,10,12,6,4,4,9,13,13,10,5,10,13,15,13,14,5,5,8,5,7,8,11,6,10,7,7,13,9,5,10,8,7,11,7,1,7,9,9,12,7,341,15,11,13,7,13,13,10,93,6,9,16,8,9,16,8,6,5,7,6,8,12,9,7,9,8,12,2,6,12,8,8,0,12,13,13,13,341,15,8,6,5,8,7,12,12,15,13,11,5,4,10,8,8,4,14,14,14,10,7,11,13,13,12,10,10,9,17,5,13
SBV338_plate04,56,1031,1295,1150,1098,56,1081,16,1145,1180,88,118,1020,1014,1186,1164,159,1109,1278,95,1029,100,27,13,95,13,338,8,1017,95,11,1022,98,13,11,13,12,16,15,16,12,12,15,14,11,13,12,11,11,13,11,15,11,14,14,13,9,16,12,17,13,15,13,13,15,13,15,12,14,11,19,16,13,15,11,12,16,13,14,12,12,12,11,14,157,14,19,13,10,15,10,14,13,14,11,11,13,8,15,12,19,15,15,15,12,16,12,18,17,13,11,16,13,14,16,13,12,16,1030,13,16,14,13,13,13,14,13,15,13,14,18,14,7,14,15,15,15,11,13,13,11,18,14,16,16,13,16,13,14,16,16,17,9,18,15,14,17,16,18,14,15,14,19,13,14,14,14,21,11,15,11,14,11,21,15,19,15,13,17,11,17,16,17,13,16,12,15,19,9,14,14,14,22,17,13,14,17,16,12,15,19,13,17,12,8,14,11,16,19,13,15,1147,19,17,6,15,16,14,8,161,7,15,16,20,17,13,17,18,14,19,22,16,18,6,14,12,18,9,18,14,20,13,8,22,1099,4,12,16,13,106,15,20,16,16,16,16,12,4,16,18,16,16,19,19,15,10,15,12,15,17,15,20,15,15,18,15,17,18,13,16,4,17,17,7,3,15,12,18,17,15,17,11,17,19,19,6,17,345,21,5,7,17,7,19,4,97,8,19,18,18,9,18,10,16,15,17,16,10,22,11,9,19,10,0,12,8,6,10,10,12,0,15,15,1,345,3,18,16,15,18,9,18,14,3,23,11,15,14,20,18,18,14,24,2,2,20,19,21,1,23,0,2,20,13,9,15,7
SBV339_plate04,57,1032,1296,1149,1097,57,1083,15,1146,1181,89,119,1021,1015,1187,1165,160,1110,1279,96,1030,101,28,12,96,10,339,9,1018,96,12,1023,99,10,12,14,13,15,16,13,13,13,12,15,12,12,11,12,12,14,12,16,12,15,15,14,10,13,13,16,14,16,14,14,16,14,16,13,15,12,20,17,14,12,12,13,17,14,15,13,13,13,12,11,158,11,16,14,7,16,7,15,14,15,12,12,10,9,12,13,20,16,12,16,13,17,13,19,18,14,12,17,14,15,17,14,13,13,1031,14,13,15,14,14,14,15,14,12,14,15,15,15,8,15,16,16,16,12,14,14,12,19,15,17,17,14,17,10,15,17,13,14,6,19,16,15,14,17,19,15,16,15,16,14,13,15,15,22,12,12,12,11,12,18,16,20,16,14,14,6,18,17,18,10,13,13,16,20,10,15,15,15,23,14,14,15,18,13,13,16,20,14,18,13,9,15,10,13,20,14,12,1148,20,18,9,16,17,15,9,162,10,16,17,21,16,14,18,19,15,20,19,17,19,9,15,13,19,12,19,15,21,6,9,23,1100,13,13,9,14,103,16,21,17,17,17,17,13,13,9,19,17,17,16,20,8,13,16,5,8,10,8,21,16,16,15,16,18,19,6,17,13,18,18,12,12,16,5,19,18,8,18,12,18,16,20,11,18,346,22,14,16,18,16,20,13,98,9,16,9,19,12,13,9,17,16,18,17,9,19,10,10,20,9,15,13,9,15,9,11,13,15,0,4,16,346,18,19,17,16,19,10,19,1,14,24,14,16,15,21,19,19,15,25,17,17,21,20,18,16,24,15,13,21,14,18,16,16
SBV340_plate04,57,1031,1295,1149,1097,57,1083,13,1146,1181,89,119,1021,1015,1187,1165,160,1110,1278,96,1030,101,28,12,96,10,339,9,1018,96,12,1023,99,10,12,14,13,15,14,13,13,13,12,15,12,12,11,12,12,14,12,14,12,15,15,14,10,13,13,14,14,14,14,14,14,14,16,13,15,12,20,15,14,12,12,13,17,14,15,11,13,13,12,9,158,11,16,14,7,16,7,15,14,15,12,12,10,9,12,13,20,16,12,16,13,17,13,19,18,14,12,17,14,15,17,14,13,13,1031,14,13,15,14,14,12,15,14,12,14,15,15,15,8,15,16,16,16,12,14,14,12,19,15,17,17,14,17,10,15,17,13,14,6,19,16,15,14,17,19,15,16,15,16,14,13,15,15,22,12,12,12,11,12,18,16,20,16,14,14,6,18,15,18,10,13,13,16,20,8,15,15,15,23,14,14,15,18,13,13,16,20,14,18,13,9,13,10,13,20,14,12,1148,20,18,9,14,17,15,9,162,10,16,17,21,16,14,18,19,15,18,19,17,19,9,15,13,19,12,19,15,21,6,9,23,1100,13,13,7,14,103,16,21,17,17,17,17,13,13,7,19,17,17,14,20,8,13,16,3,6,8,6,21,16,16,15,16,18,19,4,17,13,18,18,12,12,16,5,19,18,8,18,12,18,16,20,11,18,346,22,14,16,18,16,20,13,98,9,16,9,19,12,13,9,17,16,18,17,9,19,8,10,20,9,15,13,9,15,9,11,13,15,4,0,16,346,18,19,17,16,19,10,19,3,14,24,14,16,15,21,19,19,15,25,17,17,21,20,18,16,24,15,13,21,14,16,16,16
SBV341_plate04,57,1032,1296,1151,1099,57,1083,17,1146,1181,89,119,1021,1015,1187,1165,160,1110,1279,96,1030,101,28,14,96,14,339,9,1018,96,12,1023,99,14,12,14,13,17,16,17,13,13,16,15,12,14,13,12,12,14,12,16,12,15,15,14,10,17,13,18,14,16,14,14,16,14,16,13,15,12,20,17,14,16,12,13,17,14,15,13,13,13,12,15,158,15,20,14,11,16,11,15,14,15,12,12,14,9,16,13,20,16,16,16,13,17,13,19,18,14,12,17,14,15,17,14,13,17,1031,14,17,15,14,14,14,15,14,16,14,15,19,15,8,15,16,16,16,12,14,14,12,19,15,17,17,14,17,14,15,17,17,18,10,19,16,15,18,17,19,15,16,15,20,14,15,15,15,22,12,16,12,15,12,22,16,20,16,14,18,12,18,17,18,14,17,13,16,20,10,15,15,15,23,18,14,15,18,17,13,16,20,14,18,13,9,15,12,17,20,14,16,1148,20,18,7,16,17,15,9,162,8,16,17,21,18,14,18,19,15,20,23,17,19,7,15,13,19,10,19,15,21,14,9,23,1100,5,13,17,14,107,16,21,17,17,17,17,13,5,17,19,17,17,20,20,16,11,16,13,16,18,16,21,16,16,19,16,18,19,14,17,5,18,18,8,4,16,13,19,18,16,18,12,18,20,20,7,18,346,22,6,8,18,8,20,5,98,9,20,19,19,10,19,11,17,16,18,17,11,23,12,10,20,11,1,13,9,7,11,11,13,1,16,16,0,346,4,19,17,16,19,10,19,15,4,24,12,16,15,21,19,19,15,25,3,3,21,20,22,2,24,1,3,21,14,10,16,8
SBV342_plate04,319,966,1212,1080,1037,319,1015,345,1085,1111,313,331,961,953,1124,1102,372,1047,1197,320,964,325,334,342,320,338,41,337,957,320,340,958,321,342,339,342,336,343,344,345,341,341,344,343,340,342,341,340,340,342,340,344,340,343,343,342,338,345,341,337,342,344,339,342,344,342,344,341,343,340,348,345,342,344,338,341,344,342,343,341,341,341,340,343,370,343,348,342,341,344,341,343,342,343,340,340,342,339,344,341,348,344,344,344,341,345,341,347,346,342,340,345,342,343,345,342,341,345,967,342,345,343,342,342,342,343,342,344,342,343,347,343,337,343,344,344,344,340,342,342,340,347,343,345,345,342,345,342,343,345,344,346,340,347,344,343,346,345,347,343,344,343,348,342,343,343,343,350,340,344,340,343,340,350,344,348,344,342,346,342,346,345,346,342,345,341,344,348,338,343,343,343,351,346,342,343,346,345,341,344,348,342,346,341,343,343,342,345,348,342,344,1087,348,346,339,344,345,343,339,374,340,344,345,349,346,342,346,347,343,348,351,345,347,339,343,341,347,342,347,343,349,344,339,351,1037,343,341,347,342,331,344,349,345,345,345,345,341,343,347,347,345,345,348,348,346,343,344,343,346,348,346,349,344,342,347,344,346,347,344,345,343,346,346,346,342,344,343,347,346,346,346,340,345,348,348,345,346,2,350,344,345,346,345,348,343,322,339,348,349,347,342,349,341,345,344,346,345,341,351,342,340,348,341,345,341,339,345,341,341,341,345,346,346,346,0,348,347,345,344,347,340,347,345,348,352,344,344,343,349,347,347,343,353,347,347,349,348,350,346,352,345,343,349,339,350,344,346
SBV343_plate04,59,1034,1298,1153,1101,59,1085,19,1148,1183,91,121,1023,1017,1189,1167,162,1112,1281,98,1032,103,30,16,98,16,341,11,1020,98,14,1025,101,16,14,16,15,19,18,19,15,15,18,17,14,16,15,14,14,16,14,18,14,17,17,16,12,19,15,20,16,18,16,16,18,16,18,15,17,14,22,19,16,18,14,15,19,16,17,15,15,15,14,17,160,17,22,16,13,18,13,17,16,17,14,14,16,11,18,15,22,18,18,18,15,19,15,21,20,16,14,19,16,17,19,16,15,19,1033,16,19,17,16,16,16,17,16,18,16,17,21,17,10,17,18,18,18,14,16,16,14,21,17,19,19,16,19,16,17,19,19,20,12,21,18,17,20,19,21,17,18,17,22,16,17,17,17,24,14,18,14,17,14,24,18,22,18,16,20,14,20,19,20,16,19,15,18,22,12,17,17,17,25,20,16,17,20,19,15,18,22,16,20,15,11,17,14,19,22,16,18,1150,22,20,9,18,19,17,11,164,10,18,19,23,20,16,20,21,17,22,25,19,21,9,17,15,21,12,21,17,23,16,11,25,1102,7,15,19,16,109,18,23,19,19,19,19,15,7,19,21,19,19,22,22,18,13,18,15,18,20,18,23,18,18,21,18,20,21,16,19,7,20,20,10,6,18,15,21,20,18,20,14,20,22,22,9,20,348,24,8,10,20,10,22,7,100,11,22,21,21,12,21,13,19,18,20,19,13,25,14,12,22,13,3,15,11,9,13,13,15,3,18,18,4,348,0,21,19,18,21,12,21,17,6,26,14,18,17,23,21,21,17,27,3,5,23,22,24,4,26,3,5,23,16,12,18,10
SBV344_plate04,58,1032,1297,1151,1099,58,1083,16,1145,1181,90,120,1021,1015,1187,1165,161,1109,1280,97,1030,102,29,9,97,15,340,10,1018,97,13,1023,100,15,13,13,14,16,11,16,8,12,11,10,7,9,8,7,7,9,7,11,13,14,10,13,9,16,8,19,13,15,9,13,15,9,15,6,14,9,21,16,13,11,9,8,16,7,14,8,6,8,7,10,159,10,19,9,14,15,14,14,9,10,7,7,9,12,11,6,19,15,15,9,6,16,6,10,17,7,7,12,9,10,16,5,8,16,1031,5,8,8,5,7,9,14,7,9,9,10,10,10,11,8,9,9,11,7,9,9,7,14,10,10,16,5,16,9,14,12,10,17,13,14,11,10,13,10,18,10,9,10,19,7,6,6,10,21,7,11,7,10,7,21,11,19,7,9,13,15,11,10,13,9,12,8,11,15,11,6,10,8,22,5,7,6,17,10,6,9,13,13,9,8,16,10,15,12,19,7,9,1149,19,5,12,9,8,14,12,163,13,9,10,14,17,7,13,12,8,13,18,12,10,12,10,8,12,15,14,10,16,17,12,18,1099,16,5,20,6,108,9,16,8,12,12,12,5,16,20,10,10,8,11,19,19,16,11,16,19,21,19,20,9,9,10,11,13,14,17,4,16,9,13,19,15,11,16,10,1,19,9,7,13,3,11,18,13,347,21,17,19,1,19,19,16,99,12,15,22,14,15,22,14,10,11,13,10,14,16,15,13,13,14,18,8,12,18,14,14,8,18,19,19,19,347,21,0,10,11,12,13,18,18,21,15,17,9,10,14,14,14,8,16,20,20,14,15,17,19,15,18,16,12,15,23,7,19
SBV345_plate04,56,1031,1295,1150,1098,56,1082,14,1145,1180,88,118,1020,1014,1186,1164,159,1109,1278,95,1029,100,27,7,95,13,338,8,1017,95,11,1022,98,13,11,11,12,14,9,14,6,10,9,8,5,7,6,5,5,7,5,9,11,12,8,11,7,14,6,16,11,13,7,11,13,7,13,4,12,7,19,14,11,9,7,6,14,5,12,6,4,6,5,8,157,8,17,7,12,13,12,12,7,8,5,5,7,10,9,4,17,13,13,7,4,14,4,10,15,5,5,10,7,8,14,5,6,14,1030,5,8,6,5,5,7,12,5,7,7,8,10,8,9,6,5,7,9,5,7,7,5,12,8,8,14,5,14,7,12,10,8,15,11,12,9,8,11,6,16,8,5,8,17,5,6,6,8,19,5,9,5,8,5,19,9,17,7,7,11,13,7,8,11,7,10,6,9,13,9,6,8,6,18,9,5,6,15,8,4,7,9,11,7,6,14,8,13,10,15,5,7,1147,17,9,10,7,8,12,10,161,11,7,6,10,15,5,11,8,6,9,16,10,10,10,8,6,8,13,12,6,12,15,10,16,1099,14,5,18,6,106,5,14,8,8,8,8,5,14,18,10,8,8,11,17,17,14,7,14,17,19,17,18,7,3,10,9,11,12,15,8,14,9,11,17,13,9,14,10,9,17,9,5,9,11,11,16,11,345,19,15,17,9,17,17,14,97,10,13,20,12,13,20,12,8,9,11,6,12,14,13,11,9,12,16,6,10,16,12,12,6,16,17,17,17,345,19,10,0,9,8,11,16,16,19,15,15,5,8,10,12,12,4,16,18,18,10,13,15,17,15,16,14,12,13,21,7,17
SBV347_plate04,55,1030,1294,1149,1097,55,1081,13,1144,1179,87,117,1019,1013,1185,1163,158,1108,1277,94,1028,99,26,6,94,12,337,7,1016,94,10,1021,97,12,10,10,11,13,8,13,5,9,8,7,4,6,5,4,4,6,4,8,10,11,7,10,6,13,5,16,10,12,6,10,12,6,12,5,11,6,18,13,10,8,6,5,13,6,11,5,5,5,4,7,156,7,16,6,11,12,11,11,6,7,4,4,6,9,8,5,16,12,12,8,5,13,5,11,14,6,4,9,6,7,13,6,5,13,1029,6,9,7,6,6,6,11,6,8,6,7,11,7,8,7,8,8,8,4,6,6,4,11,7,9,13,6,13,6,11,9,9,14,10,11,8,7,10,9,15,7,8,7,16,6,7,7,7,18,4,8,4,7,4,18,8,16,8,6,10,12,10,9,10,6,9,5,8,12,8,7,7,7,19,10,6,7,14,9,5,8,12,10,10,5,13,7,12,9,16,6,8,1146,16,10,9,8,9,11,9,160,10,8,9,13,14,6,10,11,7,12,15,9,11,9,7,5,11,12,11,7,13,14,9,15,1098,13,5,17,6,105,8,13,9,3,3,3,5,13,17,11,9,9,12,16,16,13,8,13,16,18,16,17,8,8,11,8,10,11,14,9,13,10,10,16,12,8,13,11,10,16,10,4,10,12,12,15,10,344,18,14,16,10,16,16,13,96,9,12,19,5,12,19,11,9,8,4,9,11,15,12,10,12,11,15,5,9,15,11,11,5,15,16,16,16,344,18,11,9,0,11,10,15,15,18,16,14,8,3,13,11,7,7,17,17,17,13,6,8,16,16,15,13,13,12,20,8,16
SBV348_plate04,58,1028,1296,1150,1099,58,1078,16,1144,1180,90,120,1017,1012,1182,1163,161,1106,1278,97,1026,100,29,9,97,15,340,10,1014,97,13,1019,100,15,13,13,14,16,11,16,8,12,11,10,7,9,8,7,7,9,7,11,13,14,10,13,9,16,8,19,13,15,9,13,15,9,15,6,14,9,21,16,13,11,9,8,16,7,14,8,6,8,7,10,159,10,19,9,14,15,14,14,9,10,7,7,9,12,11,6,19,15,15,9,6,16,6,12,17,7,7,12,9,10,16,7,8,16,1027,7,10,8,7,7,9,14,7,9,9,10,12,10,11,8,9,9,11,7,9,9,7,14,10,10,16,7,16,9,14,12,9,17,13,14,11,10,13,10,18,10,9,10,19,7,8,8,10,21,7,11,7,10,7,21,11,19,9,9,13,15,11,10,13,9,12,8,11,15,11,8,10,8,20,11,7,8,17,10,6,9,13,13,9,8,16,10,15,12,17,7,9,1147,19,11,12,9,10,14,12,163,13,9,10,12,17,7,13,10,4,11,18,12,12,12,10,8,10,15,14,8,14,17,12,18,1096,16,7,20,8,108,9,16,10,10,10,10,7,16,20,12,10,10,13,19,19,16,9,16,19,21,19,20,9,9,12,11,13,14,17,10,16,11,13,19,15,11,16,12,11,19,11,7,11,13,13,18,13,347,21,17,19,11,19,19,16,99,12,15,22,14,15,22,14,6,11,13,10,14,16,15,13,13,14,18,8,12,18,14,14,8,18,19,19,19,347,21,12,8,11,0,13,18,18,21,17,17,9,10,14,14,14,8,18,20,20,14,15,17,19,17,18,16,14,15,23,9,19
SBV349_plate04,51,1025,1289,1145,1093,51,1077,11,1140,1175,83,113,1015,1009,1181,1159,154,1104,1271,90,1024,95,22,8,90,8,333,3,1012,90,6,1017,93,8,6,8,7,11,10,11,7,7,10,9,6,8,7,6,6,8,6,10,6,9,9,8,4,11,7,12,8,10,8,8,10,8,10,7,9,6,14,11,8,10,6,7,11,8,9,7,7,7,6,9,152,9,14,8,5,10,5,9,8,9,6,6,8,3,10,7,14,10,10,10,7,11,7,13,12,8,6,11,8,9,11,8,7,11,1025,8,11,9,8,8,8,9,8,10,8,9,13,9,2,9,10,10,10,6,8,8,6,13,9,11,11,8,11,8,9,11,11,12,4,13,10,9,12,11,13,9,10,9,14,8,9,9,9,16,6,10,6,9,6,16,10,14,10,8,12,6,12,11,12,8,11,7,10,14,4,9,9,9,17,12,8,9,12,11,7,10,14,8,12,7,7,9,6,11,14,8,10,1142,14,12,3,10,11,9,3,156,4,10,11,15,12,8,12,13,9,14,17,11,13,3,9,7,13,6,13,9,15,8,3,17,1094,7,7,11,8,101,10,15,11,11,11,11,7,7,11,13,11,11,14,14,10,7,10,7,10,12,10,15,10,10,13,10,12,13,8,11,7,12,12,10,6,10,7,13,12,10,12,6,12,14,14,9,12,340,16,8,10,12,10,14,7,92,3,14,13,13,6,13,5,11,10,12,11,5,17,6,2,14,5,9,7,1,9,5,3,7,9,10,10,10,340,12,13,11,10,13,0,13,9,12,18,8,10,9,15,13,13,9,19,11,11,15,14,16,10,18,9,7,15,8,14,10,10
SBV350_plate04,58,1033,1296,1152,1100,58,1084,10,1147,1182,90,120,1022,1016,1188,1166,161,1111,1279,97,1031,102,29,13,97,15,340,10,1019,97,13,1024,100,15,7,7,13,10,15,10,12,6,15,14,11,13,12,11,11,13,11,15,13,6,14,5,9,6,12,19,5,7,13,5,9,13,7,12,4,11,21,6,7,15,11,12,12,13,4,12,12,12,11,14,159,14,9,13,14,5,14,8,13,14,11,11,13,12,15,12,9,7,9,15,12,8,12,18,7,13,11,16,13,14,8,13,12,8,1032,13,16,14,13,13,13,6,13,15,13,14,18,14,11,14,15,15,15,11,13,13,11,18,14,16,8,13,8,13,6,16,16,7,13,18,15,14,17,16,8,14,15,14,3,13,14,14,14,15,11,15,11,14,11,15,15,9,15,13,17,15,17,16,17,13,16,12,15,19,11,14,14,14,6,17,12,14,9,16,12,15,19,13,17,12,16,14,15,16,19,13,15,1149,3,17,12,15,16,6,12,163,13,15,16,20,9,13,17,18,14,19,22,16,18,12,14,12,18,15,18,14,20,17,12,22,1101,16,12,20,13,108,15,20,16,16,16,16,12,16,20,18,16,16,19,3,19,16,15,16,19,21,19,4,15,15,18,15,17,18,17,16,16,17,17,19,15,15,16,18,17,19,17,11,17,19,19,18,17,347,5,17,19,17,19,3,16,99,12,19,22,18,15,22,14,16,15,17,16,14,22,15,13,19,14,18,12,12,18,14,14,12,18,19,19,19,347,21,18,16,15,18,13,0,18,21,23,17,15,14,20,18,18,14,24,20,20,20,19,21,19,23,18,16,20,15,23,15,19
SBV351_plate04,56,1031,1295,1148,1096,56,1082,14,1145,1180,88,118,1020,1014,1186,1164,159,1109,1278,95,1029,100,27,11,95,9,338,8,1017,95,11,1022,98,9,11,13,12,14,15,12,12,12,11,14,11,11,10,11,11,13,11,15,11,14,14,13,9,12,12,15,13,15,13,13,15,13,15,12,14,11,19,16,13,11,11,12,16,13,14,12,12,12,11,10,157,10,15,13,6,15,6,14,13,14,11,11,9,8,11,12,19,15,11,15,12,16,12,18,17,13,11,16,13,14,16,13,12,12,1030,13,12,14,13,13,13,14,13,11,13,14,14,14,7,14,15,15,15,11,13,13,11,18,14,16,16,13,16,9,14,16,12,13,5,18,15,14,13,16,18,14,15,14,15,13,12,14,14,21,11,11,11,10,11,17,15,19,15,13,13,5,17,16,17,9,12,12,15,19,9,14,14,14,22,13,13,14,17,12,12,15,19,13,17,12,8,14,9,12,19,13,11,1147,19,17,8,15,16,14,8,161,9,15,16,20,15,13,17,18,14,19,18,16,18,8,14,12,18,11,18,14,20,5,8,22,1099,12,12,8,13,102,15,20,16,16,16,16,12,12,8,18,16,16,15,19,7,12,15,4,7,9,7,20,15,15,14,15,17,18,5,16,12,17,17,11,11,15,4,18,17,7,17,11,17,15,19,10,17,345,21,13,15,17,15,19,12,97,8,15,8,18,11,12,8,16,15,17,16,8,18,9,9,19,8,14,12,8,14,8,10,12,14,1,3,15,345,17,18,16,15,18,9,18,0,13,23,13,15,14,20,18,18,14,24,16,16,20,19,17,15,23,14,12,20,13,17,15,15
SBV352_plate04,59,1034,1298,1151,1099,59,1085,17,1148,1183,91,121,1023,1017,1187,1167,162,1112,1281,98,1032,103,30,14,98,12,341,11,1020,98,14,1025,101,12,14,16,15,17,18,15,15,15,14,17,14,14,13,14,14,16,14,18,14,17,17,16,12,15,15,18,16,18,16,16,18,16,18,15,17,14,22,19,16,14,14,15,19,16,17,15,15,15,14,13,160,13,18,16,9,18,9,17,16,17,14,14,12,11,14,15,22,18,14,18,15,19,15,21,20,16,14,19,16,17,19,16,15,15,1033,16,15,17,16,16,16,17,16,14,16,17,17,17,10,17,18,18,18,14,16,16,14,21,17,19,19,16,19,12,17,19,15,16,8,21,18,17,16,19,21,17,18,17,18,16,15,17,17,24,14,14,14,13,14,20,18,22,18,16,16,14,20,19,20,12,15,15,18,22,12,17,17,17,25,16,16,17,20,15,15,18,22,16,20,15,7,17,14,15,22,16,14,1150,22,20,9,18,19,17,11,164,10,18,19,23,18,16,20,21,17,22,21,19,21,9,17,15,21,12,21,17,23,16,11,25,1102,7,15,19,16,105,18,23,19,19,19,19,15,7,19,21,19,19,18,22,18,13,18,15,18,20,18,23,18,18,17,18,20,21,16,19,7,20,20,6,6,18,15,21,20,18,20,14,20,18,22,5,20,348,24,8,10,20,10,22,7,100,11,18,17,21,12,21,13,19,18,20,19,13,21,14,12,22,13,3,15,11,9,13,13,15,3,14,14,4,348,6,21,19,18,21,12,21,13,0,26,14,18,17,23,21,21,17,27,5,3,23,22,20,4,26,3,5,23,16,10,18,10
SBV353_plate04,63,1036,1300,1157,1105,63,1087,21,1152,1187,95,125,1025,1019,1193,1171,166,1116,1283,102,1034,107,34,14,102,20,345,15,1022,102,18,1027,105,20,18,18,19,21,16,21,13,17,16,15,12,14,13,12,12,14,12,16,18,19,15,18,14,21,13,23,18,20,14,18,20,14,20,11,19,14,26,21,18,16,14,13,21,12,19,13,11,13,12,15,164,15,24,14,19,20,19,19,14,15,12,12,14,17,16,11,24,20,20,14,11,21,11,13,22,12,12,17,14,15,21,10,13,21,1035,10,13,13,10,12,14,19,12,14,14,15,15,15,16,13,14,14,16,12,14,14,12,19,15,15,21,10,21,14,19,17,15,22,18,19,16,15,18,15,23,15,14,15,24,12,11,11,15,26,12,16,12,15,12,26,16,24,12,14,18,20,16,15,18,14,17,13,16,20,16,11,15,13,27,14,12,11,22,15,11,14,18,18,14,13,21,15,20,17,24,12,14,1154,24,14,17,14,13,19,17,168,18,14,15,19,22,12,18,17,13,18,23,17,13,17,15,13,17,20,19,15,21,22,17,23,1106,21,10,25,11,113,14,21,13,17,17,17,10,21,25,13,15,13,14,24,24,21,16,21,24,26,24,25,14,14,13,16,18,19,22,13,21,14,18,24,20,16,21,13,14,24,8,12,18,16,14,23,18,352,26,22,24,14,24,24,21,104,17,20,27,19,20,27,19,15,16,18,15,19,21,20,18,18,19,23,13,17,23,19,19,13,23,24,24,24,352,26,15,15,16,17,18,23,23,26,0,22,14,15,19,19,19,13,1,25,25,19,20,22,24,0,23,21,17,20,28,12,24
SBV354_plate04,55,1029,1292,1149,1097,55,1081,15,1144,1179,87,117,1019,1013,1185,1163,158,1108,1275,94,1028,99,26,12,94,12,337,7,1016,94,10,1021,97,12,10,10,11,15,14,15,11,11,14,13,10,12,11,10,10,12,10,14,10,13,13,12,8,15,11,14,12,14,12,12,14,12,14,11,13,10,18,15,12,14,10,11,15,10,13,11,11,11,10,13,156,13,18,12,9,14,9,13,12,13,10,10,12,7,14,11,18,14,14,14,11,15,11,17,16,12,10,15,12,13,15,12,11,15,1029,12,15,13,12,12,12,13,12,14,10,13,17,13,6,13,14,14,14,10,12,12,10,17,13,13,15,12,15,12,13,15,15,16,8,17,14,13,16,15,17,13,14,13,18,12,13,13,13,20,10,14,10,13,10,20,14,18,14,12,16,10,16,15,16,12,15,11,14,18,8,13,13,13,21,16,12,13,16,15,11,14,18,12,16,11,9,13,10,15,18,12,14,1146,18,16,5,12,15,13,7,160,6,14,15,19,16,12,16,17,13,18,21,15,17,5,13,11,17,2,17,13,19,12,7,21,1098,9,11,15,12,105,14,19,15,15,15,15,11,9,15,17,15,15,18,18,14,3,14,11,14,16,14,19,14,14,17,14,16,17,12,15,9,16,16,12,8,14,11,17,16,14,16,10,16,18,18,11,16,344,20,10,12,16,12,18,9,96,7,18,17,17,2,17,9,15,14,16,15,9,21,10,8,18,9,11,11,7,11,9,9,11,11,14,14,12,344,14,17,15,14,17,8,17,13,14,22,0,14,13,19,17,17,13,23,11,11,19,18,20,12,22,11,9,19,12,16,14,12
SBV355_plate04,55,1030,1294,1149,1096,55,1081,13,1144,1179,87,117,1019,1013,1185,1163,158,1108,1276,94,1028,99,26,6,94,12,337,7,1016,94,10,1021,97,12,10,10,11,13,8,13,5,9,8,7,4,6,5,4,4,6,4,8,10,11,7,10,6,13,5,16,10,12,6,10,12,6,12,3,11,6,18,13,10,8,6,5,13,4,11,5,3,5,4,7,156,7,16,6,11,12,11,11,6,7,4,4,6,9,8,3,16,12,12,6,3,13,3,9,14,4,4,9,6,7,13,4,5,13,1029,4,7,5,4,4,6,11,4,6,6,7,9,7,8,5,4,6,8,4,6,6,4,11,7,7,13,4,13,6,11,9,7,14,10,11,8,7,10,5,15,7,0,7,16,4,5,5,7,18,4,8,4,7,4,18,8,16,6,6,10,12,6,7,10,6,9,5,8,12,8,5,7,5,19,8,4,5,14,7,3,6,4,10,8,5,13,7,12,9,16,4,6,1146,16,8,9,6,7,11,9,160,10,6,5,11,14,4,10,9,5,10,15,9,9,9,7,5,9,12,11,7,13,14,9,15,1098,13,4,17,5,105,4,13,7,9,9,9,4,13,17,9,7,7,10,16,16,13,8,13,16,18,16,17,6,4,9,8,10,11,14,7,13,8,10,16,12,8,13,9,8,16,8,4,10,10,10,15,10,344,18,14,16,8,16,16,13,96,9,12,19,11,12,19,11,7,8,10,5,11,13,12,10,8,11,15,5,9,15,11,11,5,15,16,16,16,344,18,9,5,8,9,10,15,15,18,14,14,0,7,9,11,11,3,15,17,17,9,12,14,16,14,15,13,11,12,20,6,16
SBV356_plate04,54,1028,1293,1147,1096,54,1079,12,1142,1177,86,116,1017,1011,1183,1161,157,1106,1276,93,1026,98,25,5,93,11,336,6,1015,93,9,1019,96,11,9,9,10,12,7,12,4,8,7,6,3,5,4,3,3,5,3,7,9,10,6,9,5,12,4,15,9,11,5,9,11,5,11,4,10,5,17,12,9,7,5,4,12,5,10,4,4,4,3,6,155,6,15,5,10,11,10,10,5,6,3,3,5,8,7,4,15,11,11,7,4,12,4,10,13,5,3,8,5,6,12,5,4,12,1027,5,8,5,5,5,5,10,5,7,5,6,10,6,7,6,7,7,7,3,5,5,3,10,6,8,12,5,12,5,10,8,8,13,9,10,7,6,9,8,14,6,7,6,15,5,6,6,6,17,3,7,3,6,3,17,7,15,7,5,9,11,9,8,9,5,8,4,7,11,7,6,6,6,18,9,5,6,13,8,4,7,11,9,9,4,12,6,11,8,15,5,7,1144,15,9,8,7,8,10,8,159,9,7,8,12,13,5,9,10,6,11,14,8,10,8,6,4,10,11,10,6,12,13,8,14,1096,12,4,16,5,104,7,12,8,4,4,4,4,12,16,10,8,8,11,15,15,12,7,12,15,17,15,16,7,7,10,7,9,10,13,8,12,9,9,15,11,7,12,10,9,15,9,3,9,11,11,14,9,343,17,13,15,9,15,15,12,95,8,11,18,6,11,18,10,8,7,5,8,10,14,11,9,11,10,14,4,8,14,10,10,4,14,15,15,15,343,17,10,8,3,10,9,14,14,17,15,13,7,0,12,10,8,6,16,16,16,12,7,9,15,15,14,12,12,11,19,7,15
SBV357_plate04,60,1032,1297,1151,1098,60,1085,18,1145,1180,92,122,1021,1015,1186,1166,162,1109,1280,98,1030,103,31,11,98,17,342,12,1018,99,15,1023,102,17,15,15,16,18,13,18,10,14,13,12,9,11,10,9,9,11,9,13,15,16,12,15,11,18,10,21,15,17,11,15,17,11,17,8,16,11,23,18,15,13,11,10,18,9,16,10,8,10,9,12,160,12,21,11,16,17,16,16,11,12,9,9,11,14,13,8,21,17,17,11,8,18,8,14,19,9,9,14,11,12,18,9,10,18,1031,9,12,10,9,9,11,16,9,11,11,12,14,12,13,10,9,11,13,9,11,11,9,16,12,12,18,9,18,11,16,14,12,19,15,16,13,12,15,8,20,12,9,12,21,9,10,10,12,23,9,13,9,12,9,23,13,21,11,11,15,17,9,12,15,11,14,10,13,17,13,10,12,10,24,13,9,10,19,12,8,11,13,15,13,10,18,12,17,14,21,9,11,1147,21,13,14,11,12,16,14,164,15,11,8,16,19,9,15,14,10,15,20,14,14,14,12,10,14,17,16,12,18,19,14,20,1100,18,9,22,10,110,7,18,12,14,14,14,9,18,22,14,12,12,15,21,21,18,13,18,21,23,21,22,11,9,14,13,15,16,19,12,18,13,15,21,17,13,18,14,13,21,13,9,15,15,15,20,15,349,23,19,21,13,21,21,18,101,14,17,24,16,17,24,16,12,13,15,10,16,18,17,15,11,16,20,10,14,20,16,16,10,20,21,21,21,349,23,14,10,13,14,15,20,20,23,19,19,9,12,0,16,16,8,20,22,22,0,17,19,21,19,20,18,16,17,25,11,21
SBV358_plate04,58,1033,1297,1152,1100,58,1084,16,1147,1182,90,120,1022,1016,1188,1166,161,1111,1280,97,1031,102,29,9,97,15,340,10,1019,97,13,1024,100,15,13,13,14,16,11,16,8,12,11,10,7,9,8,7,7,9,7,11,13,14,10,13,9,16,8,19,13,15,9,13,15,9,15,8,14,9,21,16,13,11,9,8,16,9,14,8,8,8,7,10,159,10,19,9,14,15,14,14,9,10,7,7,9,12,11,8,19,15,15,11,8,16,8,14,17,9,7,12,9,10,16,9,8,16,1032,9,12,10,9,9,9,14,9,11,7,10,14,10,11,10,11,11,11,7,9,9,7,14,10,12,16,9,16,9,14,12,12,17,13,14,11,10,13,12,18,10,11,10,19,9,10,10,10,21,7,11,7,10,7,21,11,19,11,9,13,15,13,12,13,9,12,8,11,15,11,10,10,10,22,13,9,10,17,12,8,11,15,13,13,8,16,8,15,12,19,9,11,1149,19,13,12,11,12,14,12,163,13,11,12,16,17,9,13,14,10,15,18,12,14,12,10,8,14,15,2,10,16,17,12,18,1101,16,8,20,9,108,11,16,12,12,12,12,8,16,20,14,12,12,15,19,19,16,11,16,19,21,19,20,11,11,14,11,7,14,17,12,16,13,13,19,15,11,16,14,13,19,13,7,13,15,15,18,13,347,21,17,19,13,19,19,16,99,12,15,22,14,15,22,14,12,11,13,12,14,18,15,13,15,14,18,8,12,18,14,14,8,18,19,19,19,347,21,14,12,11,14,13,18,18,21,19,17,11,10,16,0,14,10,20,20,20,16,15,17,19,19,18,16,16,15,23,11,19
SBV359_plate04,58,1033,1297,1152,1100,58,1084,16,1147,1182,90,120,1022,1016,1188,1166,161,1111,1280,97,1031,102,29,9,97,15,340,10,1019,97,13,1024,100,15,13,13,14,16,11,16,8,12,11,10,7,9,8,7,7,9,7,11,13,14,10,13,9,16,8,19,13,15,9,13,15,9,15,8,14,9,21,16,13,11,9,8,16,9,14,8,8,8,7,10,159,10,19,9,14,15,14,14,9,10,7,7,9,12,11,8,19,15,15,11,8,16,8,14,17,9,7,12,9,10,16,9,8,16,1032,9,12,10,9,9,9,14,9,11,9,10,14,10,11,10,11,11,11,7,9,9,7,14,10,12,16,9,16,9,14,12,12,17,13,14,11,10,13,12,18,10,11,10,19,9,10,10,10,21,7,11,7,10,7,21,11,19,11,9,13,15,13,12,13,9,12,8,11,15,11,10,10,10,22,13,9,10,17,12,8,11,15,13,13,8,16,10,15,12,19,9,11,1149,19,13,12,11,12,14,12,163,13,11,12,16,17,9,13,14,10,15,18,12,14,12,10,8,14,15,14,10,16,17,12,18,1101,16,8,20,9,108,11,16,12,8,8,8,8,16,20,14,12,12,15,19,19,16,11,16,19,21,19,20,11,11,14,11,13,14,17,12,16,13,13,19,15,11,16,14,13,19,13,7,13,15,15,18,13,347,21,17,19,13,19,19,16,99,12,15,22,10,15,22,14,12,11,9,12,14,18,15,13,15,14,18,8,12,18,14,14,8,18,19,19,19,347,21,14,12,7,14,13,18,18,21,19,17,11,8,16,14,0,10,20,20,20,16,11,13,19,19,18,16,16,15,23,11,19
SBV361_plate04,54,1029,1292,1148,1096,54,1080,12,1143,1178,86,116,1018,1012,1184,1162,157,1107,1275,93,1027,98,25,5,93,11,336,6,1015,93,9,1020,96,11,9,9,10,12,7,12,4,8,7,6,3,5,4,3,3,5,3,7,9,10,6,9,5,12,4,15,9,11,5,9,11,5,11,2,10,5,17,12,9,7,5,4,12,3,10,4,2,4,3,6,155,6,15,5,10,11,10,10,5,6,3,3,5,8,7,2,15,11,11,5,2,12,2,8,13,3,3,8,5,6,12,3,4,12,1028,3,6,4,3,3,5,10,3,5,5,6,8,6,7,4,3,5,7,3,5,5,3,10,6,6,12,3,12,5,10,8,6,13,9,10,7,6,9,4,14,6,3,6,15,3,4,4,6,17,3,7,3,6,3,17,7,15,5,5,9,11,5,6,9,5,8,4,7,11,7,4,6,4,18,7,3,4,13,6,2,5,7,9,7,4,12,6,11,8,15,3,5,1145,15,7,8,5,6,10,8,159,9,5,4,10,13,3,9,8,4,9,14,8,8,8,6,4,8,11,10,6,12,13,8,14,1097,12,3,16,4,104,3,12,6,8,8,8,3,12,16,8,6,6,9,15,15,12,7,12,15,17,15,16,5,3,8,7,9,10,13,6,12,7,9,15,11,7,12,8,7,15,7,3,9,9,9,14,9,343,17,13,15,7,15,15,12,95,8,11,18,10,11,18,10,6,7,9,4,10,12,11,9,7,10,14,4,8,14,10,10,4,14,15,15,15,343,17,8,4,7,8,9,14,14,17,13,13,3,6,8,10,10,0,14,16,16,8,11,13,15,13,14,12,10,11,19,5,15
SBV362_plate04,64,1037,1301,1158,1106,64,1088,22,1153,1188,96,126,1026,1020,1194,1172,167,1117,1284,103,1035,108,35,15,103,21,346,16,1023,103,19,1028,106,21,19,19,20,22,17,22,14,18,17,16,13,15,14,13,13,15,13,17,19,20,16,19,15,22,14,24,19,21,15,19,21,15,21,12,20,15,27,22,19,17,15,14,22,13,20,14,12,14,13,16,165,16,25,15,20,21,20,20,15,16,13,13,15,18,17,12,25,21,21,15,12,22,12,14,23,13,13,18,15,16,22,11,14,22,1036,11,14,14,11,13,15,20,13,15,15,16,16,16,17,14,15,15,17,13,15,15,13,20,16,16,22,11,22,15,20,18,16,23,19,20,17,16,19,16,24,16,15,16,25,13,12,12,16,27,13,17,13,16,13,27,17,25,13,15,19,21,17,16,19,15,18,14,17,21,17,12,16,14,28,15,13,12,23,16,12,15,19,19,15,14,22,16,21,18,25,13,15,1155,25,15,18,15,14,20,18,169,19,15,16,20,23,13,19,18,14,19,24,18,14,18,16,14,18,21,20,16,22,23,18,24,1107,22,11,26,12,114,15,22,14,18,18,18,11,22,26,14,16,14,15,25,25,22,17,22,25,27,25,26,15,15,14,17,19,20,23,14,22,15,19,25,21,17,22,14,15,25,9,13,19,17,15,24,19,353,27,23,25,15,25,25,22,105,18,21,28,20,21,28,20,16,17,19,16,20,22,21,19,19,20,24,14,18,24,20,20,14,24,25,25,25,353,27,16,16,17,18,19,24,24,27,1,23,15,16,20,20,20,14,0,26,26,20,21,23,25,1,24,22,18,21,29,13,25
SBV363_plate04,58,1032,1296,1152,1100,58,1084,18,1147,1182,90,120,1022,1016,1188,1166,161,1111,1279,97,1031,102,29,15,97,15,340,10,1019,97,13,1024,100,15,13,13,14,18,17,18,14,14,17,16,13,15,14,13,13,15,13,17,13,16,16,15,11,18,14,17,15,17,15,15,17,15,17,14,16,13,21,18,15,17,13,14,18,13,16,14,14,14,13,16,159,16,21,15,12,17,12,16,15,16,13,13,15,10,17,14,21,17,17,17,14,18,14,20,19,15,13,18,15,16,18,15,14,18,1032,15,18,16,15,15,15,16,15,17,13,16,20,16,9,16,17,17,17,13,15,15,13,20,16,16,18,15,18,15,16,18,18,19,11,20,17,16,19,18,20,16,17,16,21,15,16,16,16,23,13,17,13,16,13,23,17,21,17,15,19,13,19,18,19,15,18,14,17,21,11,16,16,16,24,19,15,16,19,18,14,17,21,15,19,14,10,16,13,18,21,15,17,1149,21,19,8,15,18,16,10,163,9,17,18,22,19,15,19,20,16,21,24,18,20,8,16,14,20,11,20,16,22,15,10,24,1101,6,14,18,15,108,17,22,18,18,18,18,14,6,18,20,18,18,21,21,17,12,17,14,17,19,17,22,17,17,20,17,19,20,15,18,6,19,19,9,5,17,14,20,19,17,19,13,19,21,21,8,19,347,23,7,9,19,9,21,6,99,10,21,20,20,11,20,12,18,17,19,18,12,24,13,11,21,12,2,14,10,8,12,12,14,2,17,17,3,347,3,20,18,17,20,11,20,16,5,25,11,17,16,22,20,20,16,26,0,2,22,21,23,3,25,2,4,22,15,11,17,9
SBV364_plate04,58,1032,1296,1152,1100,58,1084,18,1147,1182,90,120,1022,1016,1186,1166,161,1111,1279,97,1031,102,29,15,97,15,340,10,1019,97,13,1024,100,15,13,13,14,18,17,18,14,14,17,16,13,15,14,13,13,15,13,17,13,16,16,15,11,18,14,17,15,17,15,15,17,15,17,14,16,13,21,18,15,17,13,14,18,13,16,14,14,14,13,16,159,16,21,15,12,17,12,16,15,16,13,13,15,10,17,14,21,17,17,17,14,18,14,20,19,15,13,18,15,16,18,15,14,18,1032,15,18,16,15,15,15,16,15,17,13,16,20,16,9,16,17,17,17,13,15,15,13,20,16,16,18,15,18,15,16,18,18,19,11,20,17,16,19,18,20,16,17,16,21,15,16,16,16,23,13,17,13,16,13,23,17,21,17,15,19,13,19,18,19,15,18,14,17,21,11,16,16,16,24,19,15,16,19,18,14,17,21,15,19,14,10,16,13,18,21,15,17,1149,21,19,8,15,18,16,10,163,9,17,18,22,19,15,19,20,16,21,24,18,20,8,16,14,20,11,20,16,22,15,10,24,1101,6,14,18,15,108,17,22,18,18,18,18,14,6,18,20,18,18,21,21,17,12,17,14,17,19,17,22,17,17,20,17,19,20,15,18,6,19,19,9,5,17,14,20,19,17,19,13,19,21,21,8,19,347,23,7,9,19,9,21,6,99,10,21,20,20,11,20,12,18,17,19,18,12,24,13,11,21,12,2,14,10,8,12,12,14,2,17,17,3,347,5,20,18,17,20,11,20,16,3,25,11,17,16,22,20,20,16,26,2,0,22,21,23,3,25,2,4,22,15,11,17,9
SBV365_plate04,60,1032,1297,1151,1098,60,1085,18,1145,1180,92,122,1021,1015,1186,1166,162,1109,1280,98,1030,103,31,11,98,17,342,12,1018,99,15,1023,102,17,15,15,16,18,13,18,10,14,13,12,9,11,10,9,9,11,9,13,15,16,12,15,11,18,10,21,15,17,11,15,17,11,17,8,16,11,23,18,15,13,11,10,18,9,16,10,8,10,9,12,160,12,21,11,16,17,16,16,11,12,9,9,11,14,13,8,21,17,17,11,8,18,8,14,19,9,9,14,11,12,18,9,10,18,1031,9,12,10,9,9,11,16,9,11,11,12,14,12,13,10,9,11,13,9,11,11,9,16,12,12,18,9,18,11,16,14,12,19,15,16,13,12,15,8,20,12,9,12,21,9,10,10,12,23,9,13,9,12,9,23,13,21,11,11,15,17,9,12,15,11,14,10,13,17,13,10,12,10,24,13,9,10,19,12,8,11,13,15,13,10,18,12,17,14,21,9,11,1147,21,13,14,11,12,16,14,164,15,11,8,16,19,9,15,14,10,15,20,14,14,14,12,10,14,17,16,12,18,19,14,20,1100,18,9,22,10,110,7,18,12,14,14,14,9,18,22,14,12,12,15,21,21,18,13,18,21,23,21,22,11,9,14,13,15,16,19,12,18,13,15,21,17,13,18,14,13,21,13,9,15,15,15,20,15,349,23,19,21,13,21,21,18,101,14,17,24,16,17,24,16,12,13,15,10,16,18,17,15,11,16,20,10,14,20,16,16,10,20,21,21,21,349,23,14,10,13,14,15,20,20,23,19,19,9,12,0,16,16,8,20,22,22,0,17,19,21,19,20,18,16,17,25,11,21
SBV366_plate04,57,1032,1297,1151,1099,57,1085,17,1147,1181,91,119,1020,1014,1187,1167,160,1110,1280,98,1029,103,30,10,98,16,341,11,1017,98,14,1024,101,16,14,14,15,17,12,17,9,13,12,11,8,10,9,8,8,10,8,12,14,15,11,14,10,17,9,20,14,16,10,14,16,10,16,9,15,10,22,17,14,12,10,9,15,10,15,9,9,9,8,11,160,11,18,10,15,16,15,15,10,11,8,8,10,11,12,9,20,16,16,10,9,17,9,15,18,10,8,13,10,9,17,10,9,17,1030,10,13,11,10,10,10,15,10,12,10,11,15,9,12,11,12,12,12,8,10,10,8,15,11,13,17,10,17,10,15,13,13,18,14,15,12,11,14,13,19,11,12,11,20,10,11,11,11,22,8,12,8,11,8,22,12,20,12,10,14,16,14,13,14,10,13,9,12,16,12,11,11,11,23,14,10,11,18,13,9,12,16,14,14,9,17,11,14,13,20,10,12,1148,20,14,13,12,13,15,13,162,14,12,13,15,16,10,14,15,11,16,19,13,15,13,11,9,15,16,15,11,17,18,13,19,1100,17,9,21,8,107,12,17,13,7,7,7,9,17,19,13,11,11,16,20,20,17,12,17,20,22,20,21,12,12,15,12,14,15,18,13,17,14,14,20,16,12,17,15,14,18,14,8,14,16,16,19,14,348,22,18,20,14,20,20,17,100,13,16,23,9,16,23,15,13,12,8,13,15,19,16,14,16,15,19,9,13,19,15,15,7,19,20,20,20,348,22,15,13,6,15,14,19,19,22,20,18,12,7,17,15,11,11,21,21,21,17,0,12,20,20,19,17,17,16,24,12,20
SBV367_plate04,61,1036,1300,1153,1101,61,1087,17,1150,1185,93,123,1025,1019,1191,1169,164,1114,1283,100,1034,105,32,10,100,14,343,13,1021,100,16,1027,103,14,16,16,17,17,14,15,11,15,10,13,10,10,9,10,10,12,10,14,16,17,13,16,12,15,11,20,16,18,12,16,18,12,18,11,17,12,24,19,16,10,12,11,19,12,17,11,11,11,10,9,162,9,18,12,13,18,13,17,12,13,10,10,8,15,10,11,22,18,14,14,11,19,11,17,20,12,10,15,12,13,19,12,11,15,1035,12,11,13,12,12,12,17,12,10,12,13,13,13,14,13,14,14,14,10,12,12,10,17,13,15,19,12,19,8,17,15,11,16,12,17,14,13,12,15,21,13,14,13,18,12,11,13,13,24,10,10,10,9,10,20,14,22,14,12,12,18,16,15,16,8,11,11,14,18,14,13,13,13,25,12,12,13,20,11,11,14,18,16,16,11,15,13,18,11,22,12,10,1152,22,16,15,14,15,17,15,166,16,14,15,19,18,12,16,17,13,18,17,15,17,15,13,11,17,18,17,13,19,20,15,21,1104,19,11,23,12,107,14,19,15,9,9,9,11,19,23,17,15,15,14,22,22,19,14,19,22,24,22,23,14,14,13,14,16,17,20,15,19,16,16,18,18,14,19,17,16,22,16,10,16,14,18,17,16,350,24,20,22,16,22,22,19,102,15,14,21,5,18,25,17,15,14,10,15,17,17,18,16,18,17,21,11,15,21,17,17,11,21,18,18,22,350,24,17,15,8,17,16,21,17,20,22,20,14,9,19,17,13,13,23,23,23,19,12,0,22,22,21,19,19,18,24,14,22
SBV368_plate04,57,1032,1296,1151,1099,57,1083,17,1146,1181,89,119,1021,1015,1187,1165,160,1110,1279,96,1030,101,28,14,96,14,339,9,1018,96,12,1023,99,14,12,14,13,17,16,17,13,13,16,15,12,14,13,12,12,14,12,16,12,15,15,14,10,17,13,18,14,16,14,14,16,14,16,13,15,12,20,17,14,16,12,13,17,14,15,13,13,13,12,15,158,15,20,14,11,16,11,15,14,15,12,12,14,9,16,13,20,16,16,16,13,17,13,19,18,14,12,17,14,15,17,14,13,17,1031,14,17,15,14,14,14,15,14,16,14,15,19,15,8,15,16,16,16,12,14,14,12,19,15,17,17,14,17,14,15,17,17,18,10,19,16,15,18,17,19,15,16,15,20,14,15,15,15,22,12,16,12,15,12,22,16,20,16,14,18,12,18,17,18,14,17,13,16,20,10,15,15,15,23,18,14,15,18,17,13,16,20,14,18,13,9,15,12,17,20,14,16,1148,20,18,7,16,17,15,9,162,8,16,17,21,18,14,18,19,15,20,23,17,19,7,15,13,19,10,19,15,21,14,9,23,1100,5,13,17,14,107,16,21,17,17,17,17,13,5,17,19,17,17,20,20,16,11,16,13,16,18,16,21,16,16,19,16,18,19,14,17,5,18,18,8,4,16,13,19,18,16,18,12,18,20,20,7,18,346,22,6,8,18,8,20,5,98,9,20,19,19,10,19,11,17,16,18,17,11,23,12,10,20,11,1,13,9,7,11,11,13,1,16,16,2,346,4,19,17,16,19,10,19,15,4,24,12,16,15,21,19,19,15,25,3,3,21,20,22,0,24,1,3,21,14,10,16,8
SBV369_plate04,63,1036,1300,1157,1105,63,1087,21,1152,1187,95,125,1025,1019,1193,1171,166,1116,1283,102,1034,107,34,14,102,20,345,15,1022,102,18,1027,105,20,18,18,19,21,16,21,13,17,16,15,12,14,13,12,12,14,12,16,18,19,15,18,14,21,13,23,18,20,14,18,20,14,20,11,19,14,26,21,18,16,14,13,21,12,19,13,11,13,12,15,164,15,24,14,19,20,19,19,14,15,12,12,14,17,16,11,24,20,20,14,11,21,11,13,22,12,12,17,14,15,21,10,13,21,1035,10,13,13,10,12,14,19,12,14,14,15,15,15,16,13,14,14,16,12,14,14,12,19,15,15,21,10,21,14,19,17,15,22,18,19,16,15,18,15,23,15,14,15,24,12,11,11,15,26,12,16,12,15,12,26,16,24,12,14,18,20,16,15,18,14,17,13,16,20,16,11,15,13,27,14,12,11,22,15,11,14,18,18,14,13,21,15,20,17,24,12,14,1154,24,14,17,14,13,19,17,168,18,14,15,19,22,12,18,17,13,18,23,17,13,17,15,13,17,20,19,15,21,22,17,23,1106,21,10,25,11,113,14,21,13,17,17,17,10,21,25,13,15,13,14,24,24,21,16,21,24,26,24,25,14,14,13,16,18,19,22,13,21,14,18,24,20,16,21,13,14,24,8,12,18,16,14,23,18,352,26,22,24,14,24,24,21,104,17,20,27,19,20,27,19,15,16,18,15,19,21,20,18,18,19,23,13,17,23,19,19,13,23,24,24,24,352,26,15,15,16,17,18,23,23,26,0,22,14,15,19,19,19,13,1,25,25,19,20,22,24,0,23,21,17,20,28,12,24
SBV370_plate05,56,1031,1295,1150,1098,56,1082,16,1145,1180,88,118,1020,1014,1186,1164,159,1109,1278,95,1029,100,27,13,95,13,338,8,1017,95,11,1022,98,13,11,13,12,16,15,16,12,12,15,14,11,13,12,11,11,13,11,15,11,14,14,13,9,16,12,17,13,15,13,13,15,13,15,12,14,11,19,16,13,15,11,12,16,13,14,12,12,12,11,14,157,14,19,13,10,15,10,14,13,14,11,11,13,8,15,12,19,15,15,15,12,16,12,18,17,13,11,16,13,14,16,13,12,16,1030,13,16,14,13,13,13,14,13,15,13,14,18,14,7,14,15,15,15,11,13,13,11,18,14,16,16,13,16,13,14,16,16,17,9,18,15,14,17,16,18,14,15,14,19,13,14,14,14,21,11,15,11,14,11,21,15,19,15,13,17,11,17,16,17,13,16,12,15,19,9,14,14,14,22,17,13,14,17,16,12,15,19,13,17,12,8,14,11,16,19,13,15,1147,19,17,6,15,16,14,8,161,7,15,16,20,17,13,17,18,14,19,22,16,18,6,14,12,18,9,18,14,20,13,8,22,1099,4,12,16,13,106,15,20,16,16,16,16,12,4,16,18,16,16,19,19,15,10,15,12,15,17,15,20,15,15,18,15,17,18,13,16,4,17,17,7,3,15,12,18,17,15,17,11,17,19,19,6,17,345,21,5,7,17,7,19,4,97,8,19,18,18,9,18,10,16,15,17,16,10,22,11,9,19,10,0,12,8,6,10,10,12,0,15,15,1,345,3,18,16,15,18,9,18,14,3,23,11,15,14,20,18,18,14,24,2,2,20,19,21,1,23,0,2,20,13,9,15,7
SBV371_plate05,54,1028,1293,1147,1096,54,1079,14,1142,1177,86,116,1017,1011,1182,1161,157,1106,1275,93,1026,98,25,11,93,11,336,6,1014,93,9,1019,96,11,9,11,10,14,13,14,10,10,13,12,9,11,10,9,9,11,9,13,9,12,12,11,7,14,10,15,11,13,11,11,13,11,13,10,12,9,17,14,11,13,9,10,14,11,12,10,10,10,9,12,155,12,17,11,8,13,8,12,11,12,9,9,11,6,13,10,17,13,13,13,10,14,10,16,15,11,9,14,11,12,14,11,10,14,1027,11,14,12,11,11,11,12,11,13,11,12,16,12,5,12,13,13,13,9,11,11,9,16,12,14,14,11,14,11,12,14,14,15,7,16,13,12,15,14,16,12,13,12,17,11,12,12,12,19,9,13,9,12,9,19,13,17,13,11,15,9,15,14,15,11,14,10,13,17,7,12,12,12,20,15,11,12,15,14,10,13,17,11,15,10,6,12,9,14,17,11,13,1144,17,15,4,13,14,12,6,159,5,13,14,18,15,11,15,16,12,17,20,14,16,4,12,10,16,7,16,12,18,11,6,20,1096,2,10,14,11,104,13,18,14,14,14,14,10,2,14,16,14,14,17,17,13,8,13,10,13,15,13,18,13,13,16,13,15,16,11,14,2,15,15,5,1,13,10,16,15,13,15,9,15,17,17,4,15,343,19,3,5,15,5,17,2,95,6,17,16,16,7,16,8,14,13,15,14,8,20,9,7,17,8,2,10,6,4,8,8,10,2,13,13,3,343,5,16,14,13,16,7,16,12,5,21,9,13,12,18,16,16,12,22,4,4,18,17,19,3,21,2,0,18,11,7,13,5
SBV372_plate05,60,1035,1298,1154,1102,60,1086,18,1149,1184,92,122,1024,1018,1190,1168,163,1113,1282,99,1033,104,31,11,99,17,342,12,1021,99,15,1026,102,17,15,15,16,18,13,18,10,14,13,12,9,11,10,9,9,11,9,13,15,16,12,15,11,18,10,21,15,17,11,15,17,11,17,8,16,11,23,18,15,13,11,10,18,9,16,10,8,10,9,12,161,12,21,11,16,17,16,16,11,12,9,9,11,14,13,8,21,17,17,11,8,18,8,12,19,9,9,14,11,12,18,7,10,18,1034,7,10,10,7,9,11,16,9,11,11,12,12,12,13,10,11,11,13,9,11,11,9,16,12,12,18,7,18,11,16,14,12,19,15,16,13,12,15,12,20,12,11,12,21,9,8,8,12,23,9,13,9,12,9,23,13,21,9,11,15,17,13,12,15,11,14,10,13,17,13,8,12,10,24,11,9,8,19,12,8,11,15,15,11,10,18,12,17,14,21,9,11,1151,21,11,14,11,10,16,14,165,15,11,12,16,19,9,15,14,10,15,20,14,12,14,12,10,14,17,16,12,18,19,14,20,1103,18,7,22,8,110,11,18,10,14,14,14,7,18,22,12,12,10,13,21,21,18,13,18,21,23,21,22,11,11,12,13,15,16,19,10,18,11,15,21,17,13,18,12,11,21,11,9,15,13,13,20,15,349,23,19,21,11,21,21,18,101,14,17,24,16,17,24,16,12,13,15,12,16,18,17,15,15,16,20,10,14,20,16,16,10,20,21,21,21,349,23,12,12,13,14,15,20,20,23,17,19,11,12,16,16,16,10,18,22,22,16,17,19,21,17,20,18,0,17,25,9,21
SBV373_plate05,52,1024,1289,1142,1093,52,1074,13,1138,1170,85,114,1013,1007,1178,1155,155,1101,1274,91,1022,96,24,10,91,10,333,5,1011,91,8,1015,93,10,8,10,9,13,12,13,9,9,12,11,8,10,9,8,8,10,8,12,8,11,11,10,6,13,9,8,10,12,9,10,12,10,12,9,11,8,15,13,10,12,8,9,13,10,11,9,9,9,8,11,153,11,16,10,9,12,9,11,10,11,8,8,10,7,12,9,16,12,12,12,9,13,9,15,14,10,8,13,10,11,13,10,9,13,1023,10,13,10,10,10,10,11,10,12,10,11,15,11,6,11,12,12,12,8,10,10,8,15,11,13,13,10,13,10,11,13,13,14,8,15,12,11,14,13,15,11,12,11,16,10,11,11,11,18,8,12,8,11,8,18,12,16,12,10,14,10,14,13,14,10,13,9,12,16,6,11,11,11,19,14,10,11,14,13,9,12,16,10,14,9,11,11,10,13,16,10,12,1140,16,14,7,12,13,11,7,157,8,12,13,17,14,10,14,15,11,16,19,13,15,7,11,9,15,10,15,11,17,12,7,19,1091,11,9,15,10,102,12,17,13,13,13,13,9,11,15,15,13,13,16,16,14,11,12,11,14,16,14,17,12,12,15,12,14,15,12,13,11,14,14,14,10,12,11,15,14,14,14,8,14,16,16,13,14,339,18,12,14,14,14,16,11,93,7,16,17,15,10,17,9,13,12,14,13,9,19,10,8,16,9,13,9,7,13,9,9,9,13,14,14,14,339,16,15,13,12,15,8,15,13,16,20,12,12,11,17,15,15,11,21,15,15,17,16,18,14,20,13,11,17,0,18,12,14
SBV374_plate05,61,1035,1299,1155,1103,61,1087,18,1150,1185,93,123,1025,1019,1191,1169,164,1114,1282,100,1034,105,32,17,100,16,343,13,1022,100,16,1027,103,16,16,18,17,21,18,19,17,17,18,19,16,17,16,16,16,18,16,18,16,19,19,18,14,19,17,20,18,18,18,18,18,18,20,17,19,16,24,19,18,18,16,17,21,18,19,15,17,17,16,15,162,17,22,18,13,20,13,19,18,19,16,16,16,13,18,17,24,20,18,20,17,21,17,23,22,18,16,21,18,19,21,18,17,19,1035,18,19,19,18,18,16,19,18,18,18,19,21,19,12,19,20,20,20,16,18,18,16,23,19,21,21,18,21,16,19,21,19,20,12,23,20,19,20,21,23,19,20,19,22,18,19,19,19,26,16,18,16,17,16,24,20,24,20,18,20,16,22,19,22,16,19,17,20,24,12,19,19,19,27,20,18,19,22,19,17,20,24,18,22,17,11,17,16,19,24,18,18,1152,24,22,11,18,21,19,13,166,12,20,21,25,21,18,22,23,19,22,25,21,23,11,19,17,23,14,23,19,25,18,13,27,1104,9,17,21,18,109,20,25,21,21,21,21,17,9,21,23,21,21,20,24,20,15,20,17,20,22,20,25,20,20,21,20,22,23,18,21,9,22,22,10,8,20,17,23,22,20,22,16,22,22,24,9,22,350,26,10,12,22,12,24,9,102,13,22,21,23,14,23,15,21,20,22,21,15,25,14,14,24,15,9,17,13,11,15,15,17,9,18,16,10,350,12,23,21,20,23,14,23,17,10,28,16,20,19,25,23,23,19,29,11,11,25,24,24,10,28,9,7,25,18,0,20,12
SBV375_plate05,55,1030,1294,1149,1097,55,1081,13,1144,1179,87,117,1019,1013,1185,1163,158,1108,1277,94,1028,99,26,6,94,12,337,7,1016,94,10,1021,97,12,10,10,11,13,8,13,5,9,8,7,4,6,5,4,4,6,4,8,10,11,7,10,6,13,5,16,10,12,6,10,12,6,12,3,11,6,18,13,10,8,6,5,13,4,11,5,3,5,4,7,156,7,16,6,11,12,11,11,6,7,4,4,6,9,8,3,16,12,12,6,3,13,3,7,14,4,4,9,6,7,13,2,5,13,1029,2,5,5,2,4,6,11,4,6,6,7,7,7,8,5,6,6,8,4,6,6,4,11,7,7,13,2,13,6,11,9,7,14,10,11,8,7,10,7,15,7,6,7,16,4,3,3,7,18,4,8,4,7,4,18,8,16,4,6,10,12,8,7,10,6,9,5,8,12,8,3,7,5,19,6,4,1,14,7,3,6,10,10,6,5,13,7,12,9,16,4,6,1146,16,6,9,6,5,11,9,160,10,6,7,11,14,4,10,9,5,10,15,9,7,9,7,5,9,12,11,7,13,14,9,15,1098,13,2,17,3,105,6,13,5,9,9,9,2,13,17,7,7,5,8,16,16,13,8,13,16,18,16,17,6,6,7,8,10,11,14,5,13,6,10,16,12,8,13,7,6,16,6,4,10,8,8,15,10,344,18,14,16,6,16,16,13,96,9,12,19,11,12,19,11,7,8,10,7,11,13,12,10,10,11,15,5,9,15,11,11,5,15,16,16,16,344,18,7,7,8,9,10,15,15,18,12,14,6,7,11,11,11,5,13,17,17,11,12,14,16,12,15,13,9,12,20,0,16
SBV376_plate05,57,1032,1296,1151,1099,57,1083,17,1146,1181,89,119,1021,1015,1187,1165,160,1110,1279,96,1030,101,28,14,96,14,339,9,1018,96,12,1023,99,14,12,14,13,17,16,17,13,13,16,15,12,14,13,12,12,14,12,16,12,15,15,14,10,17,13,18,14,16,14,14,16,14,16,13,15,12,20,17,14,16,12,13,17,14,15,13,13,13,12,15,158,15,20,14,11,16,11,15,14,15,12,12,14,9,16,13,20,16,16,16,13,17,13,19,18,14,12,17,14,15,17,14,13,17,1031,14,17,15,14,14,14,15,14,16,14,15,19,15,8,15,16,16,16,12,14,14,12,19,15,17,17,14,17,14,15,17,17,18,10,19,16,15,18,17,19,15,16,15,20,14,15,15,15,22,12,16,12,15,12,22,16,20,16,14,18,12,18,17,18,14,17,13,16,20,10,15,15,15,23,18,14,15,18,17,13,16,20,14,18,13,9,15,12,17,20,14,16,1148,20,18,7,16,17,15,9,162,8,16,17,21,18,14,18,19,15,20,23,17,19,7,15,13,19,10,19,15,21,14,9,23,1100,5,13,17,14,107,16,21,17,17,17,17,13,5,17,19,17,17,20,20,16,11,16,13,16,18,16,21,16,16,19,16,18,19,14,17,5,18,18,8,4,16,13,19,18,16,18,12,18,20,20,7,18,346,22,6,8,18,8,20,5,98,9,20,19,19,10,19,11,17,16,18,17,11,23,12,10,20,11,7,13,9,7,11,11,13,7,16,16,8,346,10,19,17,16,19,10,19,15,10,24,12,16,15,21,19,19,15,25,9,9,21,20,22,8,24,7,5,21,14,12,16,0
